,Market,SMB,HML,MOM,RF
2015-01-01,0.00619342124970129,3.048622396349023e-05,0.0038426519499129654,0.011671361330018205,5.720100021851613e-05
2015-01-02,-0.0023238478512175973,0.014763283851795046,0.00926049154463624,-0.008881085942462048,0.000301842731743908
2015-01-03,-0.004995863670021035,-0.005514366206933437,0.002566559631272947,-0.020305365640459535,-0.00041234566867262475
2015-01-04,-0.006148083310039189,-0.011032803774999992,0.002553769966859644,-0.009896323017055302,-0.00031388147255109777
2015-01-05,0.01748529281209202,0.0015980991010500973,-0.0033316193239220325,-0.01771485527421439,-4.051206037302568e-05
2015-01-06,0.0016974431815009097,-0.010689151273942165,0.0011240324484183746,-0.008219131225333453,3.90774856017966e-05
2015-01-07,-0.006607469541992848,0.016480207305127156,0.00443344008290015,-0.00997082076892522,0.0003900296761436334
2015-01-08,-0.013822833504533494,-0.0008979785313891112,-0.011893474995968418,-0.0003071383546614011,0.00019295784201172966
2015-01-09,0.009010780966834397,0.0036159638856707713,-0.0023325178059341338,-0.003609778137243288,-0.000334738273149101
2015-01-10,-0.007984233815539817,-0.006103361749660291,0.00966879176977933,-0.0007979736063400042,-0.00042435307172743723
2015-01-11,0.00418160556143904,-0.0027776517411885362,-0.0065698406893477225,0.010023380071679746,0.00045568670694650347
2015-01-12,0.011257811554338405,-0.005643293476058207,-0.005893022455134024,0.00394589417803314,0.00043822021417698264
2015-01-13,-0.005179488942414217,-0.002854526904326231,-0.007626622322683326,-0.005082716858268696,0.0003868739595087243
2015-01-14,0.016210253791339606,0.002807707738826768,0.004580602537336875,-0.004129603621765898,-7.224124244525884e-05
2015-01-15,0.0046164318085969176,0.015848311290351115,0.0013385478795256598,0.01599915193147979,-0.000694189767119105
2015-01-16,0.009983135268472226,0.0030109700250195923,-0.004122190069562325,0.0014260561195097445,-0.0004950729835281591
2015-01-17,-0.0021552733159827192,0.003021880585102471,0.012976634613806994,-0.013289985920441701,-0.00012369916783833162
2015-01-18,-0.005442666805748593,0.00770022138822986,0.00545698241553794,-0.006417512644926922,0.0002926164266769546
2015-01-19,0.0015360944021563176,0.009703383483062319,-0.004128354789223874,0.0005023508284119854,7.44992140136653e-06
2015-01-20,-0.016650901658687812,-0.0006609155008624453,0.006412449507096249,0.0014283506491600448,5.706437908497871e-05
2015-01-21,-0.016089833674717478,-0.007448599465750193,0.0004232583545373062,-0.0035753016956896915,8.015215677424653e-05
2015-01-22,0.0051135320373442775,0.019309568648354564,0.0034252537440145675,0.0009373372018084364,0.00010750412151884037
2015-01-23,-0.021956414757724543,-0.004902943836746997,0.0054852613314746125,0.029268415831841338,7.036437205151138e-05
2015-01-24,0.003918965860012658,0.000542796377121045,-0.009866316627577263,0.01839867802843606,0.0003677890246504531
2015-01-25,0.009623372738854207,-0.006668496808407667,0.007891142329089532,-0.02377617105467752,0.0003157949911106691
2015-01-26,0.025932122764425677,-0.003968391025679672,-0.011345228595119257,0.0007221568739438707,-2.7627544281790033e-05
2015-01-27,-0.017666521763480485,-0.0030707368480883215,-0.004177233092811748,0.014106438440228495,-0.00015863903251769543
2015-01-28,0.01846754957299441,-0.0035645889472630987,-0.007475889142712505,0.007952959570175156,-0.00025673343796997115
2015-01-29,0.0030555582794239327,0.013289916978473483,-0.011100924396289817,0.010768678862942012,0.00021280776709593996
2015-01-30,0.009516051054396284,-0.009848142867714028,-0.014116796908726548,0.012062007752252019,0.0002244937605443799
2015-01-31,0.003323981681779957,0.004089002973388137,-0.00529194845291261,0.006075620446304404,0.00022326153338892002
2015-02-01,-0.00792022136068478,0.01632998133016276,0.008592386850256331,-0.01395718393491928,0.00033774732986037415
2015-02-02,-0.010954085280280803,0.005286861486855724,0.013020034316932855,-0.013338239181446087,0.0004343873401186303
2015-02-03,0.005215271441561167,0.00907629754978012,0.01539642978978594,-0.01403857381195143,-0.00010645219583876471
2015-02-04,-0.009961554384586452,-0.009948338987670117,0.0005887936682648781,0.006022675652469668,0.0002181017910817747
2015-02-05,0.010044676562884039,0.0023105355795273734,0.009608020349076141,-0.01233274271997003,0.0009877251355740427
2015-02-06,0.007696229477221917,-0.006576627716071072,-0.011168730128369869,0.010444974188539395,6.056821937499821e-05
2015-02-07,0.008725655536162138,0.006464204606186825,-0.0014714583607041774,-0.00958824367512895,-0.00034617964652085503
2015-02-08,-0.004798880742157948,0.0072690626051729705,0.00432052678323293,-0.013372504202854253,0.00018549924543120769
2015-02-09,0.004895213882852509,-0.007431989491499834,-0.0009183155368157472,-0.0005704867164377191,-0.00022904942428491145
2015-02-10,0.004574381663783447,0.006421542186135975,0.008703189273044365,0.004397765650339663,-0.0003029726829149999
2015-02-11,-0.01052456162731805,0.002756827538368796,0.007413428514140858,0.00435127167507363,0.0013444487372118526
2015-02-12,0.007057865444548676,0.012490972726547873,0.00802011811097044,0.000432841978875507,3.1651902696959824e-05
2015-02-13,0.009249716782925726,-0.005432225289641985,-0.004782992270769924,-0.004742068421929772,0.00015674031090757713
2015-02-14,0.027379571986357487,-0.012108388743072023,-0.003093935283619519,-0.024509622848039675,-1.7692184838756178e-05
2015-02-15,0.013095288259000732,0.003456050391041901,-0.010990311088483359,-0.00307955308594408,0.00034500555181434087
2015-02-16,-0.008106861132936596,0.00039565187596599083,0.00273058634187393,-0.005554554535383604,0.0008062312958549596
2015-02-17,0.007792393705124582,-0.017811982531523378,-0.0030302996713273606,-0.00859193632443707,0.0003994436444205084
2015-02-18,-0.008831199162131575,-0.0029507349743566618,0.0060150826285968705,0.007919494665511345,-0.0002471054515040401
2015-02-19,-0.0034934835811095064,-0.005282398205851813,-0.004852627413306656,0.02321461640415074,0.0002585096300871582
2015-02-20,-0.014289459391124202,0.005835017027992847,0.02156276055185798,0.0011149992614220745,-0.0003476041761208325
2015-02-21,-0.005238455776961566,0.011131320385979297,-0.0022456175637972043,0.00964478866345816,0.0003749391741018983
2015-02-22,-0.010397597367429404,-0.002753112198771326,-0.023180247365855798,0.00971776709616643,5.1400890752188836e-05
2015-02-23,-0.014136784239939327,0.012753736834775398,-0.0054666648762507625,0.0058201125920040175,0.000172131792114764
2015-02-24,0.01720122329565653,-0.010124166920392405,0.003546625802570176,-0.008673886428149166,-0.00017819378575373258
2015-02-25,0.00579007170196945,0.0031951614610283715,-0.00542168303120978,0.0035524353835893413,9.590005468093448e-06
2015-02-26,0.0017276822150001508,0.0067904075544911735,0.013453109656816262,-0.022116956262547623,0.0008027947437549221
2015-02-27,-0.022344683051344582,-0.006193084763588989,0.009553854580246142,0.003411366019925609,-6.517953225769368e-05
2015-02-28,-0.0020206749428030397,-0.005141935941104948,-0.004694473323495998,0.013004044910441251,0.0002434016892931412
2015-03-01,-0.0076703404040564405,0.007072296553637769,0.005747333074838962,0.008154891260944477,0.0003292668254766044
2015-03-02,-0.009256266853509984,-0.007334248157526602,0.007343659263170122,0.003988077210667361,0.0001243689976626209
2015-03-03,0.0017720840349857792,0.012731799371024583,-0.0028346475160622277,0.008972765896939463,6.726768151611879e-05
2015-03-04,-0.0021320740674766452,0.010174262414177529,0.008944273461912998,0.004306840079608484,0.000542139555428048
2015-03-05,0.0006495386710570018,0.006751237074420234,-0.0012754253526008061,0.005291314318756712,8.996117181913669e-05
2015-03-06,0.0015351436258638088,0.0061038720221977425,-0.005616447234933183,0.02664074274225474,-0.00018591331024483363
2015-03-07,-0.013745276336193457,0.008266489544377826,0.011291439448519354,0.0043093911014278575,0.0003288626136830376
2015-03-08,0.00026203918253651427,-0.00855034134293726,-0.000548060779599355,-0.007124751877923571,0.000438086227754163
2015-03-09,-0.001309030787703254,-0.008194261171083033,-0.0032375991414714056,0.006827383625365307,-4.6604163650049515e-05
2015-03-10,-0.009177316132558988,0.00042949785725694245,0.004581258624509241,-0.005012688728928517,-1.741073983944292e-05
2015-03-11,0.0031090497335556698,-0.0132508218203541,-0.01373461655168125,0.0005629134730235504,6.372284744230686e-05
2015-03-12,0.004028049008825044,0.01511863225453398,0.008435159308458463,-0.007118618879156005,0.00012496283845356954
2015-03-13,-0.011278619653837578,-0.0025459870556205472,0.00041870570592887916,0.00711889404950851,-0.00012960087541151862
2015-03-14,0.00645717662799584,0.01619028162775915,0.0003538196574724282,0.003916939884677546,0.0003483273060586935
2015-03-15,-0.004271023191924106,0.0012882230323483586,0.0016479623492599666,0.001904689619956806,-0.00011252281536920904
2015-03-16,0.0006904011369238943,0.0049871880794927935,0.012361716966529105,0.0019153906253278497,0.0008091411083241044
2015-03-17,-0.00853783337624657,0.006624184697082572,0.004914142300281349,0.023463689016500554,-0.00012363764859638717
2015-03-18,-0.009381276321492426,-0.007738822126415637,-0.015390192637896219,0.008493656515563467,-0.00010815193268781529
2015-03-19,0.0021574367424499518,0.003794710746329458,0.015165059568787841,-0.0008109817008463095,-5.0755190872233096e-05
2015-03-20,-0.010065276952402918,0.0026321209031279153,-0.007222398249556742,0.0285919607408937,0.0005024411006810147
2015-03-21,-0.005062966378213983,-0.017549949854766843,0.009469398104539029,-0.007565091178847161,0.0005208278726501098
2015-03-22,-0.018176545897637522,-0.009616561207745379,0.0033551629453930755,0.0037076105993913175,-1.0804918003703789e-05
2015-03-23,0.007663395586771524,-0.008611871684556174,-0.004141358048186276,0.0013718655232512328,0.0002929853832944612
2015-03-24,0.00869785379488568,-0.0089405193928876,-0.015456953879648539,0.021330023375307202,0.0002356214562952546
2015-03-25,-0.008318028775014497,0.013213022536210716,0.005367027980116747,0.013097704699002313,0.00015221870365617692
2015-03-26,0.024420521593942333,0.022170916262792145,-0.004318481917256363,0.007871928785924508,0.0003342266981838642
2015-03-27,0.016354663487512692,-0.005766476492140517,0.0006767612823945906,0.005119906048656418,-0.0004229984883363118
2015-03-28,-0.013384819900584648,-0.02246938539062883,-0.0020543317623674924,0.011798785101373227,0.0006041503738416904
2015-03-29,0.0012682554059798257,0.016006341201890623,-0.008424286417066443,-0.010131376278267124,0.0001134565003354345
2015-03-30,0.004880624000884995,0.000767561449509991,-0.017178325134271675,0.010447887202903851,-0.00027991689181005794
2015-03-31,0.008209061891653392,0.0053262197818973915,-0.008377277350105392,-0.001038599045296153,-0.00020266851955178997
2015-04-01,-0.000325694314299174,0.009175741023186822,-0.00598726703740263,0.011150573835078786,-3.606307012034196e-05
2015-04-02,-0.008835302430027014,-0.002877347468090248,-0.006150166250728809,0.0018160408364551617,-0.00024634369104907554
2015-04-03,0.023301481138442652,0.005355578415048385,-0.010263531366897382,0.0029348944335631497,9.557237086442364e-05
2015-04-04,-0.002170396724262662,0.005495885568073968,0.007676329117415933,-0.009338461985055701,-5.0413317276258075e-05
2015-04-05,-0.002800664329634715,-0.02274106238742918,-0.01460486471877685,0.024132494508044867,0.0006490685100779695
2015-04-06,-0.002497480338317736,0.005063603263859786,0.004161667715619556,0.03117570345556744,0.0004835853321146493
2015-04-07,-0.0010859775010277526,-0.009399864739940457,-0.01364486016622017,0.011958547214545246,-0.00010727571142388399
2015-04-08,-0.016170047121771117,-0.009642993017462336,-0.005745620976431412,0.026840107676528887,0.0004086428027185328
2015-04-09,0.0003118495035719927,0.014369387305644576,0.0030802692492688426,-0.009446325989454404,0.0006106913719464572
2015-04-10,0.006685168133465331,-0.008528019174851896,-0.0042616427395706985,-0.008665767385401119,-0.0003045885953736494
2015-04-11,0.011198346671956644,0.020832633741432755,-0.01029966542929794,0.012186196303853616,-7.398076551053654e-05
2015-04-12,-0.005272150838296024,-0.006794021538250738,-0.006310919428782824,0.006682385745799868,-0.00013077230475283064
2015-04-13,0.0035566399466136806,0.00031580735693842725,-0.002460318421446535,-0.008390491730974432,-5.0713512385194604e-05
2015-04-14,0.009208019174466873,0.006833944076447312,-0.008687306192746424,0.0054402261416525806,0.0003676170793783288
2015-04-15,-0.01905032795420545,0.0012094288928613441,7.93025192426285e-06,0.012981920458155445,-0.00010945165644100208
2015-04-16,-0.020629161882566197,-0.020048690834411756,0.002658205160919739,0.006239346734713892,-0.00015388058291517794
2015-04-17,0.00784685748770349,-0.014296118703189193,-0.0044840439861674585,-0.012981831776592779,-7.435669485914313e-05
2015-04-18,0.0009571414977131564,-0.008046890341553396,-0.004282756561650167,0.013072743716640302,-5.0751478587306344e-05
2015-04-19,0.010143838040747545,-0.008680591402320388,0.0005395774684416838,0.0110294930335614,-0.0006475424615115905
2015-04-20,-0.008882179366292873,0.0037053483851516014,0.0014835297882286058,0.00667205511673308,-5.928507138297306e-05
2015-04-21,0.0014138710259589858,-0.001157821014614169,0.008966812886314905,-0.0038779559693495696,0.00023728722450051928
2015-04-22,-0.004395212958962558,-0.00559694299866597,-0.002930463682462072,0.007696459426113901,-1.6452669128638698e-06
2015-04-23,0.0037817704380056936,0.020848686018187963,0.00951059954739114,-0.00899520194358818,0.0005092992035040829
2015-04-24,-0.004350909555695575,-0.020529849085916933,-0.009856089994221466,-0.01256869622191596,2.0236040326288777e-05
2015-04-25,0.0006194079384371814,0.016328662497308903,0.00528636926313547,-0.004207018502478036,0.00039219058378815535
2015-04-26,-0.02536359800972695,-0.003104288324436045,0.012244219874457058,-0.01570209241180795,0.0004912010427797808
2015-04-27,0.00434956673988131,-0.003032881849064989,0.0037028132070036053,0.019938993539408464,0.00018823486699516914
2015-04-28,0.0032975009334025493,-0.0036822440611220426,-0.007858269642398977,0.013457455341399478,-0.00013868867914042568
2015-04-29,0.0012387880047849027,-0.004298131159320053,0.003067579475041857,0.0009690081433063576,0.0004577467461669308
2015-04-30,-0.00553892054399671,-0.0037428607151267727,-0.006668355366622712,0.002153949390700855,0.0002497908659688969
2015-05-01,0.009226635014662522,-0.006876346170014185,0.0037421787792672355,0.00829508728189429,0.00026117213538618674
2015-05-02,0.02227676122881111,-0.0026600651913110786,-0.015583707742609388,-0.014592202673057386,0.0006021620474444319
2015-05-03,0.00803067682725386,0.0012195498074267256,0.0006621673718204565,-0.014341007216135813,0.0009012918460250042
2015-05-04,0.0019106932297912077,0.0015027598971478538,0.0057684480703989295,0.0009095731693407527,0.00020146922032892006
2015-05-05,-0.00880735197544376,0.0027036201162389997,0.017791857354788984,0.0049905952544582,0.0006327590007383045
2015-05-06,-0.005552896810442791,-0.010681891253384253,-0.0010192784706888052,0.00264415897406545,0.00047559031482741275
2015-05-07,-0.019319059402493087,0.010655978389617555,0.005560681742389461,-0.0004903961834219379,-0.00018783053306890433
2015-05-08,-0.018880779850104196,0.003942166147149095,0.0062167402832732435,-0.01083485703773827,-0.00027695909037133717
2015-05-09,-0.0035084409416838787,0.015375844942438988,0.0015346880013484907,-0.013695993170174383,5.355059119161705e-05
2015-05-10,-0.0027735325550083613,-0.026541556921960426,-0.0036626982062821613,-0.0009411526154270052,0.0003502367741043588
2015-05-11,0.021952319816094402,0.015584401007623245,-0.004898978957186114,-0.013356406962863823,0.0009414845325344326
2015-05-12,0.0010948878844073686,0.00040857211998059594,-0.0001289811254345048,0.002366556749098145,8.54831251055244e-05
2015-05-13,-0.006280640387145141,-0.006570526452021673,0.0005499115436521531,-0.004135871147242328,-9.35729362029728e-05
2015-05-14,0.0016450896231846835,-0.002065407959124339,0.011423339397017972,-0.03633331259053388,0.00047474472434640917
2015-05-15,0.014926519842226746,-0.016753713394091655,-0.008837820602225663,-0.003621139679276455,-0.000312372132337907
2015-05-16,-0.008659839556616023,-0.012511064884608594,0.014320239826210694,0.0016531379611410652,0.0005314545904371018
2015-05-17,0.008815059280385703,-0.008957990576351904,-0.007506748571313343,0.007262655156057596,-0.0002539816967457571
2015-05-18,0.008713977578854388,-0.00041490507913868326,-0.004945286308638784,0.008611073446206529,0.0002708821712883436
2015-05-19,-0.003801903349908833,0.01040128089007062,-0.0056741647944587095,0.013379888919533154,0.00031776171795998916
2015-05-20,-0.0032026627634599435,0.0024996984582822184,-0.008420060992406454,0.01762436068935024,7.271368215325215e-05
2015-05-21,-0.005687002300463094,0.008935625925707487,-0.002454297839937805,-0.009723441393002068,-0.000359339723415745
2015-05-22,0.007467144054971887,-0.010704616444101756,0.010576705719419432,-0.03253694581109609,0.0006652859119722907
2015-05-23,0.0028639393331937745,-0.0002799737975960389,-0.004799875699284604,0.0071968021990800515,0.00011909856389499188
2015-05-24,0.013262536765627851,0.003973106173780829,-0.001240843407910251,-0.00643941132770814,0.00011301619540245178
2015-05-25,0.003991854350355253,-0.015588038570744736,-0.013857610942696021,0.015478759285394139,0.00018476993535031285
2015-05-26,-0.0017393623422212049,-0.00015316731774420321,0.0034326834577975696,-0.007066624114898509,-0.00011419056519534936
2015-05-27,0.002687123820987785,-0.008814292153496068,0.0014297332244099582,-0.020159113443706366,0.0004551059377075995
2015-05-28,0.0059123678716553486,0.003770294362413348,0.0071539940884547,0.011234644893546577,0.0004504489201698086
2015-05-29,-0.021048610739151985,-0.01678490098784138,-0.002040116912050366,0.0076430068512666725,0.0002939996466774517
2015-05-30,-0.008052987246484344,0.00012101416767633354,-0.0036592062022926617,-0.0005590575578367581,-0.00031210421919163555
2015-05-31,-0.010354510254607702,-0.015196468288701848,-0.007249557777891405,0.018787668862603607,-0.00016808016129171173
2015-06-01,0.031082291318197418,0.011431162350593608,-0.004261618621108354,-0.014666036217490169,0.0003515292597140267
2015-06-02,-0.006303666397413997,-0.00012954577321509702,0.022075772752516234,-0.014359170813081154,0.0004929394535466535
2015-06-03,-0.007789989059690661,-0.0019598904892842908,0.015918710995035338,-0.01516739890898118,0.0007018200176854166
2015-06-04,0.00865283543002066,-0.003532440470230212,0.002540222020238547,0.005660855355471685,0.00032680410985347276
2015-06-05,-0.017894487156988045,-0.010787583411293381,0.0011004738859435044,0.003853332943562958,0.00032644571617094234
2015-06-06,0.0024756724141995136,-0.012299579732605214,0.0007092473958117993,0.004383334767868435,0.0003072697989922599
2015-06-07,0.013000077357089376,0.010852773011166139,0.0023563562139861313,-0.005194648812495378,-0.00039220113898535714
2015-06-08,0.005411491638274896,0.003197477570497362,0.0015666383206124916,-0.015514977625196458,-0.00020954842370477503
2015-06-09,0.012678104770346062,0.0023663151441207886,0.0028514814778111855,-0.0052446292141036166,0.00014032468393846293
2015-06-10,0.01133943185274188,-0.0025114459414434472,-0.0022129219304697465,-0.006768098566369336,-5.901067069246122e-06
2015-06-11,-0.003198300522313776,0.0014983877026946933,-0.0024729364709835605,0.016708943603021324,-0.00015082243365895342
2015-06-12,-0.0017730224058340855,-0.00457569627483992,0.011433422304198752,-0.005541098656672762,0.0004559528622754737
2015-06-13,-0.016907816937052657,-0.0009959184668269076,0.011393787394214943,-0.0013096168977509003,0.0004665471546717553
2015-06-14,-0.005623668335346464,0.012421732718605968,0.021826964220620523,-0.01597485724749755,-9.367723818889598e-06
2015-06-15,0.01734236592561405,0.018965749122906855,-0.0052141511521215395,-0.004049684049897983,4.219857162732027e-05
2015-06-16,-0.015263336069348179,-0.01207142747472596,-0.005745722257542598,0.0005166478258291655,0.00012002766830027334
2015-06-17,0.003134278050015269,0.01565196645678348,-0.005930641077984143,0.015635126930191114,6.355223033775754e-05
2015-06-18,-0.00017168344792054533,0.006507149621755107,-0.007531574782144144,0.010675986764744133,0.0001833798985844392
2015-06-19,0.006143741948005248,0.004139055964256122,0.018797528873641337,-0.021412925193682295,-3.6295939269924334e-05
2015-06-20,-0.006857258332896974,-0.006776695670123279,-0.004118505176247411,0.01760584375139037,0.0005783691638680927
2015-06-21,-0.006246660944523632,-0.009314606197482301,0.004093192331685826,-0.007070834322612004,0.0003303071650763258
2015-06-22,0.002769607427751547,-0.013975335471407098,0.009599518075090496,0.010141570187210663,-6.205791443507361e-05
2015-06-23,-0.004113475081974932,0.0019171680227204546,0.00425280768854641,0.005921091735442314,0.0007641072968986977
2015-06-24,-0.0016573642009369222,-0.008006508762551007,-0.01148500920730899,0.0009114634948317346,0.00012051836524851789
2015-06-25,0.02131836801747475,-0.00039590528347565874,-0.0033743013539230485,-0.004368639808249992,0.0005052610787244771
2015-06-26,0.02985339128724883,0.0012986750716831872,-0.010888330936160656,0.009520063955867868,0.0003457280122241191
2015-06-27,0.021926112874296633,0.010349407029778034,-0.006435940731424192,0.005073328488713193,0.0004801611847510993
2015-06-28,0.009966582957678364,0.007057168679709573,0.007320357851124111,0.004873234789086179,0.000566291543171101
2015-06-29,0.007964765037721646,0.00013062780869969095,-0.0005472583256097475,0.010939531104711056,-0.00012635816935356077
2015-06-30,0.004701245469200591,-0.0027462699059016414,-0.0011159659469121234,0.012912780378358206,0.00019114292973296197
2015-07-01,0.000945929006204935,-0.01286242099220926,0.003898496552191129,0.0028994271578470054,0.0008123135738514391
2015-07-02,-0.0031820562785511617,0.001473104579275885,0.003275994097549796,0.015923381642848417,0.00010093710955340755
2015-07-03,0.003656452143097422,0.00667957063538184,0.0018867680805652175,-0.006098404602833565,0.00019208498252085886
2015-07-04,0.012916763876465037,-0.007094075882282664,-0.0030431274462384126,-0.009642481322026003,0.000507356688721574
2015-07-05,-0.01734631294787372,-0.00904944746475159,0.006177457011766087,0.017393948091871947,0.00011024299530515517
2015-07-06,-0.006065480404653082,0.016874235506002512,-0.006982346572890552,-0.01384398440366331,0.0002695439057280915
2015-07-07,-0.005446130122064068,-0.010963894546612767,0.0055044614670958945,-0.00016030791625563066,-4.671568771609738e-05
2015-07-08,-0.014515783396401834,0.005349128883036733,0.009904587097475652,-0.0023136715787230324,0.0007125883634944629
2015-07-09,-0.012065903859277808,-0.01723717777635265,-0.00489771367314615,0.005913738843372956,0.00020759710322371995
2015-07-10,-0.0024065800958249063,0.0029194871292604683,-0.008556865935366503,0.02295721834214444,0.00010507719191218572
2015-07-11,0.01342562091869497,0.006209962178009792,0.0014953007607538423,0.0015503950838707968,0.00027196732257626796
2015-07-12,0.007894991622513385,0.014535309895814754,0.0021445043451732613,0.005207145359867111,0.00010268829395122365
2015-07-13,0.017187750524035574,-0.002808022562756934,0.009750855118950153,-0.012965152263498933,-0.0003196994169365951
2015-07-14,0.0018976785329791871,-0.006117561825180577,0.005473605654469748,-0.01152729139853221,-9.582190881345646e-06
2015-07-15,-0.02161576548211144,-0.008933578023066532,-0.014879102284972853,0.000977113460574796,0.0003704604849341077
2015-07-16,0.009562401976125297,0.006182404181739782,-0.008795793970837774,0.003792083497271466,0.0001298176877949961
2015-07-17,-0.013094709657085427,0.011732933832845318,0.012354451155683272,-0.005210926877937536,0.00013942062425819658
2015-07-18,0.0028332352656226948,-0.0190307299127532,-0.005406531364395214,-0.0055507895990051,-0.00018452826837714293
2015-07-19,-0.0028711540871922923,0.016751860618890942,0.008711831161066077,-0.009174517297537847,0.00031129900529357934
2015-07-20,0.01671271664246819,0.012519659867477908,-0.0014710540348681599,-0.00956031766606921,0.00035087205326297835
2015-07-21,0.004990403041842969,0.009733069374064358,0.0055818022127287195,0.0067962558365415055,-3.763086460884595e-05
2015-07-22,0.015757546645786543,0.005309281142016857,0.013563973907018603,-0.021263258905804532,0.0006777295843077536
2015-07-23,0.002711195291469579,-0.0056582850897524085,-0.00513041203002416,-0.0005978519423243574,0.0002645520962859313
2015-07-24,0.006497836795692579,-0.004100816567432847,-0.0022013627301332127,0.022036793124398924,0.0006750773341922184
2015-07-25,0.0054896363190806655,0.0015789135504871608,9.25602959207066e-05,0.005217611735445961,-0.00019119699646676157
2015-07-26,-0.0025946797046461855,-0.016593603968870985,0.001453035864752901,0.00550043793399699,-2.1237049537765478e-05
2015-07-27,0.01874785346133308,-0.007769237845497492,-0.0172436745800222,0.00832143246016757,0.0004607573460654304
2015-07-28,0.02002909454812704,-0.00010522936785927966,0.0037547021415540263,-0.009295653064867947,7.657989224476622e-05
2015-07-29,0.010702850501333672,0.00861220940892944,-0.013515867871475361,0.023070604298528797,0.0005656402987648246
2015-07-30,-0.006885486130221661,0.002384781539053988,0.0062845606245238664,0.0012448057334285062,-4.237745027049064e-05
2015-07-31,-0.007422272741875891,-0.0017904584607902597,0.011124519728587644,0.00048604832489231703,1.4219838688554499e-05
2015-08-01,0.009398065046601707,-0.02540426701489976,0.0029731261228819446,-0.025534581036317734,1.6794214773711757e-05
2015-08-02,-0.012643764213293674,-0.015135915028341088,0.01022877690676152,-0.009055808017724615,0.00024009084516404892
2015-08-03,-0.00014204604454332134,0.004607481999114768,0.001644492684695829,-0.013644817965056158,0.0004447469337764786
2015-08-04,-0.005349430203344661,-0.016102413983417056,-0.004318876197373839,0.019605218922670233,0.00039874705820147545
2015-08-05,-0.003658396802792532,-0.004106356278460492,-0.002002480473420074,0.0245939633035314,0.0002512507408909142
2015-08-06,0.005416426228466845,0.011125897452518692,0.0025613120079048,-0.004768578619791801,6.910799159001004e-05
2015-08-07,-0.0004296723405761328,-0.00040989004587095633,0.00606804512896628,-0.0032199644237815963,0.0003617123148609026
2015-08-08,-0.0005359014182067231,0.0006839481645260201,-0.015284016998795722,0.0214373776618766,0.00024008599278284358
2015-08-09,0.012035476499383925,-0.025300952504456152,0.00975629295271091,-0.014503690760609492,0.00047999715955744464
2015-08-10,-0.011714202546764267,0.003444731670977157,-0.004570102116121183,0.0015192889515084904,0.0007338155909418788
2015-08-11,-0.001817432599668216,0.0017479190440081505,0.007884312246942634,0.0008023464501051717,0.0001783298827967283
2015-08-12,0.004657982604548945,0.024196851991320843,0.0024774852009027118,0.0016618737847339947,0.00046187741020391844
2015-08-13,0.013288455643090613,0.014317253591748126,0.004252035952156227,-0.017588194554768788,0.0006454349545380795
2015-08-14,-0.012954637926303065,0.00019107371008201643,-0.0024085616514326145,0.005928292904059784,0.00023450280691537955
2015-08-15,0.0041498282311443055,0.004992662283183736,0.012779273386725885,-0.0048518821779808706,5.405026929460086e-05
2015-08-16,0.011640141775088141,0.013988832385759365,-0.010142355954919257,0.011614221961593965,0.00035180103598235875
2015-08-17,-0.0030630147712104572,0.012644271692049765,0.001856450062660357,0.0027595330986270893,7.643988023721567e-05
2015-08-18,0.0005863186387929522,-0.010399068562398651,-0.012907345105423837,0.025378094924416412,-0.00013581536877788677
2015-08-19,-0.011148829941556773,-0.02309211285523054,-0.005636275401790774,-0.007850267323309627,0.0006481385431808015
2015-08-20,0.012173073911709168,-0.003992036202366971,0.014392361320239409,-0.00403094859483503,2.864011204846874e-05
2015-08-21,-0.02872307381420669,0.01598564144074075,-0.0009716506664143053,-0.004902779678462614,0.00045303179299349883
2015-08-22,0.028837403657924938,0.01953799281875322,0.0005826394752589719,-0.0013615639340214484,0.00039975301589594274
2015-08-23,0.00924924327654895,0.004725245890125829,-0.0004785331116130847,-0.0024158256253929995,-0.00010652414279646233
2015-08-24,-0.002866198660276979,-0.016886457355732402,-0.0024591513829726585,-0.008788803612468544,-0.00021664558129767879
2015-08-25,0.0025012311776053796,0.013989353083685723,0.009119350449552257,-0.02202867550974082,-0.00018075118330921166
2015-08-26,0.01136841956537735,-0.007000370805310895,-0.0054669083707245495,0.005765355603540616,-0.00017404745369257015
2015-08-27,0.0016327979989251696,-0.012466834902662717,-0.006866379610161065,0.007070926668047536,-0.00037079348321536796
2015-08-28,0.005538012472813528,0.0010337527636387369,0.00341336182056252,-0.0013445786373614513,0.0005606162298904182
2015-08-29,0.0018641163102559692,-0.003699610863160218,0.00018518772864921075,0.0051045808201923585,0.0001463418565622548
2015-08-30,0.000877813600973456,-0.006537116119265498,-0.006224572371135465,-0.010647402600431004,0.0006820172573922573
2015-08-31,-0.01409110155659486,-0.009645615163682324,-0.0033968682312247728,0.016127927918464957,3.805196451914147e-05
2015-09-01,0.01494582896570694,-0.003258739604229105,-0.0017908937577072008,-0.01226833887618761,0.000806610847289941
2015-09-02,-0.0134353967552531,0.00015766950430112713,0.008681571969117318,0.003087252036836076,7.259225400002556e-05
2015-09-03,-0.0011081561430181296,0.0002261674136110134,-0.0005762077207619922,0.011449766635454078,0.0008272016820950895
2015-09-04,-0.006092194164334755,-0.014461013213973004,-0.0011856086179978793,0.029080556704205653,-0.00012218131450895042
2015-09-05,0.019506872758177484,0.02037356785589625,-0.005777736000731575,0.006162162732902689,0.0006438491072113669
2015-09-06,-0.004013556614024787,-0.0027782932054973295,-0.003759116300133444,-0.006354742975860555,-7.355082334561749e-05
2015-09-07,-0.013858921181153148,-0.002590042130122758,-0.0027458936858565657,0.009329595528341155,-0.0003591086840265399
2015-09-08,0.004260808559870235,0.008983031819172127,-0.015139316997436683,0.014852198133481312,0.0005176317674273282
2015-09-09,-0.013692279108503722,0.013235677574073023,0.009118490449215916,-0.007607983984868806,0.00011338677257979303
2015-09-10,0.006911450470221275,0.00224871502579412,0.0031522479571110275,-0.013515539245002496,0.0001842960264567182
2015-09-11,-0.01607053195182413,-0.00446260077416991,-0.0035459678373696204,0.00028217892964553135,0.0005202851355846437
2015-09-12,0.013122785922213418,0.008712726244111284,-0.010280202085421382,0.0011036494532924372,0.000513042241686829
2015-09-13,0.0020563172943242614,0.022831022960162522,0.006479885164543219,-0.0005925981580718986,3.358984637673589e-05
2015-09-14,0.001961034867215902,-0.001010084393722695,0.005218379946371954,0.006039394882630427,-0.00011661102924069729
2015-09-15,-0.015109299915677561,-0.020881013177068718,0.0047766772777565625,-0.0115316950456813,-0.0005471444177241255
2015-09-16,0.004933219885524946,0.025118940409122926,0.0029619170135144353,0.008004420398874433,0.00015672620626914222
2015-09-17,-0.0007476886779171394,0.008738072571006944,-0.0004519730914593576,0.004761273065613055,0.00023227766577496497
2015-09-18,-0.007381100495776885,0.008024922527759508,0.002012512019878068,-0.005621824952042514,0.00029993709786017305
2015-09-19,-0.010065898227215257,-0.0018370611204686607,0.0024366173480314824,0.013340009004860223,0.0002804682704764499
2015-09-20,0.00011310011550700168,0.007945535030166245,0.012493225457012373,-0.0019125836898961906,0.0001342131497051878
2015-09-21,-0.014883252377472775,-0.013401727969311212,-0.0005257512559728267,-0.0018523381600421506,7.206195595176209e-05
2015-09-22,0.0010649547242291167,0.005372600291933265,0.0002977457096369698,0.005584776657563121,0.00015125991279928548
2015-09-23,-0.022617136969299494,-0.013840889997959278,0.0026207338732626663,-0.007892319757705935,0.0003199121695158063
2015-09-24,0.018243986047464567,0.01568112362933339,-0.0035141223493275536,0.01416649292120239,0.00017777822854822924
2015-09-25,-0.00352360583940479,-0.0066231450503982815,-0.0022832329694625537,-0.0013825242538738187,0.00018462844568769302
2015-09-26,0.002276075758662497,0.000555889459304915,0.0032431639951179016,0.009973022429997948,0.00043003382128222454
2015-09-27,-0.01690009733719866,-0.028180008911447896,0.007441611441684716,-0.016345220485373,6.015793372148488e-05
2015-09-28,-0.013231623653957301,-0.020150277765083883,0.004685522016289115,0.007539953845936977,-5.06313272101298e-05
2015-09-29,-0.029790997742172535,-0.011584383577803541,0.009016368107958486,-0.01272745804604485,0.0001887053271609999
2015-09-30,0.0002263423832974758,0.005671528988178636,0.002058514240780006,-0.010707657686065233,0.0005078369784894468
2015-10-01,-0.0014427266131081882,-0.0005306138458754301,-0.00682865365976183,0.0012289578748780282,-0.00014773427865121203
2015-10-02,-0.0016107349758424415,0.016192405559076434,-0.007607082085257274,-0.008799714402643195,0.0005943274789006592
2015-10-03,-0.002034676256032405,-0.006841731713578623,0.007921838950762044,-0.011562281741322766,0.0007060913801944623
2015-10-04,0.008305245324680669,-0.0028881645902416597,0.014786195223586382,-0.01958841327629527,0.0003646904527891177
2015-10-05,0.0038926890796533425,0.013416601728407956,0.013764731175776626,-0.009077857856290837,-0.00010635194264856028
2015-10-06,0.005765233370079904,-0.005259634754313691,0.013910639348464988,-0.010545419800141122,1.588690793521886e-05
2015-10-07,0.0025570085679388057,-0.012395755987714549,-0.010014565816376882,0.018294035792609502,-7.594986902611893e-05
2015-10-08,-0.011795838795827435,0.0026937206752775337,0.013035207166160368,0.0028465530753982115,0.00044467791316709406
2015-10-09,-0.008414855847407867,-0.015458131639377431,0.011808124436513997,-0.010117600305575566,5.1947406887591975e-05
2015-10-10,0.015883409703497834,0.008792280557089336,0.0012801221107766158,0.01789290652788037,-7.173680972883672e-05
2015-10-11,0.011217722227045597,0.0029851335152447566,5.14690252921561e-05,0.013082755974511837,0.00029090560928675597
2015-10-12,0.006678013048190512,0.011802175408365156,-0.0024219216962423798,-0.00761360629839613,-0.00019813158272541517
2015-10-13,-0.022510970166832855,0.01504986095269091,-0.0004154986456226141,0.007486624602939187,4.37643867736634e-05
2015-10-14,0.00398725022965038,0.008753164097938543,0.0074599203026824564,-0.011469256762304234,7.831398888598102e-05
2015-10-15,0.0036979216852314855,-0.0015665214285451646,0.01180401702206622,-0.004247222532024433,0.00036241712689447005
2015-10-16,0.008129916960631875,0.013085192203740468,0.0017333950307719115,-0.0157822629038521,0.00025684225266265145
2015-10-17,-0.007186089185912568,-0.006588051110472483,0.005669574341302659,0.01117523519306675,0.00013765229786164837
2015-10-18,0.004003872366118835,0.017299710772467357,0.003908921822866042,0.02537916169188654,0.0003090711769463488
2015-10-19,-0.020114999286294975,0.0030057009806602436,0.00881235243056586,0.014701292322917739,0.00034298457651270537
2015-10-20,-0.0012087909217312952,-0.012016109495032429,-0.002979414610378556,-0.007037278290179866,-5.189531886006952e-05
2015-10-21,0.007263998470348204,0.017684415611307337,0.004368173210816701,-0.015886019424351392,0.0002709890586126491
2015-10-22,0.01435019107288028,-0.0027719642043566133,-0.004829760496764235,-0.0008975070583687129,-0.00011626735010591928
2015-10-23,0.00795976022474485,0.000574499455760302,0.0016813229512422595,-0.012618016827885974,-6.834032335327445e-06
2015-10-24,0.008823325322473033,-0.0016685368346634091,0.011446649984071296,-0.01506288219657522,0.00020172141758740956
2015-10-25,0.01127308647574484,-0.01122129102745088,-0.01825703832228169,-0.00717045773741576,0.0005286289936871164
2015-10-26,-0.006026540271620804,0.02340721453915531,0.0010296656944809713,0.006023149262127745,0.0006166713605728822
2015-10-27,0.0237835770109144,0.02498541430395989,0.007809474542347801,0.00014439583562182658,0.0003175808277012062
2015-10-28,0.009475707618658633,-0.0032480304178868387,-0.00909066392746352,0.0035732956831048554,7.734926331329026e-05
2015-10-29,-0.004877114537095089,0.005710327167576816,0.009953827419654743,-0.0035606367494525077,0.0005963306129868249
2015-10-30,-0.012900374096456549,-0.004580140977738886,-0.0028814008360375835,-0.013145941965630042,0.00010491041274189987
2015-10-31,-0.0010140719413315508,0.014409179111397923,0.007795332391313464,-0.014119490178779759,0.0007149366474064034
2015-11-01,0.014634572086814172,0.008774924159456658,-0.0038042487160526986,-0.01082984524484244,1.3718265978915128e-05
2015-11-02,0.013092934435247405,0.020997863569247724,0.012510330196778894,-0.015966823411570918,-0.00022169396333513965
2015-11-03,0.002046636783526504,-0.016564926944247483,-0.00030919024229300986,-0.003118928494331849,-1.583531974069731e-05
2015-11-04,-0.018179755481696952,0.0011085095398424554,0.0008005951548969813,-0.006170892587448719,-0.0007737251805370483
2015-11-05,8.410582665155614e-05,0.017137731788039755,0.0160988257866463,-0.014265228604722624,-5.872658907632013e-05
2015-11-06,0.005867812356707313,-0.008328034452998666,-0.00013369199143388008,0.0058838575377498014,0.0005174000221048347
2015-11-07,-0.0007624241462792904,-0.0020850324907947396,-0.0068084441073875705,-0.00319405737153265,5.9618235097985714e-05
2015-11-08,0.004686004468816191,0.009845314389972614,-0.0056963812841988514,0.019716358973663504,4.555647346203223e-05
2015-11-09,0.00015574949519734694,-0.007127072217850491,-0.020062771846637746,0.02355488008570116,0.0003630363936645533
2015-11-10,-0.0028738026028704913,7.255672721677385e-05,0.005084401805316024,-0.01860147199222275,-3.568354937037989e-05
2015-11-11,0.009661046695874358,-0.009984277738432017,-0.0014134755451929654,-0.01691231110265284,0.0002778640163742067
2015-11-12,-1.0600529181374325e-05,-0.015526748028185001,0.007025662135202282,-0.013797755473953243,-0.00012425314851477118
2015-11-13,0.0027421761918712813,0.011695486985813101,-0.006596653572760361,0.006168961748303146,0.0002660168830899694
2015-11-14,0.008482148518754673,0.0035519849237734377,-0.004197451543551654,-0.007620659525589101,0.00015808515375120724
2015-11-15,-0.01208984384218611,-0.03069387627677525,0.001900221602285037,0.009657128019056686,-0.0006133013796776028
2015-11-16,-0.01136254338391835,0.003581303228965362,0.019959781044657638,-0.009549209229405867,-9.834699240665005e-05
2015-11-17,-0.0017266957687095959,0.012921591337917461,-0.0023561198078828126,-0.00432586271898762,-2.1097536514410757e-05
2015-11-18,-0.01070523873351276,-0.0010629756874428612,0.015637398325107937,-0.003925340601859811,5.1468498916384974e-05
2015-11-19,-0.0029959787798474686,-0.015663610454500668,0.005526903508963308,-0.0048339250595051085,7.410655142818789e-05
2015-11-20,0.03761693282831487,0.010951371213880465,-0.013383904560244225,-0.005762176117417856,0.0004926787786659306
2015-11-21,0.0017248044614106245,-0.013451872840365291,0.0049772420245253945,-0.011994335844322941,0.0007209857199335658
2015-11-22,0.012991539009221469,-0.0014964158918541713,0.006901359460883229,-0.008241382156699995,0.0003995508415471406
2015-11-23,0.006053791906463917,-0.006823221902701669,-0.00741654964696403,0.014006113540057956,2.5508062638932846e-05
2015-11-24,-0.004299318771520672,-0.010081929590320511,0.00310467646434231,0.02037917756917299,-0.00020528888184438634
2015-11-25,0.0006870131419134765,0.01379683674293408,0.0016540197134754819,0.005199631716240557,-0.00020367012737632653
2015-11-26,0.005396211948463094,-0.0006107855926227093,0.006614049899075343,0.006345833087898604,0.0009465882620185648
2015-11-27,0.007159751599375574,0.004708969120477802,0.0007565972222256216,-0.00566466357389285,0.00023756477054916083
2015-11-28,-0.0030378179431106715,0.001015407463540201,0.011613199684631625,-0.017334823448837473,0.0004899803806620942
2015-11-29,0.015754295226283677,0.002266488961732735,-0.020101612955123718,0.003631952251892091,0.0005394672645247236
2015-11-30,0.00013825968869944736,-0.009560206521294582,-0.005267232670039528,0.01216915636801762,0.00030315726843712157
2015-12-01,-0.002379729981124338,-0.00400263422513272,-0.0028615636412676615,-0.006699362749941558,0.0006397478986042431
2015-12-02,-0.0033515300890425825,0.011054737782081615,0.014892031328117535,0.0024412274285640413,-4.995239078081539e-06
2015-12-03,0.0051097938554166035,0.0008983986512977022,-0.008013989743416015,0.008101348525511719,-0.0002404102468164724
2015-12-04,0.014245864174812287,-0.001395276532913238,-0.0019355263863413603,1.0769705979899748e-06,4.940497933110645e-05
2015-12-05,0.007242035487443696,-0.0029898183847961424,0.004869167791792645,-0.019848463282057693,0.00017075820693770367
2015-12-06,0.023000855455812572,-0.004688650747221921,-0.01160437876224101,0.006167665925969676,0.00018751532559642937
2015-12-07,0.004490971626132606,0.005713747962013372,0.005067340650310566,0.007571653447842334,0.0002600331248651597
2015-12-08,-0.0024068317824310647,0.00600827253042087,0.01684905008607029,-0.011662140985190415,-0.00017599549827419206
2015-12-09,0.01330657439192263,0.0017215805733063704,-0.01997502650635468,0.01958712116790369,-3.766014879016903e-05
2015-12-10,-0.0006503043289279667,0.003101012063034855,0.0024324220082719934,0.0067322672648376545,-6.212932843562257e-06
2015-12-11,0.006384447918434634,-0.0010975268657074735,0.004336566951134171,0.0016072279365555804,-0.00016368311575655319
2015-12-12,0.013060693867086099,-0.0023358901791494563,0.003011626694737413,-0.0023901550953099307,0.0007099258181974078
2015-12-13,-0.0021994893316703078,-0.003795429286865658,6.989326880067358e-05,-0.0023551606383589163,0.0003829103971236525
2015-12-14,-0.018431567704794313,-0.014049178193032297,-0.005766632090409798,0.019438773673033257,0.0006697449491944345
2015-12-15,-0.0008124793219942768,-0.0017598505024013155,0.0007512860586862812,0.012275679764849631,-0.0001611364012624486
2015-12-16,0.0031826912854457795,0.01011810204002997,0.005036581325326304,-0.0012000373903840477,0.00044625226331495226
2015-12-17,-0.03109844930745836,-6.668376981563298e-05,0.0028987641812457626,-0.010430622705502306,0.00029196606522771955
2015-12-18,0.016413247521707027,0.0022204189845017844,0.00403612338056551,0.009273106258880063,0.0005451115047033063
2015-12-19,0.019516752051940492,0.011359544736201321,-0.0022338559358353435,-0.020088603883075304,5.3449982074568256e-05
2015-12-20,-0.009422353458216305,0.018950165867317407,0.0042473466018687,0.0037480952217019536,0.00030465394722524
2015-12-21,0.0009129006544351296,0.01657070790260683,-0.002256880594271587,0.005517061493759384,-0.00010290387208779827
2015-12-22,-0.014978654490331828,-0.009053209974239716,0.0023070679633709133,-0.001548640941831233,-8.713972801308129e-05
2015-12-23,-0.015984327632317025,-0.0041731974654740395,-0.008272151536296731,0.01940562128246189,0.000156918462429798
2015-12-24,-0.016581404196926133,-0.006479643841898366,-0.002537182635072263,0.010601951652017636,0.0005531545863074821
2015-12-25,-0.021448319135879267,-0.003430436141668104,0.0038484845601103497,0.011607860445055431,0.00019810300698504954
2015-12-26,-0.008358616937755805,-0.0048188426759610626,-0.00468584782815877,0.017522588219206804,0.000137664919335088
2015-12-27,0.022561056753374747,0.0042730634218631075,-0.010317625619708537,-0.01502987587622373,-0.00043698323362937474
2015-12-28,-0.018056607223823656,-0.001240464592620122,0.008631883660138619,-0.016423704394354595,0.00041286295153808607
2015-12-29,-0.0052247855000215355,0.0003396458782601292,0.014384815195285033,0.0013146869189896186,4.6373176933585755e-05
2015-12-30,-0.009981107256632557,-0.02282761275895618,-0.006521654323528345,0.004104130286489194,-0.00017997994383528183
2015-12-31,-0.001124894265776262,0.0005410044756286253,-0.001137718367686214,-0.005057121112134092,0.0001840736094610879
2016-01-01,0.005555096066834171,-0.009281540255095578,0.00856335020624729,-0.009473930561557722,0.0001368894541213576
2016-01-02,0.008658225218725939,0.0041367170179926315,0.006288848122238763,-0.0034960689528693973,-6.194726034522552e-05
2016-01-03,0.004617689494456553,-0.009995603481591309,-0.0016115832244967322,-0.0011888486425672136,6.540173238292094e-05
2016-01-04,-0.0010932019890701953,-0.01832825553729967,-0.006693595822719396,0.004896585683393889,0.00018130241175109252
2016-01-05,-0.011571666131401624,0.009767498093176097,-0.002124494123798331,0.017057293811937515,0.000265505957500168
2016-01-06,-0.0071263095040243404,0.015627693152311998,-0.004902072064350769,0.017629181346615994,0.00044610618807026866
2016-01-07,-0.007410582024222012,0.011877509091012173,0.0020361494378929794,0.0057183727622135095,0.0002129460531223455
2016-01-08,-0.0011604593531935796,0.007606558284395578,0.008041365612789186,-0.022524093637316087,0.0005417809413891879
2016-01-09,-0.018969761096220384,0.005940923070276091,0.01488416597301082,-0.014785018615980854,1.5580427428680025e-06
2016-01-10,-0.012481014800355407,-0.004695500141903443,0.00022713737529414966,0.012246405729486917,0.0005436608432077801
2016-01-11,0.016669927865771258,-0.0018178038450029554,-0.005855798587487001,-0.018670302996971234,-0.0001228728315452381
2016-01-12,0.011649050775031566,0.018097184779768075,-0.009547489022098933,-0.0009113923214472842,0.00012263534927455547
2016-01-13,0.0036697333179148734,-0.006978060179812772,0.0015986878290686012,-0.007524244545551044,0.00012640034349713483
2016-01-14,0.00677110640698568,0.0015481762089641353,-0.004633420525598648,0.0006091021220981404,0.00010312066486106395
2016-01-15,-0.003907311332678923,-0.0032877228577711864,0.0133724225840999,-0.0022774015204875386,3.7884828711972246e-05
2016-01-16,0.008527002034643004,-0.001355830681279259,0.007191606071445628,-0.003777939291261615,9.715538235961547e-05
2016-01-17,0.005622412238998684,-0.01389753126291102,-0.012248763169366444,-0.0064072616777616455,0.000175975223854608
2016-01-18,0.020595326399891638,0.02594101149962517,0.004252100897663652,-0.0016207926511714829,-0.0004363274835044797
2016-01-19,-0.005919506777819949,-0.008815215131767234,-0.004545925761923538,0.003148385936503307,-1.7742174390882683e-05
2016-01-20,-0.022661809229379826,0.0024095805052767026,-0.0021378585230655556,0.012376528523981913,0.0007842270169937308
2016-01-21,-0.010309658402000885,-0.026545103706008783,-0.003602966144886666,0.015518340131338668,0.0007477738505385881
2016-01-22,-0.013924291750837196,0.001854234516529771,0.0003829346471781351,0.003958105831924766,0.0009638422472946723
2016-01-23,-0.017110710895616457,-0.0011675135391204443,0.008081498736934369,0.011674869385776965,0.0001618141734235553
2016-01-24,0.00399475349933142,-0.00288082657615686,0.0009407240387191422,-0.0053824083641939085,0.0003267291241080407
2016-01-25,-0.00390264168491754,0.0028414167338718338,0.0014704214431632851,0.012862914741969213,0.00011476487957562754
2016-01-26,-0.020257989304855048,0.007876361702809016,-0.0005555190801452126,0.0015887851297721764,-5.6663291626904736e-05
2016-01-27,0.01642233229980962,-0.017034568774528285,0.018260350342009225,-0.008746693640353388,0.00020126602973069758
2016-01-28,-0.00023496754067910076,0.0027422816399228066,0.004885424117239593,0.0041103814194882226,0.0003059513386145197
2016-01-29,0.0014487266167207081,-0.0015518682647694207,-0.0015334945736823636,-0.0010560565448017763,0.00048805639526569805
2016-01-30,0.007322015311682653,-0.02673265293951675,-0.0006127389662809496,-0.0020637807325840363,0.00012505967656010464
2016-01-31,-0.0041229950768345396,0.009993335969195783,0.010381018381560313,-0.012745763338298343,0.0002591618002775689
2016-02-01,-0.010918832968421645,-0.015586154893121961,-0.0044089305497875915,0.014875557864919366,0.0004311585521919379
2016-02-02,0.006384210434248803,0.008391434875274476,0.0040785934887380805,-0.01047361965792854,0.00026699519510112293
2016-02-03,0.009732658140251177,0.00938773154333436,0.008714538633550727,-0.0006690802892933281,0.00024164816141362418
2016-02-04,0.012876190673129234,0.0025342169758477795,-0.009532577078157545,0.001648846511296833,-0.00010366989870382661
2016-02-05,-0.007463701289283876,-0.002945767435803627,-0.004585519111255172,0.0028006549256021627,-0.0004654801771123948
2016-02-06,0.0028904664189499806,0.0006693328133674056,-0.006808170999238272,0.011464845352476194,0.00042625921676672324
2016-02-07,-0.018329587368387388,-0.011223441384259236,-0.0029835167749353336,-0.002181110823198771,0.0003922123988733354
2016-02-08,-0.0018540694224689395,-0.002904439908820896,-0.015565876277623318,0.018778350879987703,-0.000259377324158497
2016-02-09,0.0011032110593808845,0.0029491976781253135,0.011219997971884528,-0.021417216637157656,-0.0008201045529807639
2016-02-10,0.00254732695721625,0.0179360007789032,0.012267652546308292,-0.005236727375222999,-2.389846222652185e-05
2016-02-11,0.00981089163392759,-0.007246757663167581,0.0004275969091557087,0.0015313250549193955,0.00046488711342486063
2016-02-12,0.03256557668375442,0.010775470551488937,-0.010223434427677569,-0.0021693228734177244,-0.00042625415413490014
2016-02-13,-0.0076913586385153,-0.005545907282999849,-0.0028184127786960306,0.006177989570043834,-0.00012808554932688796
2016-02-14,0.013469146338004919,0.0029184022365712345,-0.002721596751510617,-0.005166366235179996,0.00017983285181963148
2016-02-15,0.010020378353994759,-0.006176497172927262,-0.008425343444825577,-0.0005315614817359767,-0.00029295711432178207
2016-02-16,-0.009142791022494115,-0.006500894298135025,0.008451982807218705,-0.00042195004617447915,0.00019192747164399504
2016-02-17,0.010321045566971396,0.0009203909517887152,0.0009133408946962881,-0.004580309845265339,0.00021453366474181513
2016-02-18,-0.006386651886806323,-0.02482598768974499,-0.0031162511682979255,0.01740556968642381,0.000422682811286775
2016-02-19,0.01165541207625658,0.0144417580825594,0.0003326273325030838,-0.00012104679922974627,-6.358968001511444e-05
2016-02-20,-0.003278721001112306,0.005274705460848893,0.011448911287740568,-0.007610734981213992,-1.0843909250931699e-05
2016-02-21,0.00041091468690120553,0.005922135216720174,-0.010309531040313678,-0.015698772776569097,-4.2450427539491225e-05
2016-02-22,-0.013821304231895622,-0.007807427039856151,0.0013380822064783756,-0.0013634668112150836,0.0005884366528100867
2016-02-23,0.004212614214906301,0.0038356874286143965,0.004740970890745822,-0.015898616651696847,0.00045824183022736257
2016-02-24,-0.00047818786143136345,0.006399892992501501,-0.007069427008587753,-0.00990044595857958,0.0003885634089316535
2016-02-25,0.0047914026065808465,-0.007629491559044843,-0.009014982156664901,0.016506495477051825,-0.0002436771517797082
2016-02-26,0.019548315765465524,-0.004464902353419796,-0.00029592915149350687,-0.009681923791621215,0.00032093856388140375
2016-02-27,-0.0059362907589407595,-0.002795753694617877,0.0016435330142177873,-0.009488592072232752,0.0003642901170433173
2016-02-28,-0.005576180030343839,-0.003353048206007095,-0.006720516193227595,-0.02000174670146658,7.078429126796041e-05
2016-02-29,0.028521151827214264,0.01369145522187258,-0.004874385328647597,-0.006892458623359712,0.00013802847206687002
2016-03-01,0.006780835869343154,-0.00989114663032593,0.005813893650009642,0.0005932999445098866,0.000357159622069005
2016-03-02,0.005514716327447201,0.001407074439201972,0.00443003401570258,0.0018286403871979099,1.9440038673517463e-05
2016-03-03,-0.00627993842605061,-0.0003186992634152526,0.014045841528782074,-0.02058497093735235,-0.0003312746304624916
2016-03-04,0.002324869027786179,0.0010273584006838922,0.0012214132592311842,0.00152230010264935,6.0650278829451414e-05
2016-03-05,0.017767488262092897,-0.011593771969404377,-0.012575378321516742,0.0014562734062075744,-0.0003866034465997385
2016-03-06,-0.0016446285452449403,0.015701021523807996,0.0033357769706002785,0.002621033233114989,-0.00026596221185866143
2016-03-07,-0.006778255134068142,-0.005022459556019447,-0.0013331239124621962,0.016710928646726117,0.0003066085541764881
2016-03-08,-0.012548063075011306,-0.00026304923574004457,0.0073203853652662534,0.011362132668641653,0.0006287759040094288
2016-03-09,-0.011425048951030652,-0.010213084908404169,-0.008419126544485442,0.006956800018279063,0.00027784146197825483
2016-03-10,0.011911064154026521,0.001851794128829678,-0.004954576804624479,0.0019006033276123772,-0.00013209290796594282
2016-03-11,0.024756046792908867,-0.010166738050184233,-0.006093071661098115,0.01691444617905954,0.0001330941306737678
2016-03-12,-0.0018099348764666887,-0.003790589829326734,-0.0012998906016636067,0.016107616026417214,-0.0005657186371183182
2016-03-13,0.018275251946251084,-0.009780118659447126,-0.007973502463253948,-0.005285547736162367,0.0003163292363246706
2016-03-14,-0.01821962680617916,0.0006043895493935211,0.0209479212064519,-0.02280226701979412,0.00019070420734193372
2016-03-15,-0.00730991523188697,0.002584076942383206,0.002668005324961275,-0.005454065960056853,0.00028461770682496686
2016-03-16,0.02143246261335144,0.0027769400216915547,0.0010207597471599723,-0.020682169132638713,-0.00017029676165668012
2016-03-17,0.00591013959227555,0.01560490244782338,0.004070098241837568,-0.006151360129714556,0.000130729194639265
2016-03-18,-0.01416737051858099,0.0028413591258929947,0.01125545189487196,-0.007359336887364561,-1.7096979605990103e-05
2016-03-19,0.0035032814242096743,-0.003420113953546679,-0.0016719889079757904,0.02227353415379873,5.3146598617217884e-05
2016-03-20,-0.003771300035671147,-0.00700503047221399,0.00599398501337077,-0.0051479328382699665,-7.358090089391777e-05
2016-03-21,0.01580311302392218,0.017095473098921083,-0.005736993458833652,-0.01853165325943636,0.00044828936497637615
2016-03-22,-0.007573848760314614,0.0060427122824192455,-0.012446287639455305,0.022012017573841677,-0.0002505309190261019
2016-03-23,0.008921017222103696,0.002082869465202822,-0.009180673880002956,0.00010790495816964983,0.0003471223758691688
2016-03-24,0.0016388457573894828,0.006022473325296209,0.01644074680237143,-0.027750871322991928,0.0006403264631539736
2016-03-25,0.001620916043478376,-0.008274944285829266,-0.011963213965949817,0.005826894937904952,0.00042124487999606726
2016-03-26,-0.0010816833739485557,0.014372628013697186,-0.008654807431371786,0.008421403412603402,-0.0002635144758957986
2016-03-27,0.004642493168737629,0.009578742521825905,-0.0027040580953971143,-0.025485208639249926,0.00019361515716913048
2016-03-28,0.005494471315015617,0.005109899764421012,0.009472080930912636,-0.018909767711500408,0.00034520031580985433
2016-03-29,0.01430213067142144,-0.014046011899704417,-0.003015557177774596,-0.00874998421173416,0.00010527515247140838
2016-03-30,0.004456550470175185,-0.0037033323741032242,-0.00677582775504106,0.003924302056100756,-0.00021149790097570376
2016-03-31,-0.012249340542665445,0.003972291562489757,-0.005106324608777399,0.015686112913568386,0.0002766549428042149
2016-04-01,-0.019707625043767513,-0.010696981787751641,0.012968394002189153,-0.013635259332633168,-1.5321212603457894e-05
2016-04-02,0.005789575466925784,0.00882625928492318,-0.0017732479009723002,-0.005540050088655885,0.0005789567769532841
2016-04-03,0.02066973266859311,0.013887097212264962,-0.002045073554839685,-0.012025941129689858,-0.00013061302112062957
2016-04-04,0.006494091431558919,0.005459247455274318,0.010587418361495399,-0.0019357775697002668,-0.0003424734141686189
2016-04-05,0.012664059069545515,-0.006873813722313213,-0.0070320210581613475,0.0033277587382598626,0.0007595285568505839
2016-04-06,0.036647456021862555,0.01371228722911859,-0.008207764566542493,0.001181753501283179,0.00041053756033086893
2016-04-07,-0.0033322680068041234,0.016629553310740165,0.005560464879477657,0.004471706024261426,0.00034069880511223785
2016-04-08,0.00531789203894494,0.00926088449840943,-0.004477539341060572,-0.0029730797732638015,-0.00021556363145930005
2016-04-09,0.005526667311158893,0.008727201528360314,0.0038852925729123094,0.014308203658974058,0.00012918980069598904
2016-04-10,0.008198213350684954,-0.008729744448440423,-0.006229202847257779,0.008732521712316707,0.0003983944074674267
2016-04-11,-0.0030211008542988266,-0.0012944868042425888,-0.011175468735024074,0.005729069411789358,0.00041139671693241807
2016-04-12,0.007108146278965529,0.006383169453087109,-0.00010876891267396808,-0.0010741229672777772,-7.702922862923056e-05
2016-04-13,0.008548841634704995,0.005922777034955736,0.002953220066263974,-0.009412568796515695,-0.0005472868873120235
2016-04-14,0.013190874922111335,-0.0017575708524605047,-0.010140030293982468,0.01055695300619843,7.480005235722828e-06
2016-04-15,0.01275715939002943,0.008710482407494667,0.003852345927684514,-0.020014260754645317,0.0005126788557467754
2016-04-16,0.003449350668398444,-0.00278168370178295,9.921260640622332e-05,-0.01963241076450155,0.0002596659180649066
2016-04-17,-0.011591435433544557,-0.015470067542990577,-0.011303097668000759,0.022724239394867705,-6.724695819852966e-05
2016-04-18,0.018278678294657593,-0.0012202189672893182,-0.018010232354607258,-0.004407596866594477,0.000520196454031216
2016-04-19,-0.0014120605858018095,-0.005544783951245577,0.0010139599761835984,0.004981548276920837,0.0004828999264471377
2016-04-20,0.01728543372058507,0.000264140481106206,-0.014510989785873403,0.0009236426592196673,0.00021293303470669368
2016-04-21,-0.010826792663709674,-0.011495180571878667,0.0038889534970689295,-0.0003201944830833057,0.0001412824635249029
2016-04-22,-0.008434670353584061,-0.0039807288407429356,-0.005547744120245052,0.016302018209241403,0.00045702527197906114
2016-04-23,-0.021110535286732728,-0.013424531018808061,-0.008384801251116087,0.005480009029073471,0.000104671890718403
2016-04-24,-0.016489265166910523,-0.012364094156894547,-0.005482775263989877,0.01094730010511259,0.00015279379412244814
2016-04-25,-0.008006298676845686,3.5134112274233983e-05,-0.002034406701345381,0.0018115877378381074,0.0006580402454656111
2016-04-26,0.016026367101499683,-0.009061673621951281,0.0013735463928436402,0.0018076388402625291,-0.00023071655972197358
2016-04-27,0.009946718440962803,0.01698539102258741,-0.008412061391050074,-0.004686961260090856,0.00045148561430013225
2016-04-28,0.00356874235224992,0.006117120864217258,0.0030372000544841345,0.0018356265368528108,-0.0002868470681630578
2016-04-29,0.012610102527334488,0.014004343506373931,-0.002491006688519342,-0.0009701601013613502,-0.0003513011526509086
2016-04-30,0.006397837763493969,0.006919511938943424,-0.0007307556737548068,0.011399337151763046,2.5727943825951712e-05
2016-05-01,0.0069846254929416315,-0.008294644792176438,-0.0029811847179894465,-0.0023036565236431643,0.0002019177059682214
2016-05-02,-0.003901669665247335,-0.002059500350837859,0.007456850607967938,-0.008359846015492023,-0.0003750718417387749
2016-05-03,0.02079424578686344,0.017793505689048587,-0.012349813717321868,0.011498180342086824,-2.746978078793183e-05
2016-05-04,0.0034754167714528134,0.003618052257412608,-0.0018812399087799032,-0.007157430622348268,-8.654760648924584e-05
2016-05-05,-0.010272451259302049,-0.010169026787919378,0.0007103819933493747,-0.005083076589240227,0.0003457785889373186
2016-05-06,0.017736986692638648,-0.0017623324171499965,-0.0025678688910859074,0.0015296623885458734,0.000279619122275016
2016-05-07,0.0012899373497424129,0.007473221330584409,0.004944132562333465,-0.0157505958376459,0.0004047108091521023
2016-05-08,0.01074516466092631,-0.005020998426293626,-0.002921020986801974,0.0057269914229555585,6.502472469332941e-05
2016-05-09,0.012909145694637698,0.02557750952619008,-0.0051346690337868645,-0.012069109889072838,0.00022664624376754792
2016-05-10,0.008813782491219542,-0.0003024386392740116,0.009501269190340831,-0.023380336298333745,0.00034920123277939954
2016-05-11,-0.006655882291819513,0.015189108789829476,0.020101832012235636,-0.01835226742250083,-4.2141846766074646e-05
2016-05-12,0.010422317121574515,-0.0014649156518893145,-0.0029359860310530102,-0.0007148976339743491,-0.0004736878297411249
2016-05-13,0.00024349813211580195,-0.006554363544826571,-0.004725668360738227,0.01837079955399548,-0.00026481009082155224
2016-05-14,0.009881777558703628,-0.0005379144107200991,-0.004506392327281286,0.00872593979412855,0.00023805847124224442
2016-05-15,0.007054631329006021,0.010877229485472064,-0.002396909867452545,-0.005464538620200489,-0.00021083790813603866
2016-05-16,-0.009214493654614114,0.02649360503992747,0.01662113860712316,-0.020008993401099802,-0.00028558272296215476
2016-05-17,0.006020383010514465,0.006599993207206805,0.0041449310362038074,-0.006516778139334007,9.143800322841534e-05
2016-05-18,0.004225838594510309,0.0017705876736027653,-0.018055792316301295,0.009921884040628414,-0.00013721543924917294
2016-05-19,0.0024466590628280083,0.029331937237744046,0.007206770058431022,-0.005919368183440607,0.00042129256338066946
2016-05-20,0.0060299604863683996,0.005376496198641796,0.004407148474293546,0.017446137038039874,-0.0002252439952894434
2016-05-21,0.005924424936058045,-0.007622040422523572,0.0019699150780339357,-0.013280279693449791,-5.058088441074239e-07
2016-05-22,-0.003034187799600535,0.00879668051778933,0.009688315383769004,-0.017691801419608542,0.00014825499954762114
2016-05-23,-0.007864614017533677,-0.013766867842823948,-0.001648513195640241,-0.0002574921834372866,0.0008952962292060383
2016-05-24,0.005450434398416101,-0.012071814678234481,-0.007473118812043842,0.01364262575084674,0.0007887500243338062
2016-05-25,-0.018078136288591094,-0.021936220559066077,0.016131513625395166,-0.003173887377894709,-0.0001425341230654466
2016-05-26,0.006635278262505094,-0.023943452240928167,-0.00515795686297221,0.003123110547662758,0.0004220701111261982
2016-05-27,-0.011411084781816589,-0.001570090506944382,-0.00442815609975009,0.010055861592701826,-0.00015105520312486077
2016-05-28,-0.004351206335645761,-0.010485165486822183,0.004852901529239829,0.006447541170954649,5.705384755148227e-05
2016-05-29,0.0008503838495267998,-0.013737964179623655,-0.004485817477624401,0.001600457140232212,0.000956424613883521
2016-05-30,-0.012553995714666156,0.011470409663707371,0.013121922111792297,-0.0007041028803781144,0.000684865768062419
2016-05-31,0.004741243577874395,0.00480321387877646,-0.0005781069878826031,0.012675924335836917,0.0004763077277258491
2016-06-01,-0.00688682150437718,-0.01414347012105809,-0.001842677207869103,-0.005642888965465117,0.00011094402064602428
2016-06-02,0.014825747855532102,-0.0012009625901049097,-0.003979435670591197,-0.0010615071321085259,0.00039818299035027603
2016-06-03,-0.02578027200531573,-0.01131065322608062,0.00662532105811364,0.015824836345650805,-2.3982326833978936e-05
2016-06-04,-0.021464404279143746,0.0014297890150357744,0.0008645316432781239,-0.005296720637098551,-6.569793254653514e-05
2016-06-05,-0.0017456790067710928,-0.006160096394741506,-0.01770328294778061,0.022715437197014837,0.0005325002752269885
2016-06-06,0.007997537026504128,-0.00921574762596048,-0.004788233791615508,0.0003368147951957182,0.0003195548858620887
2016-06-07,0.008193538190207884,-0.005285249487214822,-0.001973799624726261,0.00349382260631753,0.0005894933116067743
2016-06-08,0.008615013899001078,0.009484133604962143,0.000273019722943347,0.01319039828521426,0.00026001553031373005
2016-06-09,-0.009630274439225348,0.011508663214105779,0.01003012869491241,-0.007041173788328084,-2.0073707993190342e-05
2016-06-10,0.0038610250099139344,0.00532866100165885,0.001706001258266317,0.0017892600586031878,0.0006663886253023069
2016-06-11,0.0128924235590293,0.004630426355648207,0.005210301720858007,-0.017940226592938386,0.000256287620726766
2016-06-12,0.021490245468593214,0.0025277086302861744,-0.011425862953631885,-0.004993787295976131,-0.00021224976632475189
2016-06-13,-0.008740778494070189,-0.005396303780915355,-0.00950067225982363,0.009937835672941327,0.0004151429780344851
2016-06-14,-0.010174142004616176,0.012509604441797384,0.00884575127126134,0.009571268754203707,-7.624602777593826e-05
2016-06-15,0.010363317366002716,-0.008269711140843437,0.0033993757633932397,-0.004405866458227279,0.0003052101357884316
2016-06-16,-0.013295505459185623,-0.011424007997138065,0.00652395041544276,-0.010843052816677108,0.0002768486493588836
2016-06-17,-0.015527731645521674,0.004899047550674541,-0.004798416206802332,0.015451335786783168,0.0003280076027305322
2016-06-18,-0.007715350384350899,0.0040022281436115905,0.0049021265475396696,-0.005716577786233943,-0.0001867124854374954
2016-06-19,-0.02246749064098282,-0.0013869687476972198,-0.006678185329631993,0.013709799930878019,4.797399248842404e-05
2016-06-20,0.008319427008937983,-0.0010939443900765443,-0.004594971334580329,0.00864238775683328,0.00023648574044428828
2016-06-21,0.004089213263575833,0.005436002248848544,-0.012035276472406934,0.016336445640694433,0.00032386191842233774
2016-06-22,-0.011443566268289898,-0.004755000802136971,0.0020819178617389384,0.0009527111515170907,0.00023610838622150965
2016-06-23,0.017085773805575456,0.014113605842823505,-0.012158979904697215,0.011526018154905312,0.0005495270324378844
2016-06-24,0.00491259149732658,0.011603259442291318,0.016785509399257156,-0.0013651672492917405,0.00020947720759271143
2016-06-25,0.012584123264055294,0.004123728326182614,-0.0020460264332461085,-0.00548797987117404,0.0006233813028411839
2016-06-26,-0.009133127677305843,0.012857963831999247,0.008553100601165995,-0.016049591143706632,0.0002467510236838123
2016-06-27,-0.024068746640228345,0.0009295883571863521,0.013461938311685403,-0.007310880184932138,0.00016986624744684423
2016-06-28,0.023178326180683703,0.00011556017563282026,-0.013902056172856168,0.018405141390974034,0.0007491092419554073
2016-06-29,0.00044783091185215983,0.009883662586154132,0.012330705224930467,-0.015372373341101935,-2.1904589308551636e-05
2016-06-30,0.014749256036499975,0.019428232349046174,0.004094654240763926,-0.014695717811332751,0.000756817802552888
2016-07-01,-0.005783122275459103,-0.0044239399933432115,0.0037304914508681005,0.015638896343643995,0.0003999295309024654
2016-07-02,0.005239564861360202,0.005623997582985429,0.00019075677873357625,0.0050459114389146435,-0.0006657841538067082
2016-07-03,-0.0030518731222740317,0.001714568514585312,-0.0077907784936002596,0.011394870135996302,6.654999988107041e-05
2016-07-04,0.020862908193253416,0.019654286708806663,-0.005538048479226878,-0.0020940841378921616,0.00010766108706447149
2016-07-05,-0.004858834535065538,0.0008825935067802235,-0.004363609900769021,-0.006492707161264504,0.0003270879806010442
2016-07-06,0.007741239612372107,-0.006057780350043135,0.004448338921848337,-0.012509447733084786,0.00021069193576844856
2016-07-07,0.009964972754173277,0.0018442936049518448,0.0016572172430086155,-0.009248086914844598,6.90712237279442e-05
2016-07-08,-0.0019943042605270033,-0.007580034314765941,-0.0018249089659075892,-0.014505504929499672,-2.3746508385179738e-05
2016-07-09,-0.002915149913416692,-0.0030506695714584858,-0.00138836925138492,0.0015465150529707348,0.00028196226488750014
2016-07-10,0.010596300444175736,-0.003958780752628605,-0.01252860034084764,-0.0052934201443220795,-2.250211517928295e-05
2016-07-11,-0.003696495554306009,-0.008169152032500267,-0.010340888621340761,0.0036350067646064616,0.00018809639500339965
2016-07-12,0.007339178524546524,-0.0037643175485012536,-0.005432176833524774,-0.008106227536823466,0.0001210499730669229
2016-07-13,-0.009482744444814077,0.0035391082195643246,-0.010906635781745872,0.008138867103232927,0.0002257922782663955
2016-07-14,0.0025471518173131023,0.02653721434720164,0.006599296867298491,-0.013040363202378164,0.00010088396941717752
2016-07-15,-0.020295443383937364,-0.005069530284188199,-0.002020989386243077,0.017868460083548993,-4.2136535951658506e-05
2016-07-16,-0.0009560169366319596,-0.006288439864478724,0.013264835914406239,-0.01274409761175997,0.0007081535952840176
2016-07-17,0.009892808857750972,0.0067984937927280656,0.0017796236298415155,0.0007336605519461506,-0.00047620741120320335
2016-07-18,-0.0028453185608589,0.007577846569169453,0.0017995232958883775,-0.013846194986719214,0.00011444653049750485
2016-07-19,0.020264244993040307,0.01638356408469854,-0.0027128441927098197,0.007318356728144049,1.5513520279386954e-05
2016-07-20,-0.01945199499227409,-0.01302179275446966,0.015451930796258782,-0.008317575930823475,5.429363303290819e-05
2016-07-21,-0.0030895238253994964,0.017731096390616388,0.016710554744579862,0.014512674194749223,8.085784834113341e-05
2016-07-22,0.00384994148944771,-0.0137533277745435,0.008805422567167154,-0.020748085037367806,0.00019923026571806447
2016-07-23,-0.012383097052548357,-0.008278313963622682,-0.004549020034925536,0.0007424272666578552,-3.885530936679715e-05
2016-07-24,-0.00598471031792697,0.006793595388027598,-0.005885376277192862,0.009754120714956625,0.0005145734552423272
2016-07-25,-0.005575979560364435,-0.00806857883793664,-0.001427876641891899,0.015008521116525408,0.00019209053798601046
2016-07-26,-0.005785958798491583,0.0034683072829775623,-0.00644139149003635,0.014602667561918255,0.0002596515857217291
2016-07-27,-0.0031824086481764434,-0.008720387687393737,-0.007320019895333975,0.011632390645290296,0.0005180448542539589
2016-07-28,-0.0070223617700432145,0.002958671578043083,-0.013997465660374882,0.007132332392116853,0.00012116973662339811
2016-07-29,-0.010196601838801894,-0.011161674608744045,-0.004214494014139998,0.008940271489953073,7.194928618462992e-05
2016-07-30,-0.02567937132634579,-0.02587954621352222,-0.0021751813292638137,0.012925331642459792,-0.0007344303023567383
2016-07-31,-0.005419045886080175,-0.006187935086913998,0.01163005764305755,-0.01073265209488464,0.0002515825724406676
2016-08-01,0.0020509591372136543,-0.02005382785075115,0.0026561143447908944,-0.0017946235246719064,0.00029104195473715015
2016-08-02,0.04616076151144528,-0.010188115583355303,0.0007045740959940345,-0.01941701651227338,0.00022145247922988263
2016-08-03,-0.00012563345940290775,-0.004074633604286849,-0.0048469201962597535,0.007124512834233807,-0.00034691241631926265
2016-08-04,0.009151939906137352,-0.0020162461467359586,-0.01128017796066984,0.0006945875617193496,0.0005269171653235684
2016-08-05,-0.005833982120034026,0.0022493502279129205,-0.003686324246565073,0.013311231000287584,0.000346867023648703
2016-08-06,0.021948272861971888,0.003034902781079217,0.000528029574986772,-0.0058605827565469315,0.0005391136268851997
2016-08-07,-0.00797244215264346,0.005517963904709682,0.0016080593731544913,0.0018845145750416925,0.00015985169714556144
2016-08-08,0.0033443474170625417,-0.0003654754671680321,0.0010720263571742845,0.015164906526294175,0.0004413398568696015
2016-08-09,0.010533806594858277,-0.0021003683873896508,-0.009736359142287194,0.013867941741180338,0.0004068811845106705
2016-08-10,0.01756712544428308,-0.0020291886108073465,-0.006275263535242634,-0.01822564212381716,7.335601974342332e-06
2016-08-11,0.01201869954673257,-0.0018889053782140171,0.00201907037794225,-0.007138947233886712,0.00023302075086629632
2016-08-12,-0.012970324044546039,-0.0019076128749757584,-0.02042270976275346,0.017461442222672874,-0.00038259841931131755
2016-08-13,0.01445930692996982,0.010619704352352065,0.0020122745349532485,0.011255038811818462,-0.00016792822965037654
2016-08-14,0.02076836588765129,0.01345843118986032,-0.004682610663504157,0.010220962653384427,-0.00021749732272444426
2016-08-15,-0.009204047462210365,-0.007789613730280026,-0.00283244172219396,-0.0062237264389298635,0.0005161873367033758
2016-08-16,-0.002611902578413436,0.0028799805343901488,-0.0031257187992177835,-0.015187719159900201,0.0002160124535746125
2016-08-17,-0.021880475119922197,-0.005292642339130536,-0.005890360875903669,0.032430092402439624,0.00041800465679156713
2016-08-18,0.0016372064976837028,0.012568485661453395,-0.004840784445388981,0.010414076402493014,0.00019388675202091317
2016-08-19,0.003481626741003533,0.013045623850285105,0.007254539999743299,-0.001574441719416583,-0.0003902881671506349
2016-08-20,-0.010783526017080802,-0.0034444141527284165,0.0031727022019885005,-0.010384534891736475,0.0008905591340804167
2016-08-21,0.018076673537116023,0.00970279828395578,-0.0021613935349751204,-0.00522759988024678,-0.0001688737516226685
2016-08-22,0.0013077124747345307,0.0028037409126468156,-0.00943052857155845,0.010684675423943584,8.205037714491426e-05
2016-08-23,-0.021828645340236017,-0.012911690494759646,0.00043889149670011003,0.026042591330508066,0.0003062501379657482
2016-08-24,-0.015158812875821366,0.001487888739447258,-0.007919907673004122,0.022820037165237752,-1.7437936335952487e-05
2016-08-25,-0.0006864653044560537,0.012670712191384477,-0.007726710926718623,-0.007094570841312745,-5.286412890670881e-05
2016-08-26,0.012505929957053059,-0.0119312111802364,-0.02714964670481069,0.010061865581893798,0.00030473439818239805
2016-08-27,0.014392497812584632,-0.001349937402817575,-0.006808610147233656,0.012622965022480082,-0.0004579608992049161
2016-08-28,-0.004123022138297891,0.0009953585922014556,0.005016641808133815,-0.0069887899350724965,0.00014180027998513342
2016-08-29,-0.02859396764679299,-0.012408185158943243,0.009073248210527938,-0.008033434692227628,0.000149530664476524
2016-08-30,0.005612571390531628,-0.002062229349292527,-0.00011599958656019875,-0.01158451936494948,6.587594474564902e-05
2016-08-31,0.007516162921043979,0.003158114844067,-0.005752762017833996,0.004833763192050393,0.00035603330839005054
2016-09-01,-0.023485058159507865,0.006196196795220491,0.004491405305577441,0.01018665599231357,0.0005080497164169535
2016-09-02,-0.015580592483763311,-0.010122997372733072,0.00030026303002133903,-0.0037245579917694004,0.000677406038111208
2016-09-03,-0.009579978327315986,-0.007358704499933671,0.0031285707940029456,-0.011894480005899107,6.324671203320804e-06
2016-09-04,0.004104331921394297,-0.0022908877978463317,-0.0018596287847895657,-0.005291384843994346,-0.000346060929295644
2016-09-05,0.004152578504716632,0.017839506829568055,0.0021990052520001885,0.0016610606033512132,0.00034913954018508405
2016-09-06,-0.014387894588127356,0.013375708333252063,0.007602056153590093,0.018276566511045297,-9.993131059061891e-05
2016-09-07,0.02159228207887465,0.012120989745850526,0.0011417441065936591,-0.0038649038204299027,5.267322415386366e-05
2016-09-08,0.014395643303229337,0.004466876292856355,-0.01818829205863893,-0.002431110589350544,7.241647112860166e-05
2016-09-09,0.004017460475850169,0.0003530000765135579,0.008956961458560446,-0.027754239534484818,0.00017617832991209366
2016-09-10,-0.02078179452441445,0.002924725459794478,0.005206475868293527,0.008384312467456514,-0.0001411451756650873
2016-09-11,0.015315524137452676,0.013349747719967811,0.0031535428126748064,-0.0069217491499761275,0.0003135902586666607
2016-09-12,-0.007833296634020324,0.006613048500580935,0.016327566424810893,0.0032221032968151697,-9.885079655344247e-05
2016-09-13,0.004616684835430963,-0.011435735562448163,0.0018279768790450972,0.0012646905033481335,-0.0004579844085437162
2016-09-14,-0.013134556159949698,-0.005492456534709175,0.0003217988856863621,-0.008572584084475306,0.0002534691646618784
2016-09-15,0.00333541134886222,-0.001119456806515756,-0.006718434924189355,0.015165935853886562,0.000652356611880834
2016-09-16,-0.005230617488701265,-0.00697570620098802,0.004364828459436101,-0.00533705541102778,8.704638971268029e-05
2016-09-17,0.00902460916054981,-0.016433051857178322,0.00582760294024055,-0.00755799455743937,1.3442230095858068e-06
2016-09-18,-0.0006351644142090619,-0.000457122997539506,-0.013328694589048331,0.026021494541801714,0.00014396873163816215
2016-09-19,0.005567466463704207,0.010399389035455144,-0.00755349558829218,0.010115167497121241,4.66533610547333e-05
2016-09-20,0.010272947724036674,-0.018266143619392335,-0.00598276728166388,-0.006710677959200985,0.00026710241290059107
2016-09-21,0.005882612014826821,-0.005522820952989253,-0.00771027626391135,0.002424243483388753,-0.00015146337481846268
2016-09-22,0.010217159553224586,-0.001335991046867509,-0.025489253142994585,0.011468037000445951,-0.00019615817566618677
2016-09-23,-0.018605970799542734,-0.015857161078963147,0.00329861147024907,0.0167389653012167,0.000229596218134922
2016-09-24,-0.006663370711650674,0.003011397054155146,-0.001207903215746683,-0.003383584450630926,-0.0002326376836811235
2016-09-25,-0.020010883857415583,-0.007989732045393447,0.005281508267099772,0.0015788360481910435,-6.488630669451798e-08
2016-09-26,-0.01061687244771895,0.00363539284223048,-0.006900542422101899,0.017557566058218503,-0.00018471630854721753
2016-09-27,-0.008364046557329237,-0.015880703250485444,-0.004106256205028705,0.014961044803914626,0.00029335996321694363
2016-09-28,0.011807199841653822,0.007593453331590999,-0.010216849359915932,0.0012359253532403,-0.00011478724628023556
2016-09-29,0.015911154878898156,-0.008095659434781993,0.0020611523538544055,0.0023004293094733485,0.0007072285770762616
2016-09-30,-0.004369686555271174,0.005972232930227508,0.02035469721589259,-0.01863865490538608,-0.00035253985088638736
2016-10-01,-0.021504695648209986,0.0023174341101249818,-0.00885051887481582,0.010411408367043743,0.0002686930878516863
2016-10-02,0.0025627799423522473,0.004687767921095589,0.0021281728236048013,0.012015875010298237,-0.000168999084867614
2016-10-03,-0.007484874842971131,-0.009003689224285865,0.00729000992347125,0.006317585233940208,0.00027307499763958113
2016-10-04,0.014197084174999364,-0.008280964098625306,0.008578140785460531,0.004762224220899652,0.0003626515313882008
2016-10-05,0.021169676376259057,-0.011404325779956016,-0.010995696291239133,-0.007440539320027496,0.00035819700794487917
2016-10-06,-0.011833478074806485,0.0048139452782539754,0.01484169861776044,0.0015119896460086399,0.00022032555272242098
2016-10-07,-0.011107819751618434,-0.01049222158831137,0.011280295160482191,0.003224420871560074,0.00011866238755354196
2016-10-08,-0.0044655160665251145,-0.02043562328955025,-0.010308658471325208,0.027527632353066343,-0.0002723532149690161
2016-10-09,0.0026129416619512453,0.01030721123387199,-0.00867444597793953,0.008869933066419974,0.00042636800750436496
2016-10-10,0.0005504278096393404,0.027800923934934708,-0.008657835133475046,0.020444167290109626,7.652494961060303e-05
2016-10-11,0.009400645736043291,0.006300609746128456,-0.006887755403576921,0.005384312838611431,-0.00045423157153164567
2016-10-12,0.007434950717229582,0.0045013815195124665,0.004167319226378191,0.006578940946197143,0.0002467417469295474
2016-10-13,0.0021305818730577497,-0.007995397196344676,-0.007159954762871778,0.016661281887822718,0.0005833555098541765
2016-10-14,-0.002370154400580811,-2.2168919622540345e-05,-0.006288733422516641,0.018170112787927684,0.0003405389802008284
2016-10-15,0.023027524686983342,-0.0035071614125353878,-0.009054145995402336,0.00146467429533709,0.00033457744547946415
2016-10-16,-0.0021086081651722015,-0.008822391916975307,0.006373675247497667,0.0033208785675538518,-0.000157646833673929
2016-10-17,0.016200962978526582,0.01477690694939335,-0.00039485209127868546,-0.002315557022505479,0.0003054641755161233
2016-10-18,-0.009637443456133153,-0.001727748661313389,-0.014599483101375169,0.02332442627645577,-0.00036087175482071686
2016-10-19,0.017925473135645412,0.0006865210312823402,-0.005793931964258998,-0.0078007719132081,4.0228663295606925e-05
2016-10-20,0.016936190851170298,-0.020318377308040658,0.0028990849056794387,-0.005676337948288449,-0.00024922370325018695
2016-10-21,-0.01212682612231177,0.013606742503155862,-0.0020045369995179635,-0.004761149360342803,0.000489172790661227
2016-10-22,0.004350224821789452,-0.008069407403965442,-0.000385059571401701,-0.012220749224009142,0.0004776785307291147
2016-10-23,0.01277387785810028,0.007894908304601591,0.0011738498535598608,0.014678422914366513,0.00013085358336620859
2016-10-24,-0.013368686383723792,0.0015177528298877772,0.020362580866828635,-0.020249223274464094,1.7102310847422983e-05
2016-10-25,0.005257984297368951,0.0006437309493819355,-0.00871298541416512,0.016907719219483676,0.0008616965216667147
2016-10-26,0.0026904592142357156,-0.008097506669941941,-0.013932426677581123,0.01160652054587407,0.0004786410628968435
2016-10-27,0.005942321484027766,0.0012861620823289412,-0.005675591838981452,-0.008705599368059716,0.00039387433524249555
2016-10-28,0.011053769192368763,-0.012495527301061217,0.00808835824562436,-0.004217059944324772,0.0005717832580182695
2016-10-29,-0.01523626681622791,-0.01637505231263504,0.0003276173075332068,0.009038000334008034,0.0006967528574290571
2016-10-30,0.00863333819545637,-0.0004548263109487549,-0.01008285573583361,0.017799355335403208,-0.0001729012672584616
2016-10-31,0.01938277906085764,0.0014384286215745642,0.008208742404600924,-0.004613619039009831,8.780285764258106e-05
2016-11-01,-0.005648233854009898,-0.004450745985664978,0.004372173232402476,-0.0003844900650104728,-5.608063231224845e-05
2016-11-02,-0.0015254907472678628,0.0004720969755010728,-0.016101139152724608,0.017525880818035966,-0.00017763079937765448
2016-11-03,-0.013036063876353617,-0.019003773590481905,-0.013646672496491876,-0.0013674356860923218,-9.236822955037397e-05
2016-11-04,0.023167857522203922,-8.069673821603648e-05,-0.004152805509268176,-1.3691799237181457e-05,0.0001722340343173222
2016-11-05,-0.000497756797228517,-0.011584777614117373,0.01003480912009438,0.01127109929678336,-0.0003990352911963485
2016-11-06,-0.011529169585177948,-0.0051176074841450475,-0.005269370555922774,0.012986554102178546,-9.843180170585633e-05
2016-11-07,0.0256361187389671,0.016987552318546782,-0.0017951340135192052,0.005714691032453835,0.00047927827352979015
2016-11-08,-0.006167428311709779,-0.009142163673956129,0.0009911694965164073,0.010010942722696044,0.000174752289530291
2016-11-09,-0.01797340462870713,-0.01153383256150118,0.0023742973791303183,0.0028725009638161203,0.0007522447679014091
2016-11-10,-0.015747409331155825,0.0015506475031789554,0.01624539757347063,0.018036937484219567,3.5791651690348356e-06
2016-11-11,0.006131833856752172,0.0068405794763625166,0.0013608433250865673,-0.0028780705665586892,0.0002682717212335288
2016-11-12,-0.02910579235673832,0.0003991946938224206,0.008641275536924372,0.0016877908830789685,0.000775653373558758
2016-11-13,-0.007460854751023366,-0.005436879956575109,0.01703100696655301,-0.018576940351431356,-4.231764655547807e-05
2016-11-14,-0.0013086583513897529,0.007863315067068635,0.003488470563736758,-0.014369853425251829,-3.666496114299058e-05
2016-11-15,-0.0066732887088366295,-0.002128455562056806,0.004977657416327784,0.0033298254499638438,-0.0004284387412785337
2016-11-16,0.012803828657282874,0.005208361741525708,0.008828393311508073,-0.0049607065576809444,0.00047783650706368155
2016-11-17,0.005841836448724739,0.014261468426224645,0.005192092556879664,-0.004812223857714277,0.0008467020405870278
2016-11-18,0.010765515699846816,0.00786832764275238,-0.01127671088390593,-0.007679255423630298,0.00022314909174353718
2016-11-19,0.002100652058568032,-0.005429227685654445,-2.903114878982313e-07,0.015968075862607695,0.00034998357247131113
2016-11-20,-0.012892442397943333,-0.003786760724957619,-0.0034547065999404737,0.0028749096521693165,6.756917123237611e-07
2016-11-21,-0.0051616741400897625,-0.01315728136375798,-0.001524166217787572,-0.003837471679417183,-0.0007917372276511842
2016-11-22,0.02432990199285184,0.01572781240011544,-0.006322542192616565,-0.0012880377729251923,-0.00023808405065832926
2016-11-23,0.02016655452444068,0.022630590136918042,2.9810346575017966e-05,0.006738938401855747,0.00018616252680675216
2016-11-24,-0.01517330881550681,-0.0071678917374211806,0.003990342239185771,-0.002780502025815331,6.208307197115286e-05
2016-11-25,-0.0006603998175103729,-0.0008798694479711882,0.0007117242963776962,-0.01100104138911355,-9.488647816782394e-05
2016-11-26,-0.014565660558392812,0.0063538180075004445,-0.011713076200147204,0.026587021938299083,0.0005676113970716397
2016-11-27,-0.003116821823207013,-0.025711388117725248,-0.0058725066489156005,0.0026038157006218667,-0.00018735613873053142
2016-11-28,-0.005599544096833544,0.013591495017561074,0.009087026540676028,-0.012557003671352403,-0.0003722440592277161
2016-11-29,-0.003406266712125532,-0.0027438077876851402,0.004616162626199021,-0.0075737621226722755,0.00029205960382412216
2016-11-30,0.02295686244383902,0.012801156484710455,-0.003846073399902802,-0.0050288243462237306,1.8610903288343944e-05
2016-12-01,0.014163838446978569,-0.002980695069732367,-0.0033988437142158535,-0.0015068687663984906,-2.709478404792833e-05
2016-12-02,-0.01558982063572591,-0.00017556582721246314,0.003676473341720989,0.008299813422268251,-3.7115917898320584e-05
2016-12-03,0.014632096835794917,-0.0052847681247669785,0.009297585145897267,-0.029960180249386462,0.00026789207956107517
2016-12-04,0.0059453857154476725,-0.006356811797442226,0.0011282568200930614,0.01053155859667609,-0.0005672799226921071
2016-12-05,0.006263701921588132,-0.022649736862034024,-0.012521605916627414,0.022364806724988008,-5.229173542867265e-05
2016-12-06,-0.0132755231940592,-0.004701470121366483,0.01921117819793398,-0.02863845175349081,-0.00020017911631607074
2016-12-07,0.01785568786227139,0.0217556946864156,-0.0015851298693081626,-0.01517041207018776,0.0007910810348449745
2016-12-08,0.018986241403611163,0.010637402198055581,-0.00923468593269315,0.0013880478911924281,8.044370301585894e-05
2016-12-09,0.004260471440393038,0.01493355025906716,0.00851952354270877,-0.01691050176246263,0.0005645080103946366
2016-12-10,0.004053973986800222,0.007527402378130281,0.012041012949084856,-0.02047431592983417,0.00011966838430568192
2016-12-11,-0.005788758727750693,-0.01630489823420561,0.0018855742445491289,0.02586205553250927,-0.00044861763154605596
2016-12-12,2.8566743663597334e-05,0.006219582109899367,0.0022225948230649613,-0.0016751326815741807,-0.00027826230915992367
2016-12-13,0.0031176363955117345,-0.006586724959974506,-0.018868304784768353,0.025017336086197356,0.0004328155403991424
2016-12-14,0.0010068139997239296,0.0024631261837873906,0.008903286915086503,-0.003656338740246633,0.0004156911465160896
2016-12-15,-0.003062067279794482,0.012030373880581641,0.005481753464977823,0.000797131634211022,-0.0002690792607847595
2016-12-16,0.003748918050743691,-0.007176553883192659,-0.006852090056090637,-0.005047570672809106,-0.00020488005583038557
2016-12-17,0.025166645099292024,0.018244112950232406,0.012024428236868022,-0.027624790070718726,0.00015339520264821574
2016-12-18,-0.014669652538626657,-0.00979602779387216,-0.0048545000464025635,0.02097972974088676,6.151763057091474e-06
2016-12-19,0.01285555271963149,0.008607317219552992,0.016620461814616655,-0.030479834345160363,0.0005275735708454804
2016-12-20,0.013765274420127137,-0.006400830634010745,0.00376517738798216,-0.0038965296455965906,5.930409368954783e-05
2016-12-21,-0.00919730364415309,-0.008853253915858275,0.01738679979270646,-0.009844613138557707,0.0003773001758303343
2016-12-22,-0.008812304025093191,-0.00935643715666484,0.009558294985911943,-0.01854364752304744,1.7233680863802474e-07
2016-12-23,0.0008013141066535944,0.0012849526172207708,-0.001141786559194479,0.005359506654335781,0.0003491814314682884
2016-12-24,0.008966157763700347,-0.007545246499413636,-0.00542057615002159,0.013250975602958043,0.00041273975826950255
2016-12-25,-0.01559441115066039,9.81609209975387e-05,-0.011437639347826115,0.0144942780451348,0.000728692806267953
2016-12-26,-0.010641889378587014,-0.010272007420541303,0.00735882995379279,-0.01846217179395489,-6.83467202263162e-05
2016-12-27,0.007355630012381164,-0.004501532701063376,-0.0041533391140993504,0.00843931673824351,0.0002637269170465477
2016-12-28,0.0035142380365647988,-0.002477226587574502,0.0019233166206914449,-0.0035879351365975653,0.00027514759436593684
2016-12-29,-0.005386436500921108,-0.0028689346117915498,-0.0066567972679801015,0.006478975438347662,-0.00012448888074053944
2016-12-30,-0.012578229128072506,-0.00015233900287316937,0.00508831025611853,0.009244571638512946,-4.83940963533173e-06
2016-12-31,0.0051601708472111246,0.006450371684227253,0.003514091818271129,-0.011781916766493709,0.00017799745583859175
2017-01-01,0.0046484181703367305,0.0011022410668844454,-0.017217540112573045,0.013208075316818224,0.0008278341545543278
2017-01-02,-0.0037911013799875443,-0.007785378002643077,0.0029433277788980788,0.0021714056431721184,0.0005066286461492047
2017-01-03,-0.014254313564019825,0.00404539458196517,0.009159888784584737,-0.0024419354889646913,0.00023762885898003108
2017-01-04,0.012401961169058558,0.01109506314388928,-0.010122964244570204,0.013401091780188536,0.00011057738552669939
2017-01-05,0.0012540296897126635,0.0010137146456371995,-0.0010702971083498259,0.013488674253522147,0.00010458370213920175
2017-01-06,-0.012642321853307267,-0.006451196991895622,0.0038380387364860954,0.014238562828782839,0.0003209093515951741
2017-01-07,-0.009507295079465728,0.02196043409629218,0.008229345433951167,0.01329393053589315,8.316682600662194e-05
2017-01-08,0.006620479651794155,0.009544092938286666,0.009752272056112454,0.003300690894018478,0.0004056686138630576
2017-01-09,-0.003267228796400852,-0.006166959674233018,0.002745878258384427,0.008817574472256338,6.0801954037984236e-05
2017-01-10,0.012818174359229662,0.0167763022152064,-0.007535663897395599,-0.005453148545262668,8.67383933167187e-05
2017-01-11,0.003989650588807238,-0.0041628529411719024,0.009302433865480709,-0.003493837481494111,0.0001433770332857815
2017-01-12,-0.01632919067830663,-0.016126475302474942,0.004041047872805256,-0.020934800453858725,0.00044990318502367306
2017-01-13,-0.0014383479072172562,0.03098718509810018,0.023786474558234155,-0.015059292700211556,9.745937334977319e-05
2017-01-14,0.012007173874984999,0.019017752830324405,-0.01268339248154751,-0.011212092692589519,-6.497016694325143e-05
2017-01-15,0.0071959300968438,0.006365367669109563,0.007931030443703748,-0.019591221461980148,-0.0005985643645314417
2017-01-16,0.01040397746891776,-0.005719386657158394,-0.019205138522845513,0.011891874868133723,0.0003807792401201339
2017-01-17,-0.001017680266831211,-0.004589017449406748,-0.0014589555559664973,-0.0024301563354724403,-0.0002936425492610157
2017-01-18,-0.007924058513235556,0.0033722497522440604,0.005338967177759783,0.001399410386207458,-0.0001824899286389899
2017-01-19,-0.0017104586285433313,-0.021305048675105975,-0.0012602127938157336,0.01491316756943995,-0.0003333555977420049
2017-01-20,-0.006423583293472692,0.001840646529567767,0.012082020102524084,-0.010599102700550672,-8.708597812382614e-05
2017-01-21,-0.022540880531072897,-0.003775385989683508,0.021480083069152344,-0.004945848784979849,0.0001239351620970845
2017-01-22,0.0041582784227799045,0.0008215168380841208,-0.007070211540216741,0.012968834215411899,0.0002020605768762932
2017-01-23,0.0006100250622186472,-0.009228804714649512,0.008964045343305792,-9.176862781037654e-05,-4.320131314041316e-05
2017-01-24,0.012079933159902958,-0.002175305785045946,-0.009288576628866374,-0.004990519800245704,-0.00042688177932358147
2017-01-25,0.005900071813680652,-0.016346460347470577,-0.01351008759046439,-0.015088085209991487,0.00010384297588756764
2017-01-26,-0.0013470583963372757,-0.0033954289060686097,-0.008170473676067188,-0.005769981766930207,0.00027721513991633734
2017-01-27,-0.006011317776154089,0.0018058137383459572,-0.0049319328324027014,0.008169047798863432,0.0005414463780846026
2017-01-28,0.007235882213207853,-0.0023889167931402198,0.00011044581695484864,-0.004738787273050019,0.00013343440583184622
2017-01-29,-0.0033898782286195116,-0.002266923372102736,0.0024412480707926626,-0.010770483052290914,-0.0001890193736180349
2017-01-30,-0.015777180529037187,-0.018749913047802907,-0.008359198960438853,0.011659695271927109,-0.00015024925471604175
2017-01-31,0.006390375864105111,0.0017395304496359565,-0.016621290855392445,0.01745145769801491,0.0003863299499504358
2017-02-01,-0.011177618877810899,0.0017033807652109525,-0.003423578906351437,0.0079169579721946,-0.0002673271807190698
2017-02-02,-0.02049192960283978,-0.008023956214895737,0.0031689543109949033,0.00010153542484316633,-0.00024198219068546136
2017-02-03,-0.004255623608725879,0.001727125932467801,0.0012590679806375586,0.003114674038921086,-8.011406787691635e-05
2017-02-04,0.014059850682756125,-0.008292267884508688,-0.0007162566321162382,0.007941396204531118,0.0002824241924871383
2017-02-05,-0.0019554361134913483,-0.005468155667452605,0.00808921614159042,-0.020158873813665358,-0.00017460803973750097
2017-02-06,-0.004228338361086232,0.011065040234142226,0.006088122184033429,-0.011551458505222876,3.321464067195792e-05
2017-02-07,-0.0067545014005563585,-0.008241861237328127,0.008402906187945773,-0.01851844253981853,0.0006376707212231944
2017-02-08,0.010056871688183054,0.012700488340859748,-0.0039028732039016805,-0.00034352309712968324,-0.0003204480109801611
2017-02-09,-0.0057096037262430975,0.0035788427312371637,0.012519642533560197,-0.017903250150988557,1.5828831907064447e-05
2017-02-10,-0.0013584647715297747,-0.013700727590165822,0.0031196552802034484,-0.01023331579528197,6.941020502428787e-05
2017-02-11,-0.004862212952501754,-0.008604451795342622,7.501417821080939e-05,-0.0010229843261946273,1.3828157194228395e-05
2017-02-12,-0.00808466032773538,0.0013936412349925761,0.015597092021271696,-0.0064533783117408415,0.0004447001277471951
2017-02-13,-0.01579675176218857,-0.0018119089041455313,-0.004724682729329111,-0.006482911315408856,-0.0001019277226962401
2017-02-14,0.014295043022288543,0.012248061952524715,0.0005428822473577542,-0.01953857542253266,6.912978681592315e-05
2017-02-15,0.0039207450216308,0.0025693390008232828,-0.01488376950255632,0.0008720576943741076,0.00011076978232064827
2017-02-16,0.0066546449937837735,-0.019702694221185563,-0.005799985337936581,0.0020569320849143195,0.000398555003870591
2017-02-17,0.008479258082078332,0.007465245676821349,-0.007000052940932154,-0.016555807620579246,7.152399129434109e-06
2017-02-18,0.012077683624492139,0.016048050360064806,0.005397905356438202,-0.0013293274965671144,0.00025052763064872243
2017-02-19,-0.006076192907612797,-0.002510180074349328,0.014596918974939435,-0.01815225863041192,0.0006395598931666527
2017-02-20,-0.003348123481195445,0.01209889914046273,-0.008094925670329555,0.014829924446432398,-0.00010110839918293539
2017-02-21,-0.01608862691142672,-0.001288561813090321,0.012089288907495957,-0.011852517001056962,-0.00034119326698685255
2017-02-22,-0.0006655882153790665,-0.0009441655072095918,0.004624978815592664,0.007276855330655153,0.00011223835788704268
2017-02-23,0.022028620491507115,0.006904923347111626,-0.006905261868905992,-0.018088241874921876,4.8222408304750335e-05
2017-02-24,-0.0035154594605144624,0.008544433906879369,0.006164073936015997,-0.014311303965975446,0.00018520741293852726
2017-02-25,0.008230722105576987,0.01652359079763262,0.00783825971158627,0.0017186052252404292,0.00014987769036067726
2017-02-26,0.004930112964963674,0.013134702978748223,-0.009424221121551312,0.003306668263612698,-0.00011238390237016118
2017-02-27,0.004823376173293242,0.0129260853550542,-0.003612784639173898,-0.022313213363129424,1.1150504051769046e-06
2017-02-28,0.01105029761809528,0.007581096342764015,0.0020829435230955828,-0.006871346083355886,-0.0002719044341958819
2017-03-01,0.006409952761882942,-0.006630811306607924,0.014881399393938257,-0.0070394517883895355,-5.193464377970772e-05
2017-03-02,-0.006720263432646244,-0.0022900096145703442,-0.00029670919330820596,0.014479886768734778,0.00018966795541713687
2017-03-03,-0.008121604571434175,0.016524691538313152,0.005317255489744296,0.009082783243114938,-6.062096184478673e-05
2017-03-04,0.004636476783619671,0.00402868353659162,-0.015195017310057336,0.031516775094155326,0.0005374671755481048
2017-03-05,-0.004224114410994354,-0.0114839315799958,0.0022626449797106558,7.449462724330816e-05,0.00024297756987692008
2017-03-06,0.0026373866005454244,0.005482330776770665,0.011920873216136402,-0.002475187993448613,-0.0001996580252865635
2017-03-07,0.016283939380590418,0.01932802733941579,0.02416487304626311,-0.03228671693539306,0.0002074530243721842
2017-03-08,-0.023859817717612076,0.0002768742107438173,0.0019726484231967897,0.027282970046059965,-0.00011302840148772874
2017-03-09,-0.019280816045381927,-0.008617727686124909,-0.01187017421744245,0.02257627616787011,-0.0005194876401297523
2017-03-10,0.0007364038405747115,-0.01982610581546055,-0.005584066655367329,0.01962071128409064,0.00024454578947606366
2017-03-11,-0.00965831017678321,-0.0023223261853138367,0.0024719999724967254,0.006690070008663185,-0.00029956753651069605
2017-03-12,0.007310484374047046,-0.024460808712054777,-0.01041630462913135,-0.0019223574258998,0.00033043158100123276
2017-03-13,0.0006684997025229091,-0.013362134021241721,-0.009799134788452553,0.008153194411427013,0.00010604850911898311
2017-03-14,-0.006344295211488325,-0.005947832357135836,0.006427725383642413,-0.008032570778632122,0.00010320624709723436
2017-03-15,0.025692995856562078,-0.008193684584672279,-0.02211832137128355,0.015358121341179594,-8.280009156711438e-05
2017-03-16,-0.003303947878742225,-0.008192889872717149,-0.0022495299407514504,0.019230503263109166,0.0003835990977417986
2017-03-17,0.010453032442763138,-0.011375773185427733,-0.013255313555134639,-0.024321802561722016,-0.00012397861530121797
2017-03-18,0.011554089554540774,0.007489336653291364,-0.003194964414049027,-0.0005264840728576804,-8.602616993360964e-05
2017-03-19,0.002791002383091156,0.00801725782014681,-0.011935664195046238,0.012150315336252372,0.0004246417597988873
2017-03-20,-0.004432777255795314,0.0058467652065794925,0.024564886194583906,-0.016282903118817707,0.0002548324575241109
2017-03-21,-0.00819648492610625,3.7221545731300145e-05,0.005975190125655984,0.0009839862624174617,-0.0001902214558340636
2017-03-22,0.002809682297667039,0.014731668721982059,0.005445862769960737,0.007193821896809897,5.6300627333462954e-05
2017-03-23,0.009144027742862916,0.004684243330521602,-0.008800895830044985,0.007634465443425905,-0.0001814027080328073
2017-03-24,-0.006970764432126691,0.00037676898514986,0.0044321839516522936,-0.012812085552205981,0.00046292669475601406
2017-03-25,0.007070868493782639,-0.005241189284488948,-0.01449021077851968,0.006597304613604178,-9.50668638204487e-06
2017-03-26,0.0017232899958990282,-0.0030908523717025536,-0.0165220794319344,0.007505573866186041,3.469140907197814e-05
2017-03-27,0.007789387026364336,-0.00502485811200484,0.010793123589446058,-0.0304545083770609,0.0005439313245638776
2017-03-28,-0.00220942997833381,0.007852649611827982,0.002700918961190161,0.012042405185994014,8.944830289029087e-06
2017-03-29,-0.012398455704789499,0.011082742746909624,0.004242543213461225,0.005004800303780454,0.0005198626780266106
2017-03-30,-0.011621546022030851,0.0032979585200967826,-0.0009517551447278271,0.004020948887362912,0.00015371811516998507
2017-03-31,-0.017078680524048415,-0.011111629972474286,0.013483663686741544,0.004685484188222689,0.00011122276859070674
2017-04-01,0.003238099492512934,-0.0021036789264976324,0.009851776376230179,-0.009995637718996695,0.0002039757760983014
2017-04-02,0.013760487855498355,-0.004512927176346666,0.008426950259642739,-0.026683201094973054,0.0006442414053521167
2017-04-03,-0.003938363791569029,-0.0031392229414290156,-0.014179503178110151,0.006998973193748834,-0.00019655589199022653
2017-04-04,-0.006676690625311009,-0.002708269276099662,0.009092591409272795,-0.001912693642959749,0.0002278614177523765
2017-04-05,-0.01236231652326054,-0.011086798450879136,0.015842702529495965,-0.015619852209281906,0.0006526089469376885
2017-04-06,-0.0024278501151780234,-0.0004557679469515542,0.009272377909757955,0.007937997358354796,9.604970516180719e-05
2017-04-07,-0.0041197855965540795,-0.0013779740087780442,0.003760409699770578,0.008399923651916847,0.00013228466130707083
2017-04-08,0.00761720377054795,0.01745583233037168,0.0041376495219373095,-2.721846254088588e-05,-0.000347459560341934
2017-04-09,-0.03025351609728418,-0.0026761904904460776,0.0066952331168471805,0.0001056972276327555,0.00020765718535831532
2017-04-10,-0.00029917739184389194,0.010845116759493015,0.0027448858649644046,-0.00814514429061438,0.0004428254315355278
2017-04-11,-0.0021256629249804555,0.004660945212462099,-0.0022310249623624626,-0.0035260825858578907,0.0001574628815909276
2017-04-12,0.0005542656925679468,0.004783004689321735,-0.0012340192557813066,-0.017590535442029348,-5.358579749820672e-06
2017-04-13,0.00965584657823122,-0.000763601487659076,-0.004221495326942564,0.010631688637063628,-9.32981070789503e-05
2017-04-14,-0.017574919593225047,-0.0052599250639744815,2.420039620509772e-05,-0.004298161537261433,7.571335956828044e-05
2017-04-15,0.006132721820494838,0.0012604669832296032,0.0013587950237315114,0.016657784240403446,2.2955690773540554e-05
2017-04-16,0.003648610334123144,-0.004087706304912936,-0.007983070986361468,-0.0014725455202789317,-1.9842395034156893e-05
2017-04-17,0.0045940585497955926,0.023659529984894304,-0.0027973933653175245,-0.0010435876575885152,0.00011107050063125805
2017-04-18,0.0050173639222609225,0.003651679649226521,0.009743021833754742,-0.03332375070345317,-0.0006208598611296945
2017-04-19,-0.005374154997356441,0.009467803688979861,-0.009258546301139082,-0.021651288526812563,0.00031085698367351973
2017-04-20,0.0032443199411056134,-0.009773084689131687,-0.009882051233266001,-0.004564965822769681,0.00016576773346733547
2017-04-21,-0.006894256563659043,0.0033298455674648435,-0.020039933849549423,0.008635386546375379,-0.00022372127897736738
2017-04-22,-0.0025826079021046056,-0.0056960330584022965,0.00632693632860748,-0.023280674700787315,0.0001452808491838513
2017-04-23,0.006911561306894869,0.01940880962076879,-0.002199931535945583,0.00511641433389335,-0.00043721099385744165
2017-04-24,-0.02747086747048807,0.002316262385309321,0.007492648428689443,0.016874377523198838,-0.0003016288683466202
2017-04-25,0.0064636518320820065,0.01943046123913626,0.00504349303088238,-0.00047142355588723116,0.00013364729310221408
2017-04-26,-0.017902140710067103,0.009281887330754269,0.0014068816579195966,0.011686097098292993,-0.00036135715069640796
2017-04-27,-0.01334054848662056,0.01102213084967269,0.002620784505530486,0.019421489563456636,0.00010631203943219994
2017-04-28,-0.021060538995602077,0.004140719565198068,0.0015518061547972592,0.014169908534239257,0.0001388930578389581
2017-04-29,-0.017578590686211683,-0.00212939384355376,0.02171340852533783,-0.0043443963719244985,0.00011283599161622698
2017-04-30,0.012936711306686714,0.004832939459239422,-0.0005545825148659202,-0.014388079181077481,0.00020460758581222573
2017-05-01,0.012471720682283123,-0.005353699119840812,0.007555657294694932,-0.010595645712178947,-0.0001486687320328887
2017-05-02,0.012031070939578286,-0.00015448162313300495,0.0032317009575100935,-0.008912750552930039,0.00011210891694283559
2017-05-03,0.006156665432755963,0.004158472048397591,-0.016393353044767023,-0.001051927632991055,0.00042368901021152633
2017-05-04,-0.0011351452944115767,-0.0052490123583242565,-0.01101556948749874,-0.0029945281950000888,-0.0005058543336176106
2017-05-05,-0.000775553927230399,-0.005892180128984025,-0.00810842726771877,0.005344735425309611,0.0002455923540199569
2017-05-06,0.024798690883107096,-0.009234622890434281,0.0017498260761926391,0.00028912810695777335,-0.00011443876626747722
2017-05-07,0.002773254327637362,-0.003777528408023598,0.00044577320752950335,0.01474850835859036,0.00032170041475871236
2017-05-08,0.006332035357277367,-0.0027543594978638435,-0.013487772184528122,0.005695945322324834,0.0005109982271038607
2017-05-09,-0.017392706580374662,-0.013840926090710639,0.003446455149844538,-0.007869503985649331,-0.00011866904157791696
2017-05-10,-0.004531815548807112,-0.014087514848002402,-0.008522222694281142,0.01419535585980428,-0.0002808303946885477
2017-05-11,-0.018216687488794264,-0.009920506016677577,0.009062905121600498,-0.0029967884699354,-1.5376904347642612e-05
2017-05-12,0.000921715098489779,-0.016586044989661992,0.0013262060728415027,0.0016492041317018454,2.032329527547458e-06
2017-05-13,0.012127710184397972,-0.008235702808615967,0.004840803951407201,-0.00621563811271361,2.4948279058052307e-05
2017-05-14,0.00017315645443342757,-0.0009561787326639763,0.009725377942382596,-0.01797197656214274,-0.00010921860436715312
2017-05-15,0.012481736929565385,-0.003033596546412246,0.003777706921758294,0.011171210520728881,4.398842939278621e-06
2017-05-16,0.008345293446110173,-0.00929575285196504,0.002672215414591514,-0.003017760850398826,0.0002799454351439442
2017-05-17,-0.007118673425125028,-0.017487253819944554,0.0032700406001433652,-0.022858416868923172,3.0996371319323866e-05
2017-05-18,0.011373205572635901,0.0043182160898538515,0.013504495374336388,-0.0018504283096701303,-7.500625216850197e-05
2017-05-19,0.0007230694274294421,-0.0002615650021521355,-0.012460517166555864,-0.0006167120488580697,-4.5670702956635e-05
2017-05-20,-0.023325157548424368,-0.004481979169436195,0.0034500841170349906,-0.012200713377076402,0.0002582674664591281
2017-05-21,0.008747474565999521,0.004096200293818658,-0.0038382561320192375,0.006987575945883628,0.0003452016560171469
2017-05-22,0.003987213775194837,-0.007054913146282859,0.0003409004182329927,0.010803140904896216,-5.696810881443065e-05
2017-05-23,0.024853946786977808,0.00028170323387664267,-0.00566797061340372,-0.010713968641784921,0.0002012760841498235
2017-05-24,-0.01989892346617061,-0.00947033910790619,-0.0048655677334319,0.011167952984939175,0.00044417386280207535
2017-05-25,0.00793325637036,-0.02112129318300272,0.011081934888359382,-0.009115207049295452,-0.000113621859404748
2017-05-26,0.0022359156802357026,0.0022159038521215933,-0.005211093874301952,0.005835660815596933,-6.038340492938498e-05
2017-05-27,-0.004307634175626164,-0.0074928572213404645,-0.011160042050276457,0.010819518216942456,0.00031530437518196045
2017-05-28,0.006405166205535046,0.00930978203110211,0.0027019403806972098,-0.008252953216705269,0.0003954216393062355
2017-05-29,-0.0154156179762749,-0.011930662787013324,-0.005369406660629212,0.01971582137583958,0.000427902850874136
2017-05-30,0.006083770640787635,0.011669731517838972,-0.0063602500586028244,0.007893520369585662,9.152614190398602e-05
2017-05-31,0.010274245137715956,0.0011238347162027143,-0.005173497454470782,0.00662058335312975,0.00040691972890602077
2017-06-01,-0.00738406922545915,-0.002124623626058425,-0.00657882273839821,-0.018705106029858348,0.0001940912300748093
2017-06-02,0.007500886827514635,0.00416764399535998,-0.01636596934481146,0.006571400135078357,-0.0005677614874467077
2017-06-03,0.016367127922580858,-0.006931157386474535,0.004990857622941032,0.0007003618947459048,-0.00015270691737552462
2017-06-04,-0.012796605832014567,0.0006848361256589484,-0.003082044937133399,0.008160869299635339,-2.1124015642328764e-05
2017-06-05,-0.020352688307212922,-0.025800061787264125,0.0030903742271024396,-0.0033557026475701233,-4.3254536694885666e-05
2017-06-06,0.008514292689330762,0.013166957270987567,-0.00193631995451935,-0.0032069136531678445,0.0002884826292358189
2017-06-07,-0.01540883575176484,-0.001098903731181177,0.00833069550317053,0.006674212918693055,-0.00047906738117306963
2017-06-08,-0.008467999764460568,-0.010231304970001657,0.0015683356156605583,0.006254275577199333,0.0006023718479505028
2017-06-09,-0.005363518576044659,-0.005899734449701115,0.00977471848957365,-0.0022232457291668788,0.0005302250771069752
2017-06-10,0.003769570502697668,-0.010305731919016011,-0.012846492483297578,-0.008759319932950456,0.0003394791083101129
2017-06-11,0.014256555870399687,0.020906856730839078,0.006668063030142684,0.005205950313768124,-5.173559197111451e-05
2017-06-12,-0.013071997683521176,0.00544173960138139,0.007718281599743611,0.000964129507499808,0.00025296292889925766
2017-06-13,0.004171134680409654,0.013303315662452839,0.011569581955678738,-0.002215523929340897,0.00039735524511732906
2017-06-14,0.006395597841159671,-0.003038190247803187,0.004166910820723503,-0.01957254102973083,0.0004628970185960392
2017-06-15,-0.013516094459209585,-9.101677313926447e-05,-0.003030770809576916,0.013023201285360162,0.00012026693916941341
2017-06-16,-0.01818037186715858,0.00021309482215122757,0.000301461275177557,0.01564292228007837,0.00013136993365560972
2017-06-17,0.005012960339163763,-0.008117207913213645,-0.006931377601136339,-0.0017580078689098941,0.00040078829884452715
2017-06-18,0.019952754438191653,-0.003458706121279325,0.0032284844307503098,-0.03160124125364508,-0.0002451819254284955
2017-06-19,-0.010768750741266169,-0.015292855937158172,-0.011965729847837992,0.015597833713726483,6.352739381903957e-05
2017-06-20,0.004826316207277612,0.007725140125760221,0.0023832221299549847,0.0048514946445117856,0.00010905176934680922
2017-06-21,-0.013428345784927645,0.007367597946609163,0.00015239221720673242,-0.004212210566890053,7.491351747960555e-05
2017-06-22,-0.010233049452364818,-0.006167114461784863,0.004585466630381801,0.0036709011635382193,-0.00015183750897128774
2017-06-23,-0.005278909976906939,0.00926680474391824,0.00698939725734194,0.019930354015011406,0.0005026578170120128
2017-06-24,0.013740244142408278,-0.010400617774932766,0.0012147979940068587,-0.006525364372919658,-4.259057489095907e-05
2017-06-25,0.0023627966520520637,0.009654067060553616,0.005166917621181716,-0.012283176555388907,0.0003648049576249127
2017-06-26,-0.007025622474826127,0.000628674733431489,-0.00026278871359618216,0.000816211838985061,0.00037229623283422145
2017-06-27,-0.011717556455317907,0.01628457598899323,-0.008606178229003116,0.005973920397207418,0.0002475581658553644
2017-06-28,0.007214303447742128,0.000612627419766667,-0.001896272556719677,0.003853282889367049,5.817233655587292e-05
2017-06-29,0.016640763353580956,0.01168240835208506,0.004844022438219735,-0.017536571286204398,0.00010594737762443566
2017-06-30,-0.003096839592505775,-0.010311648863560062,0.00226481679672742,-0.006745122037118304,0.0003373851835836927
2017-07-01,-0.012067148456293314,0.014030479837873647,-0.0015636409227186721,0.009357730232160662,0.0003803646200759443
2017-07-02,-0.006245427220820379,0.0069223304679631595,-0.006782478413797339,0.023436636168828785,0.00013540898051592326
2017-07-03,-0.0065457597367855995,-0.0042402648656303405,0.007640114977468778,-0.009375219806698322,-0.00010507310586269593
2017-07-04,-0.002177004465442936,-0.01176665732242432,0.0133500619399621,-0.01551108064203893,0.0003928870478976338
2017-07-05,0.002845906272890052,-0.008839766222379074,-0.00188912044792822,0.008299450915765713,7.165563403245646e-05
2017-07-06,0.014309186334183242,0.012940123985339978,0.005993007823562411,-0.012146123726718066,-0.00020916602047155544
2017-07-07,-0.006745929502337983,0.0004913914201857354,0.00635898665933099,-0.02458559145699735,0.00012839696264271196
2017-07-08,0.002247118652508098,-0.0021543454780090857,0.009576216652331448,-0.002936883277469549,0.0005436240426846727
2017-07-09,-0.002112021393408127,0.008624099871325234,0.01509536448949342,0.004932949300929928,-0.00021303988722407637
2017-07-10,-0.00255155489827484,-0.003830586290314975,0.004174586706694802,0.005183699188219104,-0.00013327397525548476
2017-07-11,0.0011953454731008595,-0.019170282001782626,0.00833777361034186,-0.01317302808475452,0.00014854786810533467
2017-07-12,-0.0032038663166575566,0.01040077612777398,-0.019711810854578793,0.016685629172230654,9.762260519229047e-05
2017-07-13,-0.004881873272266676,0.015633884117311262,-0.003042834311458719,0.013988988377790494,0.00024316146223684967
2017-07-14,0.01510638690525897,-0.0031637302952868566,-0.009817301827511882,0.013774284590408099,0.00026491600108786864
2017-07-15,-0.017599790522364205,-0.008914520675162452,0.00633497475532681,0.00973482645724865,-8.29851656191094e-05
2017-07-16,-0.033557699335230035,-0.0020821515417828664,-0.0012798361797959187,-0.008747776317826833,-0.0007611464320701213
2017-07-17,0.00989081718307587,0.003391873188762881,-0.0034587545784449717,0.014638815530232056,0.0003316907875812046
2017-07-18,0.019240968382487473,-0.009273041404437778,-0.00630059347303037,-0.019238532511998297,5.870373747123151e-05
2017-07-19,-0.002492583533216819,0.0055470456290252585,0.0021363120332101803,0.006897858606761639,0.0003525151969651999
2017-07-20,0.025518095097282607,0.002450502097624959,-0.013187857797492968,0.004360984864730377,-0.0001217420754339741
2017-07-21,0.017675391298021235,0.0010851209037671305,-0.008466234507517593,-0.004103463369732466,0.00035723260000496897
2017-07-22,-0.0014336063863028435,-0.006449283974640138,0.012778167891480388,-0.0178665940471627,0.00014215464130978725
2017-07-23,0.008006675555478071,-0.013971102605962937,-0.00015305501102738122,-0.014496942609206979,0.00039010459775153946
2017-07-24,-0.010813881136267214,0.0044078765530282255,0.012428505838828917,0.0046222470730189645,0.00021010968471051403
2017-07-25,-0.002290797214434399,-0.006003517249055968,0.011527599825644046,-0.014987180342768218,-0.00019569272902481238
2017-07-26,0.008158907987092397,-0.0058897817962092315,-0.010220832030070376,-0.010555338809112596,-2.1149921533173267e-05
2017-07-27,-0.0005591910914284257,0.0022638453291336023,0.008292362487349506,0.00046593744116218483,7.08332827227817e-05
2017-07-28,-0.001904991596818114,0.004550214813916107,0.011532340239085042,-0.005409634135196872,-1.6809949117623885e-05
2017-07-29,-0.011166003737034637,-0.016270992938521557,0.005767776908116681,0.004546518875476853,0.0003128047980371218
2017-07-30,-0.0010946230069132693,0.013365493932735369,-0.0011649170256479563,0.01307136567836411,0.00011874951604606891
2017-07-31,-0.006684899860689004,0.004323467938909533,0.005873845731632456,0.002676615553352248,0.00015655267758529155
2017-08-01,-3.684045397685351e-05,0.023049468526240093,0.013293652438524527,0.000775783478257804,0.00016616580588006333
2017-08-02,0.012142075822058436,0.007624981768842519,-0.0013625388828106808,-0.004988048325655612,0.0001054658152132246
2017-08-03,-0.03654307711324935,-0.00573231572595143,0.00467828745599317,0.025495663385912706,0.00013704519056089587
2017-08-04,-0.01345130434090133,-0.0033121689653700303,-0.005145943338489023,0.013374282140286487,0.00022259218698237864
2017-08-05,0.011567333572903566,-0.005111394258612426,-0.0031728482931190163,-0.015886472679692867,0.0003519024689264622
2017-08-06,0.006451637133232635,0.0061961532451596645,-0.0003542640491451289,0.00358595251477197,0.0006362717022856744
2017-08-07,-0.002917699364380723,0.0007537192162511805,-0.007463545303437025,-0.00215681466365071,0.0001617606724334718
2017-08-08,0.013269898125600702,0.00040408287188648873,-0.004861364870065373,-0.004629527580983663,-3.7480138450821825e-05
2017-08-09,0.0038423311047291763,-0.01356814011606683,0.00728700856066476,-0.014353742556750372,0.00035833060631667386
2017-08-10,-0.014395680571653146,0.0034125108326758403,0.009739754496617143,0.002651683116105849,-0.00018226316253712178
2017-08-11,0.0033129726955604248,-0.01065320166175654,-0.004244892731532947,0.01224586103644711,0.0003818899009613216
2017-08-12,0.000581702468439317,-0.009229460531050934,0.0037691763232035047,-0.0031040593988630014,-0.000599878337631162
2017-08-13,0.0095254552256002,0.001840843263226372,0.007678840191604116,-0.019534191470266846,-0.0008696152712651432
2017-08-14,0.00365717856097718,0.003631222041425436,-0.013438813220604562,-0.0009063842070925639,0.0009987643997280181
2017-08-15,-0.003156795032582043,0.006410804910596745,-0.0030648866927509176,-0.017535385654151532,7.732607384763982e-05
2017-08-16,-0.0026905682980074746,-0.004387542572677731,-0.0006534071269787302,0.004232939867288107,8.366998564371691e-05
2017-08-17,-0.014325845370654438,0.0016671696752459247,-0.011279650288120613,-0.00791540727924117,0.00036377235273452925
2017-08-18,0.006313527778609822,0.0008354655972318796,-0.012214227148864361,-0.0001111504635972845,4.819493426553273e-05
2017-08-19,-0.01819363413190193,-0.010966053704119577,0.008262033367776731,0.014529785389061129,-1.157148422906238e-06
2017-08-20,0.009220805005210206,-0.01643649374018015,0.0005685565545187914,-0.013028337704192308,0.00022775715099465082
2017-08-21,-0.0024825211379707075,0.0122353574486666,-0.004081392312189777,0.012090816468645299,4.291580506319747e-05
2017-08-22,-0.0014401150311586502,-0.002038724428595518,-0.006375488971923615,0.005259679688701805,0.00011122004573634823
2017-08-23,0.003216152741623227,0.001541631268653221,0.006017875647997812,0.004944602085903657,-0.00019996286085249284
2017-08-24,0.0105293537322418,-0.009144018530900777,0.0008283972012241359,0.0020154508788028953,-0.00047105585380666286
2017-08-25,0.0014883331721498078,-0.0041565620027174,-0.0067589583283823385,0.01868649538549515,-7.493719563774119e-05
2017-08-26,-0.008992677886282595,-0.0011500231232895277,0.0077686463614954765,-0.0036974157999963933,0.000498324571475184
2017-08-27,0.006592701605957216,-0.019543258411008232,-0.00866360527686515,-0.0032393977325013805,0.0002819368894058412
2017-08-28,-0.03018460562186199,0.01816058105197441,0.014924960519710298,0.0031501144476861693,0.0005031112303366132
2017-08-29,0.027717482615202522,0.014350016014972052,0.0030857917136646144,-0.0081808715463415,8.637595862857057e-05
2017-08-30,-0.005140112801387793,-0.009018173739174669,-0.005296910255127777,-0.009006711606563746,0.00010705512022353895
2017-08-31,-0.019228193296752936,-0.0022250520515853063,0.004460687796095143,0.005035314688464323,-3.350360546769141e-05
2017-09-01,0.03626219907852461,0.02089048643481299,-0.015366210953399474,0.0040229232437743664,-6.055155354901768e-05
2017-09-02,-0.0114178880331464,-0.01531160366596463,0.0041323570510759305,-0.007318898838862862,0.00043578892523179927
2017-09-03,0.011986205010624227,0.015840209830008466,-0.00696945365285885,0.008105135462916352,0.00033015673486544
2017-09-04,-0.005121265303928882,-0.00849047391461819,0.012939557976653476,-0.005572163529325035,0.00033126339407623566
2017-09-05,-0.009175633498246917,-0.013668820279623219,-0.004090321064576257,0.003892253526361616,-0.00020424541408311522
2017-09-06,0.0002900314440981617,-0.016169659196853217,-0.011216380448738543,0.013987747971638714,0.00032112851912304875
2017-09-07,-0.004162132527919995,-0.010656317650975132,-0.008493123560229873,0.003080343593817601,0.0003339566243185598
2017-09-08,0.011222448622616576,-0.002348376472969643,-0.012037856860652634,0.008057782766002691,-0.00012843675336200955
2017-09-09,-0.005634904899166581,0.011609136851404135,0.010064423161105467,-0.002077513301612109,-0.0002696644481859465
2017-09-10,0.0028683573315454584,0.010893837402471029,-0.0016935709204915078,0.016045331276244353,0.0005381288743589725
2017-09-11,0.019793745584580663,0.007208426201727136,0.001087238721036665,0.008686440623370649,0.00027186822566221323
2017-09-12,-0.005436572561897748,-0.00544283296411977,0.0026616057072160835,-0.01368003114529445,8.58300639111305e-05
2017-09-13,0.013183817392972181,-0.01826165716920335,0.006202974416287194,0.001626962603474468,-1.3859861323165505e-05
2017-09-14,0.006737386764845905,0.0015094197964340573,0.00854419262342689,0.0025612928129429427,-0.00031002844660054713
2017-09-15,0.007248662037307934,-0.0003933890536159893,-0.0009554828179798844,-0.008896285430833482,0.000681563802684174
2017-09-16,0.012525543115837165,-0.00441424977736421,-0.014124135101081589,0.0020648064295369444,0.0002678078506615602
2017-09-17,0.0032040978907387557,0.01280113778802197,0.007739576266193207,0.005293897431150054,0.00023390215532066743
2017-09-18,-0.015785992936416148,-0.005215910157460773,0.011791763688290982,-0.003791623309099793,0.00028941095266312453
2017-09-19,-0.0033099005475710937,-0.010590456903618314,-0.0015487030796072273,0.004947744219372859,-7.55698385016745e-05
2017-09-20,-0.002342194452279917,-0.00951314785934369,0.008203445867543764,-0.008657830423683031,0.0005885273676397562
2017-09-21,0.018220643488650472,0.0031498745668200523,-0.011777862126362948,-0.018645143946349262,-0.00033269571617813284
2017-09-22,-0.015605778059403264,0.009992847509707269,0.006688367760089211,0.005964805016501788,-0.0005684144994649368
2017-09-23,-0.013556224556711741,0.005694924388613157,0.0068449333135440615,-0.0008923859286074389,0.0003088610012870345
2017-09-24,0.019468193456923247,0.002067095233941473,-0.003740715382391879,-0.0010490859187088399,0.0008843960956829054
2017-09-25,-0.024060935689547265,0.0014874562990426412,0.0056414808605908355,0.010568548907049119,-7.61005114987405e-05
2017-09-26,-0.00016587189283718184,0.006861019259346945,0.026012212011511517,-0.009071660732086161,-0.0001361631747449993
2017-09-27,-0.004533692996268048,-0.005297000487058819,-0.013625502054255096,0.007894822789567307,0.00036177184571620734
2017-09-28,-0.01444501762940209,0.00706059669324346,0.008873532589735117,-0.008093254642724616,8.637473529272551e-05
2017-09-29,0.019031451746258025,0.011173244096695597,-0.0026684623514378536,-0.005302736885407256,0.0001550819700698712
2017-09-30,-0.005559281769296948,-0.02142991860478678,0.01442189582291926,-0.008526880728331568,0.0002563569819874683
2017-10-01,-0.00027008948700385363,-0.00710143609186784,-0.002254437202950083,-0.015256675190825221,0.0008481672128133342
2017-10-02,-0.013982123133212836,-0.01288988296639689,-0.0017386492574554882,0.018702963286757322,0.00013552228616921458
2017-10-03,-0.0140010467156017,0.00913922467887869,0.01101420034121297,0.003781048144999456,0.0003563874770180441
2017-10-04,0.028308427034794952,0.027142582100020938,-0.007968756217660383,0.016552527267076577,0.00025163901671581624
2017-10-05,0.006221176924530022,-0.014939569043080228,-0.005002403125732432,-0.00794582498810686,0.00039176639227887663
2017-10-06,0.01288703185872241,-0.017199734948736202,-0.00586106187640757,0.010546665130208408,7.215403460845545e-05
2017-10-07,0.008901200059611642,0.005325274743834855,0.001581333832599661,-0.005921940441624264,-0.0002522345544711985
2017-10-08,-0.012665443421914823,0.004172358225048639,0.004266672800025218,0.0006159772256999669,-2.560432764474866e-06
2017-10-09,-0.0031518797807095888,0.009456695868450576,-9.006976212687224e-05,-0.011519745743915313,0.00036518067382272906
2017-10-10,-0.0019828511874981853,-8.024116205096568e-05,0.01346759041895844,-0.008780190340880711,0.00022203667646337398
2017-10-11,-0.013334299975196832,-0.00492344866380237,0.007660043112362042,-0.0173878897676362,0.00019421263909902124
2017-10-12,0.001579371448328964,0.0007756668929690933,0.008198572529170813,-0.0023474639327435267,0.0005965012693957488
2017-10-13,-0.011174435506082055,-0.0010354241446158948,0.00358181937093671,-0.009673056518703765,0.0004321569947080588
2017-10-14,0.027496282801191322,0.005747502175378322,-0.0017294106752456949,-0.005955988841505946,-9.380566380505994e-05
2017-10-15,-0.020814204643901605,-0.011205100361121064,-0.007281052072989214,0.029524775236707934,9.469623528408886e-05
2017-10-16,-0.003626548949871192,0.007835031946766009,-0.006446164532556492,-0.0008951251023663696,0.000152393130429962
2017-10-17,0.012393937570253213,0.007521580560205803,0.0003140544277684844,-0.0022858485988698387,0.00025701482613035994
2017-10-18,0.0027548056203156226,-0.009297106211034207,-0.0015272389657612765,-0.011486596380475672,0.00015649098145051254
2017-10-19,-0.005196663344054931,0.023403058411740785,0.0049664495860017735,-0.013786171002548017,8.868958710507189e-05
2017-10-20,0.0064573191715260984,0.017545517366309667,-0.0032322814924528468,-0.014195267062479784,0.00038823185641900007
2017-10-21,-0.015684603683209397,-0.007511548605849579,0.00098433978381928,0.003572025823781308,0.0003480187816480405
2017-10-22,-0.007562246791663417,-0.004212012313914541,0.00139123945415596,0.0031936287287879957,0.00016176504473109895
2017-10-23,0.0054859316074755155,0.009343975033254154,0.003478141488295757,0.0018545060187101592,-0.0003674010735495549
2017-10-24,0.0009901107183352624,0.004872984588158295,0.006558253208716884,-0.01134594390679247,-7.662547923567733e-05
2017-10-25,-0.006285752586862136,0.0038678967155057697,0.010637119482312413,-0.008973217513540717,0.0004169336287709528
2017-10-26,0.001843783818872325,-0.0007635089257291719,-0.0019831561572019566,0.0091026851935416,0.00023349975424023068
2017-10-27,0.02692701428943526,-0.0024230567313596628,-0.002776544832879342,-0.012257143574765558,-0.00014284728399007048
2017-10-28,0.0002781173266501837,0.0014236114580398166,0.02350022413480135,-0.018358140450787666,-0.00022502045896088263
2017-10-29,0.0035864027569740306,-0.019187026025258486,-0.0043931357005157125,0.0007805050754459949,0.00038122797677972843
2017-10-30,0.011751262700892752,-0.0023032916967388245,-0.004234199085412826,-0.008614866616043122,-0.00022435392658872946
2017-10-31,0.004016246094883366,-0.01137547596367802,-0.005815611388260676,-0.008186938213483255,0.00030408631080924
2017-11-01,0.02139845639717196,-0.007933998998058318,-0.02100815110883567,0.006473306500024964,0.00013589672193286471
2017-11-02,0.002952996602213692,-0.003630130035340185,-0.002630544387059304,0.004937468982592409,0.0004586573093199029
2017-11-03,-0.02237918992247596,-0.008293171730832966,0.0062689814889488665,-0.007000481847194092,0.0006762195622528021
2017-11-04,-0.0070002442114413446,-0.0018520229170691373,0.006132780226022599,-0.007970889354958741,-0.00045066345978631825
2017-11-05,-0.004590737051616431,0.008981109840105299,0.00018288085081534568,-0.0060888645913327434,0.00042251172165570024
2017-11-06,-0.0034500571724225093,-0.005612498343804646,0.0014314690425932882,0.008177992490145522,0.0008811216308525784
2017-11-07,0.01004529257221429,0.013362760791520881,-0.004135312377508144,-0.009305736463881664,0.0001505849107113357
2017-11-08,0.0016537098715209567,-0.009999990151302214,-0.003112331859004211,0.005427623896553766,0.00024446563063906004
2017-11-09,0.006281684431199917,0.004185817455245608,-0.004651338446735845,-0.003201407399903668,-0.00024668181346964533
2017-11-10,0.021204359916135104,0.004697600719715988,-0.006086510794915304,-0.011451270274031877,0.0010555977076096245
2017-11-11,-0.012103700570580455,-0.0066765547733707515,0.005542089776888889,0.00619879327753216,0.00043267261797591593
2017-11-12,0.021470458980347065,0.00950264314146839,-0.011964376709327281,0.00023730763466784584,0.00022791046466270648
2017-11-13,0.024507670851547925,-0.008197388972967332,0.0023286347039815753,-0.008260518359545528,0.00039484419488492215
2017-11-14,-0.0007838747910313814,-0.008245340264021545,0.005100311128974331,0.003155481131694781,0.0004371215466113496
2017-11-15,0.0002497109535283754,-0.005686614114987887,-0.013015576640558047,0.01789106941447806,0.000264465018324127
2017-11-16,-0.010850376747954714,-0.007466381681540208,-0.0018759417225119785,-0.010812442179763614,-0.00012659336581577013
2017-11-17,-0.012808788888413575,-0.0066693532195439085,-0.0034081027766679475,-0.010485376622910145,0.0007680084231280521
2017-11-18,0.015001752072315279,-0.0042637816797299125,-0.002016014336176045,0.0009343200009513412,0.0005061091621258826
2017-11-19,-0.00913518296828676,0.008614724493705147,-0.000402377989267058,-0.00932513145067642,0.0003590339584757301
2017-11-20,0.015447137421061241,0.028278447566079844,-0.008615613511617343,0.011710011690637004,1.8771216615904793e-06
2017-11-21,0.009533949572607671,-0.012094938184156639,-0.014020882725003665,-0.0018640149718209748,0.00015582371754205938
2017-11-22,-0.0070663380063551995,0.004883118760384786,0.010938607262064193,0.0017452232932633157,0.0006408225619009399
2017-11-23,0.005250765768108406,-0.010565578247021718,0.008060485664782522,-0.014455063469107608,0.00041770725466197073
2017-11-24,0.018744910305781133,0.008443962047436844,-0.014927488775646347,-0.0037596520565443352,0.0005475777270791404
2017-11-25,-0.0015661777367856075,0.00047301308742322154,0.006739838697468228,0.0035278065727708113,0.00021876606775516602
2017-11-26,-0.0020270393832342412,-0.0034054282552968738,0.007024892366745923,0.0015952563943914054,4.9910498336733724e-05
2017-11-27,0.013015595550043729,0.001576064053538625,-0.009480392488060405,-0.004787860452772997,-0.0001773220060546449
2017-11-28,-0.0027698784365862254,0.011338572694174485,-0.0036029655070156114,0.007140885678540088,-7.588532108998528e-05
2017-11-29,-0.002628854824685391,-0.015073021162774067,-0.0031978280293338077,0.00019224890050707451,0.0003011270876529563
2017-11-30,0.003006856363369112,-0.010866354294010887,0.0063689767273098,-0.003948697841784744,0.00019344046525941082
2017-12-01,0.0002977516345507833,-0.004885499375614559,0.0011458732813636363,0.004105210116128092,-0.0004192680435322126
2017-12-02,-0.005873905487508513,-0.0036705235323941043,0.0031912768557819807,0.012343321050471359,-0.00011212312762160618
2017-12-03,-0.005398437944750317,-0.006051375462696045,-0.005667770839780394,0.0021767174210071123,0.0003737322600124609
2017-12-04,-0.011876536405922017,0.0016276139561141646,-0.009944302346362175,0.005935882300195851,2.7173006186489166e-05
2017-12-05,0.019923416725247514,0.0016462072528745757,-0.021874363267106667,-0.011148116854126536,0.00014167069317758536
2017-12-06,0.007557588894854441,0.005272482412811051,0.0005339039928084574,0.010334265776888394,-3.9002878536215324e-05
2017-12-07,0.010833964136316671,-0.01337398928424857,-0.011720668732779665,-0.014916044764487005,4.43842482634471e-05
2017-12-08,-0.0001343619072206164,0.001111471496719488,0.0009709897136044353,-0.009771054319536237,7.103214719948809e-05
2017-12-09,-0.017046338691473765,0.00953839397974061,0.0036617394295407396,-0.0006370648008500843,0.0006314215425219443
2017-12-10,-0.014072260667586036,-0.013811353726252884,-0.007048283164539455,0.008240652017736433,0.00026690356547745466
2017-12-11,0.009024869233666393,0.02675384640706254,-0.015543909737144168,0.01776532475601771,-4.452725509727936e-05
2017-12-12,-0.006429264287264589,-0.0073049250103162915,-0.006455298030483644,0.024304429392514083,0.00039625110205395635
2017-12-13,0.0006750856256125263,0.013204458562049963,-0.009765958601637264,-0.0053247858553072845,-0.000555042974156008
2017-12-14,-0.0077461484108126855,-5.505453326021256e-05,0.0030215996350360015,0.0024820652705624152,-0.0003134887453309205
2017-12-15,0.009764650641735156,0.00443474041854375,0.004318115038229773,-0.02530497349884752,0.0002290627795296295
2017-12-16,-0.01343734086996471,-0.006657501308459504,0.0068171297171721055,0.00037708796750633646,-0.0001372575021339342
2017-12-17,0.0004778686683784752,-0.014616832671516066,0.0069326354778196445,-0.008245221169356593,0.0004832624977981849
2017-12-18,-0.005731388137345481,-0.00622887555009315,-0.00531703097392704,0.014864840415730227,-9.249743031093863e-05
2017-12-19,0.007916815569701415,-0.0019547897138124893,-0.017648410192676146,0.004453333205636784,-0.00024043179809970637
2017-12-20,0.0007998610117088791,-0.0112606319608275,0.005609733613298459,-0.005867108288187352,7.501490047943408e-05
2017-12-21,0.008048466296230093,0.011048202174757455,-0.00015880036432846544,-0.009066945506986942,-0.0004277955282877874
2017-12-22,-0.007590396503911993,-0.007528172816667626,0.0018326030059988242,-0.0026377934896306453,0.00034763090032495546
2017-12-23,-0.0067388866504914605,-0.0019479878544207,0.0110169985212907,-0.0017988614987929812,0.00011204233278147446
2017-12-24,-0.006610241186691358,-0.007473273172073764,-0.005976690031555897,0.0006292421856074195,0.00036896474804577306
2017-12-25,-0.0021811028372870113,-0.013432913853683403,0.012673199898764817,-0.00587533252990099,-0.0003121931364882608
2017-12-26,-0.004744503334044765,9.615995110962682e-05,0.014956009281017289,-0.020338931549573145,0.0004383763110581454
2017-12-27,0.016714243191932085,-0.002449071068853382,-0.0065068153271381915,-0.011480167119122473,6.686814514715307e-05
2017-12-28,-2.16541649781316e-05,0.006392994286050024,0.009909121540046329,-0.013866890826887046,-0.0004886967699959707
2017-12-29,0.00015717727415885332,0.002902946519593718,0.002664145889903692,-0.004605833290731722,0.00017024559895760895
2017-12-30,0.018065611104300893,0.007576591324167441,-0.006016838064596788,-0.0056700345259709925,7.745391690318243e-05
2017-12-31,0.019479173249494434,0.0024331573503934196,-0.0043905007840718095,-0.007635085089557697,0.00047709960223693375
2018-01-01,0.023244518272609073,0.00934614467151589,-0.0034306123013764043,-0.0034548503335586653,-0.0006200336681440584
2018-01-02,0.009088678978158491,0.0032740812970661905,0.0018948828752720825,-0.011035245963583514,9.859846237923731e-06
2018-01-03,-0.004385283487076175,0.008949638909225984,-0.0002046958728684586,0.024881687499251584,0.0002666612869044638
2018-01-04,-0.014461922094867219,-0.0042860561355700716,-0.0019276509413841533,-0.016728509515725003,0.000634738373430449
2018-01-05,0.00859911800106226,0.007015115859878075,0.0005311280679544007,-0.016560698413476533,-2.137270012286948e-05
2018-01-06,0.01021479473512017,-0.007909062620251485,-0.023562571201417384,0.010981477494472711,8.630294828313457e-05
2018-01-07,0.0019846050248011468,0.007485045781177106,0.005999910362859214,-0.0010286834045876323,0.0005075093735058668
2018-01-08,-0.017297166987501177,0.0012100447101059187,0.009760631189852617,-0.013664575057796198,-0.00034240736705736554
2018-01-09,-0.008288376462707362,-0.008104402016653734,0.007027132463937247,-0.009046060862430988,-0.00013877204940127556
2018-01-10,-0.006723159303307819,0.009385351218775543,0.0035491316322042396,-0.0007641786294062336,9.630390566516418e-05
2018-01-11,0.015462309758357282,-0.003877803759497297,0.006176660363596585,-0.007278000495695847,8.042502497839911e-05
2018-01-12,0.029550017682894447,-0.0038233216287070627,-0.010549686008815638,-0.015036028170991962,0.0004309497032482421
2018-01-13,0.020090408562649393,0.020423203632083387,0.008137775981670639,-0.012138986507394986,1.5912286303776916e-05
2018-01-14,-0.019070891168302906,0.015588409184925562,0.011236525007356826,-0.004875409042864687,0.0005492509827625751
2018-01-15,-0.0109317429566989,0.0016251090625469412,0.0019093335365358184,0.009653550429039473,0.00011092859825586941
2018-01-16,-0.016504213297167263,-0.002754980075724121,0.012272947802788878,-0.0034237376705828783,0.0003750906963297993
2018-01-17,-0.01177973896151382,-0.0027276470753017355,-0.002139650776335944,0.013573557747957814,0.00014087129073120803
2018-01-18,0.008446814685030227,0.012326350828774459,0.005570747602409168,-0.002248824612339852,-0.00018345492758063052
2018-01-19,0.0003722928368881161,-0.005017347709655331,-0.0033361392911453384,-0.0016205281804809605,-0.00017769516359831497
2018-01-20,-0.02240587525246989,-0.011182298547769176,0.005656772476272189,-0.01135090145391053,0.00013589182115538394
2018-01-21,0.022550308806527263,0.014714567202807062,0.009933879987610444,-0.00863617050933522,0.0004986834101008545
2018-01-22,-0.008032253986617601,-0.007883948451259172,-0.02061636546102083,0.029786195269570853,0.0006161088320324633
2018-01-23,-0.006041912930804716,-0.0036968040195217078,-0.004756568062283855,0.009629002285723878,0.0004852728281661043
2018-01-24,-0.019905336391303378,-0.0002637317872866674,0.0030409501680863245,0.006128154650745293,0.0002755219025833974
2018-01-25,-0.0017885313592575667,-0.0013395814997098944,-0.0011819791414418449,0.012028553468315913,0.00026284937065817614
2018-01-26,0.002975421406453792,-0.011572323869376962,-0.005300416144039131,0.011658203866652844,0.00014282568544824538
2018-01-27,0.008090878721796584,0.018791971507555804,0.009427182513798165,-0.0061727818282891955,-2.9994079402994282e-05
2018-01-28,-0.02935406143933737,-0.007849654527223787,0.0038224573803549455,0.010880169257946798,8.247679094666988e-05
2018-01-29,-0.0033289750081982143,-0.017818310177441652,-0.00914484508954668,0.011495824424955236,0.0006714124838970311
2018-01-30,-0.0007317896119715761,0.003043434669173697,0.008468386134349217,-0.013576913365742425,0.000246487944754686
2018-01-31,-0.008224839140163174,0.0066187722346964266,0.004582166007724719,0.0037353005786345595,-0.00011554300775685019
2018-02-01,0.008644449561785362,0.021976674771461858,-0.006388529506916944,0.000842742360786318,0.00020390187838483181
2018-02-02,0.009569464863980831,-0.0033085828926270712,-0.025054151191964653,0.029386822938100236,0.00037048929320980826
2018-02-03,-0.01990738231123449,-0.010065081630228298,0.01607621627024082,0.00975619966496142,0.0004265961988833946
2018-02-04,-0.0016476355967417929,0.0004885203775319881,-0.00027210403235549026,0.013161894090393068,-0.0001449120470560004
2018-02-05,-0.008985950387442302,0.007857969700620322,0.00342163927999138,0.016292641978851042,-8.055408357317325e-05
2018-02-06,-0.00023361987991944743,-0.008898625140405363,-0.001019877720613883,-0.015068773887072904,-2.263770985839336e-05
2018-02-07,-0.016333203596159602,0.0032405496759982037,0.0105520268874716,-0.01951238765830865,0.000551086899996251
2018-02-08,0.029509399495823943,0.006784581715788689,-0.011132692795067406,0.029046264725482742,-0.00028448364686151924
2018-02-09,0.0006390807511848061,0.0019080365831924833,0.01104907388086193,-0.003717449214186605,-2.6102533752802334e-05
2018-02-10,-0.0106802499899606,-0.005533957110719003,-0.0058836018274408585,0.008294888773237778,-4.675271220994234e-05
2018-02-11,-0.017006611983800834,0.008505277068996264,0.0019539717081020714,-0.007701062123353472,7.795573503940401e-05
2018-02-12,0.001201557610838509,-0.01653361214559478,-2.4986963209647412e-05,-0.012486603036137842,0.0006698757994268822
2018-02-13,0.006510947718524349,-0.002423104177261103,-0.00763819555973198,0.002526810042949879,0.0003239633223752656
2018-02-14,0.0001076557627662587,-0.002029214344576772,0.00038523410621461797,-0.0063374135688649075,2.285267489165419e-05
2018-02-15,-0.023902864161206714,0.004320790040208672,0.00932048860792716,-0.005940948203257787,0.000728997686462479
2018-02-16,0.001418843664529544,-0.009641825014820932,0.005163153626875462,-0.00045489890080481103,0.0002552333945136572
2018-02-17,-0.004556953288143047,0.003409024128861225,-0.0001136586606809176,0.008294857251603546,-0.00046904872460760337
2018-02-18,-0.004651558034522973,0.01564382293639857,-0.002148235671136254,-0.001180877904086383,-1.0142178394079794e-05
2018-02-19,-0.01375247289149017,-0.024177007850792867,-0.0019254163665778901,0.005551551556424115,0.0001144148388186101
2018-02-20,-0.001283639032511267,0.00018127315204870704,0.00871017067252178,-0.007332655598630699,-4.986663464142646e-05
2018-02-21,-0.002871447672381423,0.005010641492114329,0.012950528707407543,-0.013990612596621935,0.00016211359485003026
2018-02-22,0.004347947248522556,-0.008596579888925504,-0.0020192717376388706,-0.015710480597625007,-0.00042624609053068166
2018-02-23,0.004678789549028478,-0.002659859171004258,0.0002754198038926951,-0.0016916664374790292,-0.0001765847272471157
2018-02-24,-0.00012262741236641385,-0.011869034197585103,0.009421574659373072,-0.02165898543900357,6.928581698187379e-05
2018-02-25,-0.011741771733425128,0.0030306914417398425,0.0010796746118660885,-0.001492890994599304,0.00039968560790743863
2018-02-26,0.0007477432120360407,0.005179124626683664,-0.006854729838542096,-0.009020533019542119,0.00016471971501479126
2018-02-27,-0.0033110430992736918,0.005370568765176177,0.0013218351730965518,0.003349090721660775,-0.00038036505439897574
2018-02-28,0.022412425812779434,0.003243115591116519,0.0006731973424705665,-0.015910737006985913,0.00022796638126338167
2018-03-01,-0.01477846665770733,0.001241743383943662,0.0013649254954742412,0.004892336532812754,0.00035079353634592163
2018-03-02,-0.013959145278688995,-0.009536360020683721,0.005883270529256116,0.022022838737609598,8.746053357553871e-05
2018-03-03,0.007293805819470291,0.0005670026287341667,0.013886759374285814,-0.030249493467775012,0.00016075520868907798
2018-03-04,-0.01853917316019425,-0.028073665371564333,0.0028346709606114503,0.0033631641925827562,4.123717839630329e-05
2018-03-05,-0.0008328138879939951,0.02972109757803312,0.0031450668403997513,0.006799997730497798,-7.35783122443627e-05
2018-03-06,0.0038453741645069145,-0.0014342597368475927,-0.0041664060304705194,0.021208541107204774,0.000501730792822677
2018-03-07,0.001998394285796127,-0.02173847471331125,-0.006525589451321446,0.030820987362359685,5.8300784889958184e-05
2018-03-08,0.013261554225365122,0.016768101018494304,0.0013278880877598477,-0.012061312507082372,-0.0006360989041269455
2018-03-09,0.008377934658082623,-0.006022450115187866,-0.001392369209055035,-0.01498885302786421,4.7410408280644666e-05
2018-03-10,0.0007977205532566499,0.0027993260001193125,-0.008299524694317944,0.019097424182130913,-5.705180467526543e-05
2018-03-11,-0.019109345416937654,-0.005090201629869223,0.004536296602187911,0.004802887566033189,0.0005599837610587334
2018-03-12,-0.0023507902776622736,-0.0016141394026122453,-0.008115627180722925,0.015629074575012076,0.00018900427951496783
2018-03-13,-0.0044902011519481425,-0.01927353183519757,0.009768570480920481,-0.019832328044449853,-5.528268672542379e-05
2018-03-14,0.004580874645203454,-0.010512603945989333,-0.014351023818042211,-0.013974560177302704,0.00035804507540757865
2018-03-15,-0.005948786572033897,0.026980556249174746,-0.0018248192666824236,-0.0032035575585017797,-4.7129665761821895e-05
2018-03-16,0.0032382299769192976,-0.003799387941635825,0.00369883544299372,-0.013887220076605198,-0.00030420810720011905
2018-03-17,-0.020551461090665565,-0.02577606632761907,-0.002744341860247279,0.0036678497014088116,-6.793158849028094e-05
2018-03-18,0.014895294424934535,0.015055452003051379,-0.0037318598086748768,-0.01911605412120069,-4.754295031234002e-05
2018-03-19,-0.006585499387660031,-0.007698349440977254,-0.00480966868413918,-0.0014258664319895737,9.203215828271054e-06
2018-03-20,-0.007001773420331847,0.0005531955164862081,0.004966997115146719,-0.01024525831269185,0.0005313003277061726
2018-03-21,-0.011016790647706198,-0.017902437591528444,0.003214779297433706,-0.00847254475689127,0.00023214968214169403
2018-03-22,-0.027607362625104905,0.007565133314484759,0.013717364714665023,-0.015199883081497102,-0.0003348186326415041
2018-03-23,0.019893189190945466,-0.0028181131687327896,-0.011764816786055444,-0.021691156193015253,2.0467631266286157e-05
2018-03-24,-0.0022490607585419304,0.006455573558549021,-0.009203137180986212,-0.007409851984077029,0.000272992259785834
2018-03-25,0.01213709809713985,-0.012509219529792866,0.003795073165327377,-0.00711088458910558,0.0004748387389623885
2018-03-26,-0.0004135794882500658,-0.02435496845536193,-0.004681368897447973,0.012781693464772672,-0.00015055115497017804
2018-03-27,-0.0041165448249951084,-0.002535776860828881,-0.022020917447846025,0.035115912033596514,-0.00015295427224401023
2018-03-28,0.006298554379776052,0.0005498484709627982,0.00872091867019756,-0.003570156610805788,5.695819055029614e-05
2018-03-29,-0.010008177728224849,0.0055925785570395785,-0.011142024821575188,0.019246356245438814,-0.00021521417766011446
2018-03-30,0.014998756213871693,0.004797444953197885,0.002358123147223694,-0.004859953237745755,-0.00042099452344629174
2018-03-31,-0.009626093638501853,0.004465085852189924,0.004713661576755586,0.013164918827156463,0.00025797192903269015
2018-04-01,-0.010861089691095439,-0.009950108049442817,0.0022377155384353366,-0.02275483881625362,0.0006580370312949302
2018-04-02,0.005552836220998662,0.013051116195679903,-0.011553271330961136,0.021370417220889587,0.0008338084725584372
2018-04-03,-0.014988628416472142,0.004274296570314784,0.004721088769261097,-0.013692475351278401,0.00028619623984878657
2018-04-04,0.010119494115229069,-0.0035918538010993027,0.0063807516075526744,-0.025329704045948313,-0.0003398515516894049
2018-04-05,0.0019966549194377564,0.0007115130571066549,-0.005782330414015336,0.012604662489639294,0.00029816837236590295
2018-04-06,0.010405432757616503,0.0010755950428706575,0.002593822522711959,-0.00940439260935614,0.0007778444633316155
2018-04-07,-0.009064568970739114,0.018393933181627832,0.005735941381976819,-0.013241996460035628,0.0005618568732375726
2018-04-08,0.0018720046721666852,0.008642554473693108,0.01084664587128626,-0.0035497023420586454,-5.558595138446484e-05
2018-04-09,0.011775632509891918,0.0025620994969209904,0.003143536290833324,-0.028051708226893273,0.0002717383885477044
2018-04-10,-0.0070372563704612975,0.014470979488258722,0.009256459502093814,0.0001157698195082262,0.0002841256312488287
2018-04-11,-0.011230972527881421,0.013285943772627939,0.020940286258777543,-0.005440416134504171,0.0006318824198423224
2018-04-12,-0.006228036896980064,-0.008971002025447861,0.0007392168995838372,0.0057488881266357945,6.858240661788967e-06
2018-04-13,0.006671861083869189,0.004417773981575797,-0.008597061417928835,0.010389306627820278,0.00040293821188007337
2018-04-14,0.002403048971121276,0.011661730429094734,-0.008110660414259022,0.011640126080558602,-0.00023765139443605502
2018-04-15,-0.012578635943402264,-0.008725435550789303,-0.005399293543391458,0.0020073318453520533,6.350137317511703e-05
2018-04-16,0.010160880410913092,-0.0008849666343604582,-0.014956304340885535,0.019826048166547577,-0.00013270622839181237
2018-04-17,-0.0002795603498736588,0.004284150298785432,0.002598668269912326,0.01064508456585398,0.0002818241898375538
2018-04-18,-0.009632857754701935,0.01897864915832829,0.0072318693055344555,-0.0011778385066976834,0.000434560351406877
2018-04-19,0.003311839427132055,0.0045950518361409665,0.019872430724569626,-0.01739177950967763,3.086710691052603e-05
2018-04-20,0.0017633567603524529,0.01074327572507078,-0.010381458627291576,-0.012152174737119966,-5.397154726063063e-05
2018-04-21,-0.01863682035845915,-0.008032756317423605,0.007653050923320198,-0.00893857343988949,-0.0003184557483548855
2018-04-22,0.0012128105715492308,0.008611856401297413,-0.012070551726016829,0.018300268917913014,0.00038837963810498807
2018-04-23,0.011523578650741597,0.01424351169600492,0.017043696406080278,-0.017989816121700634,0.00016546418471981094
2018-04-24,-0.004448371861608924,-0.0008901746359784186,0.01336779987400551,-0.021874473533490157,-0.00014025277369331037
2018-04-25,0.01645429713431117,0.013383882086376279,-0.0046119358257543045,0.00864894097817813,0.00023842526936063163
2018-04-26,0.017888819048534208,0.004578116538974763,0.0046141221740186,0.01940891033652831,0.00031933590757303064
2018-04-27,0.0009796276422610003,0.007211956877984787,-0.0017203443796818176,0.027222576741402826,0.00018766942667486957
2018-04-28,-0.00277597696706368,-0.008605692594601599,0.00828189001310204,0.003719229159100757,-2.5699521456255033e-05
2018-04-29,0.007122670878397151,-0.012976625333921531,-0.0021083679189623293,0.0031453235103485228,0.0006687107240548776
2018-04-30,-0.008578286874139134,-0.01411051936392092,-0.006887602403466284,-0.00706265482486219,0.000551959875801781
2018-05-01,0.01845245648470376,0.007066342202639775,0.0064135272173905765,-0.008175763235976878,0.0001009950277854982
2018-05-02,-0.0034764267307234318,-0.003692944182575412,-0.011677467594756864,0.012533172006899839,0.00011824839335367051
2018-05-03,0.009091124664162906,0.002882927130990579,-0.002840786595375116,-0.009328367210889468,0.00015367851439508678
2018-05-04,0.009008108153382913,-0.00905445815993546,-0.0027317356398543404,0.0010445964475385694,-9.52167669865874e-05
2018-05-05,-0.006446059382003965,0.0008866410019135855,-0.006930472044170905,0.011442095265495656,-0.00015105773904479087
2018-05-06,0.012791157430602565,0.025301323844721706,-0.005739944440872922,0.008495132785989554,-9.7949803291331e-05
2018-05-07,0.012535942522987545,-0.009476156891685919,-0.0005761653917381245,-0.013348412967127726,6.575836333605065e-05
2018-05-08,-0.011610708275962328,0.005486521231978057,-0.002561594067039654,0.01258111693338189,2.257168935597527e-05
2018-05-09,-0.0009292881937378631,0.0012660720362527187,-0.005317615857797011,0.007006489869959291,0.0006129624619057312
2018-05-10,-0.008663080486991518,0.009483627080423987,0.015793453288455262,-0.015648026688101294,-0.0003273467415582021
2018-05-11,0.003923785423598636,-0.00439703033120493,0.01336484441546789,-0.010519874544719166,-0.00012171668280289448
2018-05-12,-0.012964125579714245,0.007775974488108416,0.00024222777027243207,0.005894176923902338,0.00043200194833339055
2018-05-13,-0.005238738722863567,-0.0015205962503007954,0.0012157230730426227,0.008414798300543924,0.0003170193571643363
2018-05-14,-0.002160422517009395,0.00019266943538748466,-0.002094497658739732,-0.012745780519971193,0.00021208902454672185
2018-05-15,0.02245618414099513,-0.0036811522753186273,-0.012061486193551695,-0.007762855525218865,0.0003591773391123006
2018-05-16,0.005631368595481464,-0.0002848945524709354,-0.008445486102319974,0.005686633822232486,-0.0003618572672284967
2018-05-17,0.0020762414297945376,0.008882759623741193,-0.00873574887820667,-0.009081301840607564,0.0006284285562734246
2018-05-18,-0.0067246265626427736,0.009551907755113592,0.002255150209171217,0.00036980848440981766,0.0002690394017238828
2018-05-19,-0.009897276424525037,-0.0007957635495244458,-0.0003850374066024832,-0.00984648675928735,0.00023724924305573434
2018-05-20,-0.0026638021529344267,-0.002041446114063373,-0.008950493251751379,0.02439073445054962,0.00040709139381666574
2018-05-21,0.0116409425834393,-0.00041751409336028957,-0.016388984738218766,0.02895049368295743,0.0001117084747727018
2018-05-22,-0.008321679470912302,0.00228049325195768,0.011950499674832731,-0.005362044311441901,0.0005336657055797892
2018-05-23,0.013025939853203976,-0.007551323557712441,-0.009521613251282058,0.012368881725161094,-0.0007234402675133031
2018-05-24,-0.0013369804829858859,-0.014033840616029547,-0.005381900606898135,0.0003382247795113334,1.8116008032106217e-05
2018-05-25,-0.006031238033047968,-0.011820376688824737,0.018036240142014288,0.007943023803370097,-0.00023506394851028684
2018-05-26,0.01884259956591554,0.00021405741484164506,-0.0034040366714742625,-0.003952970752368589,-7.684890863937643e-05
2018-05-27,0.011870483242336608,0.0037882407341699193,-0.0058768104924107525,-0.012523759342158856,-0.00015050359275096948
2018-05-28,-0.01872372534928037,-0.003839407897148117,-0.005095798731595908,0.007285083018211779,0.0005624939018430553
2018-05-29,0.014381284695763105,0.002800107759613185,-0.0035843673690343775,0.0183278199807384,0.0002949751414504726
2018-05-30,-0.003415463300805815,-0.01443124102624184,0.001959163129857983,0.007533666782191222,-6.799914870451437e-05
2018-05-31,0.0037984110278698343,-0.002652186574777485,-0.002556703543264057,-0.0252893359257116,6.109780480336778e-05
2018-06-01,0.011701699262121364,-0.0035458018612722713,-0.002812319379932266,-0.009641540602157533,0.00024448083781118126
2018-06-02,-0.0021185787796449357,-0.00946326635300532,0.009841711236489671,0.0029363495202298336,-5.957534092081035e-05
2018-06-03,0.006205939365971939,0.006544660485206276,0.004828187193331039,-0.022193959768591936,0.00044800363995991285
2018-06-04,-0.006234455451035355,-0.004738971022822052,0.0219437728362729,-0.010560528249525927,9.27223858237112e-06
2018-06-05,-0.025295528295962523,0.00803280019994313,-0.002740579819733044,0.0011927764964447859,2.6586216698102e-05
2018-06-06,0.016911489777528644,0.01110311756572414,-0.0034646417271505425,0.0017074627137757012,-5.815133738787506e-05
2018-06-07,0.0020322726778230675,0.0011812268493870768,0.007608333693013314,0.004613115171218987,0.0002865406317389094
2018-06-08,-0.0038180019572893018,0.006374318236260136,0.0015126848482218231,-0.010037327022050062,3.928666168486958e-06
2018-06-09,0.0013898313085958743,0.009109071297015025,-8.597361573730192e-05,-0.011687763422522554,0.00014882433130649665
2018-06-10,0.0017269677701106365,0.002200212633460354,0.007459696073289479,0.005466021549649876,-5.62064517443605e-05
2018-06-11,-0.006775715165674276,-0.011430553490314284,0.0056890066532474665,0.012759559611115438,3.171090192169132e-05
2018-06-12,-0.002408846860313328,0.013661643526139293,0.007036889813830338,0.0021585735348867356,-0.00024415106036291054
2018-06-13,0.008314594062933018,-0.007138259014638317,-0.011912036040881998,0.002011881278848379,-5.3554984056722484e-05
2018-06-14,-0.0021777397895448836,-0.014311173945644268,0.006134128897020363,0.007247551767049557,-0.00048240284572021694
2018-06-15,0.011807615811911348,-0.005249427592295872,0.0032517952299726135,-0.007008000605919265,0.00014001583171356253
2018-06-16,-0.001752348440399172,0.011347717084143191,-0.0072923565875085295,0.013873694290046684,0.0004778387771037511
2018-06-17,0.00875292085339792,0.024312583046183722,-0.0022590050566175988,0.011672657728187636,9.753697172068594e-05
2018-06-18,0.014778758632458214,0.0031219277181281308,-0.006011443222625039,0.013955236038971261,-2.387507674152218e-05
2018-06-19,-0.01605900929346155,-0.008369113753282694,0.007873890981864792,0.013982735229813454,0.0001659548440938733
2018-06-20,0.015766904749810604,-0.009681740452923205,-0.008724468467866937,-0.0024184729242713197,9.48695529249729e-05
2018-06-21,0.0013847898815174866,0.006994551374127572,-0.0024852740827472452,0.004000134012608693,0.00011674000640072817
2018-06-22,-0.010385470690892223,-0.003272283731535136,0.0012258973889381557,0.0010429121574433624,0.00014095566951060384
2018-06-23,0.0012866541266378974,-0.0038507543223410506,0.00940208772005099,-0.019368894521254548,-9.613185830031047e-05
2018-06-24,0.0328021927297083,-0.002958862999428182,-0.019136541483402936,0.010828281328694313,-0.0005232788781381569
2018-06-25,-0.0023370977932676536,0.02022090320085138,-0.008155040136620407,-0.011634400538461959,-0.00034124531316702004
2018-06-26,0.010874158596806417,0.013201829919533347,-0.00442127909639667,0.008557709791111819,0.0005688416494618307
2018-06-27,0.02123432647788801,0.002200441282575929,-0.022908248794734718,0.001587997987782011,-3.478304561645824e-06
2018-06-28,-0.002612886123775271,-0.0023277280372271843,0.009406186364531003,0.007745730690702557,7.688026250633997e-05
2018-06-29,0.013206399837732473,0.006307094139418799,-0.001535597034941773,0.00736119933738175,0.00015370963706578188
2018-06-30,0.024386297015476382,-0.00861462148280189,-0.011288391600644708,-0.0016347971412021126,0.0002693669680869155
2018-07-01,0.015181452438315535,0.003046877925892188,-0.01430260778363765,0.014939172045729664,0.0003687420411095009
2018-07-02,-0.022225473628135966,-0.004741537459760791,-0.007470369315164525,0.005890509945654597,-0.00015340570263721947
2018-07-03,0.009835855481638678,0.0032665439858929027,-0.011845217514519897,0.01536264739914913,-0.000320654004579839
2018-07-04,0.004251876520921788,-0.006896236495912705,-0.004778635534292908,0.007172328642174206,0.00029519350371614184
2018-07-05,0.015985671920345147,0.0026610389769913256,-0.0008977363133564679,-0.008503691470908084,0.0001882738060178283
2018-07-06,0.005526490374450627,0.0002731290681994953,-0.015333886206193815,0.013267455648179006,0.0002457784531758148
2018-07-07,-0.007521914889471572,-0.013943123332537201,0.01162249491379805,-0.0015824395578363736,5.8798638345102216e-05
2018-07-08,-0.012846110824822335,-0.01062209663281976,0.012115039247985866,-0.003550808897128835,-4.2466244568134146e-05
2018-07-09,0.006344631573176319,-0.006453139529363315,0.0095237517575133,0.005088941435419473,-1.6004638165891623e-05
2018-07-10,-0.006921701169219091,-0.026668298994047195,-0.013926064356401997,-0.0037913415667503226,0.0001735333359417435
2018-07-11,-0.0033971345590297444,-0.013649788023063878,-0.003258939286146213,0.007974176224356406,0.0002972061490560293
2018-07-12,-0.02173381429028506,-0.005835977917719913,-0.006132005649620054,0.021101795812115368,0.00037793528680165104
2018-07-13,-0.010060761705062673,-0.009489934332639335,-0.0023511456251979305,-0.019015946923375854,0.00023677240897099778
2018-07-14,-0.002774942404673845,0.008797664384719316,-0.0063230519707674505,0.0003778366615655434,-0.00034355847340582257
2018-07-15,-0.011299144497264824,-0.013762734173090829,0.008805116630261815,-0.01076182267733166,0.0001700640453232624
2018-07-16,-0.004032618473094411,-0.013054310099649788,-0.0021127369240068854,0.008400879366991345,-0.0002494560709847795
2018-07-17,0.009834085166004402,-0.0060484996873560746,-0.006973608028462232,0.0072568101504081415,-7.80103669965612e-05
2018-07-18,0.0008426557302362569,-0.002812199301151992,0.000638066936758108,-0.025503630112690592,-0.00044534322159736015
2018-07-19,0.007583182620401816,0.011655004873617076,-0.006985797724900866,0.0016200211931288477,0.0002237802202097906
2018-07-20,0.008483453690754523,-0.017688858678925008,-0.0116640605883473,0.0008887102793127108,0.0003524207260356538
2018-07-21,0.029521232372936395,0.004146449834171934,-0.017608645786034285,0.008027865705196464,0.000547026945486683
2018-07-22,0.001663548164430374,-0.008341632011829738,0.006108134418328711,0.001696313938876068,-0.00019223270699867084
2018-07-23,0.004849859657572493,0.010686734025842859,0.010090722643181614,-0.008043370257962154,1.8167956643545797e-05
2018-07-24,0.014707293926291644,-0.008481564774952008,-0.00129606767635716,-0.018674928367090046,0.00046651436536999404
2018-07-25,-0.0026024759126160773,0.011710251627695354,0.0066647418095308235,-0.015127463555526324,0.0005796679392764692
2018-07-26,0.0184828262267922,0.012489501751233773,-0.008413301720780923,-0.0015547012256964933,0.00017675764894235275
2018-07-27,-0.007796211944132651,0.014685131678544492,0.005695590226456115,-0.027945770810963427,0.00023783941506156663
2018-07-28,-0.003652631178117968,-0.0014613923377170153,-0.0019566817397907977,0.011484101517152139,0.00048362088191554844
2018-07-29,0.003703436450051431,-0.0024386506771822947,-0.001370823941673927,0.00023951936848407604,-0.00012178932500119091
2018-07-30,0.007151541136416341,0.0060009466226062305,0.01160585681728504,0.003514534039821758,-8.501491811645142e-05
2018-07-31,0.009964440892069774,-0.006996245549208387,0.0021647746791254954,-0.010485364209698624,-0.0001913420901544072
2018-08-01,0.0036683836078773863,-0.024951027309184554,-0.018443342585057525,0.008312078805284366,0.00015691909668578757
2018-08-02,-0.003899243803908481,-0.016013027745524957,-0.007750653311633646,0.009958258659052923,0.0003141964145706511
2018-08-03,0.00021569924023647462,0.011235039134827408,0.005138528827877796,-0.010014750603036636,4.260253862260757e-05
2018-08-04,-0.015944106436094112,-0.0044058570744810845,0.012370933609393822,0.003660199940658504,0.0005725438109732499
2018-08-05,-0.003125033826509792,0.012345706554082191,0.0014828090875697658,0.01715710943298428,0.0001240681525951659
2018-08-06,0.008646768854207265,0.016102441345543558,-0.0008793185590927796,0.00214373773191258,0.0005369062020265206
2018-08-07,-0.0011452442771091743,-0.01293341952806714,0.01545584509570029,-0.016477608408098057,0.00018095583689374295
2018-08-08,0.013876753329534525,-0.0028606274446589196,-0.011634058960320652,0.006681510389236288,-0.00043381359888281884
2018-08-09,-0.002950468044340503,0.0017720380394140856,-0.0008409837203581309,-0.013924611901466582,0.000633071240202028
2018-08-10,0.001611385671735811,0.014176646486185426,5.573874852032778e-05,-0.007909078113368068,0.00021573640150936456
2018-08-11,-0.0021100006760200784,-0.011760054408392099,0.010560985107467172,-0.014103248099179788,-0.00044867704765249634
2018-08-12,0.01588308236988769,-0.0014281119326097244,-0.008748094890358018,-0.017139071295903946,0.0006792974072203244
2018-08-13,-0.014622721822081863,-0.0025183083045175136,0.010760756899073047,0.001800613667542435,0.00011216303879000035
2018-08-14,-0.019426289642337856,-0.011910542312653363,0.004749199790179877,-0.005868972559345526,0.00019500459022727702
2018-08-15,0.008349734542172055,0.011098996184663035,-0.009762339929950866,0.02894937635080229,0.00037268565262727187
2018-08-16,0.0003847853214595465,0.010622597311678061,0.020559283414892687,-0.02853961435975357,6.000131765412228e-05
2018-08-17,-0.02731325372003969,-0.0039346014096367935,0.00939645290881,0.0020429774453578414,-7.520631590530555e-05
2018-08-18,-0.023480084711344447,-0.0013730043484605852,0.017457933913968132,-0.010608434212474292,0.00026955823025714005
2018-08-19,-0.01787024229848506,0.000631192109403788,0.0017488400481616268,-0.0027269769190605164,-0.00010853965483731228
2018-08-20,-0.004182349915585668,0.0028330886845800082,-0.008603974391349387,0.0042421092946606865,0.00011788999868887802
2018-08-21,-0.012403336352501591,0.014706768367764547,-0.001033465540696375,-0.00018065412741570817,-0.0001771856596271173
2018-08-22,0.021364077237304956,0.00993043618209616,-0.010925591070439264,0.013880242335811144,0.00019416652780282752
2018-08-23,0.0034027687284189823,-0.0025526323174217907,-0.00691182922846636,0.0076759976609347145,-4.073395873873797e-05
2018-08-24,0.021577058665094694,-0.007584619564288177,0.005798985659516665,-0.012789716340349434,0.00022515553248893526
2018-08-25,0.010114303020855774,-0.0038736184227993356,0.003952295083084612,-0.03453051260912977,-9.582300612794381e-05
2018-08-26,-0.01036417788203096,-0.014252384056745377,-0.0010814331403899969,0.0074100504986738805,0.00035226947765025973
2018-08-27,0.003211916649787467,-0.005688947122320203,0.0014825147973193068,-0.0008791623530516053,0.0004257823611365252
2018-08-28,0.009459108108883885,0.0023539110014564255,-0.008824685048942533,-0.002885057586927007,-4.221499036567716e-05
2018-08-29,-0.0032693218693878624,0.0019257231058298365,0.0070523574550806776,-0.003836779921417815,0.00013603121175337064
2018-08-30,0.0020748399095822058,-0.004488217973478868,-0.00827617900287672,-0.013067923185368162,-8.799908637114207e-05
2018-08-31,0.005918753871711596,-0.00546967089580148,-0.00396033365570744,0.005767179683428105,0.00029495415688307586
2018-09-01,-0.012176010950161548,0.007049493311648106,0.013358861013136035,-0.01624914833390124,-0.00012853184261386088
2018-09-02,0.014285619077576386,0.0016755053867362562,-0.02060062278892443,-0.0038914716503876475,5.240833181669313e-05
2018-09-03,-0.01314922616930206,-0.006751145832066791,0.0027611204277380847,0.017604267267959363,3.9467996468628864e-05
2018-09-04,0.01290406169981839,0.016564734112967095,0.010994646684502537,-0.007119010847861122,-0.0004874255758206963
2018-09-05,0.005775170916321105,0.011377082603136895,-1.7961284778627207e-05,0.01804359102014615,0.0004017744967321265
2018-09-06,0.007027365619984287,0.012010464791071014,0.003044651076132283,-0.02902829034534174,-2.626161134001485e-05
2018-09-07,0.014356443865864031,-0.004676911659258843,-0.005840189875276504,-0.011483629665623576,0.0006928351839396221
2018-09-08,0.020000714562985782,-0.004206871397856192,-0.004251533701881552,-0.010643330084197608,0.0003246417363035012
2018-09-09,0.006344559855253463,0.009217628581636347,0.002762487252574952,0.028137552217930042,-0.00019281317249423955
2018-09-10,-0.019530446369683343,-0.007917667695272955,-0.008474750313871099,-0.003288746684367683,-0.00018443209037291168
2018-09-11,-0.010342339607977749,-0.01136733454598147,0.005166694762040095,-0.006198217099337513,7.441060454475394e-05
2018-09-12,0.010826065335084841,-0.005032987064600635,-0.005334834805985743,0.004108699584491229,-0.0004805839945252076
2018-09-13,-0.027388699339480144,-0.0024717581625539773,0.010648110476445398,0.023397190919534024,0.00018074758632109596
2018-09-14,0.009957930353772723,0.00028294223726079885,0.0001664151988928819,0.014612207880149742,-0.0005380424741961516
2018-09-15,0.005225006305080049,0.0217368489958853,0.004631139936143639,0.014896654046930325,-6.723081780420133e-05
2018-09-16,3.128346560723165e-05,0.000370319433346349,-0.017210708290744118,0.0007182205088540222,-0.00021453079516122115
2018-09-17,0.009985041540266972,0.010577454302063947,0.0020013231909298984,0.005433047632922314,7.925017572391478e-05
2018-09-18,0.01441195889860584,0.0032024043094473808,-0.0023823369129541993,-0.005044082958573402,0.0003465340176863529
2018-09-19,-0.004503848915128733,0.008488811475197538,-0.006204586574886636,-0.00420003065501086,0.0003474714569805745
2018-09-20,-0.0006271239234936954,-0.004467495019830218,0.0067595025944331465,-0.010975756430777353,6.789491297119299e-05
2018-09-21,0.016711230926788403,0.018441370755479823,0.011427567969227684,-0.014471756029658717,0.0005185873600468645
2018-09-22,-0.0106542438051994,-0.010974098031400845,-0.017374043658875696,0.033125308842280675,-0.00014117569266981203
2018-09-23,-0.001069836706434791,-0.008960670321499175,0.004618416208585032,-0.007288946670329516,-0.0002800263093526426
2018-09-24,0.005551855286310298,-0.012590917084272266,-0.009736341216657434,-0.017659852121825265,-0.0003175522669342711
2018-09-25,0.0024853238142256433,-0.018361047560728715,-0.01496958058425436,0.008682207460859232,-4.0267697385946e-05
2018-09-26,0.023619766788962788,0.02275698664486509,-0.008918453841298867,0.0071698402616510795,0.0003669542032406711
2018-09-27,-0.006558199697881342,-0.015772255828096732,-0.0006754129209742013,-0.000169545844089095,-6.300534425644923e-06
2018-09-28,0.005559480482444085,-0.00600720494595527,-0.011183308654179958,0.007303175360011853,0.00025252153314831246
2018-09-29,-0.013307746001226218,0.00614319987271409,-0.009412276741883777,0.006296391946086716,4.9687330605871456e-05
2018-09-30,-0.007009728536848966,-0.0069016050320361184,0.015733274256671405,-0.01813089588710774,0.00089986494914636
2018-10-01,0.005498995687055988,0.002101808455779316,0.0029893741503464865,0.02329817833922124,-0.00018199999914478965
2018-10-02,-0.012652481617232125,-0.009935569330169963,0.002130254229117282,-0.015899671229863743,0.0001379885799661182
2018-10-03,0.02014119860683564,0.005800095096593168,-0.006181333664444831,-0.007657246415204144,0.0004139569667052597
2018-10-04,-0.009219414437267004,0.015865834318370117,0.020384949996306526,-0.006886828820330442,0.00012732546912192763
2018-10-05,0.012415972969037781,0.013242127642472522,-0.007121851687976144,-0.0027057812342233404,-0.0002855479117852651
2018-10-06,0.005171965664951409,0.007569148277396192,-0.010501628891807821,0.0023473394760501927,-0.0002933927165211619
2018-10-07,-0.0100697653243426,0.0032006897099535357,-0.0024920845034378148,0.0028358000845452123,-0.0003816026354437374
2018-10-08,0.0025839279671196562,0.00016560296083513175,-0.006114146998539873,0.0021072976041914527,0.00018773993053216925
2018-10-09,-0.009091633751535943,-0.016127386328583914,0.014277605507598245,-0.01500471001983306,0.00010047581311125507
2018-10-10,0.012184991726860545,0.03665177388431775,-0.00682479805218857,0.00971072537821245,-9.19056412456701e-05
2018-10-11,-0.005874248895802469,-0.008154362298343173,-0.008443951951588402,0.007348523166846836,-0.0003334723115983489
2018-10-12,0.01143876694472765,0.0030129573329056476,0.0012167341988995278,-0.008779052777923617,1.5294013051332306e-05
2018-10-13,0.003756004217514112,-0.010375451685856232,-0.005144149940206942,-0.0070635780589302245,-0.00014955042835885823
2018-10-14,-0.024183091640115655,0.0077842531760691095,0.002148552705125169,0.02001886301221844,0.0004675903197124662
2018-10-15,-0.014582155970613523,-0.013561958832700702,0.02203128694195505,0.006513660519463185,0.0001210249823856383
2018-10-16,0.0034041635295534926,-0.005312078218891357,0.0019946759679115218,-0.010113847788144495,-0.0005091788852904175
2018-10-17,-0.014996523134267208,-0.002958127264432117,-0.0053735218676837495,0.008410913885330438,-0.00020753403024161108
2018-10-18,-0.008712716059347436,0.006402244709547297,0.005430033748615441,2.7982080750111612e-05,0.000407800010015502
2018-10-19,0.006005728594099185,0.01526341576578337,-0.0024555379122457683,-0.002723418629555755,-0.00027885851754680824
2018-10-20,-0.004594538444065691,0.008357066170401129,0.013027129628171798,0.0035401219637271318,-0.0004341649384791185
2018-10-21,0.013027632864215178,-0.01489569062219876,0.0017436180385012794,-0.010416297136907973,0.00035222957576274403
2018-10-22,-0.015123464005310968,0.008098056013947676,-0.006231373371879836,0.0038460260859050333,-0.00018341787737933922
2018-10-23,-0.02003950638397947,-0.003327180008018767,0.019057105132399364,0.021110611985974432,0.00016155357750725623
2018-10-24,0.013418458935642084,0.005142283397941283,0.0016611751346334816,-0.008249180015269057,0.0001923958370470594
2018-10-25,0.006668487444419641,-0.004110249879990201,-0.0026658579456739625,-0.0007975357909044238,0.0003912449595589717
2018-10-26,-0.012018675307342363,-0.003022300547845624,0.01792878040645374,0.003496129958610623,0.0005559038377926391
2018-10-27,0.0006894882390192753,0.003281234811948969,0.008542565248974758,0.010820821899691685,-0.0004837447577901632
2018-10-28,-0.014925265574042735,0.009472946214274436,0.0033301738023949735,-0.0030318654345292575,-0.00026407119947972375
2018-10-29,-0.00606334977780996,-0.014768696448351262,0.01598977932619923,-0.010704576896986692,0.00011269967597076032
2018-10-30,0.007258151365509103,0.010864408509002766,0.007648170865354921,0.0049094497503254396,-6.774529084335379e-05
2018-10-31,-0.003066549419080684,0.006796980480108998,-0.0020517648950689397,0.003639202939645178,0.00025655116101571475
2018-11-01,0.00955523393514147,-0.015050801375458342,0.0011411416364614836,-0.0074291348034381905,0.00035378061500502265
2018-11-02,0.009459049716101252,0.017555695631177926,0.011377275508333078,0.005002939554234976,0.0005856657904379893
2018-11-03,0.0038004647917211855,0.0011621806904994635,0.006402671608496746,0.0024237028949631763,3.3605666540946326e-05
2018-11-04,0.005122535284565731,0.0007960673828752661,-0.007639888849010339,0.0179628019618597,0.00014833850813020903
2018-11-05,0.024280212461361514,-0.010440175035477893,-0.011879735928972072,0.0003202721825476553,0.0004891937535990217
2018-11-06,0.0050601398574783435,0.004113000267005544,-0.009260213763797437,-0.006222243664256923,0.00023253180092695902
2018-11-07,-0.015492399190275185,-0.008392987504464768,0.006793949536998577,-0.010364069478681445,0.0006365919812076318
2018-11-08,0.01466839927795226,-0.011971331840718257,-0.012678258580857155,-0.02039347350066483,-0.00011554072898685089
2018-11-09,0.00933618008535954,-0.0019547484271637346,0.0012615563437440077,-0.019689677318382857,0.00038229096142942574
2018-11-10,-0.006064428071463443,-0.0011369959653781295,0.000880463863383288,-0.011560084108972857,-0.00023223504553197214
2018-11-11,0.01168334630388742,0.006380207006166614,0.006650657341691933,-0.004152655808185378,0.00017599019756148125
2018-11-12,-0.01971000115693013,-0.006773317038843862,0.003932357555803521,0.02410003603267304,0.0003473233821451894
2018-11-13,0.018305872352284064,0.00970759188580317,-0.008411701292505637,0.0026737717614343254,0.00020535583592953008
2018-11-14,-0.010540067495301496,-0.005914231082997489,0.00035540834809744224,0.020060556026858772,-0.0005244192825045722
2018-11-15,0.014457254725960274,-0.005900526821218545,-0.015140729070857424,0.01845146283204799,0.0003614786043145841
2018-11-16,0.01502480316172179,0.010964935757540296,0.014521438161748834,-0.008049390801066019,8.166664011550077e-05
2018-11-17,0.004401193185556332,0.012963604640249843,-0.004942997447484268,-0.0029497097851072566,3.3639123370363277e-05
2018-11-18,-0.024121845222126483,-0.0037791144878762924,-0.009182062833792184,0.015393005635897733,0.000403493036517333
2018-11-19,-0.005152710866152141,0.015102776402488374,-0.007590714875217359,0.021720403182788648,0.0003436005657305832
2018-11-20,-0.019593725834796672,0.021980997242302524,0.008167831053538955,-0.005903224845392953,-0.0003122384274264297
2018-11-21,-0.0021593071964430754,-0.0016483009892932082,0.0013648339449044641,-0.003037255378406671,0.00033039960648051077
2018-11-22,-0.004112639179182342,-0.01948481682918029,-0.0029609301817955045,-0.022746710750523844,0.0002423796560115525
2018-11-23,-0.011007909538482989,-0.0007354695514310551,0.013309446009730334,-0.01546617824231917,0.000465216683015945
2018-11-24,-0.004645918753295163,0.015944157039431958,0.0010756533625787882,-0.005969365989854856,0.0003474121465651585
2018-11-25,-0.004673890023155724,-0.009066436781990192,-0.0037677730267551618,0.003442831463053579,0.0005536993859435616
2018-11-26,-0.022134912138780292,-0.004463112256061929,0.010064329097875252,0.0022228767084701913,0.0005435211296841208
2018-11-27,-0.0004616514745434953,-0.0018365315259701916,0.004780464509265097,-0.0019211322017439441,7.985186767068024e-06
2018-11-28,0.006419855293934762,-0.004877135937773839,-0.006944422502515054,-0.0026281769325253676,0.0005571291076751591
2018-11-29,-0.03713265537285221,-0.004075370523609967,0.009221775390105465,-0.011808952459523741,0.00022850714666320128
2018-11-30,0.005949130223429173,0.0069931427547539485,-0.021081515321006918,0.028810838043523107,-0.00010141283971909384
2018-12-01,0.008405956916185056,0.00897708520788225,-0.007349183866586264,0.010844168792848732,9.533422910665518e-06
2018-12-02,-0.023734870101654586,0.006226390856658625,0.001089597527224101,-0.0007103396433014238,3.998565618625624e-06
2018-12-03,0.003577382726110727,0.0002524658393680077,0.0037470160122928435,-0.017427415564412244,-0.000102877346771857
2018-12-04,-0.0009470569081489295,0.018128317472723903,0.002479883859153924,0.01221984538660438,0.00014309611766183633
2018-12-05,-0.005231749707381182,-0.0034541738082625017,-0.0002927602693534437,0.008476247322394166,0.0005639142337374795
2018-12-06,0.004596448184552807,0.01246184907576526,-0.006537447566499977,0.000580273665408442,-9.71814737484928e-05
2018-12-07,0.004069269163914223,-0.002549880756354002,0.004616525095374271,-0.014205493010217759,0.00014450586358109117
2018-12-08,0.008409338462774191,-0.01806728075505329,0.012074936580869831,-0.0157667570365929,-0.0005068752388770071
2018-12-09,0.0022471731141596703,0.0008426589606314935,-0.0008063532615094864,0.010843721209577013,0.00036637541822640105
2018-12-10,0.003876182612933547,0.00520633515483585,-0.0007021859608861545,0.018890355976297016,-0.0003349505720109027
2018-12-11,0.002032249191132824,0.0011011178861115025,0.006366272442868526,-0.013516666925536124,-0.0004182528659354812
2018-12-12,0.0022323623710160984,0.003227423495313936,0.01199999221664881,-0.021926732604258762,0.0004946467318058182
2018-12-13,0.027994383014993133,0.0023772158514917237,-0.016587908605966806,-0.0008731668017917702,0.00013536353104574375
2018-12-14,0.006975092005962972,-0.004169440438069328,0.010156745553318247,-0.021267213310515412,-0.0004168457513775567
2018-12-15,0.013302259592023774,-0.019039778775334606,-0.0076963685171667455,0.03251468603489863,0.0001271590183293316
2018-12-16,-0.01265655735779169,-0.0032149241572142777,0.0025394379063460757,0.004277790011322998,0.00033954561349028084
2018-12-17,-0.011704940504033307,0.013804321936400406,0.0073345090387870295,0.008111494046005288,-6.68960830890389e-05
2018-12-18,0.015396136588450248,0.0008506277460373359,-0.0012648009242307342,-0.013421912035904437,-0.00018305156638037873
2018-12-19,0.008425040880676778,-0.0024356228168632976,-0.008979892826950683,-0.0027957271914380074,0.000351101905460594
2018-12-20,-0.006925985309712217,-0.0025720715987490477,0.0017227442741152561,-0.018804804830931075,-0.00033240888282841944
2018-12-21,0.0043237123399136376,-0.006139028693548327,0.006569489675601325,0.0038762764273993114,0.00035746921927219894
2018-12-22,0.02161220867957909,0.0038543276505937315,0.0005858047809808465,-0.012877121388560077,0.0009033762990699739
2018-12-23,0.023521839220757654,0.005177284431397584,-0.0017581146633063286,0.008723222649008048,8.460779312246214e-05
2018-12-24,-0.007247472364191767,0.0069157794869097,0.0038068782626839407,0.002786222055473671,-0.00013181839282210548
2018-12-25,-0.019612825419634376,-0.0018713337488171305,0.012055640848460359,-0.004206959560051503,0.000583385152931518
2018-12-26,-0.007798611787068333,-0.011788747788709164,-0.00016762979924291296,0.0012165734100787774,0.00037346973576296485
2018-12-27,-0.008626580903376596,0.011383012639166227,0.019791726192628006,-0.010203803578788001,0.0005245741646016358
2018-12-28,-0.01190755415005705,0.007860062473824142,0.012786668468697825,0.0050885124220912325,0.00012605046871633392
2018-12-29,-0.03402377337518862,-0.01340830637300584,0.001743814020455946,-0.000978268373983209,0.000169455308279628
2018-12-30,-0.004477798113715471,-0.008862305257280307,-0.008378084761763145,-0.0003155420021211971,0.00048419142977498245
2018-12-31,-0.007298761009798536,-0.006480293238511541,-0.002532090044261002,0.0077082819538637146,0.00027465746219606125
2019-01-01,-0.03507737489600322,0.002396580493734514,0.020816024661917468,-0.013617517938961828,-0.00017529278044678442
2019-01-02,-0.004842448115231964,-0.008278986850681791,0.0019477661326804461,-0.020529979976377948,-0.0002211617184093459
2019-01-03,0.018342419212254667,-0.004988351733832996,0.0047077501499871045,-0.005765231339399868,-0.0004389133842784189
2019-01-04,0.0078088277255277255,0.0005738908878237343,-0.005199098830572162,0.0042997406067983674,0.00028044787698970196
2019-01-05,0.008650969482792082,0.013242499148885993,0.0034231530838222213,-0.01798991759003161,-1.8231915542907934e-05
2019-01-06,0.03470276639141029,0.014432001498366915,0.012575818256952887,-0.004082336057968412,0.0002071128747424709
2019-01-07,0.003917331137070063,0.0005244427973390005,-0.014368637642773232,0.009839728374218669,0.0005122790219834589
2019-01-08,-0.006583385379905198,0.002604916745413331,0.009070625146923354,-0.013139903692548938,-1.119466012195901e-05
2019-01-09,-0.011457881480675386,-0.010329071362795107,-0.008666657638266717,0.00013633087294653279,0.0005780388962463052
2019-01-10,-0.010264120041513195,-0.0009322771767008349,-0.001274226499326838,0.01715421237049397,0.000543929686340176
2019-01-11,0.010474551030897622,0.005227242919107861,-0.003357488441841403,-0.012554077682009102,0.0007431064387286846
2019-01-12,-0.008448394959508434,0.00463228411921109,0.0115042447529212,-0.010355670293285693,0.00045789559583900904
2019-01-13,0.009310829658650707,0.018680960270596063,-0.0028194177216370143,-0.012219963489000537,-2.8261926571075528e-05
2019-01-14,0.002838721161581621,0.0012076641401687364,-0.0033603390359657516,-0.01793197758518013,0.00027914059569549764
2019-01-15,0.023390276271654915,0.00950869737873782,0.0007202327030937567,-0.0008627334077869998,0.00025601032707085584
2019-01-16,0.011262308187223128,0.006255438374459347,-0.004037831261535398,-0.008066434326521068,5.253305060959645e-05
2019-01-17,0.004065597083559659,-0.0021374737666716615,0.0013980858749540399,0.0025526688049047125,0.0003933792348375159
2019-01-18,0.015354332073025397,0.004070677902294305,-0.013279008978434566,0.0017694169736786726,0.0001448307851767717
2019-01-19,-0.020989112018842515,0.0089416812767721,0.008083650698083056,0.006562826243771028,0.0005610527891097928
2019-01-20,-0.006938862512293028,0.004091070752749364,0.0017933712590252758,6.193041732769787e-06,-0.00011226535981280155
2019-01-21,0.01981554283261993,0.000652749312475665,0.0009300284157338324,-0.026395137548974906,0.0005026138332699918
2019-01-22,0.012667130318980537,0.003684139300150861,-0.004119783498543176,0.0038318737364829605,0.0008518536775924304
2019-01-23,-0.020143830344061975,0.0032759902709219428,-0.0013590094193097005,0.00833639950269151,5.2877482138188154e-05
2019-01-24,-0.004586818203391499,-0.001039638266925867,-0.007708210321966863,0.018328294878273397,-0.0004341497079752053
2019-01-25,0.006695126035336174,-0.0016767684540169776,-0.01093255709204334,0.008148199108504757,-0.0003594411165377504
2019-01-26,0.000867582993766432,-0.0134864808877089,0.0015661534401921527,-0.01193640074767285,-1.1097382361616848e-05
2019-01-27,0.003830420024509339,-0.006586590116886188,-0.0021908395023293985,-0.01572199336894751,0.0003296595184920469
2019-01-28,0.020972898994431204,0.03142711311750065,0.0007018541272361927,0.004376768545118037,-0.00042989198912026877
2019-01-29,0.01791748435930674,0.011346711391492735,-0.006256974932383584,0.013169765348105442,5.0799950783454124e-05
2019-01-30,-0.004933019875365523,0.003568104545187487,-0.006331902207425753,0.01782219294408578,-0.00020165314635432096
2019-01-31,-0.011832476424283438,-0.011252524141676346,0.007466742860384636,-0.008513829695530302,-0.0002936263825951164
2019-02-01,-0.006653775023200277,-0.0016889016426297051,-0.007662022633414978,-0.003982944455721663,0.0007959482195225998
2019-02-02,-0.009624185199964828,-0.005127495184791318,-0.0010266891114734695,-0.00045640148877886417,0.0003266582085594002
2019-02-03,0.011454329381983184,-0.00046227079964945904,-0.012453619889744612,0.01903778313717977,0.00010092275987714861
2019-02-04,0.020569767235501735,-0.017208255717135523,-0.006072354363868251,0.016502075532180572,1.968463696576118e-05
2019-02-05,-0.0022231169352011997,0.002413746561404829,-0.0032057885901303775,0.0005375415915843602,2.4550627576867536e-05
2019-02-06,-0.0069071394685493274,0.010408301194521248,0.007299681351872895,0.001200955840282064,0.00038562830971051695
2019-02-07,-0.0026760157517343878,-0.007991815967533657,-0.0050859259504194,0.004321778092961165,-0.000202667948347925
2019-02-08,-0.005425232249859758,-0.006091621309698705,0.017467804287511362,-0.040029173467859155,7.437748649976064e-05
2019-02-09,0.020515832708204892,0.005595186226419242,0.0019632182071589177,-0.00615006118314349,-7.923787717507963e-05
2019-02-10,-0.02572231248236565,-0.003471520151072018,4.8903894130006216e-05,0.0003213025682138411,-2.6213831751340194e-05
2019-02-11,0.020739210250643358,0.027644114826208183,0.0011581777394903427,-0.009405803941805157,-0.00023983908778469173
2019-02-12,0.005865084241403133,0.018474721572490447,-0.0002315428159741779,-0.024441439865391146,0.00034199819020051434
2019-02-13,0.011888516119546498,-0.012703894564151006,-0.0033289887978023357,0.002447902292694096,0.00010792574522160191
2019-02-14,-0.008810806934417567,0.007949936099649963,0.0005536254260591136,-0.01175808167751508,-0.000514571405649284
2019-02-15,0.01509858190618492,0.009207112156199201,-0.0013660664371470683,-0.00725254673053807,-3.5666458086787206e-05
2019-02-16,-0.01213177035417393,-0.0067076786735222405,-0.014506191282303495,0.006665140695583336,3.301626886368167e-05
2019-02-17,0.007512245782679625,0.0012597561266273953,0.004870221821418708,0.00878281638555062,0.0004642446325076735
2019-02-18,0.0058880387721562885,0.0014120586326030608,-0.008737572910853997,0.01277975751457195,0.0006600230760440387
2019-02-19,0.0043916330486123475,0.01945488675308495,-0.009812784102012197,-0.004063143124569163,0.0004003155369463548
2019-02-20,0.003484774796492441,0.013445544705469164,0.0014032515867744896,-0.009453923695200865,6.367683326208004e-05
2019-02-21,-0.01745699085050103,-0.014562984698320491,0.010038618329480288,0.006822479291554655,0.0002452879836247312
2019-02-22,-0.01965251130695517,-0.007609454743394484,-0.005683452400375069,0.022794698972532827,-5.290280954412763e-05
2019-02-23,-0.01224843831947256,-0.002287499072890752,-0.002075970006379228,0.021464844274723362,-0.00010049129708757543
2019-02-24,-0.01590171072010966,-0.024102324149825594,0.0002058058785333814,-0.0025929181470469745,-0.0003191102661981707
2019-02-25,0.014263893613541344,0.009516346339373344,-0.002026194345695119,0.01248597827141595,0.00033963161654665635
2019-02-26,-0.009184722258286458,-0.011935478788701255,0.007156160865722304,0.0014001720539633968,0.0001844179023403174
2019-02-27,-0.0094602427208199,0.0038794710690733536,-0.0027117526737040743,0.00494612732049404,0.0005866969490881651
2019-02-28,-0.007296537225508241,-0.016676265574844473,-0.0088579081504126,0.018161210439698153,0.00021118514770150756
2019-03-01,-0.0010971627695710103,-0.005099840819459752,0.0035776585759357223,-0.01112058779391049,0.00022722798559326806
2019-03-02,-0.00811720906712828,-0.010343327200566318,-0.004367567181652727,0.001426055605289422,0.00011557242828087334
2019-03-03,0.0031487412748429163,-0.03483196427173911,-0.012418690747573659,0.0009108903043760935,0.0006050023645097065
2019-03-04,-0.01218148544428185,-0.0009914766056004938,0.014994332574988146,-0.020142860564114264,0.0002550429131378227
2019-03-05,-0.008944837498703654,-0.006732443737478161,-0.00489761253988622,-0.0013032781342414664,0.000988274123086457
2019-03-06,0.010245970063664603,0.012845677397621604,0.0036228519655340102,-0.021127658318994,0.0002553524485474166
2019-03-07,0.0129085812580625,-0.0054275034841233544,0.0038038354816162436,0.0003238991455388749,0.0007142901638940346
2019-03-08,-0.00446404146007638,-0.011490262733059841,-0.0032853535530504435,0.01833104953247629,-0.0004449413400471227
2019-03-09,-0.023699891327667276,-0.004158181591794366,0.0020653857998635676,0.0066075055244875685,0.0004286976021562001
2019-03-10,-0.006034828531199776,-0.019298137407088495,0.014897006125144423,-0.020606578425205052,-0.00020261295881304493
2019-03-11,0.013267409632634182,-0.0008319935061155573,-0.003692335788141511,0.0037482811244793765,0.0004722489780596081
2019-03-12,-0.0034813571962434135,0.01394504275911559,-0.013532956389894577,0.020813360058723265,-0.00013347394491667507
2019-03-13,0.01639708089249062,0.004910444863653033,-0.008388257798080955,0.008553804922126282,0.00041228026674419054
2019-03-14,0.007885334765876453,-0.008199008752651218,-0.006832899482626488,0.001978062857708636,0.00011795681189369443
2019-03-15,0.00914222413814439,-0.01742507942777422,-0.0021388266515270033,-0.0057441366383306795,-0.00013315048870551297
2019-03-16,-0.008248108158581612,-0.00378802287144247,-0.026728737167654566,0.014857330963829617,-0.00014490335959020656
2019-03-17,0.006613766590405443,-0.00631018075587432,-0.004088488577574997,0.016844061757758825,0.00044414367109651487
2019-03-18,0.010919746708982084,-0.0024452017432918627,0.0014364745838123386,-0.006861382129447886,6.91888250905508e-05
2019-03-19,0.005179195810432274,-0.004606844818864866,0.010046695931925873,-0.010607902211415329,0.00032571765224906563
2019-03-20,0.017368191003107856,0.01369096653943158,-0.01306136593493439,0.010181895840935012,0.00039890380395742037
2019-03-21,0.010798448467423533,-0.008382660371192521,-0.008961429808932119,0.013014443939206198,-0.00010897958326793548
2019-03-22,-0.0030878673439402858,0.014567996594520315,0.0029757342185991317,-0.0068039336742996125,-0.0001454711038729847
2019-03-23,0.004282241225150247,-0.011892686622144254,-0.004641589690433986,0.00477591584491912,0.0005401461120218237
2019-03-24,0.008184303538927377,-0.0050934335873775525,0.006727811715321061,-0.010723121778613395,-0.0002582574869849643
2019-03-25,-0.0016001916806971965,0.013558555047086676,0.004126778439241614,-0.0004675142215046924,0.0006466255780312844
2019-03-26,-0.016276110909302092,-0.01582394329423709,-0.010921964325243791,0.016205364309687196,0.00018339278682715288
2019-03-27,0.018383664328003233,0.006312095289683879,-0.006540318705983201,-0.0002499287121645335,0.0001680267329422748
2019-03-28,-0.01907778446258515,0.022086699087935677,0.012669402122822434,0.0021016429003731696,0.00032471082356247275
2019-03-29,0.008672169783680142,0.0005376716329057017,-0.006811383175401794,0.008896616929830733,0.0002524398764318947
2019-03-30,-0.009033620033917764,0.011787026984291703,0.00672577444104106,0.0074936045400596125,0.0005693662516044445
2019-03-31,0.0006598521380830046,0.0032359200204911957,0.007023124085038508,-0.012074070526986188,0.00014797705450476527
2019-04-01,0.001867893154307087,-0.008774166481211638,0.016738427808541043,-0.027847979888360845,-0.0002779119172712334
2019-04-02,0.01572063302036141,0.010270885869963628,-0.010161260270383759,0.010004601130150156,0.0005932818142021874
2019-04-03,5.207911909288254e-05,0.025096572231670847,-0.009399349452173836,0.01704855195390317,0.000498374270827466
2019-04-04,0.010792398686001884,0.0003755061139071095,-0.004674895130683404,0.004997432136570684,0.0003878908931626827
2019-04-05,0.00742592984586299,0.011649150006579725,-0.007804175852775425,0.002434314396526725,-0.00016512480771881257
2019-04-06,-0.00409495954658355,0.008949929946082229,0.0035709123936336845,0.027560497618750696,0.00019186966066195635
2019-04-07,0.0011004053855046053,0.0012987996091327746,-0.004841550777843677,0.003171390426193006,0.00048617222039685533
2019-04-08,0.001732965196549114,-0.007236008428241827,-0.008622911074549537,0.0007347625075942817,0.00015421717600384765
2019-04-09,0.014314705502487908,-0.009821361701290426,-0.007405964408292331,0.0016455230765274442,-0.0004466106474776521
2019-04-10,-0.009309912946690925,-0.00849932507900442,-0.005029204978617494,0.008441503697391127,8.038085745911916e-05
2019-04-11,-0.006066489352022336,0.0028695660242300117,0.015873156630164267,0.008565203652140392,-0.0004746638020014181
2019-04-12,0.007129906073517487,-0.00015271951253834962,-0.0003157389886822578,-0.00583094076291291,0.00016798931805837552
2019-04-13,0.002169249251965418,-0.005075639719490456,-0.008163395928923149,0.00048502009245234343,0.0002047371138173231
2019-04-14,0.0073854081171856305,0.009841181802606968,-0.003931817946704773,0.004843785554501565,0.0004341122017337507
2019-04-15,0.013988493596894944,0.0024603214141389273,-0.004597797767276809,0.001422551454318895,-0.00023117143497131766
2019-04-16,-0.001851544863488153,0.0068208211071215654,0.006892334077760425,-0.006014882901743552,0.00019952716856773753
2019-04-17,-0.009205634476520959,0.004854597762227648,0.0027367783278723634,-0.0008090786164577097,1.7020081715786843e-05
2019-04-18,-0.00032819721903621453,-0.00434571533611581,0.004870077193052644,-0.007471357201457046,0.000632688910183722
2019-04-19,0.017480185308469582,-0.004818998625619153,-0.004329036768339866,-0.009492858159406075,2.806806921877114e-05
2019-04-20,0.02374086054997856,0.002145486727470379,-0.0025014994931197433,0.0002991104339005549,-0.00018421624692110386
2019-04-21,-0.009560439164598979,-0.013623174503521854,-0.006489058185861573,-0.022869826018989677,0.0003024797143907671
2019-04-22,0.02434414092872738,0.006662915470062098,-0.015983758352690218,-0.002147053702228381,-1.3580239802627207e-05
2019-04-23,-0.011454073995472781,0.0058845538658889186,0.010486071861385757,-0.014796540980234236,0.0003593314433303663
2019-04-24,0.0181980910044231,0.022261078916469564,0.021880618131923157,-0.028659730403191603,0.0010204982018893458
2019-04-25,-0.0037231255501225563,-0.006463973053009241,0.0027695688631607465,-0.0069894414952627795,0.0002566394712247845
2019-04-26,-0.014979291685239248,-0.005458581189579481,0.013333650885862696,-0.005257574301785714,0.0001755508617152699
2019-04-27,0.005943380337076849,0.012591235606788785,-0.012314133948423968,0.014813055619076492,4.649649057183025e-05
2019-04-28,0.0023467440368798347,0.010756377354123107,-0.008056283346668639,-0.004018887120730505,-0.0004786507563555345
2019-04-29,-0.0059950840042513245,0.011581924632587828,0.002657500737678646,-0.012338515829611546,-2.202204466852795e-05
2019-04-30,-0.0169346364225768,-0.01441864506985245,0.005315847293624317,-0.011417838874418778,0.0004813992466341757
2019-05-01,-0.0004240671785932487,0.0007748952108015543,-0.001699802202619125,0.010081414725466399,0.00037762455950705046
2019-05-02,0.004309453352551475,0.006403568597538976,-0.001473225080582717,0.006468534967975895,2.4530884828641492e-05
2019-05-03,0.00043076901651108423,-0.002514208446744072,-0.0038492070299367314,-0.004326955661484748,0.00027826091731625964
2019-05-04,0.01567843816050754,0.014674045591993432,-0.011276844896164918,0.018419419584565406,3.0741872287859425e-05
2019-05-05,0.00740564714399829,-0.007111441403319647,-0.0015908002925406528,0.0017927977312555308,-0.00033665417555168986
2019-05-06,0.0074934494231915765,0.014611308169535724,-0.0006773032759247769,0.014227329452258292,7.120454654736554e-05
2019-05-07,0.010305738966004877,-0.019139411565632574,0.013778423168561139,0.0009428157507972536,4.1303773685524874e-05
2019-05-08,-0.022577775443788337,-0.002004364978559717,-0.005792512868358002,0.016716277295093795,0.00026058339774620717
2019-05-09,-0.010566260802287656,0.008587296548132377,0.010653975134394894,0.007434443881979168,0.00013374229536845258
2019-05-10,-0.016091620508044708,0.006028551572892077,0.00312928918604239,-0.01037699825606591,0.0005568047529925608
2019-05-11,0.024871056832577367,0.004953359955391888,0.011882278270265018,-0.014927050567359415,1.1120034851144325e-05
2019-05-12,-0.006942540764776231,0.01433482052781974,-0.001883592443494472,0.013327412736844194,-4.5167672584262464e-05
2019-05-13,-0.004959609185857344,0.008910148328699222,-7.683178621282954e-05,-0.0011467746287936416,0.0004877523229440919
2019-05-14,0.01902067754342727,0.010314617839552538,-0.008048104220068365,-0.004360607296271726,0.00015612332307312818
2019-05-15,0.004144850224725524,-0.008594533310936216,0.003587353723380561,-0.0034048902963416537,-0.0004094449444572923
2019-05-16,-0.010420858687805304,-0.007042726854446187,0.001197674066669697,0.022280030409513298,0.00020596929112820088
2019-05-17,-0.00939351347740536,0.00016114190169291492,-0.0001275763293487528,0.00717207264245859,0.00031381401418288267
2019-05-18,0.014497020488103815,0.0029018224906060073,0.010049731652530808,-0.0017642018798660413,-9.187013133164082e-05
2019-05-19,0.02615820897880333,0.008776943544218352,-0.011509747680602806,0.018330567506324297,0.0007853908059689766
2019-05-20,1.988863249780887e-05,-0.004808875735315209,-0.0018571801497168964,0.008888070966940376,0.000533439395285666
2019-05-21,0.007053166825284217,0.0025268163256859473,0.010745090597843556,-0.01264112060366172,0.000455661451319772
2019-05-22,-0.002952294461553895,0.0035639811717816977,0.0006796609805951567,0.000775803069548405,1.2086800791221222e-05
2019-05-23,0.01607756246415624,-0.0035898790777860166,-0.010186055745569508,0.024438858619642356,0.0004389454138339898
2019-05-24,-0.027391125562874166,-0.011255219410155596,-0.008958522008253353,0.0050463812804473875,-0.000857586820593352
2019-05-25,-0.0011917015627475604,-0.01121879080530702,-0.0007311845597026446,-0.016725038087214546,0.0001570671600277047
2019-05-26,-0.004430632810987996,0.013568902593891248,0.01469161862565752,0.0009566701929369923,2.8078709714742173e-05
2019-05-27,0.02354219559496532,-0.009899482616372928,-0.018303926855281785,0.004041389996478972,0.0008409076526032858
2019-05-28,-0.0019532764096242476,-0.0021424257498971165,-0.010977229503113577,0.018830026237068552,0.0004311746814961337
2019-05-29,0.009600569011833046,-0.003973394730750677,-0.00835533293760101,-0.01061647460279239,0.0001573697358924116
2019-05-30,-0.012186202022991475,-0.013908135246717836,-0.0022198057051131988,-0.00031350484325791747,-3.849492832801036e-05
2019-05-31,0.005840662730271106,0.0020494071257127822,-0.003148449651595149,0.002968511523750444,-0.00018134928201887795
2019-06-01,0.0016316689425876114,0.0018403035739486776,-0.011730269886523375,0.019091902558465497,-0.0001466731406215289
2019-06-02,0.001457223687754642,0.011573150277598277,0.009057178703733322,-0.005018352952264434,1.6775927126804814e-05
2019-06-03,0.011446975279932787,0.008986690322539506,-0.006068745677856705,-0.006379969346469139,-0.0005217781474956768
2019-06-04,0.0021998342907097214,-0.00028670292291789684,0.008657593628067657,-0.0027322403349975717,0.0005511950761598866
2019-06-05,-0.007722254267982611,0.009360126135860045,-0.000489020088083951,0.012535198424972348,-0.00032851332494816154
2019-06-06,0.003145006248011828,-0.018414400605419785,-0.005545059797063548,0.006292910897671468,-3.313728898132046e-05
2019-06-07,-0.011836937992677283,0.0056672706451052724,0.0033234177698947803,-0.0025186290041438455,0.00014414835575264116
2019-06-08,0.03113225250576254,0.017804040819732712,0.004465268414742799,-0.006776813552779415,0.00018339031288023007
2019-06-09,-0.02751895245993419,-0.012378448812604316,0.0014226485925751605,-0.012232558871290893,-0.00023359932671539792
2019-06-10,-0.022679717324771462,-0.00517119145221401,0.011621813528352296,0.010801107847508385,0.00026159720647087774
2019-06-11,-0.010822567132575586,-0.02088953981841695,-0.014208289010001617,-0.0009773669778319984,-0.00014901210850361453
2019-06-12,-0.0014569318483414358,-0.010044026625039644,0.0017278791070288561,-0.0036708769966574853,0.00013427396793630093
2019-06-13,0.01369313304795984,-0.008409677886945457,-0.0011871725639718412,-0.004166536783976205,2.591407558361601e-05
2019-06-14,0.010721454600916098,0.010800808460734605,-0.008193712776424708,0.002011715694430129,0.00021952573546231793
2019-06-15,-0.002776832687604599,0.00508552900044645,0.0039976278887933,0.018300553399449127,-0.00035104024168821713
2019-06-16,-0.0010220954374571074,-0.008932919911615003,0.0038908689521201085,-0.019815088712092647,0.000240030631799503
2019-06-17,-0.006937762397754798,-0.008515871644601922,-0.010770898064636355,0.004899536487976126,0.0004725379404604119
2019-06-18,0.00011121539030141419,0.006113272464523669,0.014373456533961267,-0.006539516810225799,-4.505294052455593e-05
2019-06-19,0.005850074637375585,-0.003955757177121169,-0.005811426363371699,-0.013583734442365377,0.00042269606802618204
2019-06-20,-0.004093675281209056,0.0009213902004206839,-0.00674508750065141,0.011429823547813814,-0.00010903655116072323
2019-06-21,-0.0012466980167357004,0.008233996184951966,0.008140770966205869,-0.004373417426572174,-0.0004259565473711653
2019-06-22,0.035282690727585546,0.024398759231437563,0.0009890409667888988,-0.01748547088946318,9.517421300599596e-05
2019-06-23,-0.005928207933095073,0.010954605879639126,0.00557031560277338,-0.008689461827037283,-1.732153817853965e-05
2019-06-24,0.013470981539489611,0.018336962693223442,0.011876247594577841,-0.002811488028584364,5.1383026447369474e-05
2019-06-25,-0.037371530924802984,-0.005075029804567286,0.00883806766129201,0.007572963600871837,0.00014792844959238204
2019-06-26,-0.0150513707845615,0.0021986445626760516,0.009398114222590853,0.006129345376040219,0.00042909611288427133
2019-06-27,0.007444322138759282,-0.0023214334936047707,-0.0025248403607578654,0.0005879922884622665,0.00016487451888985358
2019-06-28,0.012037895221970948,0.008813859577127279,0.015069258590711055,0.0096450887356636,0.00015603964138411185
2019-06-29,-0.044307255780388764,0.00249973496219655,0.007520748255172006,0.0016968346542247284,5.453915632070425e-06
2019-06-30,-0.004800373546124077,0.004916069622968832,-0.010074100040957093,-0.0014320186345108193,0.00023903716603224337
2019-07-01,0.007664492196652047,0.007859579962430264,-0.006631010138423439,-0.006747634221582633,-2.862259234825932e-05
2019-07-02,0.003200216072297783,0.015039416414395908,-0.014338797151968178,0.008975898858307995,-0.0002888018729249937
2019-07-03,-0.01885031660747381,0.0053343386355676195,0.010155896653871508,0.004711454624804827,0.00042104825273721916
2019-07-04,-0.005185836345508827,-0.005236017612606531,0.018026822876029292,-0.013887464136881546,0.0003624972323712553
2019-07-05,0.0004791317742501441,-0.017668828789903227,-0.018811447757450066,0.006141516699164734,0.00046359300847890816
2019-07-06,0.009591437655916838,0.010897437260184988,-0.008215322049406613,0.021297323803665117,-0.0001729604421435197
2019-07-07,0.002884997140104917,0.0005567827117203017,-0.0017390077561752532,0.014925508621444442,-9.113655752077682e-05
2019-07-08,-0.01532340897197873,-0.0030384961331307607,0.0004774227033847615,0.04045877492121103,0.00034403220746857875
2019-07-09,-0.004365654101380302,-0.011069325309846641,-0.015250777651420503,0.001146205545495087,0.00016715563611045353
2019-07-10,0.0170387138211007,0.014488290738590696,9.862541169459427e-05,-0.007210206087461693,0.00021562031481045464
2019-07-11,-0.00563939583179417,0.015396371317000883,0.002629648573168704,0.0011052320121278498,-0.0005669660816767562
2019-07-12,-0.0018728171490912443,0.007701898917086391,-0.006480422530334827,-0.0012991989588902108,0.00038063288267430826
2019-07-13,-0.016804060482058077,0.006646710289942937,0.0013363278727764872,0.0017326880111363757,-0.00022303604331407398
2019-07-14,0.004810476952297034,0.024773482666460678,0.009164991868964818,-0.014356011572727987,0.0004886392443971441
2019-07-15,-0.003285791307403161,0.012584931081059137,0.009467440903454364,-0.03490268771918289,-0.0001853029768219067
2019-07-16,0.011410537182651195,0.003938389012132729,-0.010064046295226711,-0.002281343248414874,-0.00046945571866676333
2019-07-17,-0.0006251319558849835,0.021211533985994315,0.010151267333348033,0.018476301747323436,0.00040888134014183564
2019-07-18,0.012378908134688718,0.021707848571703464,0.003583143367276927,-0.006037143988974437,0.00045620892600992775
2019-07-19,0.017347677309216217,-0.0008809000829747693,-0.009928554688469053,0.0032780974852397544,0.00039284990682537696
2019-07-20,0.009705638835568322,-0.011611874951788514,0.011110832073481644,-0.01862808972359747,4.746475440056066e-05
2019-07-21,-0.010114685879274988,0.023884770535215042,0.008506991418581961,-0.008846588539155546,0.0004030627220205615
2019-07-22,0.009368196889328525,0.00023167081562944702,0.004602635196280133,-0.014580486766844652,-2.4302282404128618e-05
2019-07-23,-0.023022111181625636,-0.01763390395806848,0.017553294474513436,0.011017818164587741,0.0001516738575495429
2019-07-24,0.019784406320795575,0.0027221601532063625,-0.006189421879228123,-0.0007491767501801687,9.160577683242817e-05
2019-07-25,-0.00210311551693312,0.010610461081959385,0.0036669191990956924,0.007094280288729864,0.0004558067115427362
2019-07-26,0.0049286421283614296,-0.008257623906881327,-0.01296934950147253,0.009000747548149593,7.701171511682768e-05
2019-07-27,0.00142321327889585,0.00018972426973921946,0.02037182242178613,-0.028636259573793503,-0.0004958217800389681
2019-07-28,0.004278249808681448,-0.0026735629961085845,0.0012734913771710653,0.004039119083018782,0.0005354073429540196
2019-07-29,-0.017160303993213655,-0.008988492549653308,0.006547977852732529,0.008720083682810553,0.0008218240504082777
2019-07-30,0.011542444795103992,0.001957757483978292,-0.009356624031970255,-0.0023035936530660076,-5.573146082267242e-05
2019-07-31,0.008040792091984997,0.004234067542264519,-0.011542219760238445,0.002017165242942491,0.00040735387976971666
2019-08-01,0.004503001435572987,0.006482049330633026,0.0031950849220047264,0.014423496913764768,0.00020529895780726546
2019-08-02,-0.004093910949046091,-0.009658686758201918,0.0017444462999354575,-0.0259583445086882,7.290680140313306e-05
2019-08-03,-0.001994076182438233,-0.013534623876478871,-0.008709354689338025,0.01465364510244842,0.00020361975149917703
2019-08-04,0.0015909934335973745,0.003332535823075953,0.0011324569340955093,0.012548795634898484,0.00016982891896619742
2019-08-05,-0.01658911458747725,0.012208145871322145,0.009298331636945562,-0.005656422223163118,-0.0002638320523178162
2019-08-06,0.005018708459434284,-1.706409395913947e-05,0.011455178923610851,-0.013072733857135485,-0.00013279777644793913
2019-08-07,0.010844285559195614,0.011272917334527788,0.0006671087395730049,0.004627515852611831,0.00011908205367690173
2019-08-08,0.003130203477556705,0.011935935269942613,0.006319730370992852,-0.005700359577767007,0.0005569065451093763
2019-08-09,-0.027155036965777087,0.014018452269744578,-0.004178339089061771,0.00739337200940696,0.00011806456876334698
2019-08-10,-0.0013023098553704977,0.009461297735517533,-0.006266978243886966,0.009151812441789801,-5.11673115402764e-05
2019-08-11,0.003844306716921633,0.00023716230073036175,7.905222242017692e-05,-0.006574062442143581,-2.9702662463511152e-05
2019-08-12,0.003752608372972949,0.009936393394351782,-0.0038275390481607077,-0.006114800563741585,0.0003241741711443052
2019-08-13,2.5964636444387546e-05,0.00804962728802888,-0.005621884812488627,-0.013323266320607636,-3.6928124797000245e-05
2019-08-14,-0.008526238281657784,-0.002539189955193581,-0.0030242921479363815,0.013083140602131269,4.019357921571689e-05
2019-08-15,0.002158377355866062,0.0020205310469830146,0.0015913381299136368,-0.0014074534675875328,0.0002917764816766157
2019-08-16,-0.008867727106972785,0.011633391479054926,0.0024702010279632797,-0.010939201516044224,0.0001901899203377741
2019-08-17,-0.009514814221828202,0.004420858280659701,0.020831395420974657,-0.01919267281405368,0.00023563982576058984
2019-08-18,-0.02005373272347261,0.0001331097546323063,-0.0016743820412813565,0.0018725751216613477,-0.00021592025885136258
2019-08-19,0.008937182434592733,0.011656176622986021,5.810162183964319e-05,-0.010439714274654817,0.0006316050781832337
2019-08-20,-0.008340446123296675,-0.022575769822753933,0.002416540436188126,-0.012265823892161272,0.00044233488232505054
2019-08-21,-0.004036980445807612,0.0049966045920271365,0.013157742206457998,-0.019851603828261802,-4.730106024270411e-05
2019-08-22,-0.0004771015557865847,0.014756096749609558,-0.0024776548924741334,-0.002325126961909136,0.0002815525065059474
2019-08-23,-0.006322206588073427,0.00016057939871659484,-0.010382372689175289,0.03340539452846063,-0.0002935361265505897
2019-08-24,-0.0033449134073291454,-0.0009866423952567859,0.016078473727152598,-0.024000095984649576,0.0007557604544294234
2019-08-25,0.00922882833144293,0.006030594708841415,-0.008875677422533654,0.010445579922991152,-9.692448569105692e-05
2019-08-26,0.015166311290357549,-0.0060793632111015,-0.005393369214192469,-0.007073237081905736,-0.00018008811577947727
2019-08-27,0.009044032317569551,0.007131808134763697,0.008689208183076617,-0.026774001803309556,0.0004661346465375408
2019-08-28,0.029603024389008782,0.0020087365912264048,0.00814080432260245,-0.017813531325238108,-0.00030131605505602835
2019-08-29,-0.0031570494169596594,0.009468044771338675,-0.004063433536375637,-0.0008650868803959041,0.00031789972989979074
2019-08-30,0.0004404242132505147,0.005768617633814105,0.0029550714158292405,0.003838789298166865,-5.209693944091721e-06
2019-08-31,0.0031053321924490855,-0.008233513538504558,0.008375857010565545,-0.014043711160004893,0.0004865059190685436
2019-09-01,-0.0023176713287960168,0.0014923749791505327,-0.002823225558327241,-0.007190763399455994,-0.000418595486071463
2019-09-02,-0.011893885145140837,-0.005620457116738892,0.004043997741004021,0.011623235058965642,-9.44802186599218e-06
2019-09-03,-0.009873524689237375,-0.01597103042252625,0.004018477448468506,0.013865844906327656,0.000529808924605491
2019-09-04,0.008678250413047013,0.00804713611768646,0.012789209428148337,-0.007345844401530624,0.0003344640996974632
2019-09-05,-0.003333622613493059,-0.013797241458013223,-0.006482077416333923,0.0048653061704817336,0.00015009797368915138
2019-09-06,0.02285351345962462,0.005703365084043908,0.004757005037849142,-0.014557078171694321,3.278370435826361e-05
2019-09-07,-0.01508336629144706,-0.010333765415876278,0.006590069580157322,-0.00014787799863787252,0.0004279501297436359
2019-09-08,0.002517078124330162,-0.0028186090866847897,0.016179361624427013,-0.013281819332462618,0.0004972632548056188
2019-09-09,-0.004270891906713132,0.005967088417708045,0.009626487812795187,-0.002239924866933007,-0.0006106400332861577
2019-09-10,0.000617474342010475,0.012030360854225096,0.006192066343284642,0.0016998912636934252,-0.0004115075644057367
2019-09-11,-0.007991352746269258,0.0022985591176853492,0.005887234470920827,0.011911713575723936,8.53236419812557e-05
2019-09-12,0.005134197088930578,0.0012945812360557725,-0.008615544698043457,-0.018530302856539588,0.000266707673575559
2019-09-13,0.0024319260743364507,-0.005397549981921416,-0.013995211720223692,0.015907809993014475,4.719543036413395e-05
2019-09-14,0.006894526784733011,0.01947649695936672,-0.0153071566399807,0.0038497221569299945,6.50052614970301e-05
2019-09-15,0.017359167325229116,-0.012023058732100345,0.00931571550519567,-0.011764612295933258,0.00010071501468506862
2019-09-16,-0.0019034076778102226,-0.0045701138790520965,0.008313431558567655,-0.016527544854275773,0.00023974762189815814
2019-09-17,-0.004072454570482706,-0.008173652212420014,0.020446742528617196,-0.009306645996080476,0.0003241128712878525
2019-09-18,0.013664303945078525,-0.010739492678210148,0.008995298782062828,-0.03795012821337598,-0.00011118627824545645
2019-09-19,-0.004944749415705975,0.004590866928187721,0.003969727128380421,-0.002002236453302554,0.00012717357258594118
2019-09-20,-0.010993025092766551,-0.016735445800742176,0.0061271193513002965,0.0053987658204334155,0.0006300211988626496
2019-09-21,-0.008802021961607655,0.0048378806964572045,0.0010049433851565678,0.01570734752797486,0.00045284039955421456
2019-09-22,0.0028661760906629787,-0.002619527290475442,0.006735266133417574,0.0012289782438731306,-8.462608228155868e-05
2019-09-23,-0.015069277143328222,-0.005957527696800141,0.015094430955258057,0.006090418399321273,-0.0002193978406207259
2019-09-24,-0.013204171597921041,0.009505438030803738,-0.0038865672267759596,0.01401756031336277,-6.309181258157547e-05
2019-09-25,0.01924964916390864,-0.003273971757139556,0.003960170434218128,-0.007149532696034842,0.0002103862935992985
2019-09-26,-0.022557026304232675,-0.02600517305823746,7.520536268097676e-05,0.008030327854465943,-0.00022345162237429885
2019-09-27,-0.012282767222650122,0.0028289443616938818,0.008254291953446626,-0.0025184824588716957,0.00037669282460987
2019-09-28,-0.013279279612404203,-0.0062248931579680835,0.01564996811531189,-0.006258018235614554,0.00017073708346100223
2019-09-29,0.027278043394470878,-0.00762068607461171,-0.001486917651512006,0.009216049927009749,2.8631751792469916e-05
2019-09-30,0.010422817072624964,-0.007197760592832631,-0.008914326942781348,0.006820101636298739,0.00038247724075652766
2019-10-01,0.01346804906557176,0.01804270391012611,-0.0007866951515387721,0.01090032072162902,2.3136489483411286e-05
2019-10-02,0.010917647976473993,0.004371199657302137,0.0017463844278095726,0.0004891993932007149,-0.0003744821885171997
2019-10-03,-0.012695646979697436,-0.0016819369912435284,-0.010146948208743274,0.02065546677427142,0.00040546670719916874
2019-10-04,0.0042175763108418095,-0.009863311775549749,0.008563628881755153,0.013345746818615537,0.00017727722726695313
2019-10-05,0.0063544924922192825,0.0033414900924994546,0.0033987886146659113,-0.004987038167231454,0.00012006566870444124
2019-10-06,0.010959908401416267,0.024985461599342368,-0.00959423909196395,0.005161106500057874,-0.0002408577233884195
2019-10-07,0.018958068168838136,-0.0015756728457280548,-0.016148528273830204,0.012413191518419058,0.0006803587403257289
2019-10-08,0.008138268147414205,0.0037518320675003964,0.002057349356262433,0.01154234981053875,-0.0001443945077109101
2019-10-09,-0.0008986935743071653,-0.0045139021779765165,-0.009450718050009008,0.0037584342866254627,0.00047985173118922245
2019-10-10,0.007007889279475772,0.007746069860500397,0.0008967476273919037,0.003788188998395154,-0.00012120987474918443
2019-10-11,-0.0032022367737783923,0.001207188535923959,0.003461391996352261,0.002565871020606631,8.73808626474617e-05
2019-10-12,-0.0039936943999499975,0.029619337868921847,0.013133481044380516,-0.0003946643159255687,5.749860834750346e-05
2019-10-13,-0.004853699251150019,-0.0022562954410674536,0.003448833672297746,-0.020325607378288764,-0.00036335887851591625
2019-10-14,-0.007017404687450027,0.0005384567506927267,0.00022749236282899735,0.018272303108777428,-0.0003359587193704752
2019-10-15,-0.008351346507955432,0.012906580859181187,0.005448994732179227,0.009927029913211398,0.0007770344392229068
2019-10-16,-0.007680768581736623,-0.0025564794820825856,-0.00035803554124899857,-0.01743821031837323,3.318657732290315e-05
2019-10-17,0.010672576569464019,0.0075289698733868315,0.0036788721147203813,-0.008907308476050571,-7.569882408902138e-05
2019-10-18,0.015196546398341892,-0.0015074219088208377,-0.0014573006569342018,-0.00193273912460837,0.000591349965734249
2019-10-19,0.01172550883323234,-0.009938307871883899,-0.013635056678693786,0.011565765066704599,0.00011068792679711416
2019-10-20,-0.004899766634969683,0.008782014945961166,0.00437479217990749,0.00040453188691214157,0.0003765753153194512
2019-10-21,-0.003966722531079773,0.0143094513252132,-0.0026973252806408517,0.0120972871362087,0.000582567275325208
2019-10-22,-0.015646108311810143,-0.0066088191966125805,0.012185391302256524,0.008435014406124314,7.693634409892939e-05
2019-10-23,-0.008157024921902605,0.007511293097293003,0.01286714592420567,-0.017555240634079306,-0.0002482447756144471
2019-10-24,0.0030298817836088353,0.006752639440443538,-0.0017843704399023563,0.008594587495445182,-9.271962602082896e-05
2019-10-25,-0.024239675524193052,-0.009220076535232862,0.005398866072940734,0.0009022941943234465,-0.00023397334569414242
2019-10-26,-0.020754638018986322,-0.009345114298708901,0.011101390687046422,0.01169404356098581,0.0005050469337206285
2019-10-27,-0.009103769967403244,-0.013021499014643636,0.004423159007513122,0.005749507456216862,0.00025699395923897803
2019-10-28,-0.023066939320252305,-0.01323871947476222,0.0037335089873662642,0.009333846503228715,0.00037263148340417173
2019-10-29,0.0020858786894078,0.0036736931949926353,0.0010008294382262977,0.006660012960930061,0.0002294957985260899
2019-10-30,0.0011708623225580796,-0.0022957167463289324,0.0002573003249658854,0.004805200637052446,0.00021519920962554247
2019-10-31,0.004842876647395777,0.014014409928176852,0.0033711499628900302,-0.008974245721392491,0.00040926235863210017
2019-11-01,-0.015516783165867465,-0.01369407594847574,0.004655710984339539,0.0064089874677191365,-0.0002612018936819366
2019-11-02,-0.004056556491917631,-0.0066664055425447975,-0.0036126965879806384,0.013738831801115816,0.00035348068529219526
2019-11-03,0.00018191384530008323,-0.00518203925459471,-0.011265118437883321,0.02300763619592403,0.00031745072952123703
2019-11-04,-0.00783069240688607,0.005303393213504517,0.0025226539083245832,-0.0011862525576785822,0.0002680311275669809
2019-11-05,-0.008236587949258523,-0.005030846964953457,0.0025041011614459104,-0.0042827661572138595,0.00034169441336657483
2019-11-06,0.022186684600622113,-0.0024914621031760158,-0.01885886805023354,-0.014520001178984944,8.355937111502364e-05
2019-11-07,-0.007323694952355299,0.0004800085461589426,0.0032353625225649708,-0.016166667272613476,-0.00044068229420004217
2019-11-08,0.003853539651122755,0.0021684742515519404,-0.0037190658379603917,-0.015269804061431814,0.00027942667279581753
2019-11-09,0.015227357848139361,0.005970729117665368,-0.00930691989308274,0.0032191074439133676,-0.00029933310960643985
2019-11-10,0.012734135117937044,0.0035482068550218345,-0.0163438121758283,0.005274883660924236,0.0002768786402524311
2019-11-11,-0.0034765432921652927,-0.0033605376975916405,-0.009067842239014013,0.013853917813616553,-7.329621858757606e-05
2019-11-12,-0.024726246760435583,-0.008816638020569933,0.012842471096215143,-0.005443721454967049,0.0006783661967858484
2019-11-13,0.005403913446934083,0.0044589874257428466,-0.0013941840200597752,-0.0005564320940028764,4.798173476394905e-05
2019-11-14,-0.0031178567493679193,0.004490831300472323,-0.005633340400918024,-0.005226598565532588,-0.00022282080695652258
2019-11-15,0.024244624816140082,0.01032803857360003,-0.0017732583402419138,-0.016382909108835275,0.00032728675110148167
2019-11-16,-0.000953749444086188,0.0019008725128222127,-0.006909268779044372,0.007701565734299484,-2.542635640827019e-06
2019-11-17,-0.008517597468059168,0.005296532291792331,-0.008908683351821867,0.016253316229971636,0.00034654524824444905
2019-11-18,-0.00984652155842818,-0.009967319648241279,-0.0005968505467048139,0.006218733833074985,8.280758392913639e-05
2019-11-19,0.0054574574472379764,0.01819566112371278,-0.0022320448162910303,-0.015915001756590105,0.00039109385745744225
2019-11-20,0.020021949358237225,0.008100632652694355,-0.01207339152845558,0.002059161374788953,-0.0002213494017630309
2019-11-21,0.007896538492996322,-0.011295823806563203,-0.005872054713654936,-0.00952958931280991,0.00017089840202037847
2019-11-22,-0.003864549045909341,0.0009188872715072187,0.0015645799893855502,-0.00959490924941314,0.0003284000967509798
2019-11-23,-0.00016354834881632642,-0.009520824909542843,0.016523802735242003,-0.007304892874952944,8.267984403682177e-05
2019-11-24,0.016897420426428337,0.02139799097226032,-0.0017325668466619617,0.0018821128498701894,-0.00018023925607937982
2019-11-25,-0.0013106083682114034,-0.002157639069238875,0.0017208638950349817,0.0029943070514296694,0.00030728176814977324
2019-11-26,0.0031742267464771527,-0.010949640403395945,-0.009678533179370563,-0.00035833011615596643,4.205495046231802e-05
2019-11-27,0.012650385225718295,-0.00846566820337691,-0.007070629586250354,0.010584898029577228,3.649985460617262e-05
2019-11-28,0.0057704019572182574,-7.214772566027715e-05,0.0008419126264994099,-0.0044228289351956026,0.00034105825583773374
2019-11-29,-0.01760117804474761,-0.007218770003707395,0.005893694459109385,0.0070275186485302355,0.0006011882570247926
2019-11-30,-0.004152202253056328,0.013411795997037951,-0.0017727286327322619,0.018457086598083945,0.00038843032407314554
2019-12-01,-0.010240597224120313,0.0008129972853304643,0.0025670220257265576,0.008730114944491354,6.0628440735606854e-05
2019-12-02,-0.0031758562930326675,0.012556456349040701,0.0022767623704622185,0.00984514299701058,5.997333488023287e-05
2019-12-03,0.019827896502209872,-0.002263033952407614,-0.009920779055449074,0.01686144012505894,-9.192559174353918e-06
2019-12-04,0.0190635291014181,0.01270556252498765,-0.003726125701924459,-0.02094566961686812,0.00012486768704110074
2019-12-05,0.0015891488515531007,0.011628359472253828,0.014273018002426762,-0.016382220139013425,0.00038330091696104474
2019-12-06,0.00932468559967469,0.012376000779396473,0.0038327757083657338,-0.024549369092300037,8.199891611557523e-05
2019-12-07,-0.013063743900847281,-0.004701238381482749,0.010556488468296663,-1.0691936066620548e-05,0.0004925670136895582
2019-12-08,0.004387529488119584,-0.011534625417719768,-0.022586963349881858,0.015812734709697844,6.357187752142729e-05
2019-12-09,-0.010980470526180652,-0.018692884139320718,-0.005739399200189353,0.0044531129738605525,0.00034068418155714503
2019-12-10,0.002603050531016971,0.01609331377553502,-0.006021898632929076,0.014837263376713124,0.000145850084719588
2019-12-11,0.008500369595004158,-0.002351193739221864,0.006238641488175851,-0.003959447002205385,-8.305267376695194e-05
2019-12-12,0.00026463501908692794,-0.002211537836307188,0.0037231567811393945,-0.014869290867544935,0.00012170746376731237
2019-12-13,0.005011634908678739,0.0014288598163604588,0.009889451297122539,-3.460913972027263e-05,0.00012859615145420977
2019-12-14,0.002930035971490625,0.003515497093994995,0.003281532386712799,-0.02166010511785703,3.598052471997624e-05
2019-12-15,-0.016894749357395895,0.008752115085344243,0.005418722079035551,0.0010687617125334122,0.00041341699011739985
2019-12-16,0.005326494797890413,-0.009698825126463619,-0.003161528904757555,-0.003446729442676941,-0.0004185238306219958
2019-12-17,-0.007639651454298842,-0.00335938734320703,0.000749620960154765,-0.013370750940062863,0.0004936929436018839
2019-12-18,-0.0007851374013395235,0.00023482404165441067,0.003674023055118942,-0.010129328800234122,0.00027469100169380816
2019-12-19,-0.0038730909953051894,-0.00942680198440984,0.004286149369312727,0.01345193693898325,0.0003592521744283649
2019-12-20,0.011161054382497553,-0.0025937261120840024,-0.015572795957083227,0.02344656105472567,0.0007780637455052815
2019-12-21,0.018384484838518726,0.0007299244094089271,-0.013357933592020714,-0.0070807399086387736,-0.0003993735295532165
2019-12-22,-0.0008466182685989562,0.015333737259120826,0.0017920494982782364,0.004186842180618404,0.0005642246990243251
2019-12-23,-0.004304526302356924,0.018737931014613587,0.02006990239758704,-0.012090635559592073,-5.095381383494709e-05
2019-12-24,0.008530307570043753,-0.001487204534268481,-0.011249744713134748,0.019114028123650244,0.0005140972940154084
2019-12-25,0.0022170792967974202,-0.011656305946254391,-0.011851340859647508,0.00832716235143042,-2.6492195822012146e-05
2019-12-26,-0.0035703025808470758,0.009126926578259949,0.008410328865603747,0.010999866187461802,-0.00018106460619302496
2019-12-27,-0.0035947598909011574,0.006587348809183718,0.005760259640337048,0.014294225204447043,0.00026340899297577086
2019-12-28,0.02194244906566355,0.009929730080102431,0.004732353560062919,-0.012648299748180493,0.00013545242971113353
2019-12-29,0.011020821068846906,0.017937948172943512,0.006110232877174127,-0.00668842087437453,0.000564772138113071
2019-12-30,-0.02514034820667732,-0.019033334779482318,0.008960890246400155,0.0007086810174538124,0.00032167125432491274
2019-12-31,0.001155361025704656,0.005789458389545775,-0.005540673585202955,0.0106984720935421,0.0004441635168746301
2020-01-01,0.014628942183470744,0.022568688192596678,0.002101569448500234,-0.0007894276707236568,-0.000348801850483981
2020-01-02,-0.005788255859194808,-0.0030560433548674337,0.00954602581351792,-0.011168356231069815,0.00038177591086948514
2020-01-03,0.0003858625700076869,-0.0015844226039707357,0.001892176971929885,-0.0052421589426475896,-4.181650194846876e-06
2020-01-04,-0.019462650378233255,-0.006504514848044138,0.0003344274983234255,0.0007140951137112746,0.00026225505379703695
2020-01-05,0.008080395838853253,0.0040034972076301465,0.006747127616561721,-0.0006183828032986951,3.801841654571425e-05
2020-01-06,-0.004989321085266948,0.00198994654694639,0.006376371793580258,0.012449618886599805,0.0005061366244470308
2020-01-07,-0.005905512848128552,-0.0022033806768879892,0.006711488875986749,0.008637008576581317,0.00042669996462801495
2020-01-08,-0.000339664264116132,-0.012116993799977438,-0.009459107753101582,0.009142855561663311,0.00023874330660021446
2020-01-09,-0.012399142682147016,-0.002177304598692075,0.008031532882987573,-0.01345431471346929,0.0004789937851662778
2020-01-10,-0.0039949500782125585,0.011307220355059523,-0.0011525585952898605,-0.006986120477801077,-1.3347207323918375e-05
2020-01-11,-0.0007040852429708009,-0.0038535557208813306,-0.0018690867919799038,0.005233266828144251,7.703594737309119e-05
2020-01-12,-0.0003657056262044321,-0.016509358508315877,0.0008471819619214021,-0.0025310307861133095,0.0006381469957512694
2020-01-13,-0.010544840905289633,-0.0196374700276447,0.004697744096211319,0.0023512771379936705,-0.00018667416502275046
2020-01-14,-0.017422786455019667,0.011136474257908232,0.017590624436217065,-0.03141375271207551,-1.337430719230661e-05
2020-01-15,0.019799097321415205,-0.0003198843389735753,-0.008629217270013935,-0.0028521974658171846,-0.00022209698070421897
2020-01-16,-0.01946253195635846,0.006028460759303119,-0.008457855059633439,0.016317648760757118,0.00041019867325315843
2020-01-17,-0.016507690913078413,-0.012391239911260458,0.012047447781718908,0.0016970785022384675,-6.347434146145812e-05
2020-01-18,0.01441565707668451,0.014745900300384735,0.0011139840417945315,-0.013103215640526666,7.282798489931513e-07
2020-01-19,0.0037422856930696704,-0.0009779003043265057,0.006601419073123286,-0.021665339954407094,-0.0003396963917979765
2020-01-20,0.0025126165800618033,-0.004159980429571276,-0.005975272350856602,-0.014977748896710554,0.00013710874339293506
2020-01-21,-0.00021004109022143493,0.006293300967707343,0.0018658656401072213,-0.0015348989086260872,0.0005016727354657015
2020-01-22,-0.01489060681983942,0.002030406203406084,-0.008880538678448947,0.0033029816125085855,-0.00025099871410832846
2020-01-23,0.00951744560344239,0.0014423059551206263,-0.001996242971214994,-0.012696448619994121,3.65578024069081e-05
2020-01-24,-0.008492589893541557,0.0019226403311285911,-0.00512724083254808,0.021214084370977253,-0.00039680585373656475
2020-01-25,-0.008994343268154409,0.014283351645380875,0.001351264378554757,-0.009862618109938812,0.00019995343735726255
2020-01-26,-0.0051354139261946714,-0.009111210984071022,-0.008545463772374595,0.03658905414344396,5.172097979607527e-05
2020-01-27,-0.022035616383490955,0.009730560809014082,0.012177059340706528,-0.008024387690179395,-0.00016295250622270894
2020-01-28,0.00825334961141346,-0.0005767915220164548,-0.017119547066235443,0.028853627416541832,-5.7417659996899725e-06
2020-01-29,0.017834012220930055,0.016168659191190333,-0.009560928167532078,0.01391761345125873,-7.423273576013029e-05
2020-01-30,-0.021349588621590247,-0.008609721827400744,0.007413786048341161,-0.003421819820096284,3.42412439806197e-05
2020-01-31,0.013731771478378162,0.003998764661620259,-0.009210551193146607,0.010359827482122693,0.00019321433219459885
2020-02-01,-0.02898177985117069,-0.0020193969603385393,0.010327623956015308,0.0027374285489819663,0.0004118116644573673
2020-02-02,-0.007431248770176277,0.001696742869366324,-0.009982634092244131,0.014657432392567636,0.0007461083631026299
2020-02-03,-0.011189199102129945,-0.009670706413965068,-0.004063155236854461,0.007605222162933302,-0.0002038725729299929
2020-02-04,0.005313938662476758,0.009336167455003718,0.004640553959273826,-0.022265182655995273,0.00044440073271696063
2020-02-05,0.011328752311048006,0.010459679820557339,0.002031158871713863,-0.0013909919727729716,0.0004561244766216783
2020-02-06,0.022821204556197468,-0.0042712659870252105,0.002389679666669721,-0.010151029061124644,9.010920864114082e-05
2020-02-07,-0.017501820152031257,-0.006440832427500124,-0.004237884923901192,0.003918928734886867,-0.0002149438172231335
2020-02-08,-0.004826773608143722,-0.004903710281009477,0.0014726868486208782,-0.016375752950058043,-0.00032434303982914855
2020-02-09,0.004622476283606691,-0.0066573985336211795,0.006553181137651454,-0.004050368355422594,0.0003220644945729729
2020-02-10,0.016844835604965032,0.0006524748372651426,-0.008396625887868549,0.010185584912272816,0.0002914340690204951
2020-02-11,-0.001778367651671212,0.01307035528807397,0.0011096325311279367,0.001937922546824501,0.00013763688765107207
2020-02-12,-0.010486906171595466,-0.0014508427678342516,0.013719124566569735,-0.0013693929800481037,0.0001407364406096585
2020-02-13,-0.0014804585548288873,0.0029130340098448087,0.0070329840352357075,0.0026124226908829287,2.642477461169399e-05
2020-02-14,0.004189735613307129,0.005560312792477256,-0.007863199139772624,0.007117733238136531,-0.0005497943560468415
2020-02-15,0.006028163717799245,0.0076913911527819265,0.0058864916437556996,-0.009142476055264668,0.00022829298439823838
2020-02-16,0.016999384153360986,0.017294677019848173,-0.001489217962486536,-0.0009162754804414041,0.0004808565021020704
2020-02-17,-0.017085441581255516,-0.0067208958747400505,0.014057897574194593,0.005638781297425162,0.0002472595385530832
2020-02-18,-0.01714406526713575,-0.004100913196178419,-0.0007365506543692392,0.009846282333228934,-0.00012396786338117076
2020-02-19,-0.011548920670311495,-0.0223244226183586,0.009297958565290074,-0.008741117714185483,0.00018044865038800635
2020-02-20,0.00037867910892291,-0.010165459826206135,-0.011387249843458177,-0.0029325079605632006,-9.682426728016661e-05
2020-02-21,0.004677156127524526,-0.006629143614426475,0.01185681398275876,0.0005214329876123836,0.00038556170694519404
2020-02-22,-0.0009897315273403354,0.014422384404209471,0.0010800973076507284,0.0011563943890201115,0.00018448932873681308
2020-02-23,0.008583740654423442,0.008011198194286896,-0.004371690670029087,-0.0039965652903325875,0.00033250286759990905
2020-02-24,0.008740060808739137,-0.0018840469080065188,-0.014770057346524937,0.005916906812088194,0.0003273445475864419
2020-02-25,0.021444917568098763,-0.006925395032986161,-0.009581871409394097,-0.004481754878292934,0.0005579909231368174
2020-02-26,-2.443007620558566e-06,-0.008703877672439029,0.0033120418697372657,-0.006980129444683119,-0.0002546933611592389
2020-02-27,-0.009999533033779264,0.01461651179846674,0.008134622976780052,0.0005424360794160311,5.22432524819584e-05
2020-02-28,0.003809436635272277,0.0035545657075140955,0.002188240036577337,-0.000779766043628256,0.0004045981360265053
2020-02-29,0.0006740177485405702,-0.009239935598707503,-0.006202181934793974,-0.016914747896632873,0.0007693397669115848
2020-03-01,0.01045922159917562,-0.005725653192578435,-0.005489153160453258,-0.006255271533915408,0.0006168090841514402
2020-03-02,-0.016142351089292604,-0.0023028408146295062,0.0031026898749613612,0.012120041084368838,9.819255349816341e-05
2020-03-03,-0.020085236583315617,-0.006667933334410962,-0.0034266682503274176,0.009879624571043754,0.000582675687460998
2020-03-04,-0.019866333923306743,-0.011912925846322864,-0.0009954276584019778,0.002689843362606683,0.00036407005311416674
2020-03-05,-0.0016177081786626578,0.003702255798328646,-0.003683377964026266,0.0064995237759062,0.00037593560733781506
2020-03-06,-0.00812938717511068,0.005834786502508714,0.003651096038639911,0.012144786766057448,6.751107563057721e-05
2020-03-07,0.004847750739352995,0.000684299492043712,-0.001597631209011308,0.0028419110321821713,0.0003000308411298874
2020-03-08,-0.014157548350878586,0.01083368014076846,-0.009161452600352313,0.005738942155907648,0.00010126041457510994
2020-03-09,0.005210319023318442,0.016342630999179576,-0.013141728076921438,0.004553873017136455,-0.0005389372010429741
2020-03-10,0.0007732813714839366,0.0028238863087055007,0.01310259480213267,-0.0076679775659363675,0.0004597893875007803
2020-03-11,0.007208743545882537,-0.0026147664756183703,-0.013092064150025909,0.010208499658477423,-0.000339015579536246
2020-03-12,0.015498981546760254,0.0017880093766425825,0.006113017935077349,-0.013941567150814073,0.00021563241911918697
2020-03-13,0.002844493513004249,0.0002138090339188899,-0.0038292354419386916,0.006479925242731918,-0.00016076162721673307
2020-03-14,-0.013689882019991282,0.009094726382506168,0.010898719610991115,-0.0012064449229554363,0.0006554229335386222
2020-03-15,-0.002715751901463511,0.012207620677904995,0.0042747316943300305,-0.01122856099693469,0.0007130303286044979
2020-03-16,0.011950411582099833,0.0014258550796071242,0.003246414680593781,-0.009916870447676408,0.0003921097793543718
2020-03-17,-0.027460639548983763,-0.015650494577832134,0.012432248401653573,-0.0034642919236647154,0.0001963220593813384
2020-03-18,-0.015290549697238268,0.01458374166821224,0.0158332146928001,-0.006499978496256107,3.485167395410316e-06
2020-03-19,0.012403672892481787,0.02179400770757251,0.008148665457162049,0.015437476159615061,-0.00015956098072949246
2020-03-20,-0.009144294035626869,-0.013369709630503133,0.003944344991096269,0.0012492437962154988,8.309227569717334e-05
2020-03-21,0.009835784741054681,0.014016602009077032,-0.01204146984021381,0.0010485509519741188,0.0003892733320728942
2020-03-22,-0.005046220087382782,-0.008729196700698192,0.008210284852627234,-0.01813346826496137,3.59636700173901e-05
2020-03-23,0.0042347480237410525,-0.004585172176506183,0.00467483492968529,-0.010699726611939998,0.0005746258180447238
2020-03-24,-0.0010606734481018408,0.006283133057834171,0.0074315126510624925,-0.010473617652593385,-0.0005158350867095021
2020-03-25,0.004608975047905913,0.0017212842036573252,0.0037818637391520606,-0.00596401272301531,-4.619601002441503e-06
2020-03-26,0.023811314735187983,-0.009064496094791994,-0.0013389981589045923,-0.013385886257406342,2.5192057367359817e-05
2020-03-27,-0.003290724249514287,-0.008404758827840106,0.004284141049881535,0.012298397270711312,0.00027899276910257415
2020-03-28,0.0016095658243677538,-0.009122114085970606,0.0025100087148341044,0.01991668151130577,1.1044845235582505e-05
2020-03-29,-0.003976914854325169,-0.006215786445997029,-0.003583003440702045,-0.025006577267686434,0.00025852653608991717
2020-03-30,-0.009449222479649796,-0.017495101665104505,0.0058301425299883075,-0.013625466595756499,2.4281655555957615e-05
2020-03-31,0.017494541610268036,-0.009804748238833257,-0.017790626446471117,0.009406225637727264,0.0004930068690931681
2020-04-01,-0.017942466257007354,0.0001385143626384139,0.009392974053643578,-0.02189629256450254,0.00038245666210176874
2020-04-02,0.010620643186611533,-0.0006964688582791636,0.007396649978974395,0.0034931042797628127,0.00016343147466197093
2020-04-03,-0.004856339599175188,-0.010371487402036209,-0.00044750010980031964,0.007427315118092939,2.8846267248204755e-05
2020-04-04,-0.025204705134797327,0.006885629415056734,0.009194975338452399,-0.0010276209767384296,0.00040093189642391984
2020-04-05,0.018172754633943498,-0.023081368154779153,-0.004511691077728155,-0.019535868713445526,0.0002881574140154061
2020-04-06,0.0018956133149910267,0.006571805989554145,-0.003110905696918295,-0.01689288888618856,-1.0900265771323535e-05
2020-04-07,0.0051461254250905406,0.010924678606356417,-0.008555807716398032,0.016845933041180313,-7.310820949222641e-05
2020-04-08,0.004628718241510142,-0.003884998879380259,-6.496085784310845e-05,0.008005391952324753,-0.0002555207266286729
2020-04-09,-0.007518796542331381,0.00021768422290449212,0.021182666998868185,-0.021330407543998973,0.0007735341551932911
2020-04-10,0.023764119832642743,0.004176733865785375,-0.007391269489689708,-0.0089273256457228,0.0001094706030898117
2020-04-11,-0.01598901213938048,-0.004108024586753725,0.015471638245289219,-0.012152032635767123,5.513135203760214e-05
2020-04-12,-0.019420166867096546,-0.0005010647816936507,0.007160206923674218,0.002443016141883476,6.265827947624958e-05
2020-04-13,-0.0030070109469547894,0.004235343705582621,0.0014697330646470095,0.004183320686293652,0.00019866560370675353
2020-04-14,0.013497076316144746,0.009446571243495747,-9.671630684735783e-05,0.012958478550283611,0.0002633245252084029
2020-04-15,0.015612672566194296,0.009223192506532094,-0.016751394689465845,0.022027822555354883,0.0001735288949710893
2020-04-16,-0.0002007140380227818,0.0027090645753776576,-0.001976339913062097,0.004664510511452202,-5.547105696607015e-05
2020-04-17,0.01525500922266533,0.0022030624557317336,-0.0062346559671084744,-0.009563064477711694,0.00021560879720505216
2020-04-18,0.002585290196693078,0.004335809521035955,-0.007812759009650908,-0.011086320807285483,0.00032799512009492086
2020-04-19,0.01770663650515266,-0.006069815264458972,0.0074319537081122405,-0.008378901531306342,0.00012872777512199028
2020-04-20,-0.0042282326724555255,-0.014204841280321324,0.006894435310330926,-0.01259612675101994,-0.0001146636350844852
2020-04-21,0.01196457647499122,-0.015551175617868713,-0.017240624679436198,0.007270871346848349,0.00022332829316124014
2020-04-22,0.006053813240969272,-0.00157530314495049,0.018508997659711608,-0.017431439653658815,5.826157565460369e-05
2020-04-23,-0.00888324468867461,-0.0006620391654100618,0.007259993966122061,0.010809610547014568,-0.00033812807085602036
2020-04-24,-0.0024620442966552143,0.003819770865310521,0.006136539812773958,-0.002652392034394461,0.00030179987244552593
2020-04-25,-0.00902282611566155,0.01312762193211881,0.012464155592953661,-0.018316315771698694,-0.0002076732498910052
2020-04-26,-0.011795964278370614,0.004055569784748699,-0.006281749419550061,0.005918498081264625,0.000274170803924585
2020-04-27,-0.0003663295831832871,0.00245724808566384,-0.0076738130947783,0.012677022100298141,-6.219121053318647e-05
2020-04-28,-0.00337832480690731,0.0016102677959799715,0.0021902205875317317,0.0004723947780737043,-0.00010547284504348192
2020-04-29,-0.00308615835168201,-0.0005973312286003217,-0.009919800540619354,0.0038034668555641934,0.00025306006526482327
2020-04-30,-0.01448236238913707,0.008094374579728688,0.015228211701676724,-0.017939110597588938,0.0005585623719130279
2020-05-01,-0.001268524230173221,0.003802945264713187,-0.002734208301483884,0.01298598234452897,0.00025885997414099395
2020-05-02,-0.00908330246474676,-0.013127912911055327,-0.011071441256483714,0.012237894810307962,0.0003112639271741944
2020-05-03,0.007991053813010006,0.000609774598368674,-0.010785849798217485,-0.0014545054342081647,0.0004939080859925014
2020-05-04,-0.005243053145986975,0.0003032168947352949,-0.006868143567942142,0.010798105577799722,-1.320470584719553e-05
2020-05-05,0.012603051998436605,0.01018626974517335,-0.00519931770088608,-0.00025860489682239034,-4.263291840910489e-05
2020-05-06,-0.01613717713177617,-0.011668127426283387,0.004044046260579718,0.005249928749021302,0.00017774057270072865
2020-05-07,-0.0031116063160470937,0.008368167208167814,0.002880510244934902,0.007682179470560726,-0.0004277342716141167
2020-05-08,-0.04530651636962552,-0.006898122528516881,-0.0007085996073229376,0.013242564240720883,3.580075686195431e-05
2020-05-09,0.018904177062612885,0.007931631324100708,-0.001907766989319679,0.005157783865921283,0.000247018211131372
2020-05-10,-0.004928962102023822,0.009313989679351901,-0.005790106387771219,0.010659157318845305,-0.0003564862871190599
2020-05-11,0.002781504160838216,0.0024942944459545825,0.01322342206939712,-0.02616059699554404,-5.830928968060997e-05
2020-05-12,0.009992224407361734,0.005405493764511247,4.4315975742633106e-05,-0.012359141032005246,-5.513790703141837e-05
2020-05-13,0.014914351018324624,0.0027285826970812922,-7.320469172791846e-05,-0.005348116690662356,-0.00024168453012780866
2020-05-14,0.011287299510205611,0.007300210109721709,0.016823115687572898,-0.025359770840328467,0.0003900384981800478
2020-05-15,-0.014879846333745977,-0.001620135327852502,0.01147263215764644,-0.024730976107697897,6.640471876137566e-05
2020-05-16,-0.006158830596804913,-0.008039203333099383,0.0035914827988161244,0.010957137755905108,8.897353148160211e-05
2020-05-17,0.0027994811249461176,0.0017398840059996098,-0.00014123435423585336,-0.01158354365182732,0.00048007961407747757
2020-05-18,0.0038449405590569156,0.0046669868982098135,-0.006331317663660376,-0.0005520671579939121,7.547532327183314e-05
2020-05-19,-0.017473780893341416,-0.019957935470703552,-0.0032497679543469055,0.012226299428430357,-7.476656020386258e-05
2020-05-20,-0.011468296658103195,-0.010259210733619469,-0.0020726573907687606,0.0011199409720882738,0.000813027526346904
2020-05-21,0.01269521008194704,0.01262692256789931,0.008322684212847733,-0.018984897873197487,-0.00025405628365493467
2020-05-22,-0.012494598860139644,0.010233449537628909,0.0007030737385818856,-0.007956576322222183,-4.798662118503204e-06
2020-05-23,-0.0023759241951626015,0.002119972334927475,0.0031883743619060185,-0.00948327601371683,0.0003469138451705914
2020-05-24,-0.007044338548560607,-0.0029695366061768566,0.007000732775315428,-0.009224201770986538,-4.837646135670066e-05
2020-05-25,0.007300004901553969,-0.006666774276731105,-0.005658824322733176,0.0073544626382723785,0.0007779306869020353
2020-05-26,0.007460088238263871,0.006188227285840304,0.003575266598768361,-0.015219177865680236,0.00016736193129966161
2020-05-27,5.7866089875300024e-05,0.003152031649762375,0.0016776598187229776,0.0035834532479624517,3.2849435802598487e-05
2020-05-28,0.0010877846356107598,-0.01155978141337794,-0.004360550038179438,0.01677877711784448,0.0002313675693511647
2020-05-29,0.00016095013129179068,0.018347892099302845,-0.007623215577103801,-0.0038733388941525203,0.0006704057692689862
2020-05-30,0.0009403862680882419,-0.0020964287610400812,-0.009777577128115908,0.011768941403761146,0.00030244112066956416
2020-05-31,-0.01235037094462785,-0.003948246775464879,9.534802956416022e-05,0.006871656405639858,-0.00022157830901959865
2020-06-01,0.014994838084404764,0.01206796844531189,-0.004454139396042732,-0.002353335182793726,8.7983442505327e-05
2020-06-02,-0.008665571709238144,-0.00608298983751133,-0.0006519913727956077,0.02022279151847958,0.0004291091226598807
2020-06-03,0.01129713868347105,0.006017631786594912,-0.010446226430676284,0.004455436627257506,0.0004366275136184708
2020-06-04,-0.014258934027874287,0.003130558557417665,0.022711838030902445,0.00031662871056819473,0.000576329695154364
2020-06-05,0.002949260869503142,0.009998242027741099,-0.00456144429163141,0.01217230474549861,0.0003370652694805209
2020-06-06,0.0037833590649630467,0.013530741179333373,-0.0027958352667271672,0.000641681167046765,0.0001610200977476923
2020-06-07,-0.011594226111418086,-0.00024801582043048936,-0.010446759475766168,0.022911286249802633,0.00014564177068291713
2020-06-08,-0.005665674296050246,-0.00921000556722416,-0.0016181125308709977,0.009902361305372934,0.0003034739429900096
2020-06-09,-0.007817510013530822,-0.009781877549421333,0.005880187541006599,-0.009671068804844007,0.0001498221861090988
2020-06-10,0.0018469867006226932,0.0034422654994510867,0.007139139730363986,-0.01818514264321071,-0.0004710062250549111
2020-06-11,-0.006208214567379536,0.016076377368780075,0.020364386791863986,0.008678721713744139,7.01689634804902e-05
2020-06-12,-0.02036383721920067,-0.02688729124118186,-0.0037261590546210513,0.0052866079571192515,0.0005406108761961562
2020-06-13,0.01051808392813537,0.004477820798108987,-0.008695778455455041,-0.00635590348074107,0.00021099507871988836
2020-06-14,0.008528127502658371,0.005637997362420519,-0.009156929896522451,0.011679401061514431,0.00026510172614349365
2020-06-15,-0.012072682234755676,-0.010095630370707322,0.007148811819958726,-0.004075485545676395,0.00063148673294993
2020-06-16,0.006244874672493569,-0.00331574407068513,-0.0019016879206237968,0.00014875994389691749,-9.846900312214307e-05
2020-06-17,-0.010230453881696374,0.004615525516716822,0.010254753156324344,0.003313494559794454,0.0006082327184210828
2020-06-18,-0.005909011694126649,0.014913877649457643,-0.00300636970593745,-0.004506339428062904,-0.00042338256188882733
2020-06-19,-0.004790494146771287,-0.005836652065600553,0.0047092314155105,0.0007004826871243497,-0.00024479891195702683
2020-06-20,-0.0041720322056629944,-0.004430007672246832,-0.013423609153690012,0.0008778992527009588,-0.00011183109211710521
2020-06-21,0.017112091095637133,0.0055392377646844735,0.0020875750673153446,-0.02189687638118374,0.0005070945873960227
2020-06-22,0.015567681201877258,-0.015893604565993067,-0.01172979405728833,0.007447731225669865,0.0003339156661647059
2020-06-23,-0.007502350945389093,-0.004505393683662464,-0.0032806382725484506,0.006110874536379924,0.0005080281749040163
2020-06-24,-0.008580889825151101,0.007853346423129874,-0.0025103838436321274,-0.0029333902258170817,0.00038878545056094933
2020-06-25,0.011148920486997178,0.010626055992156882,-0.011248654523426282,0.0010800212587248382,0.00039016942217666537
2020-06-26,0.0008888865509560158,-0.010116840872246664,0.00207090229543936,-0.009776611833635707,0.0006961745798061525
2020-06-27,0.0184081969058883,0.00979265567356493,0.007960887094634888,-0.009738205587489819,0.0003720425302715111
2020-06-28,0.017625973228719297,0.00616981950575538,-0.005194748977156489,-0.018904985428007226,0.00010476778158677804
2020-06-29,0.010000857130276009,0.011288961977683878,0.0035357689696716523,-0.009951415024483991,-0.0004916878878314106
2020-06-30,-0.005366427596164914,-0.004038218366408807,-0.001493973354381774,0.009488826239998601,0.0007563816628324456
2020-07-01,0.001844359436411413,-0.0016542894633625686,-0.0025025522409830754,0.0028557075004021553,-0.00012993563123671385
2020-07-02,0.0018055444395769797,0.004770554572794843,0.00223176764368037,0.0035761116117948855,0.0002675700364410737
2020-07-03,-0.02024475296364375,0.0018555597911948745,0.00034379520379185214,-0.004300081332044013,-0.0002169172466136952
2020-07-04,0.005457214466598059,-0.0009392064908659619,-0.01454554593665655,0.014140813047867963,-0.00032248155946193354
2020-07-05,0.0020342266758014735,0.0027733141751497712,0.007202122077889745,0.013616689015702557,-0.00029888025933692456
2020-07-06,-0.00020676340697509815,-0.0026666316825223603,0.0033312282482678597,0.00018195477858361865,1.991075191293959e-05
2020-07-07,-0.0047334701323847005,-0.01172934949981319,0.007414252717392227,0.0004081687016161386,0.00042002219197260365
2020-07-08,-0.003212565053106016,-0.006975296156731428,-0.008551342627300833,0.01085675595081475,-0.00019655170083710178
2020-07-09,0.02194890491929676,-0.007874819043856923,-0.004322315539967477,0.01199942809697562,0.00031964791857352296
2020-07-10,0.002452046588137409,-0.008769182636586775,-0.012656989888474824,0.016075939304884185,0.0006053441710638845
2020-07-11,-0.0047095540111580115,-0.011942142241151692,-0.01987164559353061,0.0049827556291165065,9.515384046984558e-05
2020-07-12,0.01904079157225154,0.010593026590355324,-0.00041993946785674047,-0.008694374291009449,-5.272755488069865e-05
2020-07-13,0.01678604488548274,0.005559129383182686,-0.01968718480819853,0.00262131448583903,-0.00013936026086147993
2020-07-14,-0.00596134673611203,0.0041925113787151455,0.001583105065112458,0.0009679912625331093,0.0005446575403124283
2020-07-15,-0.007711729182395044,0.016359319073941975,-0.0005094278176790543,0.006004395660007677,4.2381573665125345e-05
2020-07-16,0.001843076710477746,0.004718622708880003,0.0039863678174408175,-0.010424624012784031,-0.00022273249762745021
2020-07-17,0.02957648711446682,0.0016913781925779515,-0.0013584991726056385,-0.025088361535508013,4.288265234784111e-05
2020-07-18,-0.001077607579370452,0.004367003289784972,-0.020291266187548857,0.01772138856794873,-0.000231182138443442
2020-07-19,0.004184655875403504,-0.009053075601217087,-0.008975881492673346,0.0018475920355889854,-0.00020050024688982845
2020-07-20,-0.005137071164111698,-0.012556850181173732,-0.014920028566365278,0.022476299649735694,-0.0002772645866955306
2020-07-21,-0.0016775681104865795,0.006937999834985612,-0.003070469784622206,-0.004686487204138467,0.0002022106809172116
2020-07-22,0.013433056006554886,-0.008360005692669639,-0.005611661911962696,-0.018924469573259925,7.105705832849153e-06
2020-07-23,0.0008033800347098883,-0.008023934486585272,-0.0048132339140302795,-0.011848005724865919,0.000155229861561622
2020-07-24,0.012707721951599981,-0.007819357624421406,-0.009079972557533254,0.007351050223474263,0.0005127250725925419
2020-07-25,-0.016996729693195545,-0.0052150502303452894,0.005952852730799273,0.00030307300275114084,-0.0006491637926398131
2020-07-26,0.006244417061468083,0.01601569391884411,0.00216191280978972,-0.012384143859358892,-3.066751009657916e-05
2020-07-27,0.02103115991799346,0.013300319874229085,0.0021571068515475167,-0.0030104709458226354,-7.728623587770504e-05
2020-07-28,-0.001932675496991141,-0.0011230327791830663,0.004924746666019032,0.01333960351899074,0.00048319578471832733
2020-07-29,-0.016136607946347848,-0.001246179391657771,0.009951864501461667,0.005086090568990196,-6.7237625529568e-05
2020-07-30,0.03436551265399623,-0.004929217469701463,-0.01770177639995031,0.0038153026408685475,0.0007976826735638268
2020-07-31,-0.009340173099353897,-0.004515482658794017,0.010420134079283964,-0.004528955662107167,2.5562072998714858e-05
2020-08-01,0.0069965937731759735,0.0041606887843299335,0.007321070381526414,0.006862463236186324,0.0002276492557750032
2020-08-02,0.0038045872504826155,0.0029162831487984345,0.0036456968870087524,-0.002521242356429776,0.00013076072703548133
2020-08-03,0.014350140194049111,0.017715342516498426,-0.01244628121743176,0.006572729249143223,-8.596597621554942e-05
2020-08-04,-0.0032192698941536377,0.0032322583991441847,0.006885016004240075,-0.004244856001458485,-0.0004716931784649545
2020-08-05,-0.010841787210919178,0.0063652730841662055,-0.017665237599010324,0.03000379085726041,0.00029512439656118804
2020-08-06,0.01574335237524961,0.0014883665915535582,-0.01974410490773689,0.014203943787361454,0.0005324303778663116
2020-08-07,0.011181381593376727,-0.003958428526899477,-0.0024763136189902227,-0.007408142912006699,-0.00012709230020717648
2020-08-08,0.011538769154367025,-0.00903638958114649,-0.011122938575632733,-0.007774004448872608,-0.00033843146887847753
2020-08-09,0.0021110600916955926,0.011684722081695178,0.0001300208790623523,-0.014945995332467302,0.0003955100437195254
2020-08-10,0.02004976930412744,-0.0019063871415396427,-0.008847986703375698,0.005451614910468952,0.0006417945945932787
2020-08-11,-0.005653335629259567,-0.014007337717666851,0.004466363652074148,0.006191867147369876,0.00013288360631282488
2020-08-12,-0.006099669848694736,0.008321041026516613,0.007295893970639523,-0.009973308134292197,0.00014641576782361242
2020-08-13,-0.015347908699537303,0.003373511475454792,0.002586560617050562,-0.0004738490980380022,0.00012059789140563976
2020-08-14,0.0008745039867753593,0.008851733243970922,0.00612724383896778,-0.004976273255081185,0.000371485239087774
2020-08-15,0.005074915622718968,-0.002987021278738855,-0.0024612703087929537,-0.0012462578786373365,0.0002900947453730238
2020-08-16,-0.0038724846275398927,-0.004548644299189035,0.016090351452068982,-0.0003994261676731966,-0.00010861431013088217
2020-08-17,0.007058453771516,0.0026881784026412995,0.0020210262219025974,-0.0015920946619046282,0.0005056545939274894
2020-08-18,0.004432588423774983,0.00038862991335506403,0.007460642827230362,-0.0038665968232528083,0.00016921453696739508
2020-08-19,0.004064351351496123,6.24453204602947e-06,-0.000674604326490375,-0.006511497386946834,-0.0001056430543034072
2020-08-20,-0.011232482100162977,-0.01577228606551446,-0.006359997786385874,0.005485232315783627,0.0001634313665415899
2020-08-21,-0.00275690235625023,-0.023250019595556157,0.00973304214779403,0.0035280171854156837,0.00027135353699734227
2020-08-22,0.022634476198428285,-0.004545542391076207,0.008793493095229433,-0.023976722322116985,0.0002061477593857675
2020-08-23,-0.014440416738464619,-0.0029010549308445465,0.006491955007959736,-0.0012652617483520248,0.00035580264090963337
2020-08-24,0.0015586668515683618,-0.004661159217450971,-0.005338825977339636,0.011916202712557673,-7.495700386426319e-05
2020-08-25,0.011072780779116533,0.014188040031295727,-0.013455980695289534,0.019842955497855485,0.000779924530447298
2020-08-26,0.0033415896927319975,0.006527418760376597,0.008665439573985993,-0.009113543913898063,0.00018836525481029351
2020-08-27,-0.014910794018396423,-0.0018070664268282307,0.007668360396120189,0.005194180524665694,0.00046652962610701517
2020-08-28,-0.008624708751054493,-0.00693366823322555,0.016326897915342423,-0.010666814722423375,0.0001939571017903342
2020-08-29,-0.00037616672770391334,-0.007958303675160342,0.011943076276553501,-0.014314393368770642,-0.00022410918479663612
2020-08-30,-0.004848122279293425,-0.020285044833149555,-0.006871438063474331,-0.0050564816229626145,0.0003254241202100933
2020-08-31,-0.0074431433888795945,0.0070071285582844365,0.014307468258233605,0.0015513252872072802,6.311144670958257e-05
2020-09-01,0.0020492967848517343,-0.01421818548170089,-0.0035512137798016184,-0.008031791352095936,0.00034964463490862977
2020-09-02,0.030387372768435787,0.011345464430500522,-0.021305150351369918,0.0031000499453594376,0.00016953339600035456
2020-09-03,0.0014228170034883425,-0.006698503105045555,0.0007936959550088195,-0.014237561059971506,-0.0001666658918905218
2020-09-04,0.007930826000875153,-0.008054059468356132,0.00126092418868961,-0.01821395808504946,0.0006868202852193704
2020-09-05,-0.008618505893545363,-0.003955083193429706,0.004423978603778933,-0.0061296687324973835,0.00017612101303796207
2020-09-06,0.007109914274341808,0.010816067189351932,0.00645704259321367,-0.007264512153350646,8.476771328338244e-05
2020-09-07,0.027781048898503316,0.015126284858572453,-0.011597553801065854,0.0021670767533962364,2.5392214426582762e-05
2020-09-08,-0.0011724103443878108,-0.012058424550557603,-0.004599486885792417,0.02207538194800057,0.0003133442716961661
2020-09-09,-0.028626995450302235,0.005653891993366131,0.01697050821277594,-0.005414173636207026,0.0003568691620646757
2020-09-10,-0.009610594498054391,-0.0065432903622831716,0.013497663944318335,-0.009529013887309888,-0.00045795773761385627
2020-09-11,-0.0003329678134200496,-0.0007878885186512705,0.009705841038967572,-0.006314307359291474,-1.8335658589041612e-06
2020-09-12,0.012583746506680727,0.0038914189878711688,-0.008201789163834072,0.014760311793266038,0.0001919501032587385
2020-09-13,0.00043886084126135513,0.0018487702307714972,-0.008010795743685866,0.0008032954659387885,0.00013208079446382247
2020-09-14,-0.0018638302231124178,0.011905018198206014,0.004343654080805881,0.008148112515482803,0.0001339116394865441
2020-09-15,0.012714647107993826,0.006586291213232411,-0.0017718278492733584,-0.0019366988430256514,-0.0001696675293857146
2020-09-16,0.006312309339588824,0.001000871777793346,-0.00512357944042446,0.013834272364812003,-0.0002628286535268014
2020-09-17,-0.0045189649479299415,0.00897984107589221,0.0053230320310227106,-0.0014421990118248151,0.0002100110658775426
2020-09-18,0.0024956375352635034,-0.01404268268022024,-0.00533922786022842,0.019142728154977962,-7.671520166704972e-05
2020-09-19,-0.0033046877427440513,-0.005884639956892112,-0.0005177879282863147,-0.004706726874158047,0.0002842615437481233
2020-09-20,0.0027042335848251465,0.008072640997988767,-0.007438339828855779,0.002212071614641285,5.985643469943384e-05
2020-09-21,0.0057148275191343904,-0.006383528270863254,0.00506608933000954,0.006781234177138149,-0.00018051313217051968
2020-09-22,-0.00531582397542104,-0.006220669241390055,0.02143508353798863,-0.018330189681155434,0.0006593547277452269
2020-09-23,-0.01435644650982355,-0.012562012789793965,-0.003540491981724519,-0.0022465341810980048,4.65722110556676e-05
2020-09-24,-0.007855271641293226,-0.009532650418353036,0.009894837822429906,0.007902440480935968,0.00042995267323399003
2020-09-25,0.006511395735493732,0.0023245991229390553,-0.004924781109481796,-0.007876426441718569,0.0002452852807461721
2020-09-26,-0.013272614707390454,-0.012371749743586563,0.010761713182825124,0.01591331143512349,0.0002548287056475352
2020-09-27,0.013299307984387249,0.0005109004801942427,-0.013562937543149207,0.012364324802688778,0.00031026166350200533
2020-09-28,0.0012399803933878678,-0.002030460933009306,0.00724696654948217,-0.015686669512856643,-0.00011276559298527088
2020-09-29,-0.011343615135988505,-0.0015625675687727892,-0.00572847058327509,0.0011059815826724763,-9.13397266730638e-05
2020-09-30,-0.0026323427341709855,-0.01485532595901345,-0.0007293022390573034,0.013563982391866137,0.0001736281518982159
2020-10-01,0.018367171460273547,0.016817959455591336,0.004471715472298947,-0.0064078686617924365,0.0001380393371071231
2020-10-02,0.009306011573508861,-0.0017470136234001813,-0.01722553468279755,0.014861092447179359,-0.00022530075125648573
2020-10-03,-0.010807940165335502,-0.0022649210981865323,0.0018751984222677499,-0.012282753433359512,0.0001830773241399269
2020-10-04,0.01166406132769058,-0.00834284592326644,0.0060833474543281986,-0.024977515128827794,0.0007978468012997811
2020-10-05,-0.0043880279114529245,0.0005069716573231684,-0.013505353818834751,0.011143697705238697,0.00020291750253009506
2020-10-06,-0.0005993630352091541,-0.005513829900647721,-0.007934455440835327,0.01778582585430174,0.0001406557164060679
2020-10-07,0.018360543088954757,-0.0011129313579475197,-0.007952222650738477,0.008595725695997737,-0.00038023668256499205
2020-10-08,-0.01373682431118777,0.007684041545446717,-0.004328159988406741,-0.010117189557814476,0.0007194831259052634
2020-10-09,-0.01583865597168825,-0.0015668440194704146,0.0045472553696749764,-0.02715485658446193,4.675543279570072e-05
2020-10-10,0.0056305271285951464,0.004657239814518726,0.00673921468397196,-0.009844995653651796,0.0003553701859291284
2020-10-11,-0.007628613281931901,-0.015180943173365614,-0.010476332810045993,-0.006208770666935402,0.000448942071211969
2020-10-12,-0.01724593325594391,-0.0010007618825028245,0.0023414717791654586,0.003404926359666854,0.0005604483082204579
2020-10-13,-0.004704628799977028,0.004930072499953286,0.0025308236485037435,-0.0008534042572841574,0.000855374562649237
2020-10-14,-0.016392497273391298,0.008963922843365852,0.01099715756343765,-0.006116557075433617,0.0006441394766265429
2020-10-15,-0.021132937006573434,-0.009499877814908986,-0.005480398101088355,0.01492783281624654,-0.00021962985773986963
2020-10-16,0.005451647819051083,-0.0005921277331842416,-0.004980670879126056,0.006323039055408717,4.6344522176853286e-05
2020-10-17,-0.012282084683557109,0.024415039472795858,0.0033694181892583775,-0.0187096120526706,-0.0001342837752828735
2020-10-18,-0.014363959703633156,0.0049352387100032435,0.007203256206608105,0.004776861338794381,1.4406259034256946e-05
2020-10-19,-0.002850759220082321,-0.004142781576011162,-0.000309979250842066,0.01005962524878617,0.00023680618610149922
2020-10-20,0.006233029102623371,0.006185653737244644,0.006679050559959481,-0.0027566797930788835,0.00024397889985276796
2020-10-21,0.014258996409027,-0.003324005890917025,-0.010600612272202579,-0.009358343960448913,0.0001885650531560833
2020-10-22,-0.021198456759526585,-3.1809859655057934e-05,0.004726545597336803,0.01608926505017294,-8.068167917735027e-05
2020-10-23,-0.0019646899937679294,0.010435762485915602,0.013353275833298461,-0.014597599374545942,0.00018820808743385907
2020-10-24,0.0038358925785434606,0.004460479702273287,-0.0020610989804567053,0.014623721494898411,-0.00046424827015655083
2020-10-25,-0.004503049669237447,0.0033958144276987007,0.005555388440318841,0.012545486839646965,0.000508357905358713
2020-10-26,-0.0029229129514575895,0.01194335693528115,-0.0027488756742940403,0.014430890626268372,0.000701213359642173
2020-10-27,0.014563604601490964,0.004169398962793138,-0.005348057091378851,-0.016119916652664608,0.0002287631731129796
2020-10-28,-0.01259187326094732,-0.01029142234987839,-0.007610128994740838,0.004376248984175539,0.0001221428434465902
2020-10-29,0.0035934401265816035,-0.0049792803668134555,0.007035759422277477,-0.008443387696241023,-0.00011715686435324245
2020-10-30,0.003041950395416038,0.019612844123171467,0.00526309329575198,-0.006185790687759945,-0.0003501527244704236
2020-10-31,-0.0021522483484995784,0.0018450333310303356,-0.001959899062420592,-0.014655499517575044,-0.00013695053505058023
2020-11-01,0.017355814342362295,0.017565749521657657,-0.008315401897775037,0.009528670772998581,-0.00024026315362984908
2020-11-02,0.016770529861522308,0.005984637853043524,0.004516769764078522,-0.025768597673244496,0.00034438800605283125
2020-11-03,0.0003153290988076995,0.008317940732387594,0.008743106359095733,-0.004399702283596329,-5.829116730529535e-05
2020-11-04,0.00949126681674259,0.0014873660102671616,-0.008776486944927345,-0.005821989584920614,-0.0003343106775138624
2020-11-05,-0.005542122579074982,0.009483901752393177,0.004571067705439211,-0.005568680140037203,0.00038445817305453176
2020-11-06,-0.009296841213588721,-0.0010255473872179894,0.0010238242125555712,0.010962732909460551,-0.00036582786073911154
2020-11-07,-0.009503361502877566,-0.017776329189008944,-0.0022084301327677156,0.01626274449753373,-2.824852590651886e-05
2020-11-08,-0.0055466999837819695,0.007257086388998482,0.011262202379762035,-0.005989748487527804,0.00034661728842951217
2020-11-09,-0.012145963556421103,0.010726791509988731,0.022008878018999586,-0.004811553890215583,-0.0005255503714120355
2020-11-10,-0.006100800309375015,0.004643764407965766,-0.0007933964319895719,0.01694513742798653,0.0003162045063682564
2020-11-11,-0.00782843617241505,-0.0013199785139714328,-0.005038381225231211,0.004726248327635785,-4.372807059309326e-05
2020-11-12,0.014095323834135821,0.02344214027263487,-0.010871894529561107,-0.01422107295546533,5.37303266011685e-05
2020-11-13,-0.01729070976892031,-0.003205896367831638,0.010027655816682326,0.014416341132289673,0.00019438570449550354
2020-11-14,-0.0018462506556233011,-0.019419359069735777,-0.0021316877801085547,0.0015162768906304277,0.0003322048605853601
2020-11-15,-0.007851890829677079,-0.005828530468234816,-0.010365010505649022,-0.014004124613940204,-0.00021819138467700874
2020-11-16,-0.017895665301043345,-0.0005355035420971725,0.0005841659297064366,0.0003632804234137189,-0.00017910858423180408
2020-11-17,-0.03726724720873313,0.006619111726150138,0.002768981329430118,0.007273298324914501,-0.0003272955778299755
2020-11-18,0.01173154538995191,0.003927632028125733,-0.008585675628821373,-0.0009235086922953749,0.0006595293725195413
2020-11-19,-0.00044561689196412184,-0.0018059517423107464,-0.007345078587890857,-0.01409764713469753,8.054493685195376e-05
2020-11-20,0.004197934347452371,0.011533587722221262,-0.016734024032199073,0.0005322240486850441,-5.1963869253429575e-05
2020-11-21,0.0003641964276168876,-0.00127936875322646,-0.0009841180063463453,0.005268392657556224,-0.00015355820620469528
2020-11-22,0.011291157140934987,0.006628563534414368,-0.004042577018287828,0.0171367817279538,0.0006211773531757088
2020-11-23,0.011276635361468236,-0.02664159547718962,0.00570676804903325,-0.0016418037382959648,0.0007629117004476574
2020-11-24,0.014826056183461387,0.018416634587152002,0.006411903302991388,0.006908295793133922,0.0007590423216039487
2020-11-25,0.002928470163132302,-0.014485776594433508,-0.005187557486936414,0.00596330752773075,0.00015453975292065584
2020-11-26,-0.014122552307465903,-0.018693414039699666,-0.005001264907664214,0.015493748601546922,0.0006287126214979031
2020-11-27,0.01108635342092533,0.01259808900701181,-0.0011563054208514187,-0.019403837634789388,-1.242862484452406e-05
2020-11-28,-0.0026108538610504217,-0.005306991977432854,0.0005198771934517882,0.00512825839888942,0.00039962691103014784
2020-11-29,-0.002836420457603854,-0.018911606667737137,-0.005827602984021612,0.004278976537899143,0.0005161006741862658
2020-11-30,-0.006212416510354769,0.0036535168369265687,0.004703930548294821,1.0938133638642791e-05,0.00042404282733241944
2020-12-01,-0.007296618347667197,-0.007060444049005989,0.0008923335918515378,-0.005108271953116838,0.0002909612125112659
2020-12-02,-0.007906713160685867,0.0005332685251449009,0.001549779203926888,0.0043462879358979,-1.3852547468892827e-05
2020-12-03,-0.0035469407253580147,0.00020848479903193704,0.0027933592440415873,-0.0003410667577881347,0.0006680910345934156
2020-12-04,-0.011141191614542178,-0.0029569657965432218,-0.009840543719270107,0.014968000280366172,-0.00022031726021180944
2020-12-05,-0.0028386392620979063,-0.004151114673930769,0.0025484947368893244,-0.0065901702825043,-5.6551289304532676e-05
2020-12-06,0.0171380961341864,0.0064421510329848415,-0.0074474555536741364,-0.0018187914109983004,0.0006491904788258262
2020-12-07,-0.0023358271479904567,-0.007100736600575022,-0.00568155508232581,-0.0010593774488846057,-5.629680101612068e-05
2020-12-08,-0.01450813202159842,-0.013891051448503028,-0.00484119644908267,0.013708291928051312,1.0873922306081798e-05
2020-12-09,-0.002009480653493779,0.011851365806308063,0.012891837974838189,-0.009929797485359191,-6.77509476777904e-05
2020-12-10,-0.009669226490696703,0.004652340721003446,0.0018179376117667977,-0.0011709029104850057,-0.0001253278710044039
2020-12-11,-0.008564856987713988,0.001296254305081485,-0.007772724953252225,0.019571750427559893,-3.71928769378726e-05
2020-12-12,-0.0013390811119527403,-0.013129824180470106,-0.0015681332370352196,-0.002639245113113188,0.00011517847499007187
2020-12-13,0.017555916982359126,0.0055014659249309275,-0.009548327154036855,-0.005367964604315188,0.0003184010851650926
2020-12-14,0.015539609602466148,0.006075326328450373,0.0027771644355983854,0.00032468126319153557,0.0005779156585864006
2020-12-15,-0.022315575946970964,0.0017058827030033978,0.013923446539726764,-0.015991898545758717,-0.00014800687607180593
2020-12-16,-0.009510179069847703,-0.009013350514146404,-0.0025756362632538346,0.007216632779261223,0.00040361426705731555
2020-12-17,0.013006326556145446,-0.005256523445333346,-0.01050472421115678,0.017074417822659057,0.00033465757322106564
2020-12-18,0.0013704608653088203,0.004894725705054519,0.00046713688826278727,0.005713358813751995,2.5101321085094198e-05
2020-12-19,0.0035373889625463536,-0.013761309920764452,-0.008232809210171796,-0.0031725949149893308,1.3030604618248983e-05
2020-12-20,-0.01039273516267058,-0.0073201943847346984,-0.010251047088067572,0.016441185895358083,0.00010496306537614587
2020-12-21,-0.019467564852940034,-0.012161293065437314,0.005896369816423608,-0.00414503949146674,-8.856354546376657e-05
2020-12-22,-0.0004645340357890017,0.003252631685431972,-0.01045300397565126,0.014327439898498292,-0.00012111630941058336
2020-12-23,0.00019583107338568025,-0.00025896979301563824,-0.003985435597425479,-0.007441981447589077,4.0969576289449585e-05
2020-12-24,0.01934620624494076,-0.00895124181134496,0.007377454329347947,-0.014879152252106323,0.00014209333013529517
2020-12-25,-0.012259662202007223,-0.010009775125662836,-0.0022105500098406378,-0.00575756398209943,6.514940956917618e-05
2020-12-26,-0.0043385624627095085,0.01695022261320971,-0.0051739842340520785,0.008450605623172477,0.00020901662205764727
2020-12-27,-0.012068651644004039,0.004082707428470446,0.0007993873488326968,-0.021806286763668286,0.0003387854733727517
2020-12-28,-0.01261196058503958,-0.012749683034155329,0.006859359483259306,-0.005130118819872195,0.0004200234369738334
2020-12-29,0.014507922111487168,-0.00307698468395076,0.002413924908527307,-0.01430522348186569,0.0008343177816085312
2020-12-30,-0.007670892907171975,0.008291140927949673,0.010182217044244086,-0.00014861179900525523,-8.024886290995055e-05
2020-12-31,-0.0013596100206484934,-0.02100389023762621,-0.0009373800592346889,0.003257821050004666,0.00017300074559618866
2021-01-01,-0.03424586451584139,-0.019468348019031564,-0.00012577991271187596,0.013189005900371913,0.00022208557011272858
2021-01-02,-0.0015790099248736839,0.005825291668060812,-0.006523321995722476,0.012742443194632422,0.0002804820888449649
2021-01-03,0.004804748736662867,-0.0006878852661372354,0.013431501300039093,-0.005683566933395962,-0.00017404474758975777
2021-01-04,0.0032984902267858204,0.00799652648114349,-0.003940199665993772,0.014491395300399666,0.00025128168782964275
2021-01-05,-0.026894257133533845,-0.0028137825359756496,0.003369387439973729,0.012423401801993231,0.0004283521013717715
2021-01-06,0.0026791617806588134,0.016660657029391897,0.0008239048248374283,0.007227323064928285,0.00038448546065865684
2021-01-07,-0.0007296987283949548,0.007389819752919908,-0.0030766757897383074,-0.0007257895648905119,-0.00028244269919223166
2021-01-08,0.0032181207127551016,0.003862128951007704,0.009399262750030644,0.0013371918100716048,4.1250212216033795e-05
2021-01-09,-0.013325631754770275,0.0013667445863398077,0.01261665680284989,0.003909848888872766,0.0004725306944299108
2021-01-10,-0.002064578474266504,-0.004897066578585615,-0.005811188357631327,0.004340334732953695,0.00010619860696760552
2021-01-11,0.0028133632674974076,-0.0006047882362157735,-0.0015867038530073287,-0.007490030144780248,0.00042753449281276225
2021-01-12,0.0012964961011372122,-0.001363737072547687,-0.006179021201435212,-0.009569362040397655,0.000542922378245591
2021-01-13,0.0068684684881732475,-0.014142644887707537,0.0023422086863303954,0.0048312118571873005,0.00017012717721938262
2021-01-14,0.019028993799224698,0.0061920393715126955,-0.014728060658351865,0.00925846846455108,0.00020808778060507548
2021-01-15,-0.006626002006998781,0.004153215115146019,-0.010592177081247087,0.021198500655809516,-0.00014562995816528543
2021-01-16,-0.011073706258176897,-0.003420754775770333,0.005934379422052951,0.0013093037510157023,-0.00010296326922814341
2021-01-17,-0.005493154406000889,-0.01205144478784749,-0.0020329987989153495,0.013927412551874845,0.00012960968180234859
2021-01-18,0.010420293628245782,0.016291157427578012,-0.004414624288916184,-0.00012678596359533533,0.0008148138522297828
2021-01-19,0.017237002215156838,-0.01239608962909451,-0.0029576337393716636,-0.004308373058677817,0.00039126064304618807
2021-01-20,-0.008277149568950965,-0.00981803827706817,-0.004549307112283757,-0.0004014752834776905,0.0003877553551520945
2021-01-21,-0.013360843862156933,-0.008812297111044665,-0.011913100305096923,0.02330117457254343,0.0005312892323776782
2021-01-22,-0.0034069206506337503,-0.003558203575521477,0.004147596097575205,0.013792553995349673,0.0002596526691764663
2021-01-23,-0.007724325336495809,-0.017209300379216138,-0.009329661221723948,0.00891928367661702,-7.545638734347766e-05
2021-01-24,0.0026768969474275347,-0.004716420391206032,-0.009513109297756398,-0.006322486455579752,0.0006230477966097496
2021-01-25,0.010764940310494091,0.019016046598866892,0.0048485614861312355,-0.009227350830877801,0.0005477655929360926
2021-01-26,1.9390572093360575e-05,0.0021729571996360066,0.0002725522023189663,-0.030420823175575214,0.0006363964003202808
2021-01-27,0.006126875041542584,0.004527241805511666,-0.0010381619540481125,0.0013851133728351266,-5.717280090315158e-05
2021-01-28,0.007590318845293547,-0.0109353263893855,-0.001893951040470584,0.004177612317635253,6.837748556190332e-05
2021-01-29,0.004726819771665267,-0.008503700756010337,-0.009897486185424555,0.00774665202354272,0.00034467543313524676
2021-01-30,-0.02144474355311954,0.0004925392100058832,0.0014398911129720785,0.004657932408697684,-0.00029095610743651366
2021-01-31,-0.009519904154847629,0.007318496340815332,0.0040808910804380205,-0.0025557629911532246,9.426199860746256e-05
2021-02-01,0.006105989830984928,0.005589324615878251,-0.0009695461534141911,0.011208975058544887,0.0004366193802303585
2021-02-02,0.005222160090128507,0.001681858213427523,0.004424127407039487,-0.0009573103173970115,0.00046507299770928544
2021-02-03,0.010888164357127677,-0.007447594091487758,-0.01222726371379607,-0.002372349685845494,0.0004384071689315986
2021-02-04,-0.017965392739222142,8.990042831704716e-06,0.007650989462524568,0.013194165169761345,0.00018775372943567284
2021-02-05,-0.015248872170041682,-0.012460594722372442,-0.007217181002842158,0.003951351601548317,7.334380216575916e-05
2021-02-06,-0.013177182440575443,0.011399844516073168,-0.005092877204709977,0.02385512770830839,0.0005042436481257047
2021-02-07,0.01087349410680713,-0.00432363804682032,-0.00043519709819566114,-0.016636167719769484,0.00041786112883315487
2021-02-08,-0.0004574496799632376,-0.004001734017197839,-0.009922245697727716,-0.01856827776671425,-0.00019615724215434462
2021-02-09,0.013373205898184148,-0.0009861889069944258,-0.004580923849972199,0.006154636561629362,0.0006996846192410281
2021-02-10,0.015846239727452027,-0.005946456975654279,-0.02000739005722421,0.033890917936001796,0.0008456175632550664
2021-02-11,0.0026009821361454334,-0.011647805193956307,0.005390709659086811,-0.0065254955405169264,9.536667207323041e-05
2021-02-12,0.01082869991702766,0.005575009612804827,-0.010940177184113185,0.001950627606846735,0.0003391959795023752
2021-02-13,0.00635119261867415,0.003921684632624043,0.006678232543851515,-0.009843009607146118,0.00018722807048017565
2021-02-14,-0.038933914845975394,-0.012605639825641836,0.014092486368336125,-0.002014290963570277,-1.5895444391639707e-05
2021-02-15,-0.01173223142441686,0.0072050224108769715,0.008695054862371916,0.007524353119737294,-0.0004127539110747723
2021-02-16,-0.0014651075900268557,-0.0029716917635170268,-0.0020489128881469427,-0.00427313356004078,2.1939782044401115e-05
2021-02-17,0.010306441133101973,-0.016193047332098698,0.009172776948876575,-0.006062517507383521,0.00011761908709013603
2021-02-18,0.010972920520514216,-0.01160792182857451,-0.009576446901664523,0.0013673237145496618,0.0005610634690962835
2021-02-19,-0.00013710481519019452,0.004348471075850183,-0.003666682418107188,0.008755003004345235,0.000659233196676382
2021-02-20,0.012006534980806373,0.0018191270283434069,0.0028859683118465334,0.0006686208367751661,0.0002905124995907411
2021-02-21,0.013363360274588912,0.013537686228618371,-0.00194572333651388,0.005536143606888624,1.0288822628486875e-05
2021-02-22,-0.010352635726440535,-0.004766980524041462,0.0015137777835135605,-0.01503960917988639,0.00040193166631289793
2021-02-23,-0.03184538452437246,0.01940386878827968,0.023214903205528194,-0.006471380536383366,0.00013392140545478222
2021-02-24,0.003935567211320505,-0.004796887674446235,4.733729782512586e-05,-0.002813069774490486,0.00010125926604625599
2021-02-25,0.002519491824358305,-0.01207997721580739,-0.0019601820619415916,0.001624207016757865,0.0001715361969800698
2021-02-26,-0.0021105091254810557,0.010555490201792157,-0.00032315185979671466,0.004880754602858679,0.0005395626965743301
2021-02-27,-0.0005202800573168509,0.001996260511381103,-4.338691439680493e-05,0.013914532375560625,4.977677420113245e-05
2021-02-28,0.01536085369649732,0.002322033923684453,-0.01001284022403253,0.009993450802782421,3.4991033262114814e-05
2021-03-01,0.007636020177429714,-0.024632350653331952,-0.005503836258682933,-0.005298246791311066,-0.00020394262665368373
2021-03-02,-0.006042655942885293,-0.006778411496871026,0.00033680644964175215,-0.012734460349618577,0.00023056925818779663
2021-03-03,0.01632649865341661,0.0062338017204905845,0.0035556326442512344,0.0046065734341380355,0.0005204099699974883
2021-03-04,0.022199179790591637,-3.0429392249252776e-05,-0.01098773020880641,0.009278041977500831,0.0003540352713382532
2021-03-05,0.009444407834998723,0.02026411067908377,0.0011984794935125647,0.002966285193686215,-0.00017784089306127675
2021-03-06,0.025289590540740748,0.0021969434672941698,-0.00816730561360972,-0.005443347009830952,-7.217072184623587e-05
2021-03-07,-0.00809602786287225,-0.0067349944617122156,-0.009560047686606331,0.0012224371682142434,0.0007448180603963168
2021-03-08,0.008978016755819137,0.010880440684397953,0.009047799686551544,0.011312235756078565,-0.00042699327832522997
2021-03-09,-0.013928178570815002,-0.010678787898500004,-0.0016351618977942255,0.0021430710975769885,-9.832315042026737e-06
2021-03-10,0.002960567052922554,0.0010128252112534895,-0.006026171795957112,-0.018861802747574933,-0.00018177186654413013
2021-03-11,-0.0059960129550353045,-0.003620775601536909,-0.007727379809340552,0.00259562819239918,-0.00022527516260514966
2021-03-12,-0.001061524813059887,-0.01052748322004766,-0.007839977438170595,-0.008237963393816883,8.260420636272832e-05
2021-03-13,-0.009692737733673846,0.006709723467451973,0.006976951545101321,-0.0013651749345800802,-0.00012023194049432445
2021-03-14,0.004839309235364327,0.00773011351035492,0.0014088063678085341,0.015486563563264175,0.0002757245282036496
2021-03-15,0.011051853245965698,0.0036874536832478583,0.003422839630131392,-0.013650515877697465,-1.3429532197632314e-05
2021-03-16,0.004476211422330362,0.004293110845022171,0.00384114433001469,0.008225738575294928,-0.00031787135072141334
2021-03-17,-0.01095141510716385,-8.531854984644241e-05,-0.00271882302170853,0.041604551105769466,0.0002933887926858474
2021-03-18,-0.0005080983346892068,-0.005035508069489863,-0.004194016649020358,0.003541706241743274,0.00016622337441050467
2021-03-19,-0.0049175663512967555,-0.003641776689924384,0.011558915904704217,0.007985541286907972,0.0002103356229578009
2021-03-20,-0.015226150979422044,0.001979135037398062,0.01669760927086471,0.008108611945327934,0.00036227478130367935
2021-03-21,0.016981543304395927,0.00418081590600544,0.0016359579832070509,-0.013070923329880546,0.00022300734688129357
2021-03-22,0.015899027125754823,-0.002245062075264288,-0.010886686532561104,0.0038857895685947296,5.9560497301004635e-05
2021-03-23,0.007969867507330508,-0.0026258316395195045,0.011442003723723313,-0.02421613730653172,0.0005258417207581127
2021-03-24,-0.00850871802343184,-0.019084073646853387,0.0012680684965779567,-0.002107674809952344,-0.00021854171903559462
2021-03-25,-0.019189843961788876,-0.004137302034963336,0.012151075394546223,0.0038750342298606785,0.0001488132964895912
2021-03-26,0.005985205833537387,0.001056221363675916,-0.012367840192185961,-0.007356739158954258,6.696030929425257e-05
2021-03-27,-0.0014674761657268375,0.00792816732149313,0.007883277488366413,0.002442983287795896,4.267162433420342e-05
2021-03-28,-0.01568522675001711,0.0006626891125465267,0.008467742226488103,-0.025388374630798773,-0.00013183944655027768
2021-03-29,-0.00764871987205387,-0.0004520006103412418,-0.004230768976612955,0.005684732699733089,6.464010780192455e-05
2021-03-30,-0.0014499508512046042,-0.007172923389490015,-0.005551636992413403,-0.00703421261114055,0.00025066237252275946
2021-03-31,0.007060337446294968,-0.00587841592789837,0.009591550861872213,-0.012653906683378381,0.0006129155500395164
2021-04-01,-0.007078526910154892,-0.02100095598571538,0.0019047077275166934,0.002050637579136175,0.00014178540821756252
2021-04-02,-0.007079754120059942,-0.0018042341804881195,-0.002278200871617558,0.0011755291116251313,0.00039604162430055903
2021-04-03,0.002551611920517555,0.006463475200333972,-0.0011787310294190897,-0.0024380894144283584,-0.0002323604664748489
2021-04-04,-0.003907609470861389,-0.03279939031556533,-0.008605956781354925,0.00396171278994783,0.00030849289402355164
2021-04-05,-0.0027263844438667993,0.0028089765917502056,-0.01583330450991351,0.012553944236348955,-0.00039804127574848553
2021-04-06,-0.013676691975788862,-0.004683313425591982,0.013055628494301362,-0.0009173808057743504,0.0001366946053068503
2021-04-07,0.00017715660941512547,-0.006798863757566798,-0.005149849079775193,0.008002630422653177,-0.00030539516761567164
2021-04-08,0.007316157220182541,-0.0021413873179698772,0.004623225702840236,0.0046173650857562875,-0.0003960195499533652
2021-04-09,-0.006372924818040384,-0.009564875217768883,-0.01397441110371971,0.0009643751234300606,0.0008998756968160557
2021-04-10,0.00750793207850042,0.02012053644856722,0.008127406113317378,-0.013677394298532847,1.070575665154204e-05
2021-04-11,0.007262341003321359,0.005807423001376512,-0.005196954398774995,-0.013436114357707411,0.0011664998180953606
2021-04-12,-0.0012401829088476992,-0.003363383839694037,0.0009470366300217707,-0.0026321386677205624,0.0001696083533889653
2021-04-13,0.015402722782381039,0.0021289761041881593,-0.012451582890443668,0.002891049082744266,-1.5320431193571743e-05
2021-04-14,0.016998744257338137,0.014956113511763446,-0.0007784737511231608,-0.016552397166123115,-0.0002551673884785922
2021-04-15,0.0005810069522739886,0.003405763727979977,-0.0022966806851933445,-0.002723505064782454,-5.5761827188153434e-05
2021-04-16,0.00013213092422651135,-0.022893938559482956,-0.012093250643213637,0.0003822326317248269,0.0005112801382331817
2021-04-17,-0.009079344627802551,-0.0001588269126378144,0.004317850262426852,0.01404228722250841,0.0005286268844995157
2021-04-18,-0.00026537220689672387,-0.004598351298646694,-0.005637959616742549,0.0016993019822307235,-5.755275743741237e-06
2021-04-19,0.006856682908759631,0.005555087717214174,0.0041088436405090495,0.009030422336253457,0.0007177010024150309
2021-04-20,0.001857577196707472,0.011032726724707797,-0.0012282296044396188,0.014315410149956413,0.000465296338607745
2021-04-21,0.012156745399914307,0.0035427437169874543,-0.007504084806607625,-0.012411539577087937,0.00011834184591781983
2021-04-22,0.018270343798900805,0.0009555478774563264,0.0020432565034153023,0.0019006320575696758,4.159962012511591e-05
2021-04-23,0.01574531904144927,-0.024628401667627402,-0.017248336611733354,-0.004302930077964049,-0.00012723358291080207
2021-04-24,0.004323538253168294,0.0037587939762426157,0.002896539796077464,0.003610706600286999,-0.00016830242969828087
2021-04-25,-0.013791745744872607,0.0009151759140905183,-0.0011029724764082926,-0.010484946665926581,0.0004368970731334192
2021-04-26,0.016663146408725602,0.01860474900674313,0.0005118520605370622,0.002988496672106075,0.0005624203152316068
2021-04-27,-0.0070702365111315665,0.009234586476494389,0.005686719653168886,0.009270016334855033,0.00018956617309077094
2021-04-28,0.015511213917119735,0.0055065172275448465,-0.014484244192111254,0.02160227744424006,-0.00016749175002392478
2021-04-29,0.015007782725707639,0.0023752545688908687,0.006177785370510479,0.0031941602469425815,0.0002664346831238233
2021-04-30,0.006331183974212057,0.0054652328967865395,-0.016374932529660467,0.012023184850622027,-0.00022057479250886167
2021-05-01,0.002399760544058588,-0.010461609133699661,-0.011355647966461605,0.023754448861586536,0.0004677966463385925
2021-05-02,0.00035648461508974467,0.0018972941984024805,-0.0014772993264178906,0.0076386709338790845,-8.198472936279068e-05
2021-05-03,0.011985716109952506,0.0001606731164196239,-0.006031697497530507,0.0011224800198710678,-5.5241369084209574e-05
2021-05-04,0.00423519464438715,-0.004233737097845043,0.002242706219792553,0.009838212395269719,-9.561265427975214e-05
2021-05-05,-0.0011169520156271006,0.004247927821763033,-0.0022211535558021986,0.007790575252246532,0.0003058865790158477
2021-05-06,0.013028991285678814,-0.003017506388026737,-0.0109313642692351,0.0005459689036105869,-0.00017386095489792432
2021-05-07,0.006983370112825484,-0.009664206759061732,0.015434631646257864,-0.0003102858145664301,0.00013491337606043782
2021-05-08,0.010513294563238717,-0.013488588754122456,0.01544789016345661,-0.021682416536258863,9.299926299950917e-05
2021-05-09,-0.02122410753923895,0.0001952854033549549,-0.003115083047328394,0.010940616781563717,-4.047795172488491e-05
2021-05-10,-0.012155163079387273,-0.01030637201228813,0.0034777377430437444,-0.012410314904781315,-0.0001049011262322733
2021-05-11,0.008134486603424433,0.02685751776578995,0.0062573981680738334,-0.013714962830199424,1.5322286097713594e-05
2021-05-12,0.0007728971683816932,-0.0031618268882345046,0.006717450342540229,-0.002622775846526022,0.0004168990044795719
2021-05-13,-0.0032597360245398416,0.012118427439888719,0.0016926944713245953,-0.00862657646328123,0.0008167438396131084
2021-05-14,-0.020863354627069626,-0.011533281021702544,-0.0012727065831540897,0.03361113304154289,0.0007000594359094447
2021-05-15,0.01781485794679434,0.0006577130027766875,0.015085527441112828,-0.012400382462838358,0.000438761409908915
2021-05-16,0.0024989147304402305,9.740405282056832e-05,-0.002330746440716709,-0.0008228572783551291,0.0003226092353883192
2021-05-17,0.004684073323119948,0.0007373849326202911,0.01114770088093751,-0.040189350301041926,0.00029155176841459733
2021-05-18,0.008769220308733039,0.012966205354098492,-0.0003901350358774231,0.001331133971594109,0.00044149693188058777
2021-05-19,0.017782672899782265,0.0009411336986923026,-0.0019333552552930713,0.013702264307037214,-0.0005380532643741854
2021-05-20,-0.007636579095546362,0.012536329861334046,0.012812402400866587,0.0005227412171237101,-1.0342352996182188e-05
2021-05-21,-0.009871866743218128,-0.007764767701445797,0.01376096687008167,-0.013498456119710095,0.00016289761197727762
2021-05-22,-0.008378875073028294,0.006373383404275023,-0.0008745435593015956,0.003548170291031517,-0.000399263153038186
2021-05-23,-0.018397277579554745,-0.0038135587190503448,-0.0061896017802099725,0.03286651007064781,-0.0005183663662691595
2021-05-24,-0.008920404676704284,-0.0017031184752745448,-0.0006446511595568975,-0.007801839802239312,-0.00017076652824403286
2021-05-25,-0.011140226190611719,-0.005101167608277692,0.017694750502919836,-0.008238814655686206,0.000503531014363808
2021-05-26,0.006313015865616788,0.01212278284392047,-0.021532047987166278,0.011971470529187428,0.0005426613404214248
2021-05-27,-0.006258192821071517,0.01568933044348007,0.016059694836666413,-0.012388899630320045,-2.7529230975806095e-05
2021-05-28,-0.011407703868279332,-0.008462544879414106,-0.007948774898600838,0.013744161303759217,-0.000327659156993134
2021-05-29,0.007440608869925664,0.007682035238518059,-0.0135145518950501,0.024836616829566522,0.00029272410286595627
2021-05-30,0.009141671113832236,-0.005318834267638606,0.002055376066014432,0.007288366781049985,9.989365464897559e-05
2021-05-31,0.023734975230312146,0.0055329514143487675,0.004207787674158289,-0.006824426127280966,0.0003153743289538817
2021-06-01,-0.01907278487116814,-0.0004558855391205409,-0.0008221197585860969,-0.0014557386906501337,0.0006802932484443797
2021-06-02,-0.0020864961691511676,-0.010073766146575003,-0.0036383657455526463,-0.010802386730439694,0.000582583537100647
2021-06-03,-0.0077026351089946495,0.003496815766082394,0.013481842990817897,-0.011566866593207725,0.00029852369615494
2021-06-04,-0.011599762692868054,0.02113376957360406,0.013933965991740665,-0.005630328547010622,-0.00011246736389695415
2021-06-05,-0.0009237430449874472,-0.003433097259568045,0.015401505553679305,-0.023516118797569076,0.00017341083838136055
2021-06-06,0.00019105182594934115,-0.001050130479447133,-0.0008009957068788855,-0.00028860561354258977,0.00040594234400525685
2021-06-07,0.007501808537599554,0.005679356226095232,-0.02470095610693115,0.019578614810418126,-0.00039052500093096854
2021-06-08,0.007936915416953731,0.015944951312368397,-0.006520015855773211,0.0014002713631155737,-5.782692171881054e-05
2021-06-09,0.014802365940030739,0.0041168521374011805,0.0108720127589897,-0.007532122441754862,0.0002073170099148888
2021-06-10,0.0011996372412277638,0.008179701427576706,-0.012473369766493082,0.0108354592214851,0.00010888982496087203
2021-06-11,0.008858723700222988,0.00012313635574986848,-0.010145717512123955,0.004985817595250199,-0.00021011032725324924
2021-06-12,-0.022032060220782,0.0023437083697830934,0.010753653979552904,0.005232822336523678,0.0005413362595936247
2021-06-13,-0.007345456290457238,-0.01531945810411391,-0.0008625055192635446,-0.0015613167853614216,-0.00013434583297005926
2021-06-14,-0.000525792511134066,-0.0059657486954872675,-0.015056878195057882,0.006359646733863239,-0.0002269721532342825
2021-06-15,0.0031043664284877105,-0.005618829464243507,0.007392141544797135,0.010430141348553731,0.0003449373998046562
2021-06-16,-0.01767074922805731,0.010773211976903731,0.018873156293599563,-0.0059727165789690536,0.0005476349551368307
2021-06-17,-0.006024407515648011,-0.019230767171542457,-0.007270958513550252,0.024057532558332557,-0.0003386936503329935
2021-06-18,0.000399182970068689,0.0004548381005505339,-0.0038120744888719233,-0.0014723079597012921,0.0001537087192415137
2021-06-19,-0.006146624389117021,-0.014976221916348485,0.001144661172136106,0.011543481079266997,0.00040484197991583654
2021-06-20,-0.009031817970844933,-0.013945953159994211,-0.001914870052738243,0.020012085755893055,0.000334296662360476
2021-06-21,0.008608699078945911,0.010454198786280362,0.0030922099009340984,-0.0022966241415137974,0.0003395594452539859
2021-06-22,-0.005960205761056311,-0.014863221223001648,0.005131989968214588,0.010335991629457295,-0.00022125757376494282
2021-06-23,0.009983356436747469,0.018369704900290856,0.0006555859552405267,-0.010073663977876837,0.0001696996210439096
2021-06-24,-0.006011108431148346,-0.007186327113731288,0.004068698873038088,-0.017965798586669336,-0.00032384248092474894
2021-06-25,0.0006295759839898959,-4.000271349876501e-05,0.0028239198414944516,0.017956690845848704,0.0001638712080919352
2021-06-26,0.007375803069839582,-0.007785828178434209,0.003259094059050461,-0.010592801951287036,0.00015344782874270857
2021-06-27,-0.0008637495859428056,0.00981092613983626,-0.008315306067096203,-0.016197087161142144,6.372740022090146e-05
2021-06-28,0.005864980467567201,0.0027602365645942656,0.008978776717021608,-0.0030658078048315493,-4.6643150388072215e-05
2021-06-29,-0.02669546269034167,-0.007946261181615864,0.013844830559377524,-0.005479394970904862,0.00013987242556608804
2021-06-30,0.005315254104132368,-0.008608945463630623,0.002502095225477344,0.013283004942443874,7.652129138792308e-05
2021-07-01,-0.01275324713697027,-0.0033242635922594538,-0.014639131278291185,0.0185696267031701,0.00027340541995531537
2021-07-02,0.019932467391481475,0.0024268827556638635,-0.0011191025475625219,-0.014132123447240052,1.8688390306166233e-05
2021-07-03,-0.017369603647693847,-0.0055452732680910406,0.0013416745197984358,0.007942811964669708,-6.546217425188914e-05
2021-07-04,0.0013760606725832202,-0.002878418463724679,-0.003150223470747433,0.0028976322165616473,0.00014371590806707427
2021-07-05,0.00927541152803101,0.0008583491803412612,-0.004687536770562887,-0.0010030913219798317,-9.414565763129446e-05
2021-07-06,-0.003789607638549564,0.0188057329193675,-0.003015384191077448,0.0028841433830777805,8.904923944232275e-06
2021-07-07,-0.00247575248031929,-0.00368020221886702,0.0025188714874154546,-0.018798710984872027,0.00045763068848218364
2021-07-08,0.0077768214935570665,-0.01027655143448987,-0.02124821384468029,0.0020130627085637957,5.4519629943784023e-05
2021-07-09,0.03047523749213655,0.011782811576180217,-0.019806725092555055,-0.0014187901172685465,0.00011419203892450164
2021-07-10,0.0033611658411963645,-0.011912035829456253,-0.003525104894593357,-0.006762212349598551,-0.00021669888858379127
2021-07-11,0.0034300648019304106,0.008230791729409728,0.007363489435937596,0.0008910418458042309,-2.5704296951123044e-05
2021-07-12,0.008732056645699947,0.004883335791008457,-8.849358930520859e-05,-0.0082764349398265,-2.5548888732207693e-05
2021-07-13,0.0012658332083948958,0.02382393698078306,0.00610756731273094,-0.008397838076214829,-0.00013122565063621787
2021-07-14,-0.005326239276952241,0.019885943667374516,0.0016008691599809317,0.012616470417525517,1.2546113294993773e-05
2021-07-15,0.0034485816277683456,0.008406940443329925,-0.0037847824164433967,-0.0038036171462973614,0.0006534472224988697
2021-07-16,0.011879113556406085,0.010196632851616852,0.005128062251548812,-0.00132533872860281,0.0007664920241836129
2021-07-17,0.0009164650653035683,0.005799324731002822,-0.010511721983635886,-0.0002823030084775254,-0.0002472700527577177
2021-07-18,0.015252577341583046,-0.021301669821640962,-0.010111098018688716,-0.030795906783631324,-0.0001308786951599208
2021-07-19,-0.005316710311249782,0.012251393531070508,0.006682532418953244,-0.010084591955567967,0.0004666993939318769
2021-07-20,0.0006125772975773462,0.0005333878356757837,-0.009306345886408576,-0.003303107683322877,-0.00012892884084365772
2021-07-21,0.0009462171489729529,0.0009931779191765847,0.01240008717045859,-0.004620679296735568,-0.0007218506528364865
2021-07-22,0.0034655665712891677,-0.013193319508621636,-0.010324350433224331,-0.0030002016359937304,-7.797955227524522e-05
2021-07-23,-0.015621097899441827,-0.0013337947495099876,-0.007171278240598166,0.014531010635807903,0.000835532042851116
2021-07-24,-0.015087461726531479,-0.005922644536918062,-0.01682900425894791,0.013977822877656153,0.00033338925585933916
2021-07-25,0.008803022746811728,0.002665681598297872,0.005514590172299675,0.020594625328240083,0.0006702776633011991
2021-07-26,-0.005684647149956751,-0.01515749529721673,-0.003911453961953383,-0.006191358054213872,0.0002731134960129333
2021-07-27,-0.013360754899519631,-0.00351393047683973,0.0096963810234442,-0.0034353915454708056,-0.00016710845681113413
2021-07-28,0.014095932836337482,-0.015057530068710955,-0.008242985828429368,-0.00014388662276996193,0.00013596313735929794
2021-07-29,0.0025082457201656113,0.006458922960772175,0.00038476612422163106,-0.0038278822774048507,2.573804403649204e-06
2021-07-30,-0.006721784904077212,0.006194935506759961,-0.00217123102054825,0.01383296266335344,0.00013693652938072355
2021-07-31,-0.005669891878525955,0.004789561968032608,-0.0032976890553084053,0.011967562766985637,0.00019795481119533928
2021-08-01,-0.00654474912326785,0.0037376303143138744,0.006828738839394093,0.01028946600626967,0.0004352600862813133
2021-08-02,0.006130022467125693,-0.009517204278530013,0.016585942876543604,-0.029194603794698706,0.00042994217713128024
2021-08-03,0.005430902355572739,-0.010115092532144158,-0.003675820392884692,-0.00045774717584590483,0.0005421722835784478
2021-08-04,-0.007908095266152645,-0.0041722907048343996,-0.016873044215156074,0.033164892612695875,-0.00020621342350278114
2021-08-05,0.00421454992422572,-3.6843242916768406e-05,-0.0015669432515050612,0.008746211090267235,0.0006573505768430207
2021-08-06,0.0033356451378593324,0.007065762820057635,0.0031534239333011523,0.008505770157467741,-1.4852573564193278e-05
2021-08-07,0.01293726081695084,0.013504743889289227,0.0077205695344534685,-0.01498731678938872,7.793100994231438e-05
2021-08-08,0.003195487343134933,-0.012487981188469046,0.010102935362178371,-0.009208025713052619,0.00022038125962833236
2021-08-09,-0.006319592780623625,-0.014095893049431582,-0.005148490425049791,0.007266731583459389,0.0003430625195537804
2021-08-10,0.0022902650815173633,0.003870948463336413,-0.002354971378684066,0.007048442619071218,0.0005980008333726402
2021-08-11,0.0086183108190744,0.009682253693628351,0.0019654319569612265,-0.018614203631270327,-0.00019808664798129865
2021-08-12,0.0057058410834741665,0.0011534163794866862,0.002499515113500154,0.014526413164590473,0.0003596322258144166
2021-08-13,0.015075701629170516,0.0041718738161397075,-0.009235316514947016,0.0019655998839700167,-0.0001225206150272638
2021-08-14,0.01856498264541948,0.011621445917335145,0.0015656314616154215,0.007312300798818475,-0.0005053055841844356
2021-08-15,0.007258865472203845,-0.011040282888905044,-0.0033558655740485712,-0.0038365810505878264,0.0003393798225041595
2021-08-16,0.0030640347976974677,0.013657686810785224,-0.0030941170773155337,0.010521670188107674,0.00018204789152323811
2021-08-17,-0.018652754870533358,-0.012794772193784854,0.0017451116653518207,0.015906421210692332,0.0002770114151788829
2021-08-18,-0.013201181299012073,-0.004130297955841441,0.018886817440503727,-0.007967814699170373,2.7854515548480718e-05
2021-08-19,0.006135448758527196,0.008707392412245198,-0.003496826856229332,0.007132240545869359,2.7361926546170623e-05
2021-08-20,0.008787737141444263,0.0035521978302400017,0.002438473057620587,-0.011801651601737417,-0.00012772851516907908
2021-08-21,0.011423497278118252,0.0017144890539637916,-7.1356366608406e-05,-0.0062921202138669806,0.00041402470721850574
2021-08-22,-0.0066785976079809,-0.002692199791683891,0.007737278989439476,0.009207820551706714,-3.401628939477474e-05
2021-08-23,0.023242732046153097,0.00802191371668473,-0.012540214635616364,0.006490999917923083,1.0318967398057567e-05
2021-08-24,0.005463354637511714,0.0007940558095094749,-0.0003868778739525222,-0.010521183256989688,0.00044279235704786085
2021-08-25,-0.013068636119488974,-0.013434950379436221,0.004331165890050916,0.01726212968391456,1.9895994186847646e-05
2021-08-26,0.008573826469895037,0.012214983278789233,0.006494250204142601,-0.009106534731144271,-0.00021269503362487382
2021-08-27,-0.025321786791209527,-0.00789897904383612,0.014694384066036173,-0.014236268117849603,0.0003514977526301322
2021-08-28,-0.01066822502113749,-0.001215025395695528,0.008354624188552883,-0.009006768880285615,0.0001846500080321772
2021-08-29,-0.004432672927267369,0.005889653368116008,0.004177998966572759,0.00014927611709115171,0.0006217864821598917
2021-08-30,0.008123214493618032,-0.004877952002445641,-0.003218849877788282,-0.0011421490112281654,0.00015625066840205975
2021-08-31,0.029825152136907503,0.009982539607242099,-0.021733661109345218,0.001556699351104844,-0.000477687617137697
2021-09-01,-0.003438675514968614,-0.019845376657315554,-0.00889758004046608,-0.009822340739944124,0.0002519514636328881
2021-09-02,0.00041104758537527516,0.003047977967374804,-0.00017531351251682514,-0.013835958303460936,0.0002926964090435
2021-09-03,0.02280618352003072,0.008853577393729403,-0.007420566856145018,-0.015856597732420367,-0.00015506183076459873
2021-09-04,0.005684442835425208,0.011595919963999817,0.002742976550908661,0.006177932931252219,0.00035385007642225775
2021-09-05,0.006307865370716434,-0.00495834225416128,-0.0007217227853189898,-0.01046222644817073,0.00013644198513564057
2021-09-06,0.004260613926290293,0.017128722385613613,-0.008441598656851266,0.011938928162411206,0.0005974980540815442
2021-09-07,0.009248301361971184,0.010042305552737444,0.004186225323635244,0.009027266778290534,-0.00021157104631397818
2021-09-08,-0.01574669522150188,-0.003382612427810661,-0.013396848757364953,0.028051130322906778,0.0005154415272522063
2021-09-09,-0.004645464115812115,-0.0045244285164466064,0.0001501891626213184,0.0020619013725670914,0.00017100840040970274
2021-09-10,0.006910345614298799,-0.00014758828386277775,0.0059708637560507705,-0.0014357586990195266,-6.0223134843548446e-05
2021-09-11,0.01596403754484291,-0.00964044079529488,-0.0059914600794391095,0.008729428683580329,-9.679423991867269e-05
2021-09-12,0.004012293875764359,0.006133411832653768,-0.006568253025369518,0.0037691060452508,8.165830786158954e-05
2021-09-13,-0.006025138376121696,0.020935384504670175,-0.0009342933017173729,0.015815476856795345,7.231689833239806e-06
2021-09-14,-0.012258792558518831,-0.0015860336595132766,0.008231178818626202,0.008170444604818321,0.0006230196386602521
2021-09-15,0.034728381145374375,0.009869749361029672,-0.012128523997558286,0.0034219195108789098,4.710318302853001e-05
2021-09-16,0.011195882830493315,-0.010069755202477975,0.014591914616541002,-0.0057665244838291455,-0.0003994590283240762
2021-09-17,-0.007858193270434933,0.0062273153465399215,0.012531873140410665,-0.01866850905140907,0.0003555344141197523
2021-09-18,-0.02228935116473745,-0.005579446607155003,0.013778000069620445,-0.008343843163796232,-0.000343683529597246
2021-09-19,0.002108735190580938,-0.005336878262198794,0.0038752464119428754,-0.012809388637783399,-0.00011240536473530445
2021-09-20,-0.02314780630768421,-0.003264048037187385,0.004295460548360363,-0.007662982815728399,0.00019199323821808513
2021-09-21,0.01237414118999228,0.0006051772321338373,-0.0006190458198775384,-0.00023422215012722545,-0.00024837585943011026
2021-09-22,0.024372016829023433,0.0007067308974413686,-0.0005482854989130679,0.0009284231092310448,8.69840487399133e-05
2021-09-23,0.007476293229126546,0.004005814716434903,-0.012179747622155,0.0037323741034729955,-6.198301821393534e-05
2021-09-24,-0.0049763707494293215,-0.013588656276906494,0.008276520887831037,0.011685006702580797,0.000438994363806293
2021-09-25,0.015211388254729485,-3.2851538199071275e-05,-0.008583352697970462,-0.006533308647272199,0.0003338137636100936
2021-09-26,0.0030509330607579902,-5.2209227714411266e-05,0.009737809006977903,-0.0032922888299772575,-0.00013319994571481177
2021-09-27,-0.007530484620695849,0.00500508020185149,0.011191781241232527,0.0012260534831947621,0.0007284161775745509
2021-09-28,0.019458979409089805,0.008445585224696161,-0.009907361502668598,-0.01174162944991337,8.938600029146352e-06
2021-09-29,0.009182639541021423,0.019604601674567075,0.0043704687079751964,0.008494260865422093,5.368778533388846e-05
2021-09-30,0.007662453868305897,0.009611300088869972,-0.01578219513802893,0.0059729456231998514,0.00043007988533591893
2021-10-01,0.003603389699723552,-0.010720896951489948,-0.021543924847236457,0.00999598763781131,0.00010840500704435149
2021-10-02,-0.009896391812544255,-0.0006935399666665731,0.006650958094046085,0.005988414007967152,-0.0006110923314763775
2021-10-03,-0.014911791221860005,-0.0060789594354150305,0.007577885686852631,0.0045573966304270465,0.0002795774444341304
2021-10-04,-0.004063554206910663,-0.003984469512298421,-0.00509699648827689,0.013235612529841663,-0.0001589743353550291
2021-10-05,0.01031100494761198,0.004245185288610383,-0.002001157152317725,-0.007956124789029809,-0.00029600317337832405
2021-10-06,-0.007142921521924641,-0.0046648288360853,-0.017403711393990703,0.012953231380666504,0.0004220975855175022
2021-10-07,0.007015065253280503,-0.003243569364228099,-0.0016318608482195885,-0.006802903502119774,0.00017780760776879142
2021-10-08,0.018353031532441593,0.013292618001483208,0.0018856473215412963,-0.010840669236708093,0.0003671607721846998
2021-10-09,-0.019253941132249538,-0.006502348471718762,0.008692395972032661,0.007797273748066961,0.0003419461628869204
2021-10-10,0.0038406906253796625,-0.0010256028706821727,0.0033987811138862624,-0.013328648781669564,-0.00013509594961721023
2021-10-11,0.0011242119337821666,0.0019497044029982002,-0.01413592989418228,0.015334236524978964,0.00037433894273536297
2021-10-12,-0.0004959128784569518,0.022817440852809016,-0.001390846580307726,0.00013885802948001143,6.518001804250523e-06
2021-10-13,-0.0004831212477408686,-0.003230516292914934,-0.011241123886413552,0.002748901874261809,0.00010020475192484532
2021-10-14,0.01472242372423294,0.024407045947316217,0.010998141894720755,-0.018091674245325814,-8.820704637684757e-05
2021-10-15,-0.0014520381351084046,0.01692834983098442,0.0020086457831165255,-0.012727866432449794,-2.6903579424891717e-05
2021-10-16,0.009227420315051483,0.008659704492405699,-0.0022570737787309474,0.007098555840631511,-0.0005850295637099838
2021-10-17,0.0016147779029095186,0.008679775678462613,-0.00534441859941253,-0.0040875591029645025,-0.0004569235294295295
2021-10-18,0.018933253465924976,-0.002857065936943002,-0.0030286030422532534,0.002450608666336522,0.0006072090189118745
2021-10-19,-0.0013887480690261207,-0.005454446543143221,0.0011255836120755845,0.013117810914748281,7.735307165942812e-05
2021-10-20,-0.010723191262661445,-0.017097287620124732,-0.009398362637901597,0.01828989148814443,2.996516326807807e-05
2021-10-21,-0.00667522881251301,-0.008284475161877235,0.00130903762017155,-0.001529024549498176,4.492384198344114e-05
2021-10-22,0.01612965421298514,0.018306344374774394,-0.013609726548926924,0.010213206903315149,-0.00011373618046951636
2021-10-23,-0.0024883328891590036,0.0024897891788460574,-0.00039088932897934426,0.0042962870105558645,0.0003429180720138516
2021-10-24,0.003837731831051697,-0.0053736004169440766,-0.006517145411744327,-0.011699073046185107,-0.00013800723175120302
2021-10-25,0.023270519382497766,-0.0026234165689301946,-0.015422022366156246,0.007003319971307489,9.619074921526594e-05
2021-10-26,-0.0018746630148429276,0.013219290710026817,0.0071772057985546485,-0.008312163880404075,-2.744966129023435e-06
2021-10-27,-0.005452333373726892,0.007306292432638133,0.0003613762534852296,-0.016037560747891907,0.00011573311269504629
2021-10-28,-0.017507592456203522,0.017351913597516935,-0.0002199291664475346,0.006525258443088122,0.00021227859807809472
2021-10-29,-0.0029592327573170173,-0.003386301005995027,0.003814173351080435,0.014444398021080586,0.0003726950189847732
2021-10-30,0.0176352215724448,-0.006280362071301561,-0.002641195518491891,-0.0024446327994818123,0.00024153574348298592
2021-10-31,0.016443237976620076,0.0014236675490294165,-0.006837621174002306,0.005721472628797403,-0.00042912883307094895
2021-11-01,-0.0023554892763397034,-0.0017556317066592844,-0.006691326772295148,0.01707087690593249,-0.00020362187050912628
2021-11-02,-0.001178689636468296,0.002614055881021163,0.011682941379369838,-0.00738858632050248,0.0004258130475026835
2021-11-03,0.00856943381693521,0.003060014014593545,-0.010009619745811866,-0.009870969400790176,0.00016449842921908013
2021-11-04,-0.005919775681979083,0.007635541178992175,0.00886440776671309,-0.00510319811310059,-0.0002336929150421469
