,VTI,VOO,VBR,VTV,MTUM,VXUS,BND
2015-01-01,0.006192085510888539,0.006196092727326793,0.008702990889681217,0.008343303153341055,0.015582264344107984,0.005838134377107539,5.720100021851613e-05
2015-01-02,-0.0016007757952150403,-0.003769991963222711,0.016818648239643193,0.0023807831921744743,-0.01224892889143335,0.0008599471701655921,0.000301842731743908
2015-01-03,-0.005250964696934076,-0.004485661616194954,-0.006869226252516125,-0.0028617491031136823,-0.023266186804550948,-0.004371702228653018,-0.00041234566867262475
2015-01-04,-0.0066840294251616335,-0.0050761910797942995,-0.012816718595688288,-0.0037748622945205377,-0.015054100896100719,-0.005914697548749254,-0.00031388147255109777
2015-01-05,0.017567223370163178,0.01732143169594971,0.015533491608016668,0.015078181798442161,0.0013603151287213434,0.014526617107832226,-4.051206037302568e-05
2015-01-06,0.0011610317435237117,0.0027702660574553057,-0.00669075332679398,0.0028516602832500725,-0.006034853935699086,0.0005386086955841331,3.90774856017966e-05
2015-01-07,-0.005802960660543671,-0.0082164873048912,0.010451614208617357,-0.004845982195025385,-0.016391042062999295,-0.003342315335360546,0.0003900296761436334
2015-01-08,-0.013877380323203537,-0.01371373986719341,-0.02311416448308206,-0.020739830561720636,-0.01115484394661602,-0.013642523365588818,0.00019295784201172966
2015-01-09,0.00920831607477539,0.00861571075095241,0.010403267190243336,0.007427667754422714,0.0059955250337074585,0.007704356366801105,-0.000334738273149101
2015-01-10,-0.008268184249436459,-0.007416332947746531,-0.004863538523462047,-0.001493198861862866,-0.009961127227801861,-0.00590418084553523,-0.00042435307172743723
2015-01-11,0.004019938639032288,0.004504939406252544,-0.00402217360942104,5.3437668979405654e-05,0.014011339126233176,0.0022455547790075216,0.00045568670694650347
2015-01-12,0.010953735869826646,0.011865962923361924,0.0007991133486471664,0.007546749810460331,0.015139987088663077,0.00807703508389402,0.00043822021417698264
2015-01-13,-0.0053415589856059655,-0.004855348856030722,-0.01366648374322182,-0.00971418941049924,-0.008221103276879338,-0.005870699035838079,0.0003868739595087243
2015-01-14,0.016354251240403208,0.0159222588932124,0.02133371850856819,0.018532312709469586,0.01081393414230536,0.014753801001366399,-7.224124244525884e-05
2015-01-15,0.005443556861470428,0.0029621817028498954,0.019936579863644374,0.004902736912195945,0.018968360729221166,0.005778999324983252,-0.000694189767119105
2015-01-16,0.010158437418899614,0.009632530967617452,0.00971902359861217,0.00742199870138433,0.011913664465813153,0.008217940768621819,-0.0004950729835281591
2015-01-17,-0.0019979943283356793,-0.0024698312912767996,0.010445298517658177,0.005588279448320323,-0.016523419442247597,0.00042907084877981784,-0.00012369916783833162
2015-01-18,-0.005072286557670948,-0.006183427301903884,0.005013836064838392,-0.0025997217958611363,-0.012227892006343003,-0.0030669589264003226,0.0002926164266769546
2015-01-19,0.002020891080239365,0.0005665010459902223,0.00659935217256145,-0.0014607579919169728,0.0027322339365531754,0.001656020379615384,7.44992140136653e-06
2015-01-20,-0.016686800652685182,-0.01657910367069307,-0.01165924740874603,-0.012467612267128222,-0.015852422739333866,-0.013263196971814942,5.706437908497871e-05
2015-01-21,-0.016466271255843698,-0.015336958512465033,-0.021423443613966368,-0.015184132658303586,-0.01863986408991305,-0.014365745032581704,8.015215677424653e-05
2015-01-22,0.006073635263686063,0.003193325584660705,0.023673297706235163,0.006043958026183419,0.004946530489314496,0.006780496746028394,0.00010750412151884037
2015-01-23,-0.022205080168164467,-0.021459083936844692,-0.02102121505914714,-0.018018275589035238,0.004340191120690486,-0.01833749416522452,7.036437205151138e-05
2015-01-24,0.003927716227636188,0.003901465124765599,-0.0037854159713262363,-0.002301271435654745,0.02201602825209714,0.001868674222121229,0.0003677890246504531
2015-01-25,0.00927415814887829,0.01032180191880604,0.008902856325360593,0.014331644176662571,-0.014039845057338116,0.008665108997437672,0.0003157949911106691
2015-01-26,0.025735084590355783,0.026326199112565465,0.012796285501674005,0.018819405301818942,0.02757246143556089,0.01994644371235415,-2.7627544281790033e-05
2015-01-27,-0.017812126654259016,-0.017375311981923422,-0.02228035631538792,-0.01958191565425913,-0.0031488390894019638,-0.015934338244437237,-0.00015863903251769543
2015-01-28,0.01830215679752975,0.01879833512392372,0.009305291460990128,0.01392696326539426,0.026363890270725308,0.01424524821470906,-0.00025673343796997115
2015-01-29,0.00370941373999281,0.0017478473582861781,0.005543664460939127,-0.004443391489422958,0.014676451172746149,0.0022397967992046253,0.00021280776709593996
2015-01-30,0.009012419222983363,0.010523314717222124,-0.010266235946269155,0.0012290773383696087,0.02257349391609475,0.0049638601971020175,0.0002244937605443799
2015-01-31,0.003517268753779918,0.0029374075377800353,0.002318418408633593,-0.0002404457849687425,0.009539110693244647,0.0024181663055759936,0.00022326153338892002
2015-02-01,-0.007120609660669661,-0.009519444760715019,0.012277055614396471,-0.0036018899746514217,-0.022023688968538402,-0.0038441067290133756,0.00033774732986037415
2015-02-02,-0.010711461572943948,-0.011439332694954512,0.003179176608076366,-0.0034175513491211344,-0.025297154914031922,-0.006872719926025044,0.0004343873401186303
2015-02-03,0.005674408928842111,0.004296996466999278,0.02438168403268575,0.013951428672907046,-0.01069030059193517,0.007660720168356771,-0.00010645219583876471
2015-02-04,-0.010469876423524047,-0.008944910306711263,-0.01781602732985482,-0.00902722409582563,-0.004302593475990557,-0.009395646254533941,0.0002181017910817747
2015-02-05,0.010110817085081705,0.009912395518488706,0.017181439279005443,0.01496957414024143,-0.004120651121171546,0.010111459175208186,0.0009877251355740427
2015-02-06,0.007364369680449613,0.008359949070766525,-0.006749143891608239,0.0011377970401903617,0.0189062714561265,0.004202765942838542,6.056821937499821e-05
2015-02-07,0.009066174748797522,0.00804461711089137,0.013216931356192025,0.007528532391363101,0.00017926189411736522,0.007877126876902958,-0.00034617964652085503
2015-02-08,-0.00444470257417086,-0.005507237078132124,0.0045726377663532995,-0.00257235478771222,-0.01757887035379575,-0.0027226132773751402,0.00018549924543120769
2015-02-09,0.004535066879491762,0.005615507889574001,-0.0020004479240351733,0.004739315952552005,0.004469560377064278,0.003302890463180778,-0.00022904942428491145
2015-02-10,0.004910607407235996,0.0039019301768783497,0.016800973052111375,0.009544306006972548,0.006759946055185848,0.005866154292077682,-0.0003029726829149999
2015-02-11,-0.010453942687260203,-0.010665799507433744,-0.0041788542954113985,-0.006716412493927895,-0.008438766420401757,-0.007692625225983519,0.0013444487372118526
2015-02-12,0.0076808314857412215,0.005811933362163584,0.02328832712393448,0.011087454857483183,0.005469932594362086,0.008448135426897032,3.1651902696959824e-05
2015-02-13,0.008970268502898247,0.009808613342980683,0.00033964776259956444,0.006383465984506341,0.005374086616106704,0.006585913864816422,0.00015674031090757713
2015-02-14,0.026775037158445824,0.028588641642180813,0.013425434379213824,0.025590415671576768,0.004582219800672995,0.02159947624003761,-1.7692184838756178e-05
2015-02-15,0.01325084050096211,0.012784183775077977,0.006600674756761564,0.005883540378717007,0.011642734677718373,0.009793552840800874,0.00034500555181434087
2015-02-16,-0.008127390103931044,-0.008065803190947698,-0.006566932733888412,-0.006753457285754933,-0.01377078476881552,-0.006522301953703914,0.0008062312958549596
2015-02-17,0.006881822396327388,0.00961353632271897,-0.010629273534273826,0.006497260023258972,1.645289326713227e-05,0.004347847081062402,0.0003994436444205084
2015-02-18,-0.008966380638274206,-0.008560836209846313,-0.006003438510949244,-0.004767022963715848,-0.002304491987306535,-0.00687461984580757,-0.0002471054515040401
2015-02-19,-0.003770528972906455,-0.002939392797515609,-0.011849008363643158,-0.006208080551124913,0.01837683958478632,-0.004251445939532976,0.0002585096300871582
2015-02-20,-0.013980328330918518,-0.01490772151153557,0.008095634939106706,-0.0011735345102425326,-0.016658096482181178,-0.008293364279265506,-0.0003476041761208325
2015-02-21,-0.004700636716367695,-0.006314093898149306,0.00221972044726307,-0.007236340981273627,0.003909189858592064,-0.0037138919237991717,0.0003749391741018983
2015-02-22,-0.01053782302190558,-0.010117146058477054,-0.029682719773071305,-0.023987380701754386,0.0034709117816740893,-0.012595446176145712,5.1400890752188836e-05
2015-02-23,-0.013507703987806294,-0.01539494474420539,-0.006956071653349228,-0.01786296417245059,-0.007210396384763188,-0.011578105831119977,0.000172131792114764
2015-02-24,0.016703924638924596,0.018195820609120394,0.010671789968386077,0.019585825363754604,0.007941165145765344,0.014158436358229708,-0.00017819378575373258
2015-02-25,0.005949350274747464,0.0054715145564134225,0.004135328576862214,0.0022564196732546855,0.00977586306478908,0.004426865637548593,9.590005468093448e-06
2015-02-26,0.0020270628555369634,0.0011289209339265258,0.016258644915359707,0.008999992772875238,-0.02147640104684667,0.004085257612346193,0.0008027947437549221
2015-02-27,-0.022651078312911146,-0.021731892528211453,-0.019225151737643963,-0.01582127725189398,-0.020025623700926032,-0.018172692929739102,-6.517953225769368e-05
2015-02-28,-0.0022899418243229443,-0.0014821411797632307,-0.010188414356628461,-0.004668851536314695,0.010564682790392898,-0.0029602784629467922,0.0002434016892931412
2015-03-01,-0.007333188917648382,-0.008344643376872556,0.002524764913378971,-0.0045966599962564214,-0.0013109113005311717,-0.004983386409406013,0.0003292668254766044
2015-03-02,-0.009629197711269445,-0.008510405137991062,-0.009712591943731566,-0.004364149119422569,-0.006753755722348588,-0.00751213965152689,0.0001243689976626209
2015-03-03,0.0024053106194612023,0.0005056308660349328,0.01027525875521073,-0.0006363879951060451,0.010282174650708976,0.002347527471279424,6.726768151611879e-05
2015-03-04,-0.0016504679245391712,-0.0030952863533515933,0.012490541473469362,0.0024810844059349442,-0.00029055969586600774,0.0004925903478067497,0.000542139555428048
2015-03-05,0.0009826024661870568,-1.658891920310794e-05,0.005259604419991083,-0.0005139485887097761,0.005575854933222915,0.0010269216577684405,8.996117181913669e-05
2015-03-06,0.0018496328924859375,0.0009061650926195511,0.0027225078681183037,-0.0020720871342935023,0.026679188011245664,0.0010913835299885175,-0.00018591331024483363
2015-03-07,-0.013348394989658717,-0.014539039029262936,0.0019273461285181752,-0.007283128802828877,-0.011651609116696557,-0.009196006275417057,0.0003288626136830376
2015-03-08,-0.0001873821959980569,0.0011608819396056566,-0.008108932155805451,0.00012329329756332762,-0.00633848335884186,-0.0007583185688530084,0.000438086227754163
2015-03-09,-0.0017164136380749032,-0.0004942650869599556,-0.010564664146184647,-0.0027909963915433546,0.0055788785491774975,-0.0024130817415117752,-4.6604163650049515e-05
2015-03-10,-0.00915497070270417,-0.009222006992268626,-0.00489044653212957,-0.006257261835950205,-0.014134804925972914,-0.007068839059289116,-1.741073983944292e-05
2015-03-11,0.0024433225001658492,0.0044405042003353105,-0.01870933412771961,-0.00456513321025091,0.006165722832097832,-0.0007489546760095088,6.372284744230686e-05
2015-03-12,0.004777732479629065,0.0025286820672170028,0.022810161056478487,0.00818642169661653,-0.004348368139543126,0.0061884824953780965,0.00012496283845356954
2015-03-13,-0.01139943896284803,-0.011036981035816676,-0.01236386703208865,-0.010605836020454366,-0.004307184598756329,-0.009765659467893512,-0.00012960087541151862
2015-03-14,0.007249274344080863,0.004872981195825794,0.019621514598904672,0.005546197336320315,0.009362387012373203,0.007125868514587373,0.0003483273060586935
2015-03-15,-0.004200985899538227,-0.004411097776695862,-0.0015521003290645458,-0.0032015993780013813,-0.0025997040142287818,-0.0032431007759747377,-0.00011252281536920904
2015-03-16,0.0008993034854823288,0.0002725964398070254,0.012912109954641041,0.007415419102716464,-0.0006185524708437248,0.002858903208481545,0.0008091411083241044
2015-03-17,-0.008200442258962623,-0.009212615610814465,0.0013968603656213559,-0.005684272609650872,0.01210391441894764,-0.005845254790199485,-0.00012363764859638717
2015-03-18,-0.009762809831178818,-0.008618209302119643,-0.026865220295627146,-0.01798350474715498,0.0018804156424156414,-0.011045680788325775,-0.00010815193268781529
2015-03-19,0.002349710039310036,0.0017728901487297827,0.016727534262150335,0.011050488462719468,-0.0016803396651248414,0.004493126760120803,-5.0755190872233096e-05
2015-03-20,-0.009958792962280574,-0.010278244932647609,-0.013520292730347175,-0.014595310191606238,0.017288644496490244,-0.009425877166731302,0.0005024411006810147
2015-03-21,-0.005966505264584831,-0.003255888605472288,-0.013432510060058498,0.001321390532307498,-0.013850817858396106,-0.004690189478542726,0.0005208278726501098
2015-03-22,-0.018656833712124607,-0.017215970268663356,-0.022908675797388672,-0.015313362545519694,-0.014594878455679666,-0.0159073652001571,-1.0804918003703789e-05
2015-03-23,0.0072181527333789915,0.008553881293556588,-0.003600011004685922,0.005300624177206071,0.009152735888854912,0.00500219683474279,0.0002929853832944612
2015-03-24,0.008239046752426538,0.009615467879803965,-0.011294409045807113,-0.0004281290109932629,0.030398218972255673,0.00415701855878726,0.0002356214562952546
2015-03-25,-0.00766498858338677,-0.009624109158269951,0.007118273813935823,-0.005672778451192467,0.0027134591394384466,-0.004959189878489357,0.00015221870365617692
2015-03-26,0.025512356072172747,0.022236852637481506,0.03828786151749128,0.020055336048532615,0.030930680451209034,0.022293340023723355,0.0003342266981838642
2015-03-27,0.016087489587322482,0.01688901128789311,0.011798643913534843,0.01694614001062446,0.02028444251786752,0.013468630356364556,-0.0004229984883363118
2015-03-28,-0.014538496688808173,-0.011077466324137596,-0.03429173838882016,-0.013546452988598105,-0.00207850370484311,-0.013992600256299129,0.0006041503738416904
2015-03-29,0.0020628996410575855,-0.00032103306417569305,0.008316160268968108,-0.004672130557651947,-0.0063022854565643206,0.0014036626026784045,0.0001134565003354345
2015-03-30,0.004932997917950998,0.00477587616675299,-0.007160852635473928,-0.005414005679511878,0.017657302289985084,0.0016765294647435006,-0.00027991689181005794
2015-03-31,0.008485506306725852,0.007656173061508474,0.006357073804409735,0.002859617570024668,0.008671059664033927,0.006273999835534492,-0.00020266851955178997
2015-04-01,0.00013489589036618416,-0.0012468747236298902,0.0030554177517591397,-0.004351214274450328,0.01094700125604544,-0.00025374981343397594,-3.606307012034196e-05
2015-04-02,-0.008966852618879072,-0.008572202052322897,-0.015070074623322912,-0.012074266602203235,-0.005368943906388355,-0.0086956323808364,-0.00024634369104907554
2015-04-03,0.02356448144065185,0.022775480534024256,0.018842863034298753,0.016358900418224805,0.026768396304044956,0.018792729867060043,9.557237086442364e-05
2015-04-04,-0.001893081779995151,-0.0027250266127976847,0.008445013324653495,0.0022307334604248696,-0.011968989841853277,-0.0001387579594758501,-5.0413317276258075e-05
2015-04-05,-0.003970170874510072,-0.00046165123988400024,-0.03395023887217127,-0.010714523065277995,0.021557692356292093,-0.00691030747775675,0.0006490685100779695
2015-04-06,-0.0022684794417304798,-0.0029554821314922504,0.00430314997481593,-0.0004600104913934011,0.024538862779610413,-0.0010406063370526288,0.0004835853321146493
2015-04-07,-0.0015506069524535812,-0.00015671859817609527,-0.019088931426883858,-0.008724324686687619,0.012529715112783914,-0.0038990688036582726,-0.00010727571142388399
2015-04-08,-0.016672628912780162,-0.015164883539753031,-0.02850070090706283,-0.01902844979976225,0.009678058516712676,-0.015611546781988245,0.0004086428027185328
2015-04-09,0.0009997843002568989,-0.0010640200897978195,0.013873866548625907,0.0011116382706480071,-0.009218439603734538,0.002102982058796332,0.0006106913719464572
2015-04-10,0.006273996604491418,0.007507511191413156,-0.003622026303680915,0.0045823120413442334,-0.00039796978516193175,0.004220803444562101,-0.0003045885953736494
2015-04-11,0.01224367739730381,0.009107685221262315,0.020736089133144533,0.003792158599587694,0.0237140265952685,0.010064306307462786,-7.398076551053654e-05
2015-04-12,-0.005605313299970919,-0.004605825914946233,-0.015313954103114582,-0.008544249080368261,0.002352789758684563,-0.006094291050218835,-0.00013077230475283064
2015-04-13,0.0035749659900798617,0.0035199878596813183,0.0018806113307928097,0.0020204038885307174,-0.0036476071412543097,0.0026907482783370103,-5.0713512385194604e-05
2015-04-14,0.009531335524320322,0.008561386474759975,0.007471184563127517,0.003274940819436802,0.015142331880184223,0.007170353069091775,0.0003676170793783288
2015-04-15,-0.01898438392674033,-0.019182216009135684,-0.01689419924113628,-0.01866702531069612,-0.006344525617853475,-0.01605970116835576,-0.00010945165644100208
2015-04-16,-0.021623902395141024,-0.01863968085741654,-0.03440692222347955,-0.017537664297697392,-0.014413910380484467,-0.01912553785119296,-0.00015388058291517794
2015-04-17,0.0071357693872869865,0.009269033688536495,-0.00794496639698642,0.00575370892968375,-0.0032839933367232524,0.0045750460657898425,-7.435669485914313e-05
2015-04-18,0.000557334554564852,0.0017567553840097654,-0.009063974996920188,-0.0012024124685022645,0.013564293541215553,-0.000628457097487951,-5.0751478587306344e-05
2015-04-19,0.009742185593707105,0.010947142934828425,0.0036665173634120654,0.011041934835714766,0.019876176975209624,0.007899894060820785,-0.0006475424615115905
2015-04-20,-0.008693947693466144,-0.009258642711946331,-0.004083985068784306,-0.007968264237454456,-0.002691391454165246,-0.006950859647461194,-5.928507138297306e-05
2015-04-21,0.0013441156140032516,0.0015533818498704548,0.006716344078999366,0.006697810158974181,-0.004094582170941895,0.0024073014811009045,0.00023728722450051928
2015-04-22,-0.004674977845550213,-0.003835683185787247,-0.011128151458012119,-0.005784867767863434,0.003338523332473857,-0.004735030340662795,-1.6452669128638698e-06
2015-04-23,0.0047987397787398875,0.0017478317565373055,0.027657600926677205,0.0081001318789137,-0.006736164224879835,0.0066750334858818984,0.0005092992035040829
2015-04-24,-0.005378413812007736,-0.0022959010430712527,-0.029007169159112035,-0.00916177800819163,-0.013487126105002956,-0.0072316951340987805,2.0236040326288777e-05
2015-04-25,0.001416231534113219,-0.0009742392529148936,0.017824682206707854,0.002754547203276552,-0.004510076842804305,0.0029130993284939995,0.00039219058378815535
2015-04-26,-0.02554337247808774,-0.025004049073005366,-0.018312259895477107,-0.017614916261309656,-0.040995425932566026,-0.020081974263820933,0.0004912010427797808
2015-04-27,0.004188510904078302,0.004671678411487325,0.004039484692592196,0.006536142942231657,0.02121426728340728,0.003930442038343638,0.00018823486699516914
2015-04-28,0.0031203231643034683,0.003651856471600711,-0.005676016344352887,-0.0012257936677043599,0.016906137263913025,0.0012697798088341587,-0.00013868867914042568
2015-04-29,0.0010009941095105535,0.001714375795333601,-0.0008853857311537372,0.0030268607122118482,0.0011379046535045032,0.0010375189347747477,0.0004577467461669308
2015-04-30,-0.005738553123051493,-0.0051396553858871425,-0.013831848491873456,-0.009374401476297579,-0.0021521130547213444,-0.006107600925500177,0.0002497908659688969
2015-05-01,0.008869759099392503,0.00994038684520256,0.005322226294019175,0.011492805658675644,0.015312684173779787,0.007690214748813191,0.00026117213538618674
2015-05-02,0.02211364986687334,0.022602983952686666,0.006280735774260228,0.012294858733089265,0.010755276979301905,0.016271468159222487,0.0006021620474444319
2015-05-03,0.008046589725323947,0.007998851031113688,0.0077653834897304696,0.0077287015450364675,-0.0059960366829114094,0.006957226205079022,0.0009012918460250042
2015-05-04,0.0019757577636321548,0.0017805641621093146,0.0071065632421666945,0.005151631525803021,0.001349129813414741,0.002619485523564259,0.00020146922032892006
2015-05-05,-0.008703808919668723,-0.009014438086993828,0.006294209287078946,0.0015733662007352545,-0.007845113469096885,-0.004610384464358778,0.0006327590007383045
2015-05-06,-0.006110770888853374,-0.004437148653621624,-0.01585648337629636,-0.005771374260836534,-0.0030007869037618025,-0.005988602216300859,0.00047559031482741275
2015-05-07,-0.018776868956358765,-0.020403440294761734,-0.004833876168144613,-0.016029517905963908,-0.01978450949943128,-0.014502717338492059,-0.00018783053306890433
2015-05-08,-0.018669823588228173,-0.019302692373856237,-0.009494057829991747,-0.014823440072598811,-0.028751436839476705,-0.014694239306345537,-0.00027695909037133717
2015-05-09,-0.00274232622412151,-0.005040670376808616,0.010804461891137818,-0.0033146333824946124,-0.016001158232300878,-0.0012197421651042862,5.355059119161705e-05
2015-05-10,-0.0041181222398116,-8.435318540188233e-05,-0.028485069965497677,-0.0037742284718547793,-0.0029770075430536483,-0.0055960867723059094,0.0003502367741043588
2015-05-11,0.02268446563984884,0.02048802816858552,0.02896790943845148,0.017295679192836436,0.009201768404002079,0.019388916647611207,0.0009414845325344326
2015-05-12,0.0011110423341511222,0.0010625789849198614,0.0011581951041810654,0.0009298667891535606,0.0031402767581436408,0.0009436164324185947,8.54831251055244e-05
2015-05-13,-0.006604488062936076,-0.005632945035563271,-0.010994084143152583,-0.005446960674422287,-0.009738052300504476,-0.005903752949107417,-9.35729362029728e-05
2015-05-14,0.0015180819890111463,0.0018991048915317586,0.007638888601796306,0.008317847162984393,-0.0337303981396838,0.002857811820912602,0.00047474472434640917
2015-05-15,0.014104452779139059,0.01657065396840212,-0.00620465118140799,0.010328539983890486,0.01289177414523137,0.00971773464938351,-0.000312372132337907
2015-05-16,-0.009311965530368308,-0.007355587609111453,-0.008944827476222016,0.00044938344154147984,-0.00994851686278452,-0.006517079596696586,0.0005314545904371018
2015-05-17,0.008379858836405395,0.009685460168346318,-0.004476375472061785,0.004717218780082829,0.016577133773965663,0.0054963872146702305,-0.0002539816967457571
2015-05-18,0.008679688216333036,0.00878255630389709,0.0037967772856677667,0.005449703945268142,0.016841228651887877,0.00659650927068771,0.0002708821712883436
2015-05-19,-0.0032977273913033017,-0.004810255267119897,0.0004811263154646207,-0.007818841914608207,0.009358379687384195,-0.003074390649380251,0.00031776171795998916
2015-05-20,-0.003081313524653495,-0.00344536124107284,-0.0073455378873894415,-0.008354169278089952,0.014456143300209947,-0.0037425740201890234,7.271368215325215e-05
2015-05-21,-0.005222254018006932,-0.006616498865375417,0.0009088830427524748,-0.007302172201291544,-0.013429319050934006,-0.004272600066471978,-0.000359339723415745
2015-05-22,0.0068986489371681845,0.008604134290579291,0.004896199000744323,0.013846453894383881,-0.024737241364429067,0.006796588069031615,0.0006652859119722907
2015-05-23,0.0028439857151192228,0.0029038465693428774,-0.001301744909923238,-0.000122388422025407,0.010080425419031307,0.0016744598421729144,0.00011909856389499188
2015-05-24,0.01345554126454677,0.012876527767790014,0.014870742516253675,0.011994226093316802,0.006978647886979589,0.011473038737434972,0.00011301619540245178
2015-05-25,0.0032032139250505005,0.005569135200964758,-0.020137172759110537,-0.0037210754394678934,0.020374566720253715,-0.0002628462942119432,0.00018476993535031285
2015-05-26,-0.0017413111798486476,-0.0017354646669663196,0.0009689215242082517,0.00042321434474250656,-0.008624668752701339,-0.0009674531474732739,-0.00011419056519534936
2015-05-27,0.0022236539164276017,0.003614063630108152,-0.004572494985672572,0.0036907297399037804,-0.016172199973789266,0.0015715754223807443,0.0004551059377075995
2015-05-28,0.006078360143767525,0.005580383327430995,0.013488799426201748,0.009659264321484395,0.014004339266463186,0.0064305963483996045,0.0004504489201698086
2015-05-29,-0.021902555770877928,-0.019340720675700102,-0.03624913317824738,-0.021168283434946145,-0.012900550423984646,-0.019905226728538627,0.0002939996466774517
2015-05-30,-0.008031331327140945,-0.00809629908517114,-0.009808118953607704,-0.009928086695142505,-0.007218780703280114,-0.007350608251168796,-0.00031210421919163555
2015-05-31,-0.011105929660978208,-0.008851671441866688,-0.027930426870690285,-0.013648248816330692,0.008631280894883823,-0.01139160619584127,-0.00016808016129171173
2015-06-01,0.031636272972741394,0.02997432800910946,0.03550358043190411,0.02714580569399034,0.016952573861953948,0.02688866813638951,0.0003515292597140267
2015-06-02,-0.006334790658752085,-0.006241417874737822,0.009694176426613733,0.006813089960325052,-0.023647302004624907,-0.0021089990476006373,0.0004929394535466535
2015-06-03,-0.007923074585039146,-0.00752381800899369,0.0017848156962663331,0.0016430672336152988,-0.02469107383529178,-0.004499855102178732,0.0007018200176854166
2015-06-04,0.008459873201016476,0.00903875988802903,0.006616239403729975,0.010007327778852547,0.012594496402991678,0.007350018960544974,0.00032680410985347276
2015-06-05,-0.01845018861336126,-0.016783084244241613,-0.02584984414434535,-0.016509950141288112,-0.013964047642631794,-0.016156645913294746,0.00032644571617094234
2015-06-06,0.0018453299376196399,0.003736357367359261,-0.008047086620804049,0.003303833396566966,0.0059553152360638,0.0009500237082816089,0.0003072697989922599
2015-06-07,0.01356232606459695,0.011875579942074227,0.02395010947464303,0.0138191174914432,0.007458549055532323,0.01252801660063904,-0.00039220113898535714
2015-06-08,0.005581842937985002,0.005070789038854682,0.009358551788485677,0.006194431583915556,-0.008999683995030056,0.005175466240045749,-0.00020954842370477503
2015-06-09,0.012789404293355178,0.012455505724327829,0.0159766752525852,0.013942743721932428,0.006662525899013266,0.011426710322484063,0.00014032468393846293
2015-06-10,0.01121415460902317,0.0115899863401793,0.006987186415982876,0.009913589920024068,0.005127591630061342,0.009056024297822714,-5.901067069246122e-06
2015-06-11,-0.0031158400154960935,-0.0033632215359491405,-0.00338568352997389,-0.004613079889753126,0.012592285622596138,-0.002924574900978879,-0.00015082243365895342
2015-06-12,-0.002024604862689855,-0.001269857492122546,0.0022946266724657664,0.005109621221537842,-0.009254413897866675,-0.0002952206130406995,0.0004559528622754737
2015-06-13,-0.01698094021812759,-0.01676157037490279,-0.009086764331082908,-0.009930862230417323,-0.019823094427555466,-0.012808822849512382,0.0004665471546717553
2015-06-14,-0.005002113313225221,-0.00686677837958895,0.021600731029620603,0.006968861821426491,-0.02407916026496876,-0.00026296340770893016,-9.367723818889598e-06
2015-06-15,0.018288543453178027,0.015450010870486095,0.028620113233690674,0.012896375216721021,0.013845933143291711,0.015851243419081666,4.219857162732027e-05
2015-06-16,-0.015872908826499492,-0.014044190555045556,-0.02925621719842021,-0.017865545992949622,-0.012964059755521179,-0.015054839511879966,0.00012002766830027334
2015-06-17,0.003913698761337556,0.001575436627370697,0.01173524887026883,-0.0013030731626937071,0.018193997650563794,0.0033333816034599294,6.355223033775754e-05
2015-06-18,0.00014450503823798807,-0.0008040604202376121,-0.0005649420264466666,-0.005109743475586129,0.010832406835094146,-0.0006432901757370184,0.0001833798985844392
2015-06-19,0.006352509543181551,0.005726206757652644,0.023509157781322072,0.0171116684828302,-0.0171709912379119,0.008459345177203266,-3.6295939269924334e-05
2015-06-20,-0.007225011574596542,-0.006121751849497837,-0.016259937822038013,-0.009158917145331406,0.009778625038734431,-0.007181951842798676,0.0005783691638680927
2015-06-21,-0.006728906612651564,-0.005282169608267769,-0.011293825022261342,-0.0033751448142380013,-0.01333141691128503,-0.005660174289348076,0.0003303071650763258
2015-06-22,0.002073943549902946,0.004160935183448749,-0.001952079770639827,0.009205583592471757,0.009878974254218265,0.002402766269155187,-6.205791443507361e-05
2015-06-23,-0.0040558220456838445,-0.004228781154557108,-0.0002729690523469723,-0.0019803562356999196,7.394995332846155e-05,-0.0027432265938145553,0.0007641072968986977
2015-06-24,-0.0020637155573268984,-0.0008446614881569697,-0.017180588810675378,-0.008178771736757741,0.0014644860585087463,-0.003944213664672685,0.00012051836524851789
2015-06-25,0.021273309699364744,0.021408484653694763,0.016602049438181474,0.018619426737221237,0.016667114358789717,0.01752435097554507,0.0005052610787244771
2015-06-26,0.029901038640221783,0.029758096581302924,0.02076246891274922,0.022475155299744514,0.03888172226245392,0.02383742765968331,0.0003457280122241191
2015-06-27,0.02241957516654798,0.02093918828979394,0.024055597820960777,0.0168540703985492,0.026370886246620297,0.0186587294179412,0.0004801611847510993
2015-06-28,0.010291126814505289,0.009317495244024518,0.02007936368397546,0.013506473057333102,0.012022004046685969,0.010218736905349073,0.000566291543171101
2015-06-29,0.007977614336624307,0.00793906643991632,0.007462971841521009,0.007537553180923767,0.017603689255277277,0.006713660131027262,-0.00012635816935356077
2015-06-30,0.004554374827418861,0.0049949867527640515,0.000998607774453983,0.003973648734205918,0.016186635821318948,0.003534922473220224,0.00019114292973296197
2015-07-01,0.0002621922779019,0.002313402462811005,-0.008369638912809566,0.0034787032128647142,0.0022004138645153317,2.1340681496794228e-05,0.0008123135738514391
2015-07-02,-0.0031134479050650378,-0.0033192730255234095,0.0005297284811154636,-0.0012799705914773615,0.010587282073220298,-0.00207613197516377,0.00010093710955340755
2015-07-03,0.003980826425740471,0.003007703577811324,0.010268608913533695,0.0042796003760694565,-0.0025171434613592606,0.004039748099003689,0.00019208498252085886
2015-07-04,0.012536692247914826,0.013676907133565461,0.0031722127305042714,0.010918356880284388,0.003871536134397042,0.009762636920959095,0.000507356688721574
2015-07-05,-0.017804297470876557,-0.016430343901868046,-0.01970881152941731,-0.012898868896130747,-0.0021315933670968488,-0.014733716499933422,0.00011024299530515517
2015-07-06,-0.005235245824639361,-0.007725949564680524,0.0029263408121352526,-0.011120148785630366,-0.017000526571862556,-0.00454254116986126,0.0002695439057280915
2015-07-07,-0.005991989065008901,-0.0043544122361744006,-0.010292378564299844,-0.0014615765975450798,-0.006388627836994647,-0.00489525926957974,-4.671568771609738e-05
2015-07-08,-0.014283956370424719,-0.014979437448356059,-0.0029193063163101968,-0.008927843746792308,-0.018316398503199,-0.010389073770365983,0.0007125883634944629
2015-07-09,-0.012938142603256627,-0.01032142637132017,-0.03010927054107005,-0.01401138156187088,-0.005295639089744446,-0.012735152819315695,0.00020759710322371995
2015-07-10,-0.0022658595989574924,-0.0026880210895597347,-0.006385206130151028,-0.007694233323304792,0.020018318429226717,-0.0030476819780213176,0.00010507719191218572
2015-07-11,0.013722520661466646,0.012831821433151617,0.01873273394464071,0.013599648166907464,0.013673856536418595,0.012229872380547154,0.00027196732257626796
2015-07-12,0.008616622702606562,0.006451729462327032,0.021304466856085807,0.008242604106582188,0.01169102460516517,0.00847568069109872,0.00010268829395122365
2015-07-13,0.017063334366744558,0.01743658283861761,0.021750219254954736,0.02300435040403919,0.0029173595579035077,0.01582338389869073,-0.0003196994169365951
2015-07-14,0.0015922795512642255,0.0025084764964091104,0.0007229236916451338,0.005454845007427593,-0.009660260359169835,0.0018232696377728477,-9.582190881345646e-06
2015-07-15,-0.022080967407511472,-0.020685361631311374,-0.039862058992989925,-0.02986057669931467,-0.016920553951701146,-0.021535669853340714,0.0003704604849341077
2015-07-16,0.009865031300822537,0.008957143326730818,0.007541262537587272,0.0037157539704817883,0.014171934321964159,0.007413931233475314,0.0001298176877949961
2015-07-17,-0.012515033996656072,-0.01425406097794414,0.006582755982849615,-0.006080684393032865,-0.01969132200127942,-0.008117984214311409,0.00013942062425819658
2015-07-18,0.0018909251834038918,0.004717855430060301,-0.017253426630810496,0.0005819882195506588,-0.0011028874894388448,-0.0002873498933175973,-0.00018452826837714293
2015-07-19,-0.0020491260065124244,-0.004515210248552028,0.01756284505581913,0.0014107861874410555,-0.012929372536270783,0.0005103498614061998,0.00031129900529357934
2015-07-20,0.017321156033178936,0.015495837861046696,0.024871649488992262,0.014683884707094655,0.007338938883235184,0.015202029822289229,0.00035087205326297835
2015-07-21,0.00547893805377663,0.004013333017975649,0.017258671357395776,0.007772967198182813,0.00976561276208818,0.006056182941343153,-3.763086460884595e-05
2015-07-22,0.015989124223671998,0.015294391490015633,0.028605057858798476,0.02295611932029802,-0.007320582712930625,0.01589166589074226,0.0006777295843077536
2015-07-23,0.002415053432167662,0.003303479010073413,-0.006491771571154761,-0.0002785741889182315,0.002891692322223155,0.0009426704746416844,0.0002645520962859313
2015-07-24,0.006259042100611326,0.006975426185855086,-1.01410420078182e-05,0.004894312262948567,0.026007531046668683,0.004715367476656203,0.0006750773341922184
2015-07-25,0.005578141846428361,0.005312625264385274,0.0069230065875047295,0.005457768500854502,0.01001677105354725,0.004857085970302064,-0.00019119699646676157
2015-07-26,-0.0034232980506128463,-0.0009374430127128636,-0.015446814767605998,-0.0008300287570029561,0.0022086453304323824,-0.0036447590611696445,-2.1237049537765478e-05
2015-07-27,0.018336353701754935,0.019570852980489373,-0.0024403212018245073,0.008170952142953297,0.02844899264347915,0.012526124735973497,0.0004607573460654304
2015-07-28,0.020020004085121838,0.020047275474137444,0.02163552263122643,0.021846008067600155,0.00986083470406963,0.017569754761130686,7.657989224476622e-05
2015-07-29,0.011105178956841903,0.009898193590317211,0.006474442607165013,0.0016488729396299528,0.03326675922504084,0.007874699656428778,0.0005656402987648246
2015-07-30,-0.006764128180755437,-0.007128202029154109,0.00026495800079747236,-0.0030738190612122477,-0.006650253445853877,-0.004667263218077384,-4.237745027049064e-05
2015-07-31,-0.007512506656849832,-0.00724180491192801,-0.0002516997499803428,-0.0005171290413512079,-0.0088478624532441,-0.004820721701254242,1.4219838688554499e-05
2015-08-01,0.008127011985118034,0.011940171169569054,-0.01046165160913097,0.01225529183631376,-0.014658502602593645,0.005892218085076395,1.6794214773711757e-05
2015-08-02,-0.01341256450696893,-0.01110616362594316,-0.017577661906652046,-0.005624075181490781,-0.02236361764929008,-0.010750483632635909,0.00024009084516404892
2015-08-03,6.609070872359312e-05,-0.0005583195510771504,0.004325427723099727,0.00038140051230777026,-0.013033263954760576,0.0005422082713763801,0.0004447469337764786
2015-08-04,-0.0061744882554255875,-0.003699314099182808,-0.02262622566732459,-0.0072399825593779995,0.01316732798886959,-0.00684496320661089,0.00039874705820147545
2015-08-05,-0.003876277153760102,-0.003222636100857391,-0.008857178802790295,-0.0047145622295378855,0.018896273123630278,-0.0038457700553218032,0.0002512507408909142
2015-08-06,0.0059692657015132785,0.004310747282373977,0.016416484370648476,0.006251962800471748,0.0002967015631164145,0.006093838041475406,6.910799159001004e-05
2015-08-07,-0.00046825245861272576,-0.0003525121045029469,0.003233784496152672,0.003048535159032427,-0.004754878735403605,0.00046782504378204326,0.0003617123148609026
2015-08-08,-0.0005137083096195643,-0.0005802876353810408,-0.011762896445359468,-0.00985703657352123,0.02168528105284285,-0.0027037325381207553,0.00024008599278284358
2015-08-09,0.010746429016183244,0.014613571465785284,-0.003498882837153855,0.018659191871680154,-0.0038828757543883357,0.009115504000981612,0.00047999715955744464
2015-08-10,-0.011578656742762504,-0.011985294154767795,-0.012765461252146268,-0.014783138612249745,-0.009324092073956397,-0.010371495874164277,0.0007338155909418788
2015-08-11,-0.0017389531416076448,-0.001974391515789358,0.005395993084594169,0.002767592610408055,-0.0026972260377965507,-0.00020521195655544603,0.0001783298827967283
2015-08-12,0.005844731333604792,0.0022844851464372527,0.026134611581805172,0.0045966764460254736,0.005125052523769004,0.0067044054521137025,0.00046187741020391844
2015-08-13,0.013972046574951116,0.011921273779369608,0.026982301198505136,0.01451596489602995,-0.004475282149236825,0.01330017455317146,0.0006454349545380795
2015-08-14,-0.012956809381144734,-0.012950295016619729,-0.014314393965711497,-0.014274522331805824,-0.0066421569105425795,-0.011377069394755834,0.00023450280691537955
2015-08-15,0.0043967588318387625,0.0036559670297553917,0.01768677688293105,0.011456115941671624,-0.0030153444929823603,0.005938106205870456,5.405026929460086e-05
2015-08-16,0.012321993342576991,0.01027643864011044,0.014796583642267096,0.004436029198276206,0.023310734969363624,0.009736470250564733,0.00035180103598235875
2015-08-17,-0.0024346231806198298,-0.004319797952391713,0.00911162263821995,-0.002560611159318246,-0.0008472601785718156,-0.00106831186494858,7.643988023721567e-05
2015-08-18,7.315597911191393e-05,0.0016126439581550288,-0.017752200578647702,-0.006577879223664995,0.02606703714961847,-0.0024640562422016425,-0.00013581536877788677
2015-08-19,-0.01233584251147734,-0.008774804801715639,-0.03545150566469822,-0.0134965263689244,-0.016950664008166964,-0.012695971900433006,0.0006481385431808015
2015-08-20,0.011972040095988396,0.012575141543150712,0.018921068260616215,0.02074945177635129,0.005039478143892795,0.012103899391547159,2.864011204846874e-05
2015-08-21,-0.027946443331819327,-0.030276334778981416,-0.015130062177817368,-0.02977099166009473,-0.031799562366275624,-0.023007099377263106,0.00045303179299349883
2015-08-22,0.029794315648067803,0.02692357967763921,0.04382018980277445,0.027421470530559308,0.025793758579025227,0.026513013010810767,0.00039975301589594274
2015-08-23,0.009490831778195064,0.00876606627325672,0.01260945270695316,0.008597334045225953,0.006777485365008119,0.008273253821616873,-0.00010652414279646233
2015-08-24,-0.0036996892489987152,-0.0011992174828335063,-0.01858494036585376,-0.003325220490980644,-0.010000162074046796,-0.004472122746124803,-0.00021664558129767879
2015-08-25,0.0032097363909551263,0.0010842207509058862,0.021386796911151446,0.007319147296754222,-0.019156020160801094,0.004910959495096905,-0.00018075118330921166
2015-08-26,0.011027103397796435,0.012051051900539183,0.0010192756777742933,0.00830316984235768,0.017195331149340118,0.008160488039800233,-0.00017404745369257015
2015-08-27,0.001027995927952802,0.0028424021408699042,-0.013620706376921376,-0.001699823435912691,0.009529283786343896,-0.0008516827843825007,-0.00037079348321536796
2015-08-28,0.005561669299500944,0.005490698819438696,0.00783086790735752,0.007126455075670911,0.003003918162006269,0.005266628528350708,0.0005606162298904182
2015-08-29,0.0016718186742698455,0.0022487115822282166,-0.0014616978201276013,0.002045365980420392,0.006232873480420986,0.0012276817510427083,0.0001463418565622548
2015-08-30,0.0005168569321405683,0.0015997269386392315,-0.010448181807760488,-0.002909099434181913,-0.007947136162540995,-0.0009094576325086576,0.0006820172573922573
2015-08-31,-0.014575284913004933,-0.013122734843774714,-0.02419195108631834,-0.015385287247208857,0.0017832285171608554,-0.013455333270609495,3.805196451914147e-05
2015-09-01,0.014742561443130986,0.015352364010858844,0.008835191722247043,0.013307809362916267,0.0029909142296557223,0.012028785512042913,0.000806610847289941
2015-09-02,-0.013431142892738045,-0.01344390448028321,-0.006230946855696537,-0.008004103008512717,-0.011768599443261456,-0.010109343721567427,7.259225400002556e-05
2015-09-03,-0.0011382078564423333,-0.0010480527161697219,-0.0025748244321167446,-0.0018814429148059104,0.008829602086832037,-0.0010884673065281163,0.0008272016820950895
2015-09-04,-0.006809135759307958,-0.004658310974388349,-0.018779271114004608,-0.0058939086944583925,0.020701456155697465,-0.0067900895223306276,-0.00012218131450895042
2015-09-05,0.020493358695611728,0.017533900883308997,0.030517793681054117,0.014290175282958154,0.02481452086033996,0.01768715331920961,0.0006438491072113669
2015-09-06,-0.004148793733132373,-0.003743082375809616,-0.008879761456910653,-0.006010858665176314,-0.008732516166396706,-0.004245864805156256,-7.355082334561749e-05
2015-09-07,-0.013970467853457959,-0.013635827836543525,-0.016870312736851124,-0.01490944926000382,-0.003986739764799886,-0.012415060401468284,-0.0003591086840265399
2015-09-08,0.004684078562457475,0.003414268554695755,-0.0004734718094168422,-0.00563149423748427,0.020106149202669475,0.0021973297314486777,0.0005176317674273282
2015-09-09,-0.01303616456842906,-0.015004508188653044,0.004905779124296792,-0.00866921812497504,-0.02175225023148051,-0.008958434594696451,0.00011338677257979303
2015-09-10,0.007014671420188145,0.006705008570287534,0.010555812845460569,0.008454457589771699,-0.006348349382411108,0.006554011993188477,0.0001842960264567182
2015-09-11,-0.016319676247311857,-0.015572243360848673,-0.02252613385046076,-0.017929323098360782,-0.014642036088208037,-0.014690135925631408,0.0005202851355846437
2015-09-12,0.01353277012233464,0.012302817521970972,0.011367096894916716,0.005984660252216738,0.015182494094053776,0.010432306121310644,0.000513042241686829
2015-09-13,0.0031961889500135504,-0.00022342601705431725,0.026167720557269666,0.004743768280575911,0.00010235265428981731,0.004999595786235683,3.358984637673589e-05
2015-09-14,0.001916361198991802,0.0020503822036641015,0.005098943444292863,0.005165150202878461,0.006330559697954554,0.00236028929264111,-0.00011661102924069729
2015-09-15,-0.016125993353644792,-0.013075913039743103,-0.02767211431461227,-0.01060707035046285,-0.025332052045037485,-0.014159790212596902,-0.0005471444177241255
2015-09-16,0.0061813305956676355,0.0024369984652395675,0.02801617037942184,0.0052726937861443165,0.011196281813457859,0.007133745875008748,0.00015672620626914222
2015-09-17,-0.0003223989326555403,-0.0015982681684403375,0.006018047240788907,-0.0015639295506454899,0.003514255650568611,0.00014724815057472602,0.00023227766577496497
2015-09-18,-0.0069948512242819175,-0.008153599038766819,0.0008536201908328246,-0.0065861840621883735,-0.012669149445411029,-0.005199560075438708,0.00029993709786017305
2015-09-19,-0.010171774696762512,-0.009854145288120746,-0.00973136807646774,-0.008459404981181149,0.0017737769431037196,-0.008402273830022757,0.0002804682704764499
2015-09-20,0.0005036662095300546,-0.0006680320725391041,0.0160230385960892,0.007138363666552222,-0.004199763849885766,0.0027512511047789127,0.0001342131497051878
2015-09-21,-0.015556941873735923,-0.013535873384946478,-0.02603656800621852,-0.014269144521695889,-0.01574788412281115,-0.01407700620177408,7.206195595176209e-05
2015-09-22,0.0013260217431858155,0.0005428206863157187,0.00556727365354977,0.0008735052871464317,0.005880137894577539,0.0014720074099536927,0.00015125991279928548
2015-09-23,-0.02332517707767325,-0.021201056752551985,-0.03178135007690241,-0.020069862855901316,-0.029321457587607666,-0.020247536559662677,0.0003199121695158063
2015-09-24,0.019019153317503826,0.01669365150738605,0.027749593813779297,0.014892354274321513,0.03066889899548265,0.016530604328024265,0.00017777822854822924
2015-09-25,-0.003863994514209089,-0.0028428284897961927,-0.010975697658185929,-0.004589769327988789,-0.0042550592717254775,-0.004018327258522052,0.00018462844568769302
2015-09-26,0.002282368540563632,0.002263490194860228,0.004400598584489528,0.003920740242315163,0.010209837374870499,0.002433724557933077,0.00043003382128222454
2015-09-27,-0.01831210567945713,-0.014076080652681722,-0.034520136261074204,-0.010720011784743851,-0.032293215852430335,-0.016072857704883092,6.015793372148488e-05
2015-09-28,-0.01423660597585099,-0.011221659010169926,-0.026105158502188197,-0.009121329479429124,-0.006688278050487394,-0.012554016447207715,-5.06313272101298e-05
2015-09-29,-0.030379652187420763,-0.028613688851676082,-0.0316783910723276,-0.023306151567059143,-0.04168209218075062,-0.025147201755149333,0.0001887053271609999
2015-09-30,0.0004845269837819353,-0.0002900268176714431,0.005792563268010805,0.0009041940320911913,-0.010163663537500249,0.0010175373628887744,0.0005078369784894468
2015-10-01,-0.0014618705914693992,-0.0014044386563857663,-0.006714114164358888,-0.005406234416724208,0.0011972298180131004,-0.0022889036268286564,-0.00014773427865121203
2015-10-02,-0.0008308310718336527,-0.003170542783860019,0.0056068273419256735,-0.0072673833692511285,-0.008314837633663167,-0.0009503792342370888,0.0005943274789006592
2015-10-03,-0.0024120674107210587,-0.001279893946655096,-0.0029014768260024965,0.0027269787937213353,-0.014382323197700083,-0.0012959812843905461,0.0007060913801944623
2015-10-04,0.00814260257252913,0.008630530828983747,0.015959419372607878,0.016961979841872733,-0.01293387672924931,0.008952102305213448,0.0003646904527891177
2015-10-05,0.004568836763206168,0.0025403937125476907,0.02559055998775518,0.01145921044670959,-0.007155834917424839,0.006725790761177486,-0.00010635194264856028
2015-10-06,0.005501457286967459,0.006292785536304795,0.011414636964458425,0.014250873988267316,-0.006806360478401991,0.006459492100612775,1.588690793521886e-05
2015-10-07,0.0019410182620043842,0.003788989179807649,-0.015500436515307678,-0.002842829863276529,0.020946070931032772,-0.0005607082015773905,-7.594986902611893e-05
2015-10-08,-0.011683386657721912,-0.012020743072038478,0.0001707703271611235,-0.004109163047957103,-0.011540231164968356,-0.00784627762531822,0.00044467791316709406
2015-10-09,-0.009190359799721118,-0.0068638479427813644,-0.012357950101798559,-0.0004163096122328635,-0.019495344031835216,-0.00693241670944609,5.1947406887591975e-05
2015-10-10,0.01632661057183874,0.014997007966816016,0.023633961330011034,0.01593222125719566,0.030983459597583696,0.014579318301271467,-7.173680972883672e-05
2015-10-11,0.011352433622343496,0.010948299436449796,0.012781897678226005,0.010720812548995762,0.02223193404165915,0.009812207037378382,0.00029090560928675597
2015-10-12,0.007278028397745041,0.005477982349081455,0.014866624173933975,0.004606200737907486,0.00010503659524446502,0.006513053535634635,-0.00019813158272541517
2015-10-13,-0.021760665338536992,-0.02401157982342458,-0.008972498632420077,-0.023085738123494355,-0.014592806638124301,-0.01769603978205959,4.37643867736634e-05
2015-10-14,0.004420992735103008,0.0031197652187451236,0.016701630745654193,0.007904292787660349,-0.00807733152121833,0.005375635751510447,7.831398888598102e-05
2015-10-15,0.003601474757459504,0.003890815540775449,0.010472748606569757,0.010592618458939777,-0.002905849214746729,0.004720942130212732,0.00036241712689447005
2015-10-16,0.008771334458185766,0.0068470819655240935,0.0197477752672315,0.008216969635784156,-0.0069942419712517145,0.008453273666260662,0.00025684225266265145
2015-10-17,-0.007522374356329274,-0.0065135188450791545,-0.00838780847622711,-0.0033841759597557715,0.0020075380852725335,-0.005930309997663698,0.00013765229786164837
2015-10-18,0.004853404345894886,0.0023048084065667345,0.02096106394729284,0.005240354750111151,0.025662243640922445,0.005688693744183017,0.0003090711769463488
2015-10-19,-0.019981863466087598,-0.02038127092670973,-0.010476765259089313,-0.014757354716814306,-0.007863496692200688,-0.015509624888351095,0.00034298457651270537
2015-10-20,-0.0018070016305399132,-1.2369504114059229e-05,-0.013516167659973105,-0.0023439538757763444,-0.0068522869574718535,-0.0026708058926456202,-5.189531886006952e-05
2015-10-21,0.008134669797982937,0.005522655815078735,0.02478864868370495,0.00871177744580119,-0.008446396465347023,0.008570967336687947,0.0002709890586126491
2015-10-22,0.014217406230167744,0.01461576075830535,0.007834405965624142,0.011365550859138101,0.01386645104362612,0.011207628652008533,-0.00011626735010591928
2015-10-23,0.00798882689914963,0.007901626875935286,0.009321681714455314,0.008784255855345017,-0.004126265400820259,0.007076127982529023,-6.834032335327445e-06
2015-10-24,0.008729812409860491,0.009010351147698114,0.01523622203767847,0.015491363296878193,-0.007594883838814393,0.00902979819648769,0.00020172141758740956
2015-10-25,0.01068559047468794,0.01244807847785864,-0.013340818903301948,0.0003742929375793007,0.007563819006843124,0.00566857575392706,0.0005286289936871164
2015-10-26,-0.004887013112691683,-0.008305594589479047,0.013987327762215009,-0.006785406597561198,-0.0009111484453933607,-0.002689055058847295,0.0006166713605728822
2015-10-27,0.025016968684727334,0.021316793663288532,0.049196855942558564,0.02657600164222516,0.020956031965952977,0.02385424498825528,0.0003175808277012062
2015-10-28,0.009309438634598627,0.009808245586778647,-0.000696792921211351,0.003953201521145646,0.013985744116859137,0.006358213918620298,7.734926331329026e-05
2015-10-29,-0.00462141470936559,-0.005388514192554088,0.0067615773968114365,0.0005911526221778008,-0.010216212267119978,-0.0021410735881236143,0.0005963306129868249
2015-10-30,-0.013134626665980588,-0.01243186895740847,-0.018472136989489907,-0.01419780258601623,-0.023578614761775477,-0.011866033246441782,0.00010491041274189987
2015-10-31,-0.0003293598181319747,-0.002383496187730703,0.016022781390428432,0.0025840335535878686,-0.015694684804243613,0.0016767629549643535,0.0007149366474064034
2015-11-01,0.015072632381488059,0.013758451497466398,0.01848707916870478,0.011613314526504612,0.004907915632439511,0.012744869555731916,1.3718265978915128e-05
2015-11-02,0.014153912311876548,0.010970978681989117,0.04001284503809924,0.01940487848671503,-0.004289818320116731,0.015127499552735414,-0.00022169396333513965
2015-11-03,0.001219182202301165,0.0037015459459771825,-0.012343230894381857,0.002656828969155111,-0.0007905996942584306,3.8353567202898375e-05,-1.583531974069731e-05
2015-11-04,-0.018085643745677976,-0.018367978953734904,-0.014528814202740858,-0.01698115441043231,-0.022481768699946267,-0.015144479414169913,-0.0007737251805370483
2015-11-05,0.00094392874550736,-0.0016355400110600515,0.02681211810820579,0.008915957684914768,-0.015940398083361035,0.0042059596583623755,-5.872658907632013e-05
2015-11-06,0.005425540632952138,0.006752355804217663,-0.0024066465740148224,0.005812420625647209,0.010560321906765402,0.004083043256975785,0.0005174000221048347
2015-11-07,-0.0008696566825739266,-0.0005479590736900178,-0.00769532190108341,-0.004759588167848442,-0.002276017604680888,-0.0018837922130348049,5.9618235097985714e-05
2015-11-08,0.00517599236464172,0.003706028677165133,0.008477322979836817,0.0006580449584870488,0.023306091870761984,0.004108622397514992,4.555647346203223e-05
2015-11-09,-0.00021875593537840527,0.0009047603563488514,-0.021519834659893804,-0.011721084280438936,0.025123934811014118,-0.0036260395672294216,0.0003630363936645533
2015-11-10,-0.0028683905890411338,-0.002884626630529207,0.0012001716009183974,0.0002495989771819952,-0.0204651233196999,-0.0016692479139837984,-3.568354937037989e-05
2015-11-11,0.009147939608134047,0.01068726087135498,-0.0007994376008613189,0.008971686393084361,-0.005941002132911559,0.006973654184233636,0.0002778640163742067
2015-11-12,-0.0007807252731648859,0.0015296489587856487,-0.007745967345079949,0.005047200332645701,-0.01375241830978608,-0.0004954106174908492,-0.00012425314851477118
2015-11-13,0.0033136496970074376,0.0015992291815989676,0.007186414971859127,-0.0019964227729507,0.00930355269629414,0.002484298737448848,0.0002660168830899694
2015-11-14,0.008651843507255785,0.00814275854175245,0.0076841076320462495,0.005532650244571775,0.001936182478558794,0.006919598486410947,0.00015808515375120724
2015-11-15,-0.01359387258704099,-0.009081786352476343,-0.035199363145121704,-0.008848170458903473,-0.00277533485659235,-0.012999391515225202,-0.0006133013796776028
2015-11-16,-0.01117856087284975,-0.011730508406055551,0.00737196515162166,0.0007136348550818572,-0.023316735185054917,-0.006296229697494751,-9.834699240665005e-05
2015-11-17,-0.0010795613249880024,-0.0030209646561527833,0.007608602982640954,-0.0037407316106083267,-0.005048700067052045,-0.0005268404871423911,-2.1097536514410757e-05
2015-11-18,-0.010760960942830721,-0.010593794314876835,0.0005747664393470023,-0.0010828244838312837,-0.01686371752782819,-0.006865287593355581,5.1468498916384974e-05
2015-11-19,-0.0037828646301439114,-0.001422207079254583,-0.012129936250171874,0.0011239869515955593,-0.008350262354630676,-0.003291318137118738,7.410655142818789e-05
2015-11-20,0.038139867450075596,0.036571063584793416,0.034243171191582156,0.028025563122215068,0.032906667387139044,0.03101267646355245,0.0004926787786659306
2015-11-21,0.0010161615333956816,0.0031420903174405102,-0.007180124023473386,0.004967124797351123,-0.01062042714441245,0.0007953842398479541,0.0007209857199335658
2015-11-22,0.012896740672551404,0.0131811356825616,0.015626724341948704,0.0167355827541397,0.003284738178548111,0.011888415403630602,0.0003995508415471406
2015-11-23,0.005711355408196887,0.006738664902997977,-0.005650586038469066,0.0018104281020926696,0.01982333418587038,0.0033483676769156647,2.5508062638932846e-05
2015-11-24,-0.004793150806944478,-0.0033116547006730593,-0.01000728786960154,-0.0017376269305913218,0.01376940945964144,-0.0041763835569888375,-0.00020528888184438634
2015-11-25,0.001387038485428997,-0.0007130375451175641,0.013936177198851688,0.001083788037523245,0.00513391266953382,0.0022321148146788178,-0.00020367012737632653
2015-11-26,0.005318343255731031,0.005551949333927221,0.008100559215488369,0.008785565149700334,0.008899558780021546,0.0054231502555908044,0.0009465882620185648
2015-11-27,0.007383321816872006,0.00671261116438271,0.011003610294130942,0.00710915711630849,0.0013978302576011506,0.006646418877795946,0.00023756477054916083
2015-11-28,-0.0030115465889667668,-0.003090360651398483,0.005927599471501505,0.0036803982516025965,-0.02112839533426555,-0.0007876225906615164,0.0004899803806620942
2015-11-29,0.01584064631114408,0.015581593056562875,0.0009807121060862074,0.0029789994503990336,0.021905006360756048,0.01054861116879337,0.0005394672645247236
2015-11-30,-0.0003549085007871378,0.0011245960676726178,-0.012415147107443104,-0.0027075081333052036,0.01193998174500411,-0.0016589005440845693,0.00030315726843712157
2015-12-01,-0.0026118490873111863,-0.0019154917687506418,-0.008800764547218256,-0.004188008241266061,-0.008133693362854749,-0.002916243242519533,0.0006397478986042431
2015-12-02,-0.0027985434379845975,-0.004457503391158552,0.017389339646838094,0.005100629897216091,-0.00396200825910557,0.0004909774256474048,-4.995239078081539e-06
2015-12-03,0.005166734300322312,0.004995912965605186,-1.991340874765886e-05,0.00028170163050650777,0.01390458244472023,0.003255107205403128,-0.0002404102468164724
2015-12-04,0.01417363009920007,0.01439033232603672,0.010819363405376184,0.0128432102471114,0.013889532280312915,0.011674187439414806,4.940497933110645e-05
2015-12-05,0.007084006657857004,0.0075580931466170806,0.0077257887090858325,0.010077684522333232,-0.012068509633648451,0.006570047673922653,0.00017075820693770367
2015-12-06,0.022757047152171656,0.023488472063094408,0.008871526721528088,0.015713260504146703,0.029600702807205174,0.017322453715822698,0.00018751532559642937
2015-12-07,0.004763657367990016,0.003945600142417785,0.012520562956729268,0.00701805162951709,0.00989842148665961,0.005122798463474121,0.0002600331248651597
2015-12-08,-0.002097618380996311,-0.0030252585853005705,0.01573012204442594,0.00754359889242401,-0.01603783002331672,0.0010999773007136448,-0.00017599549827419206
2015-12-09,0.013394536428027456,0.013130650319712975,-0.0008183074895043354,0.000989307850464841,0.03428913912142437,0.008490258329390685,-3.766014879016903e-05
2015-12-10,-0.0004949430791340457,-0.0009610268285158084,0.0038520176932095745,0.0006703972138691339,0.004958805430566237,0.000122827121239869,-6.212932843562257e-06
2015-12-11,0.006337755730937087,0.006477832293429726,0.008638461729434836,0.00900032752538279,0.00675081130042785,0.005983881398344472,-0.00016368311575655319
2015-12-12,0.012908403067218755,0.013365275466820786,0.011580487524301833,0.014346989831899672,0.00919274246717706,0.011248752191499109,0.0007099258181974078
2015-12-13,-0.0024084063158697727,-0.0017816553632713763,-0.005856720922863758,-0.00212673462988875,-0.004472029851500326,-0.0022769159099985913,0.0003829103971236525
2015-12-14,-0.019167513861905648,-0.016959675390571638,-0.03481486952269077,-0.02117542151836574,0.0007028991872809164,-0.01800371967685931,0.0006697449491944345
2015-12-15,-0.0008924150270512201,-0.0006526079118803901,-0.0014545023169641753,-0.00017206328255345911,0.01023073788155344,-0.0007377859250060799,-0.0001611364012624486
2015-12-16,0.0036662837742815306,0.0022155063077742778,0.014709688441055515,0.0053985674533742235,0.0006461428336078674,0.00442795976909936,0.00044625226331495226
2015-12-17,-0.03111638179921053,-0.031062584323954028,-0.027878682311597375,-0.028888629638641646,-0.039700618055684686,-0.026034732267657075,0.00029196606522771955
2015-12-18,0.016497012895696953,0.01624571677372718,0.0196621109855822,0.01810672655289435,0.02277683362444348,0.014724209648515646,0.0005451115047033063
2015-12-19,0.020082056789646828,0.018386142576527816,0.026438288051022503,0.01718979772209089,0.0008731996533942951,0.01738477032918679,5.3449982074568256e-05
2015-12-20,-0.008490077862211697,-0.011286904650225521,0.009869701535116706,-0.007794473313326007,-0.006625444471843878,-0.005507347257194337,0.00030465394722524
2015-12-21,0.001746581243169861,-0.0007544605230343334,0.013419197894961576,-0.0012334820581403336,0.006350874601808205,0.002104794644598585,-0.00010290387208779827
2015-12-22,-0.01542695800264316,-0.014082047465709164,-0.020059582692970535,-0.012795996067943726,-0.016028271382929025,-0.013282403146899081,-8.713972801308129e-05
2015-12-23,-0.016200833428712216,-0.015551316039526641,-0.025179666365342843,-0.02050243891326281,0.003832381210194507,-0.015260512810704363,0.000156918462429798
2015-12-24,-0.016933044118336425,-0.015878124354105547,-0.024020307837774233,-0.017741275432679015,-0.006062691454349364,-0.015178050805468636,0.0005531545863074821
2015-12-25,-0.021629746093311926,-0.02108546522101395,-0.02071247014024726,-0.01864373480371414,-0.010827292645097767,-0.01801665249634614,0.00019810300698504954
2015-12-26,-0.008606442317520613,-0.00786296617822619,-0.015764468861523384,-0.010834973569345492,0.008677330674482057,-0.008303352330845865,0.000137664919335088
2015-12-27,0.022796559086149373,0.0220900520878255,0.018004212621633778,0.015937208189212543,0.010253679852905451,0.018100259062961505,-0.00043698323362937474
2015-12-28,-0.018139273601031566,-0.017891274469407834,-0.012374196596139645,-0.012673139017948191,-0.03392984846807909,-0.014218666345645132,0.00041286295153808607
2015-12-29,-0.005210121864955208,-0.00525411277015419,0.006041885743717368,0.0034690392494621082,-0.0066874336019936385,-0.0022540181255928963,4.6373176933585755e-05
2015-12-30,-0.011113488897388602,-0.007716343975120467,-0.033497794568615256,-0.012457707697436402,-0.004367016807762051,-0.011726952598179014,-0.00017997994383528183
2015-12-31,-0.0011070477224678853,-0.0011605873523930158,-0.001747398618632464,-0.0019096366378682729,-0.005512162726020597,-0.001091124794446001,0.0001840736094610879
2016-01-01,0.005084174581373324,0.006496939037755865,0.0035983660474585826,0.01097352987131632,-0.005050844428337829,0.005064491216824445,0.0001368894541213576
2016-01-02,0.008868158432642832,0.008238358790892153,0.01655417776829755,0.012084365784778013,0.0038613479949838273,0.008722685082086649,-6.194726034522552e-05
2016-01-03,0.004114639233757842,0.005623790015853976,-0.005419518043184964,0.004023503025786,0.003596646760273681,0.002677198065216137,6.540173238292094e-05
2016-01-04,-0.0020186798865227335,0.0007577538058348811,-0.021918774701575147,-0.004267172944283524,0.004589257822343484,-0.0037842168590226525,0.00018130241175109252
2016-01-05,-0.011096566524617827,-0.012521865344969216,-0.004695614272605869,-0.013244022345186485,0.004610801558296778,-0.009204391116693536,0.000265505957500168
2016-01-06,-0.0063672301558122535,-0.008644468200448514,0.0021455265108700815,-0.010942847489847158,0.00978671457375575,-0.005274515191649132,0.00044610618807026866
2016-01-07,-0.0068273538723275205,-0.008577038328010995,0.004252875500429534,-0.0067474175837072365,-0.0024391622591268735,-0.00482711600111578,0.0002129460531223455
2016-01-08,-0.0008072204860432601,-0.0018669370874942186,0.01055440190664099,0.003020097388387755,-0.023334551393579185,0.0009262921260044742,0.0005417809413891879
2016-01-09,-0.018672792844843723,-0.019563697598973705,-0.0018107789181680163,-0.009957738206657008,-0.03430563571817716,-0.01329773553308238,1.5580427428680025e-06
2016-01-10,-0.01274297284961097,-0.011957098701844287,-0.016520460456457012,-0.012148477318976763,-0.001234005926943298,-0.011098708072519095,0.0005436608432077801
2016-01-11,0.016585181315098372,0.01683942096711703,0.010089902152510051,0.012979062948932758,0.00028418583321038887,0.013121575796436746,-0.0001228728315452381
2016-01-12,0.012547778246556241,0.009851595831982213,0.019098503741133088,0.004717720372167657,0.012076129974368756,0.010267024748511343,0.00012263534927455547
2016-01-13,0.003314510291749378,0.004380179370245864,-0.0014420091614408344,0.004837462175934894,-0.003687471228063668,0.002648630442256942,0.00012640034349713483
2016-01-14,0.006843359184190834,0.006626600852575373,0.004113598439522276,0.0037235692006622077,0.007840398669484761,0.005204932921508337,0.00010312066486106395
2016-01-15,-0.004073591717003081,-0.0035747505640306067,0.003464085258420884,0.004338595628105809,-0.008460716789966523,-0.0016479120138104156,3.7884828711972246e-05
2016-01-16,0.00845435273146106,0.008672300641006893,0.012191309564750301,0.012687724818230887,0.003199034357952524,0.00818139403379951,9.715538235961547e-05
2016-01-17,0.004918736914660403,0.007029762887675247,-0.015930943920425093,-0.001237684212898547,0.0019101248554310628,0.0015343852790673518,0.000175975223854608
2016-01-18,0.021914193349048122,0.017957592501578672,0.04548080312725813,0.021668883401768108,0.0175400393785879,0.020781576472870406,-0.0004363274835044797
2016-01-19,-0.006359380425688767,-0.005039759482082314,-0.016498408252067887,-0.008078507990402143,-0.001869266530337193,-0.006593216921173122,-1.7742174390882683e-05
2016-01-20,-0.022580541554965677,-0.022824344578208124,-0.022299521107065085,-0.024027407502902075,-0.010472018952759928,-0.019420681274604387,0.0007842270169937308
2016-01-21,-0.011674302279828254,-0.007580370646346148,-0.03621878770900812,-0.011334309876377879,0.004406870862431212,-0.012032942319088488,0.0007477738505385881
2016-01-22,-0.013879772137375441,-0.014013330977760707,-0.012858732322168172,-0.014019593244406235,-0.01036886630474021,-0.011689168564211386,0.0009638422472946723
2016-01-23,-0.01717717728124366,-0.016977778124362058,-0.011437249775193746,-0.011946983270501966,-0.007469271863748548,-0.013464812221988235,0.0001618141734235553
2016-01-24,0.003834375714318175,0.00431550906935791,0.001545426121303412,0.004450167745606859,-0.0014496704418237227,0.003215893510213088,0.0003267291241080407
2016-01-25,-0.00376630909220273,-0.004175306870347161,-0.0003673748578503634,-0.003145232208189893,0.007500432206743814,-0.002824017030275796,0.00011476487957562754
2016-01-26,-0.01986133805513325,-0.02105129180429864,-0.012878993600311837,-0.020549927507423266,-0.017667248267230803,-0.01650931627170498,-5.6663291626904736e-05
2016-01-27,0.01556054055959667,0.018145915780235517,0.014505132636894428,0.027795153301988104,0.003946298420774286,0.014974451525713658,0.00020126602973069758
2016-01-28,-0.00011315102561368641,-0.00047860057080992947,0.005297563743366429,0.002401717989016401,0.0023001709203468983,0.000776724238139532,0.0003059513386145197
2016-01-29,0.0013467303837189522,0.00165271908272422,-0.0018494060820929397,0.0003185788639245269,0.00041530165337684316,0.0007974009721567355,0.00048805639526569805
2016-01-30,0.0059791296808788105,0.010007786573290338,-0.016420237175869594,0.008078282644079414,0.005139770890265009,0.0034460309083804274,0.00012505967656010464
2016-01-31,-0.003636286368388629,-0.005096412493726361,0.011961553246563606,0.0015510533010314386,-0.0176326911739538,-0.0009739756411834904,0.0002591618002775689
2016-02-01,-0.01171969864068734,-0.009317101623890255,-0.027596116647392425,-0.012795020926931393,0.0036166438094596253,-0.011544078950157926,0.0004311585521919379
2016-02-02,0.006790432418257471,0.005571766466231468,0.015842822120666487,0.008142603121639357,-0.00435052335416267,0.00685081186043953,0.00026699519510112293
2016-02-03,0.010189962309347213,0.008818049802059103,0.02338694637004475,0.01416926805486065,0.006743873941245621,0.010494548552438183,0.00024164816141362418
2016-02-04,0.013008085016856814,0.012612401985674072,0.0073977211033161554,0.006827354810292762,0.015690243849428916,0.009778664197891378,-0.00010366989870382661
2016-02-05,-0.007587715652218437,-0.007215672563414753,-0.012312063604169931,-0.009671745864591552,-0.003350260854403644,-0.007280002688448694,-0.0004654801771123948
2016-02-06,0.002902620098780015,0.0028661590592899125,-0.0024519540460523487,-0.0015116295345267154,0.01414886962418034,0.001459978165881811,0.00042625921676672324
2016-02-07,-0.018910370057544017,-0.017168021990074132,-0.029798599976043536,-0.019399806188170745,-0.01903434244512751,-0.01718924215768284,0.0003922123988733354
2016-02-08,-0.0019863225517020595,-0.0015895631640026994,-0.015502512229615073,-0.010873821823348503,0.018420920356871127,-0.004175346709208336,-0.000259377324158497
2016-02-09,0.0012916761709361884,0.0007262808362702767,0.013241029068851936,0.008100341150497523,-0.01993837610196946,0.0029976593193670386,-0.0008201045529807639
2016-02-10,0.0034453219192727364,0.0007513370331032779,0.026903343297605485,0.008972838091891797,-0.004731090537159682,0.005801365719693029,-2.389846222652185e-05
2016-02-11,0.009425309395097968,0.010582056111586833,0.0027607256945970144,0.009987179659785666,0.010310843596101366,0.007632232947552563,0.00046488711342486063
2016-02-12,0.03312566291903561,0.03144540421319204,0.03308956593648321,0.02546734566758984,0.03130665934921394,0.027267397487602003,-0.00042625415413490014
2016-02-13,-0.007962249725198949,-0.007149576465148004,-0.013936088879704754,-0.00888339842766937,-0.0010996619307484011,-0.007502198932909706,-0.00012808554932688796
2016-02-14,0.0136060748072425,0.013195289399529759,0.012956392438236831,0.011325573837045484,0.00857338740606204,0.011314391813052748,0.00017983285181963148
2016-02-15,0.009726201351064485,0.010608732359855306,-0.0015955872171135727,0.005228856849256424,0.010916444916006915,0.0066651660783111615,-0.00029295711432178207
2016-02-16,-0.009477432110983066,-0.008473508845516214,-0.008169912100418343,-0.003665422362777575,-0.010880555930938778,-0.007172857125015093,0.00019192747164399504
2016-02-17,0.01035633843132374,0.010250459838266706,0.010939804088315635,0.010502906802547144,0.0053605993668625835,0.00898047559483482,0.00021453366474181513
2016-02-18,-0.007649085411857911,-0.003861784836703146,-0.030161755562467193,-0.007111392055543692,0.009946199831638605,-0.00842095882913324,0.000422682811286775
2016-02-19,0.012380679464385305,0.010204877299999127,0.023696170346019983,0.010933494860513338,0.010938507178646186,0.011407529140951007,-6.358968001511444e-05
2016-02-20,-0.003014443532607315,-0.0038072759381222888,0.00997220621580924,0.00339821219041483,-0.012247180150684291,-0.0005410212207743927,-1.0843909250931699e-05
2016-02-21,0.0007091439691141888,-0.000185543877524761,-0.002242166230780754,-0.006056630265265104,-0.011649027560392634,-0.0006006936077550604,-4.2450427539491225e-05
2016-02-22,-0.014241097416528934,-0.012981717862628998,-0.019675067161175418,-0.012663528897367222,-0.015007459416016647,-0.012386982635406146,0.0005884366528100867
2016-02-23,0.004381486494825653,0.003874869655067598,0.010107771149690178,0.006538291923604446,-0.011552822850163128,0.0046296122761209325,0.00045824183022736257
2016-02-24,-0.00017762138225287105,-0.0010793208197883482,-0.000918712965018398,-0.005236213565714239,-0.00820336064516944,-0.0008657407751478371,0.0003885634089316535
2016-02-25,0.00442211188621759,0.00552998404730736,-0.008316772381176441,-0.00020279127115422398,0.021369064985588236,0.0019818634513674703,-0.0002436771517797082
2016-02-26,0.019309023719600464,0.020026899857195645,0.014056331339149117,0.019032939638073954,0.009707744328508945,0.016093094936191547,0.00032093856388140375
2016-02-27,-0.006094292949523819,-0.00562028637777464,-0.007347866782172718,-0.004884731212533336,-0.014744704264924913,-0.005115321574133097,0.0003642901170433173
2016-02-28,-0.0057473716552075916,-0.005233796780616333,-0.013297564800318712,-0.009366829409745182,-0.022000849610825227,-0.006090213704503907,7.078429126796041e-05
2016-02-29,0.02919882316470455,0.027165809152233693,0.03486309804625589,0.024268369742192347,0.02177704003371586,0.024867163928815557,0.00013802847206687002
2016-03-01,0.006268420556723407,0.007805666494582648,0.00184114226339923,0.010438818073781799,0.005580831541588112,0.005610963911203633,0.000357159622069005
2016-03-02,0.005584098047473623,0.005375952887394355,0.009727387236229498,0.007981785467862742,0.005986114031274656,0.0054907774207383535,1.9440038673517463e-05
2016-03-03,-0.006279309657698249,-0.0062811959627553345,0.004811020945152374,0.0024646757770555297,-0.02708625514432099,-0.003229813896120983,-0.0003312746304624916
2016-03-04,0.002373204433878901,0.002228198215600735,0.003903932229215917,0.0029277070349553623,0.0032949903356959045,0.0022560214746883737,6.0650278829451414e-05
2016-03-05,0.017207129835952666,0.01888820511437336,-0.0018078907239134322,0.010651499929109074,0.020956127819168245,0.012095341422270988,-0.0003866034465997385
2016-03-06,-0.0008462793584616074,-0.003241326918811606,0.014697545333585239,-0.00025436089588518366,0.00030225283540887124,0.0006991306556985082,-0.00026596221185866143
2016-03-07,-0.007044708539577939,-0.006245348323048549,-0.012183519193301467,-0.007353943934776664,0.008667822626966491,-0.0064943922618468436,0.0003066085541764881
2016-03-08,-0.012592654331998781,-0.01245888056103636,-0.007628565398904702,-0.008224969361689325,-0.00356752193014263,-0.00965697832294462,0.0006287759040094288
2016-03-09,-0.011949595269549773,-0.010375956313992409,-0.02627991785005304,-0.01588462562812957,-0.003089448128416739,-0.012023253227087112,0.00027784146197825483
2016-03-10,0.012010258505866303,0.01171267545034696,0.009378347359709275,0.00867751632295177,0.014102829692279094,0.009579606713908432,-0.00013209290796594282
2016-03-11,0.02424105518386597,0.02578603001099467,0.010100417462238899,0.021042879873643935,0.039873349161698685,0.01909869580672202,0.0001330941306737678
2016-03-12,-0.0019711784360771094,-0.0014874477572458472,-0.00503949355128539,-0.0020643101707964735,0.013405111525591769,-0.002055915354467068,-0.0005657186371183182
2016-03-13,0.017770429551462495,0.019284896735828262,0.00257795132466477,0.013446996867093976,0.013993582875432151,0.013328293995248146,0.0003163292363246706
2016-03-14,-0.01819894253907658,-0.01826099534038432,-0.0013795649654267817,-0.005417774253545341,-0.04214422775974755,-0.012303126070079343,0.00019070420734193372
2016-03-15,-0.007194942270109058,-0.007539861155442794,-0.0031881075211246377,-0.005842964964008858,-0.01257168140877227,-0.005583281224803909,0.00028461770682496686
2016-03-16,0.02157982445251885,0.021137738935016616,0.023750768292059517,0.021567679491973857,0.0016534282089538666,0.01866543086175754,-0.00017029676165668012
2016-03-17,0.006683848254934756,0.004362722266957138,0.02172874312299896,0.0073844641499825996,-0.0008205851289643639,0.007181550715028264,0.000130729194639265
2016-03-18,-0.01402444771330604,-0.014453216129130888,-0.0025757574960996402,-0.00726375852838967,-0.022322382533510543,-0.010068101546013149,-1.7096979605990103e-05
2016-03-19,0.0033296183966014794,0.003850607479426064,-0.0009153484163540169,0.0025728604513502147,0.023674150583912014,0.0023796648191654647,5.3146598617217884e-05
2016-03-20,-0.004117872514237151,-0.0030781550785391396,-0.004927471778855831,0.0002897663741492137,-0.009366844005423668,-0.0029996522354468667,-7.358090089391777e-05
2016-03-21,0.016635472210619416,0.01413839465052771,0.024546515896970367,0.010952487669760012,-0.0008095199562345688,0.014236815424903276,0.00044828936497637615
2016-03-22,-0.007259186600242347,-0.008203173080459149,-0.011005243687343545,-0.015059498595818632,0.015267762119416653,-0.007675390272041183,-0.0002505309190261019
2016-03-23,0.00900780457657038,0.00874744251317033,0.0028218603138214816,0.002946074217189048,0.01018258605503683,0.006379338265721063,0.0003471223758691688
2016-03-24,0.0019079531004965945,0.0011006310711752592,0.018014059879911698,0.010830020231928134,-0.027123242282697094,0.0043973456003509985,0.0006403264631539736
2016-03-25,0.0011861065851871094,0.0024905349600609092,-0.015119172440106684,-0.005398943229067534,0.008902909306611433,-0.001286322374518386,0.00042124487999606726
2016-03-26,-0.0003498762494689064,-0.002545297622907854,0.005106476470501127,-0.006831902893752743,0.00845390976169856,-0.0007540377336027419,-0.0002635144758957986
2016-03-27,0.005111749536970468,0.0037039804322719517,0.010224152588692777,0.002345655288733673,-0.018111357498104698,0.004479023215583094,0.00019361515716913048
2016-03-28,0.005732706287446175,0.005018001370154501,0.0161321627577019,0.010629379291662612,-0.013917839582544465,0.0065675827022612845,0.00034520031580985433
2016-03-29,0.013594566318812649,0.015717259376639023,-0.000776930346560018,0.012853258515503629,0.0062467209337381275,0.010289348788824452,0.00010527515247140838
2016-03-30,0.004281958746518809,0.004805733917487938,-0.0036681586410897684,0.0005991833139693294,0.009258233983799526,0.002422510289079996,-0.00021149790097570376
2016-03-31,-0.012064558711681168,-0.012618904204634,-0.012518984305345461,-0.015413390194889295,0.0033220673156121178,-0.010808324490613683,0.0002766549428042149
2016-04-01,-0.020241708072524924,-0.018639458986252695,-0.018064634929990806,-0.010989466809511256,-0.033577697203194576,-0.015874388244388832,-1.5321212603457894e-05
2016-04-02,0.0062019405923242794,0.004964845216128794,0.010775098155757381,0.003861675160972489,0.000492379288964024,0.005479882212538062,0.0005789567769532841
2016-04-03,0.02137061818026239,0.01926796164525455,0.03010892368219588,0.018404163922898124,0.009306812193138928,0.01866428275841675,-0.00013061302112062957
2016-04-04,0.006784177475031066,0.005913919344614625,0.019281144760047053,0.012625209156570632,0.002532311094161256,0.007688262557993684,-0.0003424734141686189
2016-04-05,0.012282391955587325,0.013427393297461895,-0.0002631706046374062,0.008132705804242649,0.015938549630181507,0.008946312822473107,0.0007595285568505839
2016-04-06,0.03731254350530194,0.03531728105498378,0.03967837072210051,0.030086648893068516,0.03725336487101772,0.031249347900480572,0.00041053756033086893
2016-04-07,-0.002517825281522727,-0.004961153457366916,0.014611731219349496,-0.0009413917512279412,-0.00047466638384711934,-0.0003694726232990633,0.00034069880511223785
2016-04-08,0.005791714445438377,0.004370247225958067,0.009899718383612194,0.002176215093282656,0.0034118498697209313,0.004796222144930987,-0.00021556363145930005
2016-04-09,0.0059565678975421095,0.00466686613839246,0.015382180483312663,0.007242478837896211,0.017266685353642744,0.006140262273188337,0.00012918980069598904
2016-04-10,0.007741806407889562,0.00911102723627574,-0.0049213935650414984,0.0045220655617808705,0.016634456428833475,0.005121287035402759,0.0003983944074674267
2016-04-11,-0.003106395030357577,-0.002850512502181326,-0.01298962605770339,-0.009819275997989346,0.004253802540025279,-0.004414844388525114,0.00041139671693241807
2016-04-12,0.007431156213051346,0.006462126410793895,0.012216251620011125,0.006622389024300974,0.005857851075611046,0.006671628868391238,-7.702922862923056e-05
2016-04-13,0.008872344830818384,0.00790183524247822,0.016218969757713735,0.010143720040296865,-0.0005848199003943601,0.008356504791665617,-0.0005472868873120235
2016-04-14,0.013102622379226523,0.013367380007880958,0.0034207792228121165,0.006926953387127721,0.024055732936977627,0.009514734053927642,7.480005235722828e-06
2016-04-15,0.013167049567616823,0.01193737903485464,0.021617818686254307,0.014106179844919025,-0.006997243700425135,0.012241217725852483,0.0005126788557467754
2016-04-16,0.0032972831874060514,0.00375348563038323,0.0005843792702670765,0.003441352467388956,-0.014580911921096309,0.0026426949971148253,0.0002596659180649066
2016-04-17,-0.012361576462784159,-0.010051153375065352,-0.032534511539202164,-0.017332321060679372,0.011744281849942806,-0.013088466827192191,-6.724695819852966e-05
2016-04-18,0.018191657523591566,0.018452719836789647,0.0020135794880249656,0.006892272143728008,0.016661825975790846,0.012661300155135813,0.000520196454031216
2016-04-19,-0.0017134447796864453,-0.0008092921980325379,-0.006042548818925825,-0.0007541411518303183,0.0026252589452896743,-0.00165092588927327,0.0004828999264471377
2016-04-20,0.017287994092905046,0.01728031297594512,0.005432392900295664,0.008107069642199467,0.02001623191246885,0.01252109093925625,0.00021293303470669368
2016-04-21,-0.011408615815479852,-0.009663146360169317,-0.01735862921228296,-0.007777005389268388,-0.011443252366004138,-0.00978307704313324,0.0001412824635249029
2016-04-22,-0.008656558059220162,-0.007990894942311862,-0.016265753612287687,-0.011637810370771166,0.007471361949675027,-0.00844540682985541,0.00045702527197906114
2016-04-23,-0.02178699543220905,-0.01975761499578008,-0.037916702257333526,-0.025103454882808074,-0.013514076874973711,-0.02055459547234288,0.000104671890718403
2016-04-24,-0.017115109564461373,-0.015237576371808823,-0.030523193770807568,-0.01891192102500641,-0.004814992727345282,-0.016089980476574124,0.00015279379412244814
2016-04-25,-0.008037443983505255,-0.007944008063526548,-0.010121887154051037,-0.009417334759826486,-0.005996399598232676,-0.007172805493839779,0.0006580402454656111
2016-04-26,0.015584819248388218,0.016909462807722615,0.008910396629967897,0.017105331052926085,0.016727180187911528,0.012945348288978344,-0.00023071655972197358
2016-04-27,0.010773413711377166,0.008293327900134075,0.0168781161426612,0.003611990310805061,0.006620064013747822,0.008846292006989599,0.00045148561430013225
2016-04-28,0.0038889407488689356,0.0029283455590118886,0.011312370965737933,0.00516586044081096,0.004621379701214114,0.004129407800823083,-0.0002868470681630578
2016-04-29,0.01332788476028573,0.011174538061432005,0.022559551151605003,0.010349268899262479,0.011833000396669506,0.011780500610858896,-0.0003513011526509086
2016-04-30,0.006742526963249843,0.005708459363982222,0.011371585955174849,0.005471816196796281,0.016466777283170107,0.006017927147418401,2.5727943825951712e-05
2016-05-01,0.006559797368034399,0.007834281742756098,-0.002963914837798249,0.005363938007734796,0.0050270937817342475,0.0046400977114875045,0.0002019177059682214
2016-05-02,-0.0039858910907022895,-0.0037332268143374266,0.0007168378304739055,0.0009522371865018173,-0.012478021020391174,-0.0023663344751749527,-0.0003750718417387749
2016-05-03,0.021685294560355263,0.019012148239879786,0.025659231205441453,0.012093356340098225,0.032590713906374934,0.017604734408219296,-2.746978078793183e-05
2016-05-04,0.0036606467646479062,0.003104956785062628,0.005100209210154293,0.002142132109324485,-0.0027075377012592775,0.0030423782558080914,-8.654760648924584e-05
2016-05-05,-0.010798191528144884,-0.00922097072161638,-0.01840567178390923,-0.009315584350847192,-0.014700430108132281,-0.009676506809090005,0.0003457785889373186
2016-05-06,0.017634889115667397,0.01794118184658115,0.012992843495588513,0.01578144411018607,0.018558654856436423,0.014487063201137464,0.000279619122275016
2016-05-07,0.0016433628758140283,0.0005830862975991821,0.01065847628081638,0.003642460344767809,-0.014201984310041578,0.0025449176837743013,0.0004047108091521023
2016-05-08,0.010490863503376963,0.011253766976025006,0.0036485037021542718,0.008994235592853814,0.01590413683484973,0.008186634498668372,6.502472469332941e-05
2016-05-09,0.014176688858758824,0.010374059366395445,0.029802268053987536,0.00817116337496652,0.002281103258048726,0.012737659813616268,0.00022664624376754792
2016-05-10,0.00878120049761687,0.008878946478424883,0.014700710505223208,0.014168313634190268,-0.014796443941216583,0.008851741508882393,0.00034920123277939954
2016-05-11,-0.0058943197599897355,-0.008179007355479068,0.021729348165790658,0.004801214300652803,-0.026833103059528463,-0.001119100082551686,-4.2141846766074646e-05
2016-05-12,0.010372755730467106,0.010521439903789334,0.007188249574198858,0.008776579492868478,0.010152887690461208,0.008319448866465568,-0.0004736878297411249
2016-05-13,-7.097954058444899e-05,0.0008724534775163039,-0.008473681417372838,-0.0021287053215926994,0.0178823030552876,-0.0011308321872128043,-0.00026481009082155224
2016-05-14,0.009842978914605512,0.009959374846899863,0.0051816765557699184,0.006881031341938398,0.01798757495463294,0.007645954787609656,0.00023805847124224442
2016-05-15,0.007609034698686426,0.00594582458964521,0.014476661182228423,0.00504327539899287,0.0024002416181542136,0.006745706888898046,-0.00021083790813603866
2016-05-16,-0.007875534266469633,-0.011892412430903077,0.026674302487988653,-0.0002308420260743651,-0.02990046198437246,-0.002661230039064558,-0.00028558272296215476
2016-05-17,0.006345810770713384,0.005369527490116626,0.014296327458263338,0.00800847216995506,-0.0010341573747510964,0.006389920734765705,9.143800322841534e-05
2016-05-18,0.004321228750152906,0.0040350582832251155,-0.00780961411904261,-0.006707958768038751,0.016644590800122587,0.0010743742691737622,-0.00013721543924917294
2016-05-19,0.003892191296546177,-0.0004444054046083296,0.032008546832352276,0.005031905996151103,-0.004718299433293578,0.006051740179604798,0.00042129256338066946
2016-05-20,0.006310047496064962,0.005469786466975275,0.013952973779314303,0.008404204868788474,0.020694964698365296,0.006346712703950296,-0.0002252439952894434
2016-05-21,0.005543348205374071,0.006686578397425991,0.0006276896423439249,0.007369255583970801,-0.006717702274707787,0.004569094995986482,-5.058088441074239e-07
2016-05-22,-0.0026017665236884495,-0.0038990303514247057,0.011631141319028364,0.002321076011003173,-0.020839128513727954,-0.00026096977027093276,0.00014825499954762114
2016-05-23,-0.008597722221135176,-0.006398397610330678,-0.021797315035056886,-0.008482593263905151,-0.007955366191606427,-0.00839841530145266,0.0008952962292060383
2016-05-24,0.0048074061632876865,0.00673649086867293,-0.011910531444754294,0.0010431076442362804,0.018438212100849158,0.0022258449465902804,0.0007887500243338062
2016-05-25,-0.019167820610391125,-0.01589876764499103,-0.023500453839569883,-0.006865311274404182,-0.02316438365935327,-0.015126057445093218,-0.0001425341230654466
2016-05-26,0.0054170021449023754,0.00907183049771053,-0.018571096374883866,0.004381274032621188,0.009871559642638736,0.0024297407584780617,0.0004220701111261982
2016-05-27,-0.011482036547007565,-0.011269181251434637,-0.015262088983597516,-0.013681192963026915,-0.000806438007312938,-0.010505549009888567,-0.00015105520312486077
2016-05-28,-0.004878317302364444,-0.0032969844022083944,-0.009494793999437253,-0.0008584215562501248,0.0006614757282392822,-0.004024812089350289,5.705384755148227e-05
2016-05-29,0.000115664409851441,0.0023198227288775174,-0.015716226155367406,-0.0016781211504154603,0.0025237635797600425,-0.0014194852288965981,0.000956424613883521
2016-05-30,-0.012014718519883909,-0.013632550104230652,0.006603451928565891,-0.0053662618735559045,-0.015629535692872183,-0.007624053651132892,0.000684865768062419
2016-05-31,0.004957588885426926,0.004308552962769334,0.007415055977053649,0.0038069507239538217,0.01571853467578862,0.004376031608115906,0.0004763077277258491
2016-06-01,-0.007599542211462386,-0.005461380090206768,-0.020118401169960862,-0.007206318223900587,-0.011324658669923021,-0.007555641274071381,0.00011094402064602428
2016-06-02,0.014745790576509342,0.01498566241357762,0.009461881873179999,0.011990582640686342,0.013666172234248382,0.011845055768568088,0.00039818299035027603
2016-06-03,-0.026344605550278063,-0.024651604915391066,-0.02909915024704057,-0.020711230635815193,-0.011558381393144856,-0.02204810013572599,-2.3982326833978936e-05
2016-06-04,-0.02138962993176463,-0.021613952973901975,-0.018425632874500424,-0.02055306675409612,-0.025288435311075632,-0.017965515196022238,-6.569793254653514e-05
2016-06-05,-0.0020803088402695175,-0.001076419339774243,-0.020997314629400108,-0.012306955521437266,0.021980029831539398,-0.00480857926491937,0.0005325002752269885
2016-06-06,0.0075207719009129995,0.008951067277686384,-0.004322210723685355,0.0052560693027958565,0.008650729573367813,0.005126141152603926,0.0003195548858620887
2016-06-07,0.007899801050266804,0.008781012470090045,0.0008973348650296964,0.00679721867077712,0.010939890898784117,0.006080963238085603,0.0005894933116067743
2016-06-08,0.0090762198027335,0.007692602091536237,0.016047517488490076,0.00799451054347268,0.019832007621451264,0.00828612658005726,0.00026001553031373005
2016-06-09,-0.0090538375931204,-0.010783148131435246,0.008187313783299585,-0.003984385828962293,-0.017478794955546266,-0.005528340276894787,-2.0073707993190342e-05
2016-06-10,0.004094138628731762,0.00339479777227828,0.008443934185309422,0.0041877862431822805,0.004503954954061344,0.004003998684802446,0.0006663886253023069
2016-06-11,0.013111130495775372,0.012455009685537156,0.019694145261895828,0.015393402363595921,-0.005107048850210714,0.01217751915679575,0.000256287620726766
2016-06-12,0.02162724338842376,0.02121624962893212,0.014323875453486252,0.01419102973168003,0.0183444595676225,0.01682682504492054,-0.00021224976632475189
2016-06-13,-0.009031350832017681,-0.008159633818175204,-0.020659573593965905,-0.01421657686939547,0.002270604052522827,-0.009435907234828188,0.0004151429780344851
2016-06-14,-0.00954484948113751,-0.011432727051573508,0.007720223667641119,-0.005248278229135671,-0.0027708833617999373,-0.006062572966277215,-7.624602777593826e-05
2016-06-15,0.009934571302171123,0.011220809493665903,0.004892353140058521,0.012447400661792908,0.005001609944356899,0.008461233997948106,0.0003052101357884316
2016-06-16,-0.01388054829151047,-0.012125419794535928,-0.017877289578717894,-0.008690754485039559,-0.023874219426407564,-0.011492672742641059,0.0002768486493588836
2016-06-17,-0.015299179648124476,-0.015984835640316077,-0.014694378584506305,-0.01851502314367355,-9.866455555511931e-05,-0.013461230334919373,0.0003280076027305322
2016-06-18,-0.007505903352898445,-0.008134244447255808,3.831032001936794e-05,-0.004720921238038786,-0.013333565066717465,-0.0054038347816624055,-0.0001867124854374954
2016-06-19,-0.0225392377779921,-0.022323996366964253,-0.02760603823005737,-0.02598112980457636,-0.007700842200334538,-0.020242589118298758,4.797399248842404e-05
2016-06-20,0.008252905502411942,0.008452470021990066,0.003160821528302126,0.005325415445079381,0.016446883175268313,0.006249224244358152,0.00023648574044428828
2016-06-21,0.0043448202800971435,0.003577999230533213,-0.001023088815941521,-0.0036571838143461093,0.020784098724528903,0.002181753836221039,0.00032386191842233774
2016-06-22,-0.011693121727707822,-0.01094445534945405,-0.013717668239030964,-0.009852931630471287,-0.01058380194190179,-0.00991385456762142,0.00023610838622150965
2016-06-23,0.017763977746094735,0.015729365924536894,0.01825704825289503,0.008451740767312362,0.02867950486456628,0.014055468630073117,0.0005495270324378844
2016-06-24,0.00548228060906151,0.0037732132738567195,0.026794174826082033,0.014194459414795638,-5.495066668900978e-05,0.007832907406086028,0.00020947720759271143
2016-06-25,0.012759140615222365,0.012234088561721151,0.012959325333769336,0.010568246432011567,0.007019742656598346,0.010739635511794226,0.0006233813028411839
2016-06-26,-0.008502567036890072,-0.010394248958137387,0.008285159327923397,-0.004592280997212512,-0.024992111608404196,-0.005219072154703523,0.0002467510236838123
2016-06-27,-0.024030760534741367,-0.024144718851202295,-0.012241998154387082,-0.015646717249418685,-0.03224790219783338,-0.018363171686467332,0.00016986624744684423
2016-06-28,0.023146648727367575,0.023241681087315964,0.01052997456626441,0.013970720046338321,0.040877527350826365,0.017552913921020465,0.0007491092419554073
2016-06-29,0.000943109270625294,-0.0005427258056941085,0.01810853359661667,0.007354723731599223,-0.015861599702667723,0.0032208187763601744,-2.1904589308551636e-05
2016-06-30,0.01568282676382464,0.012882114581850648,0.03242371381798019,0.015538538407422992,-0.0005252152153366642,0.015018207221788897,0.000756817802552888
2016-07-01,-0.006024315751671387,-0.005300735323034536,-0.007076337340775624,-0.0034199306111402073,0.007574988062333226,-0.00483846716893459,0.0003999295309024654
2016-07-02,0.005554053948199809,0.004610586687680988,0.010933017586280385,0.005320893353741428,0.009913515257543016,0.005111221822645421,-0.0006657841538067082
2016-07-03,-0.0029694721965388194,-0.003216674973744456,-0.007388132598778669,-0.007786302681654939,0.008871001855033697,-0.0035979070765025413,6.654999988107041e-05
2016-07-04,0.021840239474340526,0.018908245631079196,0.03220549544170632,0.016083046230267718,0.018972717048741268,0.01885742725455559,0.00010766108706447149
2016-07-05,-0.004831059258756579,-0.004914385087683456,-0.007645382123057456,-0.0075973100898832045,-0.00979921446068719,-0.004729000287303143,0.0003270879806010442
2016-07-06,0.007427815998081527,0.008368086840953266,0.005214746025161993,0.010446640464778546,-0.004930942870641965,0.0066204572802123825,0.00021069193576844856
2016-07-07,0.010053733873234471,0.009787450516050887,0.012170226216151828,0.010631181216071579,0.0007671061490795855,0.008896331665620965,6.90712237279442e-05
2016-07-08,-0.0023721186508460414,-0.001238675479888927,-0.009669492851485367,-0.0026577761896785746,-0.014569126460418474,-0.0027245237469721672,-2.3746508385179738e-05
2016-07-09,-0.003081781505233991,-0.002581886729782093,-0.006840780002599885,-0.0036867749877967605,-0.0012831304919720865,-0.0030193959977465245,0.00028196226488750014
2016-07-10,0.010399486512303269,0.010989928307920668,-0.002660050194875207,0.003077079389460089,0.007822753735113139,0.006733937462677297,-2.250211517928295e-05
2016-07-11,-0.004114357975681192,-0.002860770711555642,-0.018502665882476777,-0.009518332303751134,0.0017057503790710495,-0.005528879357111588,0.00018809639500339965
2016-07-12,0.007144910148468115,0.007727715276703342,-0.0004892104013041786,0.004057148245640323,0.0006843676993895306,0.0050349384686790115,0.0001210499730669229
2016-07-13,-0.00931707864774918,-0.00981407603894387,-0.014530320103566016,-0.016133696343424726,0.0003509353458122791,-0.009364996551224053,0.0002257922782663955
2016-07-14,0.0038689683362023255,-9.648122046534416e-05,0.029769528919446085,0.005075457680194749,-0.010701966609273764,0.005798606612589357,0.00010088396941717752
2016-07-15,-0.02054681307134919,-0.01979270400911371,-0.025040202365257704,-0.020826319269740677,-0.0027674705139292093,-0.018057014659106873,-4.2136535951658506e-05
2016-07-16,-0.0013058466096200966,-0.0002563575906556854,0.0025975988885071754,0.00696110553846783,-0.015491170960200196,0.00047745164504749593,0.0007081535952840176
2016-07-17,0.010256543917947536,0.009165338737357845,0.017249727348428383,0.010675192096802157,0.010012073002928737,0.00940330119395768,-0.00047620741120320335
2016-07-18,-0.0024721485589253027,-0.003591658564726095,0.004910367300623231,-0.0021482472017308454,-0.0155989230248643,-0.0014022522784796134,0.00011444653049750485
2016-07-19,0.021082647521261266,0.01862743993659839,0.03111838311441664,0.017403853207570603,0.0263700388490783,0.018454486671619703,1.5513520279386954e-05
2016-07-20,-0.020105799311649217,-0.018144386353523834,-0.018043126117966515,-0.009169482602457297,-0.029090890601124658,-0.015524014762744414,5.429363303290819e-05
2016-07-21,-0.0022070118982857336,-0.004854547679627022,0.024543970691400546,0.00606919001870479,0.00673169059080707,0.0016455118143249327,8.085784834113341e-05
2016-07-22,0.003152313587434632,0.005245197293473867,-0.0017376241798742831,0.00963827054785565,-0.016906416304805872,0.0031980078470794705,0.00019923026571806447
2016-07-23,-0.012795069985261151,-0.011559151187122769,-0.022152048365675834,-0.014430338120307177,-0.010160697701855343,-0.012031931365330522,-3.885530936679715e-05
2016-07-24,-0.005670759221287707,-0.0066126125112054976,-0.005122539785727416,-0.01000864557856396,0.0039358363509614,-0.0053419080185383265,0.0005145734552423272
2016-07-25,-0.005989013029160568,-0.00474991262277217,-0.013524120409889599,-0.00601956499752804,0.008371204901214126,-0.005779831060185821,0.00019209053798601046
2016-07-26,-0.005625526013628791,-0.006106824368217166,-0.007782103243432018,-0.009846105221124956,0.008765244714447572,-0.005563408132497714,0.0002596515857217291
2016-07-27,-0.003644330275258828,-0.0022585653940116737,-0.016728602195646418,-0.0073493168007982106,0.00857313818879537,-0.004726893589414843,0.0005180448542539589
2016-07-28,-0.00688048667797223,-0.007306111954185183,-0.014842285177251863,-0.015492547470179835,0.002468588274633882,-0.007784877169450997,0.00012116973662339811
2016-07-29,-0.010758283033548328,-0.009073239449309026,-0.02244658706848541,-0.012001415601750507,-0.000844395639096043,-0.010422648054595477,7.194928618462992e-05
2016-07-30,-0.026936627121904064,-0.02316485973522924,-0.046886036069817304,-0.02478766732645198,-0.011850188319430044,-0.02466825441790004,-0.0007344303023567383
2016-07-31,-0.0057410217690479085,-0.004775094120144709,-0.0020752481706429373,0.0018434276084281038,-0.017297020677870287,-0.0035056321226449826,0.0002515825724406676
2016-08-01,0.0010337156469392393,0.004085446117762484,-0.013556371764034918,0.004452047717870786,-0.0003871501313890708,0.00010724543780141026,0.00029104195473715015
2016-08-02,0.04564028310831602,0.0472017183177038,0.03537800441921021,0.04605232670398871,0.02609254964412874,0.03830137659286907,0.00022145247922988263
2016-08-03,-0.00031201951880128705,0.00024713865939385093,-0.006680266251976543,-0.0026436776471071496,0.007487586874237136,-0.001206598588728193,-0.00034691241631926265
2016-08-04,0.009024781740534376,0.009406256237343305,-0.002296321390648993,0.0020223405413280077,0.011233011151051547,0.005832805894910319,0.0005269171653235684
2016-08-05,-0.005738857959820815,-0.006024230440460448,-0.006932722391885636,-0.008225404059501847,0.006949626170167859,-0.005321585118587261,0.000346867023648703
2016-08-06,0.022073062319681588,0.021698693946552487,0.022990922642358642,0.021388649788421397,0.01512030496550832,0.018984815284343523,0.0005391136268851997
2016-08-07,-0.007704536542265254,-0.008508253373399872,-0.0019252763267178078,-0.007208777280420527,-0.0063032724052492755,-0.0059995557030173546,0.00015985169714556144
2016-08-08,0.00330400665086066,0.003425028949466305,0.0029864188888494183,0.0037050399322433743,0.016324269741474075,0.00292281772567554,0.0004413398568696015
2016-08-09,0.01040844411626326,0.01078453155204831,0.00028886794312722557,0.004370686369167622,0.02417106289070317,0.007242556777096423,0.0004068811845106705
2016-08-10,0.017465299233643993,0.017770777865561246,0.010246141018390473,0.013548196375745804,0.001535975826398684,0.013787114676076052,7.335601974342332e-06
2016-08-11,0.011912603240278555,0.012230892159640601,0.010965315617527956,0.01296071205351483,0.004437434495246357,0.01030656255850599,0.00023302075086629632
2016-08-12,-0.013046574767329261,-0.012817822598979595,-0.028667283558180684,-0.02466638561532341,0.007726721083189898,-0.014240683347843595,-0.00038259841931131755
2016-08-13,0.014998688559069943,0.013380543671769576,0.0245325849401436,0.01493550225643947,0.023572574956390036,0.013671015328917577,-0.00016792822965037654
2016-08-14,0.021452162313280527,0.019400773036392812,0.02799477695724477,0.01698578419334671,0.030006709373786432,0.018318312256236452,-0.00021749732272444426
2016-08-15,-0.009619337515559535,-0.008373467355512025,-0.01828943842337357,-0.010603530148221322,-0.014114232308555125,-0.009078886707906244,0.0005161873367033758
2016-08-16,-0.002478704174372659,-0.0028782993864949896,-0.002712432397715125,-0.004693581433489889,-0.015665519028382886,-0.0024225782034525342,0.0002160124535746125
2016-08-17,-0.022166007469718304,-0.021309410420329987,-0.03035087522714172,-0.024933992494208957,0.009307000946535793,-0.020053022682911627,0.00041800465679156713
2016-08-18,0.0022559364431553267,0.0003997466067404546,0.008307446185360752,-0.0020311925611471134,0.011770145435307433,0.0019029677471660484,0.00019388675202091317
2016-08-19,0.00415342234187532,0.002138035539259959,0.020442177335586655,0.007319289742105023,0.0006933271651776841,0.005391154931558072,-0.0003902881671506349
2016-08-20,-0.011000274681421243,-0.01035002868839992,-0.012172941752379186,-0.008964009808972285,-0.02080383499633956,-0.009123589112901289,0.0008905591340804167
2016-08-21,0.018570257138894944,0.01708950633355818,0.02406092756540643,0.016022667119550856,0.01301004661358788,0.016028130679860194,-0.0001688737516226685
2016-08-22,0.0014437970015096257,0.0010355434211843405,-0.0035745678864958575,-0.0045604326632143755,0.012691307701714526,-3.085462865922632e-05,8.205037714491426e-05
2016-08-23,-0.022489542371872288,-0.02050685127696348,-0.03185766908509174,-0.020645465583795094,0.002414278235215287,-0.019810308877968134,0.0003062501379657482
2016-08-24,-0.015083546542032205,-0.015309345543399687,-0.01904906875693249,-0.01967273355282172,0.0077324774099028735,-0.013922444427820459,-1.7437936335952487e-05
2016-08-25,-5.028648844149436e-05,-0.001958822936485172,0.004404869528209987,-0.005914280175646774,-0.005457551927281636,-0.0004701445157663204,-5.286412890670881e-05
2016-08-26,0.01189413267813212,0.013729524514894939,-0.019095469389791266,-0.0035989253369992664,0.026168164465048403,0.005333998899931617,0.00030473439818239805
2016-08-27,0.014347898987403998,0.014481695462945898,0.008128807912902838,0.01032969791471223,0.026692938056117402,0.011123133968250622,-0.0004579608992049161
2016-08-28,-0.004080344222687075,-0.004208377969519523,0.00047187469411164506,-0.0011554986886538371,-0.011302280516565344,-0.0026667167151115025,0.00014180027998513342
2016-08-29,-0.029221853437963977,-0.027338196064451013,-0.031138063021597752,-0.022036981361765764,-0.03630620506147353,-0.024199656850536825,0.000149530664476524
2016-08-30,0.00550616612582972,0.005825381919935446,0.0033899404698304937,0.005498917427534308,-0.005113744054222118,0.004540475214564036,6.587594474564902e-05
2016-08-31,0.0076562669978278266,0.007235954767476284,0.004958329251068654,0.0035675790562726246,0.0124098724009504,0.005806032333779978,0.00035603330839005054
2016-09-01,-0.02320065080556769,-0.024053872867388217,-0.01446296105685825,-0.020899590002433254,-0.014371328235236765,-0.018719773931864716,0.0005080497164169535
2016-09-02,-0.016120612654305526,-0.014500552142678884,-0.024230892712954623,-0.014941698147637529,-0.018654031582944156,-0.01427850449778004,0.000677406038111208
2016-09-03,-0.009948229785872835,-0.008843475410202287,-0.013019253380756745,-0.007146653135108976,-0.020435836611342132,-0.008410198876231845,6.324671203320804e-06
2016-09-04,0.004007090577966763,0.0042988146082493656,0.0010935335489712743,0.0032044246945116795,-0.00026626567327024675,0.003015255128611649,-0.000346060929295644
2016-09-05,0.005027096869185781,0.0024035417757783343,0.02021661803632691,0.0043119107880459145,0.00477316237097655,0.005608579245747463,0.00034913954018508405
2016-09-06,-0.013714112605935223,-0.015735458552511624,0.0035572878711512936,-0.010154724826260328,0.0013249541223856656,-0.00974183801248547,-9.993131059061891e-05
2016-09-07,0.022195697904959483,0.020385450426704983,0.03159017384141062,0.02121151660515928,0.01677166811952526,0.01973153303520217,5.267322415386366e-05
2016-09-08,0.014615366294315724,0.013956197321056562,0.003719241412767244,0.0029330306576404175,0.015078449313146575,0.009947498981121872,7.241647112860166e-05
2016-09-09,0.004026301563180242,0.003999778301190022,0.010561282199650773,0.009200263622790344,-0.023068136335133625,0.004776067797916857,0.00017617832991209366
2016-09-10,-0.02062850099264147,-0.021088381587960406,-0.01313305623386739,-0.017313702442837274,-0.01314637438695926,-0.016576966901962295,-0.0001411451756650873
2016-09-11,0.015967332010517733,0.014011908391322561,0.027776125701125462,0.016067649119216786,0.0074856314649332355,0.01479484268486611,0.0003135902586666607
2016-09-12,-0.0074977016691636054,-0.008504486563733761,0.010578352976440492,0.0018416476506908953,-0.007742999102388096,-0.0035379772454822048,-9.885079655344247e-05
2016-09-13,0.004067797277735741,0.0057144599508214084,-0.003253666141894941,0.0064356557807999796,0.005456166536417131,0.003100603526582638,-0.0004579844085437162
2016-09-14,-0.013421852444918251,-0.012559963590012593,-0.017297944447416152,-0.012538501535874222,-0.02042226876214748,-0.011690695473041393,0.0002534691646618784
2016-09-15,0.0032468206779423902,0.0035125926907018786,-0.0038328764456765927,-0.0010521339965996915,0.017737638237032345,0.001650153066064825,0.000652356611880834
2016-09-16,-0.0055837551182363,-0.004524342229631195,-0.007759737444583597,-0.002204457339763898,-0.010701982329391665,-0.00449757585555073,8.704638971268029e-05
2016-09-17,0.008202889356540415,0.010668048768568602,-0.0010260967165636988,0.01316161889614698,0.0006047892678225468,0.006901618619484631,1.3442230095858068e-06
2016-09-18,-0.0006652190006679453,-0.0005750552412912951,-0.011211633217232588,-0.008673125157245129,0.025388098136367797,-0.002599303113352719,0.00014396873163816215
2016-09-19,0.0060851032474242275,0.004532192896264166,0.008391139419801897,0.000379324048323049,0.01587311832090097,0.00463459572334479,4.66533610547333e-05
2016-09-20,0.009346285422422027,0.012126272327265967,-0.010668005939892472,0.0072495713026899155,0.0047426270625013445,0.005981265869952298,0.00026710241290059107
2016-09-21,0.005614044135918281,0.0064197477726439,-0.00465385536292028,0.001495210652486723,0.009410806995549628,0.003306543015199016,-0.00015146337481846268
2016-09-22,0.01016016790966452,0.010331142840344719,-0.010242185499237375,-0.005109972138190201,0.02525288831874665,0.004747214361671578,-0.00019615817566618677
2016-09-23,-0.019410308664397635,-0.016997295069832927,-0.029036174712106597,-0.01558351244306579,-0.0034195633243080774,-0.01692895918878377,0.000229596218134922
2016-09-24,-0.00650116897475886,-0.006987774185434301,-0.004315853682140537,-0.007282117107222433,-0.008982633044093908,-0.005520647113481448,-0.0002326376836811235
2016-09-25,-0.020410367215369922,-0.01921191714150691,-0.02184038012902903,-0.016042240227995185,-0.01864564669849347,-0.017015991754646954,-6.488630669451798e-08
2016-09-26,-0.010425866990180065,-0.010998883362796719,-0.01188504144776533,-0.014628730450607209,0.007215954712039724,-0.009677412028798623,-0.00018471630854721753
2016-09-27,-0.009172749718014355,-0.006746640235958998,-0.02497884208913319,-0.010021964967180583,0.0061496633589751175,-0.009342784325854395,0.00029335996321694363
2016-09-28,0.012192611870547383,0.011036375783866698,0.010186558393220895,0.005122110802820163,0.01444715424955274,0.009274416519205483,-0.00011478724628023556
2016-09-29,0.015471010478305243,0.016791443680083982,0.00868394658631115,0.016859575019521515,0.016314054467608807,0.012953365698955764,0.0007072285770762616
2016-09-30,-0.004053447916215479,-0.005002163833382563,0.01673765544397911,0.007818759979828213,-0.024767780182457455,-2.8551711485219622e-05,-0.00035253985088638736
2016-10-01,-0.02140225859709632,-0.021709569750437314,-0.025514005314475233,-0.026643192102202923,-0.00946374006760055,-0.019401695029973534,0.0002686930878516863
2016-10-02,0.002805618292650407,0.0020771032417559263,0.00827732187741429,0.0036436091565931385,0.012933143294946037,0.002983265575136451,-0.000168999084867614
2016-10-03,-0.007948713054067403,-0.006557198420778587,-0.009719525745203473,-0.002655716679563643,-0.0030603051234363646,-0.006196318550197318,0.00027307499763958113
2016-10-04,0.013764903393498689,0.015061445738000716,0.012319906197861573,0.019281869856071214,0.015821880112564645,0.012489881103567187,0.0003626515313882008
2016-10-05,0.02058155023686401,0.022345928655049148,0.001615538063739581,0.014529236948777412,0.015381018372505013,0.015168618197344236,0.00035819700794487917
2016-10-06,-0.011603797088529908,-0.012292840047359642,0.003639818672050296,-0.0030492591495096723,-0.012992564822480046,-0.007372839598368291,0.00022032555272242098
2016-10-07,-0.011638363950411679,-0.010046731354031942,-0.011194522444448523,-0.003655766246284559,-0.009983639563639686,-0.008810690912389832,0.00011866238755354196
2016-10-08,-0.005473679570254176,-0.0024491890590669914,-0.0289218664296085,-0.009395272459578646,0.022771390138555753,-0.007358314434703252,-0.0002723532149690161
2016-10-09,0.0031069838232696267,0.0016248573393144827,0.004076719232558461,-0.0033853203637224114,0.011922984329341729,0.0019079178386043913,0.00042636800750436496
2016-10-10,0.0019366477589055457,-0.00222201208889307,0.017541701741849155,-0.006085886246678829,0.020604482789704157,0.001941628266704593,7.652494961060303e-05
2016-10-11,0.009738387801926297,0.008725161604277281,0.009824374116641674,0.005005691824781621,0.015449296606202367,0.007632869696866269,-0.00045423157153164567
2016-10-12,0.0076476827058587285,0.0070094867399712905,0.013632417184996545,0.009430801036863622,0.011990404052165688,0.007370269970860165,0.0002467417469295474
2016-10-13,0.001701644237747807,0.002988457143677635,-0.011046201949915919,-0.002117411182531952,0.01807201634961445,-0.00012087389295156476,0.0005833555098541765
2016-10-14,-0.0023882897955719794,-0.002333883610598474,-0.007514875748429694,-0.006275368579604491,0.015137851175955935,-0.002994212043853522,0.0003405389802008284
2016-10-15,0.0228354377440826,0.023411698572784828,0.011585856714934173,0.017132518620524926,0.02478770917795637,0.017831100198824005,0.00033457744547946415
2016-10-16,-0.0025418454193372707,-0.0012421336568420637,-0.004477601858524761,0.0022824415643257906,-0.00018665165372660445,-0.001702740161601859,-0.000157646833673929
2016-10-17,0.016924535117220443,0.014753818701138859,0.02718167719607559,0.014739291103695627,0.013187332213515576,0.015158734995443512,0.0003054641755161233
2016-10-18,-0.009705787301457786,-0.009500755765483886,-0.021014418751502142,-0.01792673498471494,0.0149908756263922,-0.01051843709356872,-0.00036087175482071686
2016-10-19,0.01795778775404475,0.017860843898846738,0.013204938954150688,0.014034957251266317,0.011141142518685504,0.014432191607458424,4.0228663295606925e-05
2016-10-20,0.015932733170930774,0.018943106211649345,0.001379371016074593,0.01948492540567919,0.010562855581128912,0.012823709598867621,-0.00024922370325018695
2016-10-21,-0.011470947636687039,-0.013438583093561234,-0.0022163742636770725,-0.014026610503784556,-0.01572257415453091,-0.009296725782643235,0.000489172790661227
2016-10-22,0.003922870525054725,0.005204933415258908,-0.0037554791138520493,0.004182485331424484,-0.007099439851601832,0.0027852235693413235,0.0004776785307291147
2016-10-23,0.013162080594162049,0.01199747238597674,0.019523420360058892,0.01275861239866002,0.025025939788225118,0.011810279129542757,0.00013085358336620859
2016-10-24,-0.013293653857771775,-0.013518751435627828,0.0038352649091749798,-0.0009687160021956565,-0.03500818568697184,-0.00815893124423689,1.7102310847422983e-05
2016-10-25,0.005247086018754712,0.005279780854597429,-0.0023281122797320997,-0.0005638523410299561,0.021394526723785473,0.0031405422834103617,0.0008616965216667147
2016-10-26,0.0022616518275937764,0.0035480739875195944,-0.015518158071602669,-0.005571610406435902,0.01547717338944387,-0.0006605884428206885,0.0004786410628968435
2016-10-27,0.0059869358713820885,0.0058530927093191215,0.0018712440809440208,0.0021450584491633697,-0.0013107339715386981,0.004288863260285028,0.00039387433524249555
2016-10-28,0.01040040366441479,0.012360500248276712,0.005059887161138242,0.01600743999419938,0.004716396016021282,0.009302226494449154,0.0005717832580182695
2016-10-29,-0.016089857074731116,-0.013529086299221501,-0.029227501889521428,-0.014285497494189076,-0.00685866599364481,-0.01460886471467015,0.0006967528574290571
2016-10-30,0.008619241943271856,0.0086615306998254,0.0005209240837525178,0.0025253369772415,0.02635004805843116,0.005797716601393844,-0.0001729012672584616
2016-10-31,0.01945031034905424,0.019247716484464442,0.02565676681025783,0.02380191197677175,0.012562562634318049,0.01784173613881233,8.780285764258106e-05
2016-11-01,-0.005867967121677534,-0.005208767318674625,-0.005782901344738792,-0.0026597052030794743,-0.0065498454552963626,-0.004584639326383315,-5.608063231224845e-05
2016-11-02,-0.0014930043585239267,-0.0015904635247557357,-0.012848460406236648,-0.011085124949062166,0.017659764376468295,-0.0036468652305985017,-0.00017763079937765448
2016-11-03,-0.013981634144400193,-0.011144923340260463,-0.038629301851011384,-0.019964202255535878,-0.010825578951512907,-0.015018795705467509,-9.236822955037397e-05
2016-11-04,0.023155210983577253,0.023193150599457257,0.018559305533467112,0.020125567864921562,0.022715751006327636,0.019044464990229774,0.0001722340343173222
2016-11-05,-0.0010570439133745682,0.0006208174350635855,-0.0021753183879417316,0.006323811395812615,0.007923531524996684,-3.6446141922184816e-05,-0.0003990352911963485
2016-11-06,-0.011780128369299907,-0.011027252016934028,-0.019102136091740343,-0.014152159297916697,0.0018530423683350023,-0.011092117299033592,-9.843180170585633e-05
2016-11-07,0.026461532441217947,0.0239852913344654,0.036704500438672925,0.022942920855178107,0.029545030656136673,0.023172258230595853,0.00047927827352979015
2016-11-08,-0.0066332741098841,-0.005235736715361136,-0.013157384945371645,-0.005084888577318986,0.0028389686668041786,-0.006025330236824492,0.000174752289530291
2016-11-09,-0.018587708495177258,-0.01674479689576687,-0.02626374843044722,-0.016011356207567485,-0.015453302104799244,-0.016149857060471774,0.0007522447679014091
2016-11-10,-0.01567005591425533,-0.015902116164956816,-0.0014634880128049522,-0.005764651933148866,-0.001978201100854421,-0.010793781461660865,3.5791651690348356e-06
2016-11-11,0.006460449244508622,0.005474603081239274,0.012244546044725657,0.0063414901885971734,0.002788433370192636,0.00607341605251523,0.0002682717212335288
2016-11-12,-0.029124615290725138,-0.029068146488764688,-0.02203249332547514,-0.023769967210126194,-0.0283639207443284,-0.02348137804066255,0.000775653373558758
2016-11-13,-0.007730582866524348,-0.006921398520021403,0.0011296876005147082,0.0032012388744320653,-0.02718575325280996,-0.004326531724388873,-4.231764655547807e-05
2016-11-14,-0.0009136593499791716,-0.0020986563542109153,0.008113775985762278,0.00043686382993245003,-0.01484995540455132,0.0002009089887003863,-3.666496114299058e-05
2016-11-15,-0.006758289549875543,-0.006503287026758803,-0.0037514883899155173,-0.003219733173882763,-0.0040598276698618485,-0.005095648472139794,-0.0004284387412785337
2016-11-16,0.013040354919005974,0.01233077613383667,0.02247139310239793,0.017331116635222025,0.005622728930612872,0.012680565878862857,0.00047783650706368155
2016-11-17,0.00651257476800662,0.004500359810160977,0.020253674043329305,0.007678429751055685,-0.00037003168341184865,0.00708585150351174,0.0008467020405870278
2016-11-18,0.011147774627397258,0.01000099784474593,0.008111904156062067,0.003272493454744628,0.005426205300735091,0.00822369956738479,0.00022314909174353718
2016-11-19,0.0018116914956617443,0.0026785731843806076,-0.0031619163481131033,0.00214443492137686,0.016139456472177783,0.001207589577247067,0.00034998357247131113
2016-11-20,-0.01308181421877683,-0.012513698756276339,-0.0180586441663696,-0.0145184375903084,-0.008969899470718697,-0.011855525669909899,6.756917123237611e-07
2016-11-21,-0.005779951346895102,-0.003925119726479083,-0.0160032115527609,-0.004895455589117484,-0.007537852503029955,-0.0058526023653551135,-0.0007917372276511842
2016-11-22,0.025128196815390528,0.022733312347774464,0.032109171067365355,0.019389572564268008,0.023373435969027804,0.021328625010108956,-0.00023808405065832926
2016-11-23,0.021288775904946246,0.017922111763429553,0.03812803425797978,0.018550913995843396,0.02509630364814943,0.01939048565877196,0.00018616252680675216
2016-11-24,-0.015534807555976426,-0.014450311334567575,-0.01761082343370543,-0.012150146736958863,-0.017755517642583672,-0.013021758638242157,6.208307197115286e-05
2016-11-25,-0.000699648966000541,-0.0005819015205300364,-0.0006944015939669649,-0.00012587393750604174,-0.010608985725303503,-0.0005330794974074991,-9.488647816782394e-05
2016-11-26,-0.014276350227871371,-0.015144281219435693,-0.01810123703966924,-0.021920718008136268,0.012064610045928879,-0.01355915224361309,0.0005676113970716397
2016-11-27,-0.004393023422156749,-0.0005644186253075411,-0.028929638603767502,-0.00519312121667879,0.0006787362184709834,-0.006082577744962773,-0.00018735613873053142
2016-11-28,-0.004901357142994105,-0.006995918004512424,0.013625452070245025,-0.0005176226899786217,-0.018196316865846218,-0.0020001845935282295,-0.0003722440592277161
2016-11-29,-0.003558060081700995,-0.003102679972974606,-0.0025587604123297482,-0.0005860450028061371,-0.011165410554649789,-0.0025064890505277753,0.00029205960382412216
2016-11-30,0.023595989722910125,0.021678607885696807,0.029776600383626922,0.019540159552042212,0.018040195002888847,0.02021467662541996,1.8610903288343944e-05
2016-12-01,0.014016158432694346,0.014459198475547013,0.008414919844969527,0.012004650438541506,0.012796844987345322,0.01123407609423096,-2.709478404792833e-05
2016-12-02,-0.015596743131191618,-0.015575975644794496,-0.01214467587803707,-0.013043690490132064,-0.008051666845608478,-0.012713721530040288,-3.7115917898320584e-05
2016-12-03,0.014354463825578513,0.015187362856227722,0.01596639522405652,0.020040261590688356,-0.015097317111336798,0.013276654061877464,0.00026789207956107517
2016-12-04,0.005655909121710167,0.006524338902922685,0.001970302897091958,0.007121931042093483,0.015269599752415028,0.004643863193669468,-0.0005672799226921071
2016-12-05,0.005133829665257865,0.008523446434248667,-0.022611911754776313,-0.00021433420394118084,0.028617153689352054,0.0011861612331952646,-5.229173542867265e-05
2016-12-06,-0.013500587744311721,-0.01282539409355416,-0.001889335358777354,-0.001142137373701788,-0.04209847282647932,-0.008852647085765263,-0.00020017911631607074
2016-12-07,0.01890391854484992,0.015759226497114327,0.03304022094662024,0.015040438500652445,0.0031123559072012367,0.017036026567691518,0.0007910810348449745
2016-12-08,0.019514089328363148,0.01793054555410719,0.0200280190125834,0.012491199743421867,0.02108082121508211,0.015808798152669487,8.044370301585894e-05
2016-12-09,0.004978923552826664,0.0028235672155257855,0.022255620829500364,0.008241109378747924,-0.013242838633141246,0.00633623348060765,0.0005645080103946366
2016-12-10,0.004424360686491452,0.003313200587417762,0.019094841025010783,0.010757707913926606,-0.017061596089006207,0.005992803230525377,0.00011966838430568192
2016-12-11,-0.006581572757883671,-0.004203130667484737,-0.01724894627812969,-0.003488626750036511,0.017691015799490298,-0.006223236842171675,-0.00044861763154605596
2016-12-12,0.0003534589646165619,-0.0006212176982423318,0.007412035896391482,0.0011980522209890934,-0.0017441294705953872,0.001007455397479731,-0.00027826230915992367
2016-12-13,0.002766659370493052,0.0038195904455490992,-0.017459054316437118,-0.008165755191672331,0.028969687909007998,-0.0008822088315676431,0.0004328155403991424
2016-12-14,0.0011091857515874947,0.0008020704959967995,0.009083274465171952,0.005985177251938456,-0.004385088194736996,0.0023960284407554457,0.0004156911465160896
2016-12-15,-0.0024470946227261622,-0.004292012593931123,0.011845241835639383,-0.00017068054102505796,-0.0031129946185003087,-0.0005505488539419962,-0.0002690792607847595
2016-12-16,0.003400334359375577,0.004446085433479918,-0.007360102108038134,3.0099779824171828e-05,0.0005222485901861893,0.0014615994519823143,-0.00020488005583038557
2016-12-17,0.026071180986671234,0.023357573324533604,0.04819636746557125,0.03088446403451182,-0.0034585907484143766,0.025004384344686843,0.00015339520264821574
2016-12-18,-0.01515976151647312,-0.013689434582933733,-0.025913203804027073,-0.016802418560422312,0.0059124882183961645,-0.014177597620485967,6.151763057091474e-06
2016-12-19,0.013259539902066866,0.01204757835476074,0.031176602046421958,0.0218607389004831,-0.018886091010967304,0.014228263448750018,0.0005275735708454804
2016-12-20,0.013442267683742123,0.014411287892897166,0.010368266355979467,0.01603768572655897,0.00877855087958921,0.011619246392535362,5.930409368954783e-05
2016-12-21,-0.009658831348737521,-0.00827424823498423,-0.0038074197184321396,0.0016614159069566845,-0.02132019535947838,-0.006132743537793016,0.0003773001758303343
2016-12-22,-0.009280134499766866,-0.007876643075745843,-0.009156206289623079,-0.0024333504337194986,-0.026972742610689233,-0.00699237512278977,1.7233680863802474e-07
2016-12-23,0.0008481026659412185,0.0007077369880783462,0.00045588698778686355,-0.0001490979005353963,0.0055861937716076265,0.0006034261253516316,0.0003491814314682884
2016-12-24,0.00856825845081619,0.009761956389468661,-0.0026007883868201824,0.005692999171501231,0.021259562305306706,0.006012349050873741,0.00041273975826950255
2016-12-25,-0.015625937744923907,-0.015531357962133346,-0.024438957170864375,-0.02253622176971474,4.403719298500669e-05,-0.015033948568762289,0.000728692806267953
2016-12-26,-0.011152072413602764,-0.009621523308555516,-0.013215941335422386,-0.005463929485992587,-0.02815309014682852,-0.008962147548761542,-6.83467202263162e-05
2016-12-27,0.007117367031475668,0.007832155974192156,-0.0003622353411384255,0.0048018153126924285,0.01524247890292088,0.005152758681598095,0.0002637269170465477
2016-12-28,0.003376619327467777,0.0037894754547588426,0.0022488922295496134,0.004575976352613148,-0.00045412474867739805,0.0030003624059897517,0.00027514759436593684
2016-12-29,-0.005523658787473658,-0.005111991927816007,-0.01235534928173511,-0.009063360294308685,0.0021262404447152136,-0.005851435189085058,-0.00012448888074053944
2016-12-30,-0.012585604107734398,-0.012563479168748722,-0.008255072047087413,-0.009263496554589551,-0.0046437196319679686,-0.009942998179767633,-4.83940963533173e-06
2016-12-31,0.005473789558630557,0.004532933424372258,0.012744651043597262,0.006748565285423763,-0.00652007949494308,0.005540496415708991,0.00017799745583859175
2017-01-01,0.004662138515953236,0.004620977479103719,-0.008843395855317319,-0.0062689384158718464,0.01920868086901059,0.001395965119133276,0.0008278341545543278
2017-01-02,-0.004205701712427158,-0.002961900715108316,-0.008796896180592489,-0.0018285269673758704,-0.002565255407909859,-0.0036101376710339288,0.0005066286461492047
2017-01-03,-0.014063925277870568,-0.014635090136318338,-0.0036014206341289344,-0.00880150704634626,-0.017725776341141024,-0.010361406639430628,0.00023762885898003108
2017-01-04,0.012951185456976688,0.011303512593222301,0.01344904865191748,0.005466784227411648,0.025795563261097,0.010121670932850501,0.00011057738552669939
2017-01-05,0.0012994862368875635,0.0011631165953628637,0.001088158084440518,0.00048065573649287783,0.013477215048676447,0.00099629376435309,0.00010458370213920175
2017-01-06,-0.012980927170481807,-0.011965111218958187,-0.015112603646361132,-0.009934174281100123,-0.00017169804057143127,-0.01084747839918734,0.0003209093515951741
2017-01-07,-0.00841343171595145,-0.011695021806494284,0.01567753915150902,-0.005521642040103833,0.0012326796331168562,-0.004659072275424638,8.316682600662194e-05
2017-01-08,0.007077400868015336,0.005706637219351794,0.021087352357344713,0.01164722428016399,0.0070459384635876,0.008004090944884261,0.0004056686138630576
2017-01-09,-0.003578616877814402,-0.002644452633573752,-0.006380617414649429,-0.0012782343173706595,0.004243252746648321,-0.0029880389010101603,6.0801954037984236e-05
2017-01-10,0.013652652550324145,0.011149217977040693,0.02065093009150601,0.0071556260743895275,0.008720184774355029,0.011434055002924841,8.67383933167187e-05
2017-01-11,0.003774339090084354,0.004420273586253007,0.007006334056888329,0.009623470715736649,-0.0013079675187097238,0.004355945082862489,0.0001433770332857815
2017-01-12,-0.01715800960268156,-0.014671552829556768,-0.026886799183677746,-0.013010103063996142,-0.035454698197690586,-0.014931292744389707,0.00044990318502367306
2017-01-13,0.00010613837902026437,-0.004527320479692298,0.04266147071151223,0.011261291063087193,-0.019740437446370974,0.005434348035075497,9.745937334977319e-05
2017-01-14,0.012961310024848382,0.010098901575258234,0.0181600644846129,0.003240541455520496,0.0038948408627277973,0.010211861221231886,-6.497016694325143e-05
2017-01-15,0.00754412669852585,0.006499536893479699,0.019122743708546282,0.011809600490875358,-0.011993104975575833,0.008002588352236892,-0.0005985643645314417
2017-01-16,0.010098969174053835,0.011013994058645614,-0.009971761777433105,-0.001243028858573655,0.02417998717528324,0.0053525934804254174,0.0003807792401201339
2017-01-17,-0.0012324490118384977,-0.0005881427768166378,-0.005506531801105685,-0.0014876185714958095,-0.002671278187201887,-0.0015134090502160772,-0.0002936425492610157
2017-01-18,-0.007746321529191403,-0.008279532481323862,-0.0003743585254560554,-0.004634089861748514,-0.00721756122192368,-0.00557913069149795,-0.0001824899286389899
2017-01-19,-0.00275904328241153,0.0003867106791930657,-0.020162685489817936,-0.0011904462317033437,0.012265638812675242,-0.0037400910610705888,-0.0003333555977420049
2017-01-20,-0.006327196668088113,-0.0066163565442418516,0.004658643764318536,0.00090822367583845,-0.018001394694018992,-0.0034549695333040173,-8.708597812382614e-05
2017-01-21,-0.022735846588661925,-0.022150948415894836,-0.008704951795136456,-0.009078929415387313,-0.03024167488019469,-0.01632766810621717,0.0001239351620970845
2017-01-22,0.004189251235840296,0.004096332796659122,-0.0009671987353083991,-0.0003151820174543789,0.016905018228585374,0.0025359505544511906,0.0002020605768762932
2017-01-23,0.00015074489214319208,0.001528585402369557,-0.00047496415549738626,0.006460588698654644,-0.001267796171041514,0.0009445677642308087,-4.320131314041316e-05
2017-01-24,0.01199251195961684,0.012254775560475195,0.0033221608709205278,0.00660020115167887,0.009119657164020278,0.008699814291015321,-0.00042688177932358147
2017-01-25,0.005077556647512745,0.007545102146016467,-0.01858294537782739,-0.0015616959367184772,-0.00533968888222976,0.001343517570723081,0.00010384297588756764
2017-01-26,-0.001530690598636523,-0.000979793991738781,-0.010723358770599444,-0.006199554012903071,-0.0050187841724897795,-0.002737835092895257,0.00027721513991633734
2017-01-27,-0.005948099408141022,-0.006137754512180225,-0.00871400172008548,-0.009227508387374765,0.002275837552356254,-0.0057229732985652456,0.0005414463780846026
2017-01-28,0.00710976465325925,0.00748811733310506,0.004719519862055048,0.007206157663682738,0.002500358029620773,0.005914831633872696,0.00013343440583184622
2017-01-29,-0.003493773428543747,-0.0031820878287710415,-0.0030233531012734106,-0.0016438053849488284,-0.013279206085557167,-0.0027229996835561555,-0.0001890193736180349
2017-01-30,-0.01670716371869153,-0.013917214149728501,-0.036962260468737074,-0.019460028537330108,-0.002725093950197731,-0.01652444967305612,-0.00015024925471604175
2017-01-31,0.006458035889089386,0.006255055814136558,-0.005515321610877092,-0.004001937562367986,0.024850312702723983,0.0030739459061490297,0.0003863299499504358
2017-02-01,-0.011079083480514397,-0.0113746896724039,-0.011324191333140063,-0.012951699476544985,-0.00263499731020753,-0.009817442087498976,-0.0002673271807190698
2017-02-02,-0.020881028304050295,-0.019713732200418752,-0.023535907776550527,-0.01765127005237796,-0.019852453678592372,-0.017720994418185608,-0.00024198219068546136
2017-02-03,-0.0041652616087086425,-0.0044363476087603505,-0.001506307595004564,-0.0034589661888174503,-0.0014393752452681232,-0.0032476958702868917,-8.011406787691635e-05
2017-02-04,0.013631116078906333,0.014917319890455707,0.00533348047434369,0.01361382826203851,0.020463790334002932,0.010985965377825688,0.0002824241924871383
2017-02-05,-0.0022201134948771034,-0.0014260813507198378,-0.00016804205736555347,0.0033031523381662365,-0.021504998742604312,-0.0009780930380005935,-0.00017460803973750097
2017-02-06,-0.0036767470814127188,-0.0053315209204332584,0.009902971700972507,-0.0010617540547076991,-0.01565244805097597,-0.0015776867199712562,3.321464067195792e-05
2017-02-07,-0.007198477998483925,-0.0058665482047012265,-0.008108568359194069,-0.0015035400801596526,-0.025178441822749448,-0.0053688434581361695,0.0006376707212231944
2017-02-08,0.010707918505775049,0.008754778052999063,0.017918982707597675,0.007048823360854884,0.010233723164274627,0.009265003589554335,-0.0003204480109801611
2017-02-09,-0.005531453031276593,-0.006065905116176108,0.006983089992334844,0.0017290424509452795,-0.024051265923272273,-0.0026189153973395934,1.5828831907064447e-05
2017-02-10,-0.00204697166128928,1.854900798923631e-05,-0.010704004342229293,0.0011887466628683085,-0.011169573438013536,-0.002063760543288802,6.941020502428787e-05
2017-02-11,-0.005293126950128597,-0.004000384957248069,-0.01189805934091084,-0.004297066520071042,-0.005563779336270241,-0.0049834568781485546,1.3828157194228395e-05
2017-02-12,-0.00803721327237311,-0.008179554438459918,0.004512701556340698,0.0011299149621267022,-0.016896941279205387,-0.00443750336465978,0.0004447001277471951
2017-02-13,-0.015882250821261035,-0.01562575364404364,-0.019932560819420502,-0.01817100922630598,-0.01983034479232873,-0.014306939525404579,-0.0001019277226962401
2017-02-14,0.014903989630573983,0.013077149805717664,0.024291154046773757,0.013685829625618748,-0.004157937820007179,0.013450112122619802,6.912978681592315e-05
2017-02-15,0.004043673482555932,0.0036748880997805366,-0.0054258743682651924,-0.005275106515006714,0.007414313237488799,0.0013459247648529961,0.00011076978232064827
2017-02-16,0.005649582532530966,0.008664769916289389,-0.015393126603364993,0.003815461450154014,0.009074087935588903,0.0027763255215201045,0.000398555003870591
2017-02-17,0.008852162745962927,0.007733448754309141,0.009139628078922823,0.0037325881004978056,-0.005449570151794609,0.00690317075639595,7.152399129434109e-06
2017-02-18,0.012867559760962943,0.01049793135155053,0.02877475343914575,0.014139691003618154,0.009034980665147819,0.012655469157225657,0.00025052763064872243
2017-02-19,-0.0062336799059885956,-0.005761218910861198,0.002050335071367178,0.0025900245958422607,-0.025444513755149098,-0.00329020012198156,0.0006395598931666527
2017-02-20,-0.002738123104213162,-0.004568124235160012,0.001188870728244031,-0.008689473919225449,0.011850920288188304,-0.002840143055600995,-0.00010110839918293539
2017-02-21,-0.016135995338731893,-0.015993890056816375,-0.006783656862530567,-0.008268020506543062,-0.028147543024764386,-0.011956676393198667,-0.00034119326698685255
2017-02-22,-0.0007184084086338982,-0.0005599478288694031,0.0018599151712313155,0.00211043278396446,0.0049189102972344145,2.2356452757029527e-05,0.00011223835788704268
2017-02-23,0.02237145553844746,0.021342950397626428,0.021542683177424787,0.01707408691657628,0.005997479587885178,0.018374208231325836,4.8222408304750335e-05
2017-02-24,-0.0030974981358174204,-0.004351382109908547,0.008259066295316007,-0.000272087533895962,-0.017573059662479882,-0.001227606801640809,0.00018520741293852726
2017-02-25,0.009049407760940584,0.006593350794849793,0.027510622541916517,0.01186344877464442,0.0077008582619628296,0.009809224057205574,0.00014987769036067726
2017-02-26,0.005592467309019593,0.0036054042768518353,0.008954134056161746,-0.0014201936479476132,0.009617502514817786,0.004101671540098264,-0.00011238390237016118
2017-02-27,0.005469624688525692,0.0035308791428283392,0.012858063108916202,0.0019123426218555849,-0.014777852517116486,0.0048504490818880724,1.1150504051769046e-06
2017-02-28,0.011442947656943276,0.010264997540399291,0.01892537414386523,0.01184411231257634,0.004073720439778424,0.010490494581541316,-0.0002719044341958819
2017-03-01,0.006081008928741531,0.007067840428165764,0.011694813756484299,0.015569659269541878,-0.0031885738460926292,0.007022782090408417,-5.193464377970772e-05
2017-03-02,-0.006844247311145618,-0.006472295675647496,-0.00884727565927644,-0.006749907215620808,0.006583705498487871,-0.006004698053744287,0.00018966795541713687
2017-03-03,-0.007292338946426278,-0.00978013582144997,0.010412367572871353,-0.005562924653296835,-0.0005650668968087691,-0.0044472443122416105,-6.062096184478673e-05
2017-03-04,0.0048110376016718475,0.00428735514751532,-0.004400303154101,-0.0050595549179572,0.03545940032708368,0.002010874305672472,0.0005374671755481048
2017-03-05,-0.00481045986848799,-0.003051423496007082,-0.0124538820319673,-0.0023366266679830513,-0.004556327942287788,-0.004423791417375874,0.00024297756987692008
2017-03-06,0.002921486040648286,0.0020691877203397016,0.01641562328206969,0.009568865012779702,-0.001976548850376613,0.004598108473089794,-0.0001996580252865635
2017-03-07,0.0172399680963426,0.014371881949086056,0.04970066824698477,0.029380832950848427,-0.0185561219053874,0.019378136861945682,0.0002074530243721842
2017-03-08,-0.023840322587000497,-0.02389880797883523,-0.020776803412895655,-0.022152970967090454,0.0015667849860501668,-0.01994595753526759,-0.00011302840148772874
2017-03-09,-0.019685728047681685,-0.01847099204078241,-0.03373926859719972,-0.025311089421364744,0.004713575117543101,-0.018979043775790523,-0.0005194876401297523
2017-03-10,-0.0002671287396721193,0.002743469001068373,-0.020719702259808882,-0.0017670682071064664,0.019316082372141576,-0.002218731894310256,0.00024454578947606366
2017-03-11,-0.009759448109223367,-0.009456034311902894,-0.00883104226449669,-0.007707056886133148,-0.003454012755914576,-0.008041039519271532,-0.00029956753651069605
2017-03-12,0.0060709223593942456,0.009789608403352646,-0.02217112467230229,0.001962403606759381,0.007083318870210342,0.0021723419942646857,0.00033043158100123276
2017-03-13,-4.909423995126108e-06,0.0020153179555589796,-0.018236465481132537,-0.004612450173370055,0.009863845114444247,-0.0022484637241594807,0.00010604850911898311
2017-03-14,-0.006646847141699978,-0.005739191351065018,-0.006421913599748272,-0.002118081770177853,-0.014609023289024504,-0.005033595982642021,0.00010320624709723436
2017-03-15,0.02528745163190682,0.026504084305872595,0.0009833132802289021,0.012361711394424891,0.04270813960457094,0.017710209823074717,-8.280009156711438e-05
2017-03-16,-0.0037327723272651725,-0.00244629898169633,-0.012384432933678066,-0.004381249913785547,0.014369269026611255,-0.004003434085089504,0.0003835990977417986
2017-03-17,0.009890442714256813,0.01157821189977579,-0.009488344699622684,0.0029252809862081244,-0.009227592673952118,0.005771601086065821,-0.00012397861530121797
2017-03-18,0.011932857695702024,0.010796553272218276,0.015079438484971716,0.009077156152420787,0.011197459304508476,0.010099267741574802,-8.602616993360964e-05
2017-03-19,0.003170633186108552,0.0020317407770563635,-0.00014382146291156903,-0.00505213920529916,0.015697851761703706,0.0013412640024053392,0.0004246417597988873
2017-03-20,-0.004153180618342545,-0.004991970530700852,0.018787286369362576,0.00996741054325418,-0.02394436953624894,0.00047606553666710693,0.0002548324575241109
2017-03-21,-0.008185112776027981,-0.008219229226262786,-0.002978786515144543,-0.004348484857885044,-0.007972467122464275,-0.006047989368185376,-0.0001902214558340636
2017-03-22,0.003543450702399469,0.0013421454882021793,0.019188247701572122,0.005254583545104302,0.008017869928153697,0.004672646177975953,5.6300627333462954e-05
2017-03-23,0.009387310044790636,0.008657463139007475,0.0063489355115802434,0.0035425409587099745,0.017435936181033406,0.006938853810782171,-0.0001814027080328073
2017-03-24,-0.0069750723176069986,-0.0069621486611660755,-0.0036953709862755767,-0.004436228369970961,-0.019340442349427608,-0.005268937945520458,0.00046292669475601406
2017-03-25,0.006809284363877294,0.007594036753593329,-0.00859060854271969,-0.0014975773351978902,0.015559120723189532,0.0033135383431266005,-9.50668638204487e-06
2017-03-26,0.0015670128068603017,0.0020358443739764815,-0.01343543027785546,-0.008088267291402612,0.011674008446161607,-0.001326069796353439,3.469140907197814e-05
2017-03-27,0.0075109475545359,0.008346265970021208,0.010380537418852536,0.014072432743086071,-0.022521319943164426,0.007683068567169722,0.0005439313245638776
2017-03-28,-0.0018172447392568623,-0.0029938004564877053,0.00658761842458129,-0.0009420632426976217,0.008193208256051592,-0.0006885071592513193,8.944830289029087e-06
2017-03-29,-0.011870311701345348,-0.0134547437116778,1.7918674477829504e-05,-0.010434625019316558,-0.008460632029557158,-0.008846017860163589,0.0005198626780266106
2017-03-30,-0.011464334001784511,-0.01193597006252353,-0.00918928341590639,-0.012206536715471863,-0.007331180468217612,-0.009706653349942718,0.00015371811516998507
2017-03-31,-0.017639823161101666,-0.015956395249941916,-0.015729279500708574,-0.008150275270251877,-0.014776838265377845,-0.01361661416653642,0.00011122276859070674
2017-04-01,0.0031227167573831373,0.0034688649627725274,0.008360737259584566,0.009081480113393563,-0.00802281895891967,0.0039993855548109275,0.0002039757760983014
2017-04-02,0.013502629426413415,0.014276204713668233,0.014558113879265042,0.018425646668154744,-0.013046564488159735,0.012444740357950134,0.0006442414053521167
2017-04-03,-0.004085497144040969,-0.0036440970866251504,-0.016739750853203002,-0.012106162652777468,0.00552129223779905,-0.005768801404494076,-0.00019655589199022653
2017-04-04,-0.006823497160003611,-0.0063830775559258045,-0.002178626619291758,-0.0010729550548448886,-0.010030908576102835,-0.004604911389508642,0.0002278614177523765
2017-04-05,-0.012949286893151382,-0.011188375783478859,-0.010297496350976224,-0.0024009914944307705,-0.02939480400685992,-0.009305504405128747,0.0006526089469376885
2017-04-06,-0.0024554409977836913,-0.0023726683499666872,0.004111546024989722,0.0031560156865921302,0.002920832122793429,-0.0007279976766489625,9.604970516180719e-05
2017-04-07,-0.004195298530058335,-0.003968759729545568,-0.0024698081743857398,-0.001782356234814497,0.0028080680001950752,-0.0030887821691138917,0.00013228466130707083
2017-04-08,0.00850736836508363,0.005836874581476588,0.02571560052281946,0.009258811358762017,0.00661016577556855,0.008875599822327714,-0.000347459560341934
2017-04-09,-0.030397708481074398,-0.02996513132970374,-0.02631604600896914,-0.02560755468894779,-0.03011973658140283,-0.024999588482744913,0.00020765718535831532
2017-04-10,0.00022093717455398253,-0.0013394065246396408,0.010306415703160602,0.000576784358283148,-0.008451662087295612,0.0011976612294731016,0.0004428254315355278
2017-04-11,-0.001900488808436897,-0.0025760111580675725,2.5087463623566213e-05,-0.0037382672317646205,-0.004848999986565145,-0.0016911189975006395,0.0001574628815909276
2017-04-12,0.0007936838560215245,7.542936566079121e-05,0.003674897750639266,-0.00043354136195087787,-0.01505464256189322,0.0007648592772227143,-5.358579749820672e-06
2017-04-13,0.009622331409202215,0.009722876916289234,0.005502483555574896,0.007017460521635854,0.019646516857666756,0.007507214954397139,-9.32981070789503e-05
2017-04-14,-0.017841701514402186,-0.01704135575087077,-0.021266315328119116,-0.016986032791009954,-0.020618572760059486,-0.015468615437164799,7.571335956828044e-05
2017-04-15,0.0061945973851176405,0.006008970691249231,0.007880997612314904,0.006750154533052391,0.020531411342084093,0.005540383930225945,2.2955690773540554e-05
2017-04-16,0.0034452171386292053,0.004055396725111022,-0.005964918069227167,-0.0009993026797624491,0.0037504006032104444,0.0014970717450625743,-1.9842395034156893e-05
2017-04-17,0.0057714815240087446,0.0022392126013692877,0.02220475180949938,0.001581897495029884,0.0039124095781293364,0.005840186710954929,0.00011107050063125805
2017-04-18,0.005230990897778733,0.004590109971225301,0.016140022588057502,0.010909301488005962,-0.026769925363976623,0.006153466560020618,-0.0006208598611296945
2017-04-19,-0.004916307662091124,-0.006289849667887076,-0.0044835521624040035,-0.01145994406388872,-0.022941954700779896,-0.005041119022393203,0.00031085698367351973
2017-04-20,0.0027473773199756624,0.004238205183365516,-0.012893496453535472,-0.002348999861957203,0.000842295923457052,0.0002814790226899689,0.00016576773346733547
2017-04-21,-0.006716578221336932,-0.007249613248303264,-0.01840235740787812,-0.018828251742630753,0.005375709757506924,-0.008510751471898378,-0.00022372127897736738
2017-04-22,-0.0028746735974839134,-0.0019984765113459915,-0.002775088676420687,0.001473008855954648,-0.02476590455539896,-0.001830307658256408,0.0001452808491838513
2017-04-23,0.00790386233762618,0.0049269592454322456,0.02209119980772344,0.004714652504895626,0.011894929595250594,0.0075294394419314235,-0.00043721099385744165
2017-04-24,-0.027339972907805276,-0.027732656595853666,-0.018041490001996403,-0.0223818108829064,-0.012212855247397299,-0.021964550960245847,-0.0003016288683466202
2017-04-25,0.007428492529383709,0.004533970437478602,0.02623182776259708,0.008318118486668807,0.004620618693486483,0.008180309406505467,0.00013364729310221408
2017-04-26,-0.01741997848599457,-0.01886646515821217,-0.0075021646164034885,-0.01697254397778262,-0.006536040469731306,-0.014041462906724032,-0.00036135715069640796
2017-04-27,-0.012794757546108535,-0.014432130367644609,-0.0015039051220397915,-0.012108718736952559,0.00421255981808441,-0.009854766656773855,0.00010631203943219994
2017-04-28,-0.020860447670234122,-0.02146072164633799,-0.015539330038956056,-0.01998889382172623,-0.007655236083561416,-0.017268504572306262,0.0001388930578389581
2017-04-29,-0.017690702177970183,-0.017354367702694683,-0.0023994853119235736,-0.004152307140663664,-0.02502564298625126,-0.011909013787996253,0.00011283599161622698
2017-04-30,0.013168127900358075,0.012473878119343994,0.015664795637547496,0.011995138578190977,-0.0006814739494221192,0.011375850420796538,0.00020460758581222573
2017-05-01,0.012211469162892726,0.012992223721063916,0.013194669901976453,0.017102160029423892,0.0008975567240903041,0.0112138081353641,-0.0001486687320328887
2017-05-02,0.012017741412574494,0.01205772999358587,0.013548214909807491,0.013677776450469725,0.0026888309074474728,0.010684506388260472,0.00011210891694283559
2017-05-03,0.006343404584665266,0.005783187128937357,-0.0035681993471470153,-0.004234958480591357,0.007905370043742128,0.003147640964946122,0.00042368901021152633
2017-05-04,-0.001372303195646909,-0.0006608294919409121,-0.013017651432783373,-0.007191230666289043,-0.0012415441908398828,-0.0030915247258453153,-0.0005058543336176106
2017-05-05,-0.0010824425513805982,-0.00016177667893000085,-0.012207117940025311,-0.0054606541504984285,0.005535536075340553,-0.002489262176604053,0.0002455923540199569
2017-05-06,0.024342681676898757,0.025710709295523777,0.01719907652694167,0.025874996401804014,0.02354339161804907,0.020429342749653245,-0.00011443876626747722
2017-05-07,0.002568292886498246,0.003183177209915593,-0.0007406132727934409,0.0030036283661813794,0.015609989222887751,0.002014209277342952,0.00032170041475871236
2017-05-08,0.006168767471028982,0.006658571129774138,-0.007233648374177843,-0.0020203797460569073,0.013507189968793966,0.003032528453509773,0.0005109982271038607
2017-05-09,-0.018078819432831298,-0.01602048087546139,-0.025519080051630796,-0.014222038462288616,-0.024217780991383588,-0.015639058025755055,-0.00011866904157791696
2017-05-10,-0.005222149771472805,-0.003151147103475727,-0.022235992301112402,-0.008701297002814605,0.01035757979786088,-0.0065110450659596015,-0.0002808303946885477
2017-05-11,-0.01871194394441076,-0.01722617457756127,-0.01891727018559127,-0.01191043560591995,-0.021805548773790543,-0.015115261508468042,-1.5376904347642612e-05
2017-05-12,9.231123253030207e-05,0.002580522830408733,-0.012231004453783974,0.0025272295550583844,0.0020933508333357445,-0.0006764189872764166,2.032329527547458e-06
2017-05-13,0.011714677630014271,0.012953775293165375,0.008112910418869919,0.015188200904084365,0.004942873202066649,0.010208609140681954,2.4948279058052307e-05
2017-05-14,0.00013080844801858642,0.00025785246726310986,0.00681506900250341,0.006110614887722106,-0.017884363769854576,0.0015212936647961204,-0.00010921860436715312
2017-05-15,0.012329837160097808,0.012785536468500537,0.012105555003399543,0.014648074784591849,0.021153338919480916,0.010872332889459168,4.398842939278621e-06
2017-05-16,0.007866508531754725,0.009302863274821072,0.0015968849861049026,0.01009813338791484,0.004495636392683853,0.006536761912671476,0.0002799454351439442
2017-05-17,-0.007994585934688221,-0.00536684840599864,-0.019222419426259078,-0.004156340982338522,-0.02800947069728587,-0.007312191340461157,3.0996371319323866e-05
2017-05-18,0.01159286668973702,0.010933883338433667,0.02471966019199335,0.01907228119494163,0.006487014804343235,0.01213222127709321,-7.500625216850197e-05
2017-05-19,0.0007122747124696671,0.0007446588573489922,-0.008810012581105458,-0.006730418538378041,0.0026536645023186927,-0.0012760579915879037,-4.5670702956635e-05
2017-05-20,-0.023562169880219135,-0.022851132884834834,-0.02378133345025932,-0.020701386725986412,-0.03399743238697735,-0.019782895962194996,0.0002582674664591281
2017-05-21,0.008935024497889597,0.00837237470221937,0.008378116421604399,0.005881804503087968,0.015142189338987512,0.007234714825076858,0.0003452016560171469
2017-05-22,0.0036373165233214155,0.00468700827894168,-0.0018648472055682232,0.004494948505616527,0.01347952908792447,0.0027404722679037173,-5.696810881443065e-05
2017-05-23,0.02485796814446415,0.024845904072005126,0.019287741305939046,0.02083532399690278,0.014971442338005847,0.020283701891893262,0.0002012760841498235
2017-05-24,-0.020394649114706023,-0.018907472169099784,-0.03129141082199948,-0.022182180828796128,-0.008168419070551792,-0.01863537140333063,0.00044417386280207535
2017-05-25,0.006882872804180101,0.010034023502719796,-0.001928940605363418,0.01554003642060308,-0.0028096255615826975,0.006304791015700109,-0.000113621859404748
2017-05-26,0.0023497300430882517,0.002008286954530605,0.0001929120424413542,-0.0010142509459436884,0.008457682618325649,0.0013464929727601519,-6.038340492938498e-05
2017-05-27,-0.0046980422554522856,-0.0035268180159739215,-0.019319934424223632,-0.01070997518005893,0.007672374494590371,-0.006116311516475951,0.00031530437518196045
2017-05-28,0.00685088422512484,0.005513730166355459,0.015411774366293329,0.007223164539455261,-0.002140162141464944,0.006741118370988957,0.0003954216393062355
2017-05-29,-0.016033546258169273,-0.014179761412486155,-0.0294762048607493,-0.017959204984739557,0.0038951466398521213,-0.015144542842716793,0.000427902850874136
2017-05-30,0.006662680909584384,0.0049259501031941365,0.010786800835008081,0.0015139497617091273,0.014096308460858324,0.005374988073472565,9.152614190398602e-05
2017-05-31,0.010310090887080792,0.010202553638986287,0.006204943718945048,0.006692802570148841,0.016489259565752177,0.008028775247617616,0.00040691972890602077
2017-06-01,-0.0075000049682658115,-0.007152197739845826,-0.014055754306750465,-0.01118031865462562,-0.02265985594292769,-0.007495153738013333,0.0001940912300748093
2017-06-02,0.007737657101654969,0.007027346279233966,-0.0007261068208713126,-0.0023761811273437777,0.016682341443512078,0.00439439894994639,-0.0005677614874467077
2017-06-03,0.016028205399125906,0.017044972969490757,0.013637126687086297,0.019461792473426612,0.015280185203429013,0.013982842330724981,-0.00015270691737552462
2017-06-04,-0.012761307824949504,-0.012867201846144696,-0.013853456312208171,-0.014412946755646827,-0.00418185357314784,-0.011268825683652265,-2.1124015642328764e-05
2017-06-05,-0.021640528669741383,-0.017777007582155998,-0.03888028120882288,-0.016778482010995705,-0.022945145671234197,-0.01941190965212254,-4.3254536694885666e-05
2017-06-06,0.00915821642141835,0.0072264452251555875,0.017381103693998628,0.006370971205788174,0.005402106048913752,0.00823454825692842,0.0002884826292358189
2017-06-07,-0.015439827569265246,-0.01534685211676403,-0.008581886067484442,-0.00979339083624644,-0.00998634764022446,-0.011909889698525345,-0.00047906738117306963
2017-06-08,-0.009009683605358176,-0.007384632082665352,-0.01649863365331681,-0.007165330230688705,-0.00312096058105808,-0.008045917139237614,0.0006023718479505028
2017-06-09,-0.005685016552385064,-0.0047205226233638506,-0.003600926931823948,0.000622550320838783,-0.009395853801526882,-0.0037357789688827214,0.0005302250771069752
2017-06-10,0.0032373099513313616,0.004834091605430281,-0.015339842133954684,-0.0036783537287883913,-0.0019536588858346847,0.00021263995206576838,0.0003394791083101129
2017-06-11,0.015304485486540197,0.012160696638118668,0.036395793738255154,0.01695433959828004,0.0169290988880237,0.015214141176642154,-5.173559197111451e-05
2017-06-12,-0.01281255884989707,-0.013590875350769388,-0.002396300478157077,-0.008585746102390261,-0.013258763466328531,-0.009434578123783245,0.00025296292889925766
2017-06-13,0.004816432701276429,0.0028805386386761027,0.02333168209630128,0.010153697097173876,-0.0006035908904796473,0.006571497813433568,0.00039735524511732906
2017-06-14,0.00622054347783971,0.0067457065677995936,0.0059010489751877455,0.008674406469304837,-0.012673734203888187,0.0057111860614543234,0.0004628970185960392
2017-06-15,-0.013526658644825018,-0.013494966087978717,-0.015377145856312757,-0.015123425694874367,-0.0005914279279696944,-0.011964424282995552,0.00012026693916941341
2017-06-16,-0.0181762856227338,-0.01818854435600814,-0.017067750115755134,-0.017716168470653906,-0.003338405933641774,-0.015399924406958596,0.00013136993365560972
2017-06-17,0.004587060528560855,0.0058647599603695805,-0.007957069468087294,0.0009473171689717667,0.004305868366164997,0.0023695100269129307,0.00040078829884452715
2017-06-18,0.01979207822839911,0.020274106857776735,0.01881661182067154,0.021793671734419075,-0.009972329046620047,0.017122761517490367,-0.0002451819254284955
2017-06-19,-0.01153656990781503,-0.009233112408168449,-0.03230200559708531,-0.01700184035700982,0.006159590301736198,-0.01248393594034966,6.352739381903957e-05
2017-06-20,0.005207120625098283,0.004064707371636271,0.012769755858788603,0.005715668717063231,0.008403817500907917,0.0052214609313205596,0.00010905176934680922
2017-06-21,-0.013063711563471168,-0.014157614227840601,-0.006496292030251812,-0.013476427600499701,-0.0166270902356854,-0.010661966641694531,7.491351747960555e-05
2017-06-22,-0.010533813300005497,-0.00963152175708346,-0.011288996160571862,-0.006888278882244416,-0.007235984877807203,-0.008611799735234182,-0.00015183750897128774
2017-06-23,-0.004840702630561628,-0.006155324669597562,0.007324747880906746,-0.0017094423031759147,0.011197747102922479,-0.0025622491990789846,0.0005026578170120128
2017-06-24,0.013222342782406188,0.014776046862412458,0.005189820713181146,0.014736921949403075,0.006965128274537924,0.010825624500143885,-4.259057489095907e-05
2017-06-25,0.0028272597571984987,0.0014338704417591933,0.013760354352487708,0.004739641311151168,-0.010080708827093093,0.0037123410077143817,0.0003648049576249127
2017-06-26,-0.007012803549796264,-0.007051260324885854,-0.006914118523758234,-0.007271533993561025,-0.006129185504621272,-0.005985559560581908,0.00037229623283422145
2017-06-27,-0.010915705564161014,-0.013321258237631695,-0.00412813787073592,-0.01759234689096642,-0.004194827437070699,-0.0096471479390569,0.0002475581658553644
2017-06-28,0.007242026201902668,0.007158857939421049,0.005861950042955328,0.005870791135392533,0.010662985368367984,0.0059031625553939366,5.817233655587292e-05
2017-06-29,0.017219586402303987,0.015483117256134892,0.029207570678521137,0.018574089021695973,-0.0010118592547818817,0.016028898313722832,0.00010594737762443566
2017-06-30,-0.003629291294862963,-0.0020319361877913994,-0.010531233583915696,-0.0013392444267405611,-0.009684871174961845,-0.0033574945388351717,0.0003373851835836927
2017-07-01,-0.011384642695403428,-0.013432159978073083,-0.0013001790244427645,-0.013667107281332583,-0.0029763426430396804,-0.009126610804477346,0.0003803646200759443
2017-07-02,-0.005906081146448017,-0.006924119369565103,-0.005345917692158359,-0.01060788900775397,0.016428296537590665,-0.005647292751022199,0.00013540898051592326
2017-07-03,-0.006752519324773981,-0.006132240560808835,-0.003929747338543347,-0.0015630735661798754,-0.016115895052657814,-0.004831397705624208,-0.00010507310586269593
2017-07-04,-0.0027849816839590337,-0.0009610500284107407,-0.002666241435501218,0.006256675518578652,-0.01895351578913171,-0.0010638989416643764,0.0003928870478976338
2017-07-05,0.002400335180069476,0.0037370484585312054,-0.006338096898473136,0.0020595267037570707,0.010504364710899237,0.001244510079126158,7.165563403245646e-05
2017-07-06,0.014966650834473818,0.012994257333602089,0.02941179560441578,0.01708265909321995,0.0015995720120218476,0.01437668855817127,-0.00020916602047155544
2017-07-07,-0.006727779779460832,-0.006782228948092286,-0.0014207256176611708,-0.002888238877902554,-0.02989092069610266,-0.0047438926323333346,0.00012839696264271196
2017-07-08,0.0021122201764734103,0.002516915604577474,0.006643114286662313,0.007767502802134382,-0.0027770311880512275,0.0030766864004122246,0.0005436240426846727
2017-07-09,-0.0016701644054806617,-0.0029957353692630583,0.016975799759206114,0.006669143874818586,-0.00044736292410382014,0.001352800464882036,-0.00021303988722407637
2017-07-10,-0.0027364205140278145,-0.0021818236667688912,-0.0023424608084617244,0.0002663927451086929,0.0014930628586132004,-0.0019123648890353431,-0.00013327397525548476
2017-07-11,0.00022940397960646147,0.0031272284600896557,-0.009136080489876287,0.0070538864598372625,-0.01248425791317009,0.0003348267066982135,0.00014854786810533467
2017-07-12,-0.002688708640528472,-0.004234181668915726,-0.00913818647119894,-0.015538654290212294,0.01585230073172368,-0.004649742645087573,9.762260519229047e-05
2017-07-13,-0.004112337139512956,-0.006420945537774118,0.005991995891000074,-0.007520506174547668,0.008402821843195893,-0.003066945162638041,0.00024316146223684967
2017-07-14,0.014934954590440233,0.015449251534896442,0.0038883006366820846,0.008931659104834434,0.028539188656158572,0.011024968965705869,0.00026491600108786864
2017-07-15,-0.018041367297841372,-0.01671663697140987,-0.01941728549692935,-0.012957101687184584,-0.009171511778135147,-0.014892729281664886,-8.29851656191094e-05
2017-07-16,-0.03362374959071567,-0.03342559882425876,-0.03342974334412222,-0.03314693187031668,-0.039002100637707926,-0.02884812037288619,-0.0007611464320701213
2017-07-17,0.010043826303134953,0.009584798942957702,0.009171181879785929,0.007272358315491188,0.02304736220489214,0.008194399658965913,0.0003316907875812046
2017-07-18,0.018774381125392023,0.020174142896678373,0.0055803988717378,0.015508332020381637,0.002186201967814407,0.014476559589968897,5.870373747123151e-05
2017-07-19,-0.002232857011613816,-0.003012036576422825,0.0034028698977270674,-0.0016251299784691934,0.003183721104860082,-0.0012787961550467628,0.0003525151969651999
2017-07-20,0.025646707305935552,0.02526087067997671,0.016622923994202624,0.017037016711939933,0.030883780629206492,0.019969426580372162,-0.0001217420754339741
2017-07-21,0.017711785713209343,0.01760260246764502,0.010810588090676334,0.011998553444359267,0.01455955041186124,0.013826936257566627,0.00035723260000496897
2017-07-22,-0.0017631783171003397,-0.0007744625247078509,0.002519468779148302,0.006509088715149266,-0.020089894804581572,3.901589376964845e-05,0.00014215464130978725
2017-07-23,0.007288615195292347,0.009442796275849518,-0.004988548822149752,0.008246508731241912,-0.005663863556915138,0.005346595250130805,0.00039010459775153946
2017-07-24,-0.010603992792851328,-0.011233657823098984,0.00246921735844053,-0.0034722519707925037,-0.0087354371765644,-0.006907746403171023,0.00021010968471051403
2017-07-25,-0.0025811884404359567,-0.0017100147624312832,0.0016697765838112428,0.005075471634076664,-0.017843039353466757,-0.0007988201104257482,-0.00019569272902481238
2017-07-26,0.007865476393358594,0.008745771174560003,-0.004888193583216435,0.002168929157531368,0.00030907151454707786,0.004815083797050375,-2.1149921533173267e-05
2017-07-27,-0.0004495404891078847,-0.0007784922960695078,0.007502517270198374,0.004276676316510091,-0.0018164019710507472,0.000987843150029346,7.08332827227817e-05
2017-07-28,-0.0016766403586664274,-0.0023616940731214873,0.010733251175297581,0.004833910910905809,-0.008973954319544945,0.0005673106548707326,-1.6809949117623885e-05
2017-07-29,-0.01199519362386257,-0.009507623963378769,-0.02059706230379626,-0.006834254413457532,-0.007872715062601201,-0.010284316413917808,0.0003128047980371218
2017-07-30,-0.0004322857860788042,-0.0024192974485821995,0.009263028467150082,-0.002502892702304963,0.01088013347365974,0.00021950733194545793,0.00011874951604606891
2017-07-31,-0.006476554097622792,-0.007101591386821428,0.0014870205288856895,-0.0033260407405614313,-0.005218229256394461,-0.00438439649570836,0.00015655267758529155
2017-08-01,0.001107324682041148,-0.0023251707260128563,0.029269732145805364,0.006699546514788962,-0.0021035315623729343,0.004251063751934356,0.00016616580588006333
2017-08-02,0.0125180516197399,0.011390124226695506,0.016830830358783144,0.010644565005425724,0.007249683534539001,0.010868335211690998,0.0001054658152132246
2017-08-03,-0.03683654515907497,-0.035956141021598116,-0.0362920960780201,-0.03279126126208816,-0.012794563075328658,-0.030946808519514205,0.00013704519056089587
2017-08-04,-0.01362804239851895,-0.013097828225666089,-0.019798558138110243,-0.01622220966800888,0.00014261854856083452,-0.012558976305774726,0.00022259218698237864
2017-08-05,0.01129416873652662,0.012113663245657453,0.003719196727762547,0.009501339329973681,-0.0029030254636435906,0.008809976620246289,0.0003519024689264622
2017-08-06,0.006729631210376334,0.0058956489789452355,0.010143866359555075,0.005463014296611514,0.009013688743209113,0.00598674011016337,0.0006362717022856744
2017-08-07,-0.0028881014371898374,-0.0029768952187624936,-0.007979541082197833,-0.0074608916763576226,-0.003325382969841677,-0.0035403804008573977,0.0001617606724334718
2017-08-08,0.013291976276117569,0.013225741824566971,0.009361944222473925,0.010087341570834074,0.00943646346044148,0.010594364977284523,-3.7480138450821825e-05
2017-08-09,0.0031460075686100012,0.005234978176967527,-0.0029728605684563626,0.008626181403488952,-0.010958470357821408,0.0029663856508811634,0.00035833060631667386
2017-08-10,-0.014215941871892498,-0.014755157971174443,-0.0031879385609006293,-0.008337940327738914,-0.013118861582249524,-0.010415887911891306,-0.00018226316253712178
2017-08-11,0.0027612181174245316,0.0044164818518322106,-0.009683496246850415,0.0010300360383077743,0.014769349104266534,0.0010757837252246328,0.0003818899009613216
2017-08-12,0.00015022335876832836,0.0014446606877812941,-0.003535730440645012,0.003610982758489696,-0.0026049504591397965,0.00019686532731196785,-0.000599878337631162
2017-08-13,0.009660978152324777,0.00925440937215105,0.01772093305222667,0.014311104166659875,-0.00950210797091845,0.009519508823949939,-0.0008696152712651432
2017-08-14,0.003788801443062051,0.0033939327968074383,-0.005066336366891908,-0.005190159176532223,0.004697139630842714,0.0013560255579096606,0.0009987643997280181
2017-08-15,-0.0028401210907445878,-0.0037901429162569534,3.1708459027262464e-05,-0.005294114212250039,-0.018218086979140104,-0.002509660897932464,7.732607384763982e-05
2017-08-16,-0.002914128925923547,-0.0022434470421753296,-0.006905194892864981,-0.002853769171991847,0.0013299019321795255,-0.002832115378185308,8.366998564371691e-05
2017-08-17,-0.014260675504528869,-0.014456185102905578,-0.02121604374099166,-0.021083276466825313,-0.018713941625092087,-0.013738576376023224,0.00036377235273452925
2017-08-18,0.0063528913117581395,0.006234800712313187,-0.0025273753624334185,-0.0012085956613033175,0.008309334694942052,0.003613091605785329,4.819493426553273e-05
2017-08-19,-0.018741878959686764,-0.017097144476332263,-0.02040677946792042,-0.012323625454727736,-0.0058588001022322755,-0.015321773662519796,-1.157148422906238e-06
2017-08-20,0.008387592460651466,0.010887230094327686,-0.005137861092356047,0.010078636234799118,-0.0032274926378736656,0.006256542648489014,0.00022775715099465082
2017-08-21,-0.0018728990557905375,-0.0037017653023310474,0.0049140950183041475,-0.005516219351641984,0.009311722929855475,-0.0015031076497432276,4.291580506319747e-05
2017-08-22,-0.0015476122548752434,-0.0012251205837254635,-0.00805503284374096,-0.005193616516500134,0.004568407204887004,-0.0023954155697065815,0.00011122004573634823
2017-08-23,0.003303232448098513,0.0030419933286726557,0.009189080853217027,0.00679145382840861,0.006431887711809915,0.003810570590529986,-0.00019996286085249284
2017-08-24,0.010095705598387095,0.011396649999951212,0.003581904768682478,0.011522665507394015,0.011957298701281819,0.008206913984879738,-0.00047105585380666286
2017-08-25,0.0012842519317958247,0.0018964956528577737,-0.007072227281815727,-0.002349263674498719,0.019632263203328955,-0.0001569230336379802,-7.493719563774119e-05
2017-08-26,-0.00907509527102083,-0.008827843116806124,-0.004466481961429491,-0.0043582473783770285,-0.013748358455723184,-0.006643314018592356,0.000498324571475184
2017-08-27,0.005601441840936513,0.008575221135998623,-0.017283409259925553,0.002090420776884298,0.004897070643667346,0.002321736043492454,0.0002819368894058412
2017-08-28,-0.0293017321307801,-0.03195035260402577,-0.002824983463829667,-0.02180061520227569,-0.02915228674151219,-0.021652423718462366,0.0005031112303366132
2017-08-29,0.028430664618019696,0.026291118609568176,0.04070958314654281,0.028251327932275496,0.01829552137689355,0.025449092985606183,8.637595862857057e-05
2017-08-30,-0.005596374244357704,-0.004227589915447973,-0.01668717296730919,-0.007821287225196446,-0.011999351384345519,-0.006076155305388611,0.00010705512022353895
2017-08-31,-0.019337770719058817,-0.019009038452141174,-0.01676063144021652,-0.016038207239683647,-0.014605360627962426,-0.015894015977437483,-3.350360546769141e-05
2017-09-01,0.037309750977942716,0.03416709527968841,0.040775199287140795,0.025304796526554763,0.04118232074448207,0.030613041372572203,-6.055155354901768e-05
2017-09-02,-0.012205257662706222,-0.009843148774026757,-0.021438061793361357,-0.008175503988912536,-0.018543736798081512,-0.010660090529632692,0.00043578892523179927
2017-09-03,0.012761707665381379,0.010435199701109924,0.01911223993691464,0.006597815157717324,0.019860805529626966,0.010693861520616068,0.00033015673486544
2017-09-04,-0.0055623521693636034,-0.004239091573059439,-0.0028908946444859574,0.002993848885012287,-0.012683382016605217,-0.0032943155427109703,0.00033126339407623566
2017-09-05,-0.009848862241523922,-0.007829176011692907,-0.023086509467617672,-0.010654622383582519,-0.004262999917539839,-0.00975929411975033,-0.00020424541408311522
2017-09-06,-0.0005345079417006515,0.0019391102156957882,-0.02237871498662661,-0.005807312609319481,0.014899045598685823,-0.0030850091114249705,0.00032112851912304875
2017-09-07,-0.004711646241684679,-0.0030631051003906255,-0.01989937134271903,-0.008818945141839599,0.00029983623915075686,-0.005910808610295845,0.0003339566243185598
2017-09-08,0.011111451636636195,0.01144444259457734,-0.0001641094883168097,0.00396077583670301,0.020404385942704002,0.007511408828165429,-0.00012843675336200955
2017-09-09,-0.005040964834187077,-0.00682278502912559,0.012480903935002579,7.891241044837537e-05,-0.009060524366559377,-0.002092125560166765,-0.0002696644481859465
2017-09-10,0.0033861427579510613,0.0018327864787342529,0.009880423311443521,0.0009649474590858378,0.017154668029353073,0.003219638946551119,0.0005381288743589725
2017-09-11,0.020140573483383908,0.01910008978697417,0.025325253867820762,0.01954570243582372,0.02622769277549744,0.017681425352655555,0.00027186822566221323
2017-09-12,-0.005713005713299293,-0.004883706259094658,-0.007927984271954854,-0.003504225971997053,-0.018064882647553317,-0.004774712124333763,8.58300639111305e-05
2017-09-13,0.012271427527578172,0.0150085971237602,0.0016759315267670287,0.0175623542798465,0.01275730689305321,0.010311911215681414,-1.3859861323165505e-05
2017-09-14,0.006828359176997635,0.006555441940542445,0.014572212813373574,0.011817998690481708,0.0071983609238572355,0.007190352467936513,-0.00031002844660054713
2017-09-15,0.0071949143944929255,0.00735615732293795,0.004778812232223564,0.006188839743032032,-0.0013723478604563341,0.005910545023384745,0.000681563802684174
2017-09-16,0.012291440234435876,0.012993748878639742,-0.0028610498450508826,0.003879325520889052,0.01640834366391486,0.008059885620496775,0.0002678078506615602
2017-09-17,0.003832459672373821,0.0019473743274686253,0.01936699397491836,0.007019736660918852,0.006108449030039791,0.0051411432103270534,0.00023390215532066743
2017-09-18,-0.016061258991922345,-0.015235460825403759,-0.011034981133846607,-0.008287807161751655,-0.020955624124674384,-0.01219986155372247,0.00028941095266312453
2017-09-19,-0.0038356449008269257,-0.0022584118410594297,-0.013190687948295931,-0.003603349524797205,0.0016674252881905684,-0.004097209633888177,-7.55698385016745e-05
2017-09-20,-0.0028472782136290896,-0.0013320269295815726,-0.005070893429291857,0.0027904548454100535,-0.012040364073455245,-0.0017705159270047098,0.0005885273676397562
2017-09-21,0.01839477200280038,0.017872386460350654,0.011669286461318887,0.010808348344293103,0.0031008064032919842,0.014069124674698279,-0.00033269571617813284
2017-09-22,-0.015077714958944654,-0.016661904260320486,-0.0004342504789443622,-0.011479024532930619,-0.010425368768947126,-0.011205529985562172,-0.0005684144994649368
2017-09-23,-0.013286921387345435,-0.014094830895444353,-0.003382762165391828,-0.009626582627563857,-0.015251306978168231,-0.00995744453744076,0.0003088610012870345
2017-09-24,0.019527328413836177,0.01934992354309739,0.01607546424782492,0.01626231566594064,0.017723892071523615,0.016105127044851834,0.0008843960956829054
2017-09-25,-0.023982757849020195,-0.024217291370601402,-0.017244484612617482,-0.02022886800325962,-0.014425025728369682,-0.019449217525972413,-7.61005114987405e-05
2017-09-26,0.0001839872288674154,-0.0008655901362463763,0.025394500001737968,0.015173888271573972,-0.013436009295790922,0.004460558936224317,-0.0001361631747449993
2017-09-27,-0.004816631612906799,-0.003967815762990545,-0.019589331662006087,-0.012545209422772395,0.005288280875291415,-0.0064633415882436075,0.00036177184571620734
2017-09-28,-0.014096306531504553,-0.015142439825197165,-0.0011999909560774322,-0.009230806167340297,-0.022837546022271435,-0.010249812900736434,8.637473529272551e-05
2017-09-29,0.019582359852589312,0.017929635533595452,0.02533541282394969,0.01640888965149834,0.013740305151820746,0.01687828084426622,0.0001550819700698712
2017-09-30,-0.006643595548635661,-0.0033906542106195234,-0.013077679949791993,0.004140668089626526,-0.016006521539206217,-0.004730732689141943,0.0002563569819874683
2017-10-01,-0.0006675696522379125,0.0005248708434642637,-0.009298292772814555,-0.0017118068372315013,-0.014088013932135011,-0.0013627019748639055,0.0008481672128133342
2017-10-02,-0.01463339339584114,-0.012679582607956225,-0.02575346398464345,-0.014173002888371712,0.0038092903470105053,-0.013448142577105844,0.00013552228616921458
2017-10-03,-0.013561904855508669,-0.014879330435787765,0.0021755962637570294,-0.007758352173325382,-0.012332542977626426,-0.009370475936893436,0.0003563874770180441
2017-10-04,0.029652974188960207,0.02561933272646444,0.0435975928289182,0.021470506979642395,0.04322046610609091,0.025555943855257165,0.00025163901671581624
2017-10-05,0.005454610152762067,0.007754310468065933,-0.011147555860646256,0.0036346537748461684,-0.0004952919408274369,0.003004506373454743,0.00039176639227887663
2017-10-06,0.012023437409555176,0.014614220757056876,-0.006884729601588268,0.009934399204797748,0.022859991135759875,0.008347628900118446,7.215403460845545e-05
2017-10-07,0.009180075524526944,0.008343449129781036,0.01455958752277079,0.009539396934657197,0.0029740793530555676,0.00836097105539045,-0.0002522345544711985
2017-10-08,-0.012456697489024168,-0.013082935287696135,-0.005281693488723888,-0.010059391755348654,-0.012329462026397247,-0.009708134122842505,-2.560432764474866e-06
2017-10-09,-0.0026973040209781964,-0.004061031300172374,0.004410323330488496,-0.0038092645929200955,-0.013581410446757291,-0.0017834567584593965,0.00036518067382272906
2017-10-10,-0.0019979650794239023,-0.0019526234036467513,0.007804622349834004,0.006023692707203804,-0.012623721858408798,0.00030448726961887474,0.00022203667646337398
2017-10-11,-0.013590183040341902,-0.012822533844906694,-0.011408513597000956,-0.008328348373808032,-0.029974932605196347,-0.01069691464235314,0.00019421263909902124
2017-10-12,0.0015883297295076315,0.0015614548859716297,0.007384072164250943,0.00611199851943667,-0.0026397549944980575,0.002590168172812576,0.0005965012693957488
2017-10-13,-0.011247814563048252,-0.01102767739214966,-0.00947930306729642,-0.008979127173362864,-0.02031873051835892,-0.009107755388461636,0.0004321569947080588
2017-10-14,0.02778834819315049,0.026912152017272983,0.0298551862826669,0.025671052633067848,0.02116793452029883,0.023696559563644106,-9.380566380505994e-05
2017-10-15,-0.02137919447372186,-0.01968422498426109,-0.03490539793809168,-0.02425648578146162,0.008193461162993802,-0.019914211417905264,9.469623528408886e-05
2017-10-16,-0.0032424170090543897,-0.004394812831504797,-0.0018562770992103339,-0.007894236646873843,-0.003060656722775542,-0.003281227405640382,0.000152393130429962
2017-10-17,0.012757165856956985,0.01166748099684567,0.018004752008239786,0.011822194589649858,0.009487106430219267,0.011308411672288047,0.00025701482613035994
2017-10-18,0.0022821257606913865,0.0037001653395640948,-0.006673465185648487,0.0021652812188354834,-0.007517142747918842,0.0011671392131556153,0.00015649098145051254
2017-10-19,-0.004030944902823145,-0.007528100226518503,0.01854313780261595,-0.003330018727325496,-0.018395322227964053,-0.001340759522082854,8.868958710507189e-05
2017-10-20,0.007315183447020632,0.004741590620537032,0.018022172477523926,0.003305765140406315,-0.006247181551463794,0.006719607622918323,0.00038823185641900007
2017-10-21,-0.016077582052584277,-0.014898646944459635,-0.02108636408771107,-0.014589180263234624,-0.01210863042248083,-0.013970218901904858,0.0003480187816480405
2017-10-22,-0.007780935659595699,-0.007124869055798853,-0.009971651147623838,-0.006451393041348327,-0.004693263766077455,-0.006656601590655073,0.00016176504473109895
2017-10-23,0.005971500412815701,0.004514793996795144,0.016332091585591395,0.007190621685622015,0.006423872844088942,0.006155900700278923,-0.0003674010735495549
2017-10-24,0.001237591221704961,0.0004951497115958651,0.010120101481706013,0.0047022227037856815,-0.01053258841393491,0.0023202930986319027,-7.662547923567733e-05
2017-10-25,-0.0061132044325253945,-0.006630848895535617,0.004647839737800208,-0.00019213550476133903,-0.016445791474869277,-0.003402225467812473,0.0004169336287709528
2017-10-26,0.001793933384873855,0.0019434846868692653,-0.0007466796959149122,0.0005314350247128412,0.01018886769330039,0.0011700419544642426,0.00023349975424023068
2017-10-27,0.02681300381706678,0.027155035234172217,0.021660070018832883,0.024919409001001668,0.015197394058843907,0.02224345947635111,-0.00014284728399007048
2017-10-28,0.0003605489225002186,0.00011325413495011374,0.0194482310121419,0.014420769731345266,-0.020811896474026922,0.003926296539572928,-0.00022502045896088263
2017-10-29,0.00260799005687212,0.005543228157177852,-0.01678764464173975,0.00163609375509479,0.0047403661422230434,0.0004326465881467472,0.00038122797677972843
2017-10-30,0.011647315812385248,0.011959156477907762,0.006378000895773024,0.009209790161556168,0.004402989480774545,0.009145549655931905,-0.00022435392658872946
2017-10-31,0.003432267981159003,0.005184202322332092,-0.010686763101936947,0.0008541623934842967,-0.002587344426369602,0.0013735112449630338,0.00030408631080924
2017-11-01,0.020994961611172404,0.02220544596917108,-0.002382118821658896,0.008690271291205616,0.030267806779846605,0.014230475699271695,0.00013589672193286471
2017-11-02,0.0027485572349806877,0.003361875336679701,-0.0029640908776764775,0.001254028165761296,0.007477050482790099,0.0017065867193567334,0.0004586573093199029
2017-11-03,-0.02282765948713025,-0.021482250793167384,-0.024655830602340376,-0.01811395501210946,-0.02925400310208094,-0.018978903340070814,0.0006762195622528021
2017-11-04,-0.007070312184305485,-0.006860108265713063,-0.002926337948192301,-0.002849118412058753,-0.014757657216675556,-0.005170426491550034,-0.00045066345978631825
2017-11-05,-0.004162807145693951,-0.005446596863461391,0.002755010634599068,-0.00506218050457768,-0.010152387120474352,-0.0030188345544067048,0.00042251172165570024
2017-11-06,-0.0037747381711553704,-0.0028006951749567867,-0.008340314651911863,-0.0027085441505797204,0.0032236160587567524,-0.003367190237635862,0.0008811216308525784
2017-11-07,0.010705901366254768,0.008724074984133336,0.017566483721662647,0.0066152512520120665,0.0018970474096493394,0.00923941941783688,0.0001505849107113357
2017-11-08,0.0011414870824238929,0.0026781554497150844,-0.009642137872405674,0.00012366928201441993,0.006919449596728751,-8.564196625194588e-05,0.00024446563063906004
2017-11-09,0.00650330939463568,0.0058384345043283915,0.006419398022424754,0.003286698162911043,0.004176944417829058,0.005084980926381078,-0.00024668181346964533
2017-11-10,0.02138646006674042,0.02084015961492447,0.017936042989105543,0.01633401941984432,0.010369162322736466,0.017474929610688177,0.0010555977076096245
2017-11-11,-0.012459161940147788,-0.011392777831445787,-0.013687662324612574,-0.00843186144189421,-0.007309256749334611,-0.010167754757594719,0.00043267261797591593
2017-11-12,0.02193419561418735,0.0205429857126665,0.019147638949355183,0.013266499071799099,0.02285524644236547,0.01738270689457648,0.00022791046466270648
2017-11-13,0.024078059193155314,0.02536689416833315,0.01744897420786285,0.025615300282265267,0.015125445117908037,0.020321592112627747,0.00039484419488492215
2017-11-14,-0.001217997881563026,8.43713900319081e-05,-0.00460552532641497,0.0024725819756709067,0.0007910607359532472,-0.000769493084093814,0.0004371215466113496
2017-11-15,-4.784300313722534e-05,0.0008448188668595769,-0.014767999850708678,-0.0074204650038394125,0.01877040094508314,-0.002335190098915789,0.000264465018324127
2017-11-16,-0.011217366163740935,-0.01011639791638227,-0.017865018914735693,-0.011318520678543439,-0.019581581840061583,-0.010238190325710748,-0.00012659336581577013
2017-11-17,-0.013180656970547173,-0.01206505272414638,-0.02158378981895466,-0.014671051579926745,-0.02142277332431167,-0.012142422135918925,0.0007680084231280521
2017-11-18,0.01476325753022249,0.015478741156500858,0.008330970087501936,0.013437059657223124,0.015166784381409105,0.011972098026856,0.0005061091621258826
2017-11-19,-0.00872239844152529,-0.009960752021809701,-0.002214194127810722,-0.009814930325158655,-0.017223938600637013,-0.006999693167910863,0.0003590339584757301
2017-11-20,0.016860965943282152,0.012619480376619415,0.032246841308887574,0.008553909312884972,0.02693569364482492,0.01466538182560128,1.8771216615904793e-06
2017-11-21,0.008921411477522736,0.010759025762777541,-0.011980634168498797,0.001452901285063861,0.010082529747936804,0.0047756485377961014,0.00015582371754205938
2017-11-22,-0.006854223196431007,-0.007490567626203584,0.0046483103158913176,-0.0009456387848163174,-0.007746576259748905,-0.003941366596243906,0.0006408225619009399
2017-11-23,0.004701601493024222,0.006349094318276775,0.0014054039735953627,0.010288935918995991,-0.009904936490980646,0.004573895202441154,0.00041770725466197073
2017-11-24,0.01913972952179902,0.017955271873745363,0.012940670472105963,0.008701104536553914,0.01705355017213,0.014483688875602783,0.0005475777270791404
2017-11-25,-0.0015534653858022048,-0.001591602438752413,0.003629983892444075,0.0023694523661496425,0.00019699138201289927,-0.0002948505696807268,0.00021876606775516602
2017-11-26,-0.0021998063209159218,-0.0016815055078708806,0.0003710065715626333,0.0023722556731243715,-0.001927376956388326,-0.0010147834961005775,4.9910498336733724e-05
2017-11-27,0.013103264853023393,0.012840256944084402,0.0068690249613887686,0.007082225606738642,0.010067079166593447,0.009816535950287435,-0.0001773220060546449
2017-11-28,-0.002199155535823002,-0.003911324238112673,0.004421800392719167,-0.0054029695865949,0.004565331156040779,-0.0017533956956241861,-7.588532108998528e-05
2017-11-29,-0.0033975622372067423,-0.0010914399996426885,-0.018174598079671516,-0.0039009208441093306,-0.0018805550741024142,-0.004251615630425356,0.0003011270876529563
2017-11-30,0.0024538666254055974,0.004112835839296142,-0.0019029877803783323,0.007208899540600666,-0.0020968461602861896,0.0024051949420331857,0.00019344046525941082
2017-12-01,7.444006794666603e-05,0.0007443747677590179,-0.0023605399879514737,0.00144580760253075,0.004020902729361738,-2.1653251635523404e-05,-0.0004192680435322126
2017-12-02,-0.006051825507747138,-0.0055180654470312635,-0.006132906726018102,-0.003598709830029998,0.004963403394088783,-0.0048699681764921895,-0.00011212312762160618
2017-12-03,-0.005719693330885742,-0.0047559271724794665,-0.015102298323659048,-0.008586641014395349,-0.0022788421696584202,-0.006081348651275679,0.0003737322600124609
2017-12-04,-0.011796514358425632,-0.012036580500914783,-0.017399582642289566,-0.01770136947670543,-0.003969217500198431,-0.011426657201995273,2.7173006186489166e-05
2017-12-05,0.019998643553232363,0.019772963069277814,0.00370116002917327,0.0062429346004507155,0.013176727423127156,0.013804203382364088,0.00014167069317758536
2017-12-06,0.007823163159421805,0.007026440365719714,0.012122201957338588,0.007483826917626069,0.016399119721798125,0.00703518468868227,-3.9002878536215324e-05
2017-12-07,0.01016304545969107,0.012175801489567872,-0.00993492209650354,0.00423005942655534,-0.0008168903733527747,0.006108931852701019,4.43842482634471e-05
2017-12-08,-8.233993974461639e-05,-0.00023840584217261639,0.0014352494173960992,0.00035769854623475403,-0.009161961537842753,0.00013548477085514136,7.103214719948809e-05
2017-12-09,-0.016600990069612832,-0.017937035935195633,-0.006318785692874016,-0.015319941376443507,-0.017910151966212564,-0.013049429729599722,0.0006314215425219443
2017-12-10,-0.014776173532172553,-0.012664434938413002,-0.03080821120141633,-0.017470676556348392,-0.004715891502896398,-0.014426489771302082,0.00026690356547745466
2017-12-11,0.010364787916774384,0.006345031867450411,0.019725480160528885,-0.0017960668684450058,0.027700142715641078,0.008019389754260791,-4.452725509727936e-05
2017-12-12,-0.006814323092883102,-0.005659146676027564,-0.017772650062716572,-0.010018624653382265,0.016799681770122973,-0.007203286959984472,0.00039625110205395635
2017-12-13,0.001363060702422825,-0.0007008645280080707,0.005400968780788232,-0.0055640413996818966,-0.0018370062719157976,0.00048487914514565474,-0.000555042974156008
2017-12-14,-0.00773322670020915,-0.007771991832019757,-0.004653530062003304,-0.005609363899886432,-0.00552553448930798,-0.006105142782728311,-0.0003134887453309205
2017-12-15,0.009974934523685862,0.009344082877833743,0.01592948643581199,0.011817086357760426,-0.014510571853654584,0.009368238065110761,0.0002290627795296295
2017-12-16,-0.01376335306028099,-0.012785316489332153,-0.013098753522470375,-0.008672694680708193,-0.013700303222758137,-0.011051194662526746,-0.0001372575021339342
2017-12-17,-0.00027713609008723746,0.0019878781853099005,-0.007519912799051558,0.005102605091445458,-0.00866737153659413,-6.39258271367746e-05,0.0004832624977981849
2017-12-18,-0.006038207043334591,-0.00511775032536726,-0.01458376516152071,-0.00844651154338534,0.009057067168166516,-0.006282872374810936,-9.249743031093863e-05
2017-12-19,0.007831097673915776,0.008088251361272693,-0.007004234822976835,-0.0026053985186148283,0.015214937383589488,0.003910595913773504,-0.00024043179809970637
2017-12-20,0.00023307866864353242,0.0019334256978395725,-0.004720642091349217,0.004672977660241052,-0.005691235906216506,0.00038777721581662267,7.501490047943408e-05
2017-12-21,0.008622266181382355,0.006900866525925569,0.017580997625562145,0.007466538272963067,-0.0002043808086169066,0.007964976067450832,-0.0004277955282877874
2017-12-22,-0.007984186689761622,-0.006802816132212734,-0.012774199213888438,-0.006146862506573303,-0.010177371505794959,-0.006964526949124628,0.00034763090032495546
2017-12-23,-0.0068418881598515694,-0.006532883631771243,3.135128093225727e-05,4.410715163964251e-05,-0.01029714488744667,-0.004281506893444354,0.00011204233278147446
2017-12-24,-0.0070023530826973344,-0.005826017394679404,-0.01768642420675736,-0.00988593803975164,-0.004757900240228685,-0.007299432305432992,0.00036896474804577306
2017-12-25,-0.0028371388731467683,-0.000869030765567497,-0.0035012251854231353,0.006303547213740567,-0.009691561413369146,-0.0012650294985987512,-0.0003121931364882608
2017-12-26,-0.00476161415204219,-0.004710281698049913,0.006111981469723498,0.004086844858830205,-0.02608846302034961,-0.0018236480777803084,0.0004383763110581454
2017-12-27,0.016588446231232058,0.01696583711333214,0.008813063503478375,0.012562882568325207,0.006804279396207244,0.012979490492671488,6.686814514715307e-05
2017-12-28,0.00032243038782416814,-0.0007098232705827311,0.013602794834941794,0.005863611416144591,-0.014164944608439452,0.002156131296380137,-0.0004886967699959707
2017-12-29,0.0002938123201906588,-0.00011609281790475758,0.004351051691149046,0.0015171437691906726,-0.004639420368510823,0.00080649265858419,0.00017024559895760895
2017-12-30,0.018440567974664104,0.017315697363574467,0.01896975105498065,0.013674315901289747,0.013212322042644243,0.015203157469692663,7.745391690318243e-05
2017-12-31,0.01957697613690226,0.019283567474678787,0.016541018363333014,0.016080768657356213,0.012201623421778138,0.016094327919275144,0.00047709960223693375
2018-01-01,0.02374282718959207,0.022247900438643078,0.028414608289358115,0.020582571136871605,0.02006207140334474,0.020239866520477247,-0.0006200336681440584
2018-01-02,0.009251890050699905,0.008762256833075664,0.01282309352654211,0.00987490534039916,-0.0016828618130836637,0.008336031707808356,9.859846237923731e-06
2018-01-03,-0.003951134605960098,-0.005253581249308327,0.002874326860766457,-0.0050092077685763925,0.018095108774689853,-0.0028898975827128643,0.0002666612869044638
2018-01-04,-0.014707961820317245,-0.013969842643967166,-0.019811556390213727,-0.01545138274894,-0.028821534308729323,-0.013073860872744812,0.000634738373430449
2018-01-05,0.008950942429062308,0.007895469145062166,0.014563484318061759,0.008406384219884874,-0.00682779982963075,0.008092568367096176,-2.137270012286948e-05
2018-01-06,0.00981502645669344,0.011014331291973633,-0.014824346199751499,-0.0037773313120101504,0.024243802067289044,0.004348653287786074,8.630294828313457e-05
2018-01-07,0.0023334818451847088,0.0012868513840340228,0.011960956930771947,0.004901626885003688,-0.0005703034559184359,0.0032846544662769807,0.0005075093735058668
2018-01-08,-0.017219544383643013,-0.017452412195217506,-0.007552565823207708,-0.010973871264804475,-0.030459987639525933,-0.013083252053181779,-0.00034240736705736554
2018-01-09,-0.008686657961069984,-0.007491813465982116,-0.009277253329202756,-0.003427560168075503,-0.017330637076436506,-0.006787613120435917,-0.00013877204940127556
2018-01-10,-0.006258706937652301,-0.007652064034618857,0.004103124868188959,-0.004979525768860432,-0.007847185969731243,-0.004253410931669972,9.630390566516418e-05
2018-01-11,0.015264398319133498,0.015858132636804852,0.015900897558847635,0.0190103247060844,0.006851385485357879,0.013673639470695607,8.042502497839911e-05
2018-01-12,0.029337304116296682,0.029975444816089977,0.016242456867702218,0.02259196846266096,0.016369911339508728,0.023109634995942402,0.0004309497032482421
2018-01-13,0.021110773129938372,0.01804967942807143,0.04252427916426993,0.023541672287053617,0.006522902095429852,0.02033824281008054,1.5912286303776916e-05
2018-01-14,-0.018318933258194756,-0.020574806988519205,0.002708855929534593,-0.013018081820633198,-0.025109532888733018,-0.013020862921737646,0.0005492509827625751
2018-01-15,-0.010856033933484346,-0.011083161003128008,-0.00774375228059379,-0.009707555585846388,-0.002150930718901909,-0.008854163436284585,0.00011092859825586941
2018-01-16,-0.01666071683576996,-0.01619120621996187,-0.00939741542389393,-0.00887140941481918,-0.02145876504900563,-0.012500646209379235,0.0003750906963297993
2018-01-17,-0.011923164879815467,-0.011492887124910525,-0.015332340610329934,-0.012766214078407561,0.0013618137760158088,-0.010620577570340432,0.00014087129073120803
2018-01-18,0.009072304972847983,0.007195834109394719,0.02296428799479386,0.011101240522954135,0.005005627982118424,0.009266385198272576,-0.00018345492758063052
2018-01-19,0.00013031020958526526,0.0008562580914938177,-0.006137744322944937,-0.0012917907723469756,-0.0003220674528211818,-0.0006679372369226037,-0.00017769516359831497
2018-01-20,-0.022971784770916118,-0.021274056215577434,-0.0267585882210369,-0.018076601999481075,-0.03272107697737131,-0.019328297130051034,0.00013589182115538394
2018-01-21,0.023261102996162575,0.021128720427256643,0.04060762619363842,0.027059600055469174,0.01133931969371156,0.02207943286296036,0.0004986834101008545
2018-01-22,-0.008457256850782184,-0.007182248258288438,-0.03074924025627296,-0.020173768441911995,0.022899736806710112,-0.010769876436107249,0.0006161088320324633
2018-01-23,-0.006251016773189107,-0.005623705246035935,-0.013201699631228284,-0.008847369907510883,0.003562171047035814,-0.006267318885295367,0.0004852728281661043
2018-01-24,-0.01993229907579688,-0.01985141102231637,-0.0172805879138714,-0.01781549958163038,-0.014182009656363919,-0.016517318776381927,0.0002755219025833974
2018-01-25,-0.00186865290277597,-0.0016282882722207595,-0.004131649946649655,-0.002534279308400861,0.009192137067550187,-0.0018577916136220153,0.00026284937065817614
2018-01-26,0.0023896639287125316,0.004146936361936313,-0.011206516873313442,0.00023858187208251587,0.014286280349385129,0.0005625308183973329,0.00014282568544824538
2018-01-27,0.009031977001144524,0.006208682163100704,0.03077638827555245,0.012661668942345349,0.0002648907890987918,0.0101735208492927,-2.9994079402994282e-05
2018-01-28,-0.02975066800524589,-0.028560848307520325,-0.03181956070621185,-0.0261247357551782,-0.018912307425404708,-0.025170796748200566,8.247679094666988e-05
2018-01-29,-0.004253461141265149,-0.0014800027420643464,-0.02620741307581411,-0.008214235669355602,0.008576266628047675,-0.006050327786534353,0.0006714124838970311
2018-01-30,-0.0005919422757506255,-0.0010114842844134771,0.007860952623816794,0.0040810675166987175,-0.01476831655150157,0.000927931422418444,0.000246487944754686
2018-01-31,-0.00788812337804051,-0.008898270664408502,0.0014280753841536048,-0.005580743570348769,-0.005293156908886902,-0.0056303568437346616,-0.00011554300775685019
2018-02-01,0.009733088206439212,0.006467172272477659,0.02178495559775447,0.003431541132282434,0.010115864888837027,0.00856677999078772,0.00020390187838483181
2018-02-02,0.009385511254688988,0.00993737208256452,-0.013086175636399916,-0.005685345329247422,0.04030914446287856,0.00400801523700532,0.00037048929320980826
2018-02-03,-0.020431966202690076,-0.01885821452832332,-0.016071394486955465,-0.009586346806762092,-0.01362396428052986,-0.015559010306924364,0.0004265961988833946
2018-02-04,-0.0016159639755123935,-0.0017109788392005918,-0.0011294758473323304,-0.0017255679381571703,0.010429064501506557,-0.0013779626196250485,-0.0001449120470560004
2018-02-05,-0.008589024198232627,-0.00977980276586165,0.0008337096669890388,-0.00710345263243586,0.005494757211220037,-0.0063309595589079,-8.055408357317325e-05
2018-02-06,-0.000677419251446796,0.0006539788631352496,-0.008515590095447936,-0.0003839448714441717,-0.013565145328758356,-0.0012391572990783097,-2.263770985839336e-05
2018-02-07,-0.016198730457359506,-0.016602149873759797,-0.005702240721143637,-0.01012942693255137,-0.03554630417132129,-0.012031472746014725,0.000551086899996251
2018-02-08,0.029862852763956452,0.02880249295955892,0.025892254035787935,0.02205114307591419,0.05658702070344068,0.024119992188455265,-0.00028448364686151924
2018-02-09,0.0007357877070320704,0.0004456668394902775,0.010556222147302468,0.007174175978407629,-0.004931425708375443,0.0023939936323309034,-2.6102533752802334e-05
2018-02-10,-0.010954610209886053,-0.010131529550109694,-0.019190335701228953,-0.013695329293618684,-0.0014737279661239354,-0.010509473205433545,-4.675271220994234e-05
2018-02-11,-0.01658524591710299,-0.01784934411719652,-0.007582148484198491,-0.015960677112284275,-0.02352870286502494,-0.013319792296619714,7.795573503940401e-05
2018-02-12,0.00034138321358742575,0.0029219064053406752,-0.013969138304977882,0.0016341807142794419,-0.010526884879213019,-0.0007027728697708809,0.0006698757994268822
2018-02-13,0.00637359434354253,0.006785654468487986,-0.002105028037554453,0.0017472660763188392,0.009776592323655495,0.004113869476822263,0.0003239633223752656
2018-02-14,5.05241179283737e-06,0.00031286246471310135,-0.001369055284683411,0.00042599191077596617,-0.00569330029727297,-5.591418766333007e-05,2.285267489165419e-05
2018-02-15,-0.023723274543519406,-0.024262043396581334,-0.013174629377040479,-0.01843492198906183,-0.030392520553864426,-0.01856018201046201,0.000728997686462479
2018-02-16,0.0009239907440628143,0.0024085495054630025,-0.0033708963226342973,0.0048351765190130375,-0.0002600399612302329,0.0009907843179479728,0.0002552333945136572
2018-02-17,-0.004363049645469606,-0.0049447605734899295,-0.0007896535865727559,-0.004455864801189767,0.003463879305838422,-0.0035026518086768445,-0.00046904872460760337
2018-02-18,-0.0038688597787833404,-0.0062169545460022384,0.007282812986300593,-0.006624284068785333,-0.0050455306962911665,-0.0027106631685357,-1.0142178394079794e-05
2018-02-19,-0.014967044025970743,-0.011323330622529023,-0.03523671119519186,-0.01348446272564132,-0.007757739218050476,-0.014407556681714475,0.0001144148388186101
2018-02-20,-0.0012720820431767602,-0.0013067530111802804,0.005544546386441244,0.0039855018104095466,-0.009528467941640762,0.0002385464019127035,-4.986663464142646e-05
2018-02-21,-0.002629021277518208,-0.0033563004621078533,0.010992790438072938,0.0046198462256344976,-0.018014906203856124,-1.3298425686648603e-05,0.00016211359485003026
2018-02-22,0.003939430558602815,0.005164980628362039,-0.004030315382396847,0.0037051646833963195,-0.009327968345393362,0.0025758310207588597,-0.00042624609053068166
2018-02-23,0.004554625826840621,0.004927116993404193,0.002664240956375986,0.00497704850437471,0.0029820463897780136,0.0037699566428823963,-0.0001765847272471157
2018-02-24,-0.0007195434130947627,0.001071204589090284,-0.003246387131487529,0.00608950015838362,-0.02153893364976414,0.00011517089693781151,6.928581698187379e-05
2018-02-25,-0.011610221441733508,-0.012004872316808367,-0.008388352154631969,-0.011222499475914907,-0.012974015609406298,-0.009555454198248206,0.00039968560790743863
2018-02-26,0.0009984634576194844,0.00024630272086915343,-0.00028375095306414425,-0.00372630723562196,-0.006144245513204864,0.00010881274561620746,0.00016471971501479126
2018-02-27,-0.003023496408294934,-0.003886136481231207,0.003000434720230569,-0.0025186560928576384,-0.00014843904407528573,-0.00204101797646064,-0.00038036505439897574
2018-02-28,0.02256318327327209,0.02211091089179412,0.024200002890484185,0.02208511774038077,0.00668932359953783,0.01945305646321842,0.00022796638126338167
2018-03-01,-0.014733919165327443,-0.014867561642467103,-0.012504097308200348,-0.013911949770729161,-0.010137441343010183,-0.01226786284997032,0.00035079353634592163
2018-03-02,-0.014440336306401957,-0.01299676322326307,-0.017090204962435705,-0.009719536137322396,0.005325863396418773,-0.011945164962923154,8.746053357553871e-05
2018-03-03,0.007314118190472545,0.007253181077465782,0.017576966720167106,0.015366434935610452,-0.023177271353005797,0.008323373594697127,0.00016075520868907798
2018-03-04,-0.019944918287692282,-0.015727682905198187,-0.0394127444740699,-0.015085759556595317,-0.015179105086939941,-0.018144586797069456,4.123717839630329e-05
2018-03-05,0.0006569199065198791,-0.0038122814770217435,0.02694460626201243,-0.00037617587940640845,0.004747637298732608,0.0027433358102928154,-7.35783122443627e-05
2018-03-06,0.003748574638023401,0.004038973217473941,-0.0014685025717669237,0.0010744187295808252,0.02324794864352523,0.002450008082293272,0.000501730792822677
2018-03-07,0.0009085555108860664,0.004178071835616248,-0.021563787239878764,-0.0009009029510387793,0.030904585577715853,-0.00145988082459163,5.8300784889958184e-05
2018-03-08,0.014131764221496184,0.011521134233102998,0.028833231747033672,0.013291783361776293,0.0018911819278532738,0.013211924296986456,-0.0006360989041269455
2018-03-09,0.008074441631909197,0.008984920710429474,0.0017221922876425307,0.007650949428858601,-0.005283272723470711,0.006305403025665123,4.7410408280644666e-05
2018-03-10,0.0009405394434963788,0.0005120827727771921,-0.002998951597796564,-0.0043076775179273245,0.019642504901414153,-0.0002812284534000815,-5.705180467526543e-05
2018-03-11,-0.019391854686484054,-0.01854432687784486,-0.019946301909479713,-0.01604766185915382,-0.015102528101786661,-0.016127517653161613,0.0005599837610587334
2018-03-12,-0.0024409474617686343,-0.0021704759094495524,-0.009984946274789963,-0.007192616078555104,0.013333189008191566,-0.0033958301813340926,0.00018900427951496783
2018-03-13,-0.00545111360937175,-0.0025683762371009277,-0.013236077129153905,0.002453721575367461,-0.024032566684168172,-0.004273210321865064,-5.528268672542379e-05
2018-03-14,0.004037342194133608,0.005667939547343145,-0.015902120171561056,-0.0037854908311924914,-0.005587797782035636,0.0006540249735769122,0.00035804507540757865
2018-03-15,-0.004597402276287068,-0.008651555163527554,0.01598656210028534,-0.008248751490207646,-0.008138950910002135,-0.002627422884737518,-4.7129665761821895e-05
2018-03-16,0.0030634709851975125,0.0035877479603628683,0.0030924878760883556,0.005743966337074998,-0.009964211409790012,0.0029578028133868907,-0.00030420810720011905
2018-03-17,-0.021836867827622005,-0.017980647616752686,-0.04338650684763402,-0.02046222992671982,-0.015629799400296216,-0.020451206680015703,-6.793158849028094e-05
2018-03-18,0.01565044417260272,0.013384994929598163,0.02422246062275945,0.01163069781474389,-0.0022766441259548173,0.013611520785229496,-4.754295031234002e-05
2018-03-19,-0.006970877020500307,-0.005814744121979478,-0.0164213379407459,-0.008959550842730458,-0.006583552560528185,-0.007089880047812455,9.203215828271054e-06
2018-03-20,-0.007000678660892845,-0.00700396293920985,-0.003279736231886505,-0.00419078863234576,-0.01721116186677628,-0.005204268321132058,0.0005313003277061726
2018-03-21,-0.011923520011389705,-0.009203331920339184,-0.02363177060236441,-0.008095504708250526,-0.018885094549401876,-0.010695513883302225,0.00023214968214169403
2018-03-22,-0.02721236502774859,-0.02839735781981753,-0.008989638759944515,-0.019025599334228035,-0.042432730098913074,-0.02061865832942679,-0.0003348186326415041
2018-03-23,0.019751260150945513,0.020177047270945374,0.007647796119970997,0.012566493149358801,0.0017161485545724685,0.014860630214395423,2.0467631266286157e-05
2018-03-24,-0.001939931693603771,-0.0028673188884182493,-0.003974861084255868,-0.008193426427576762,-0.00714229203894771,-0.0026739140920322537,0.000272992259785834
2018-03-25,0.011487895183702088,0.013435503924015376,0.003007711420562753,0.014545196479233056,0.004062787248696809,0.009587388530492454,0.0004748387389623885
2018-03-26,-0.0016238003532696534,0.00200686224178911,-0.024372296083777407,-0.001916588702051557,0.012144755634678053,-0.0034741896296689276,-0.00015055115497017804
2018-03-27,-0.004235685954424352,-0.0038782625661366215,-0.022344736879356203,-0.01703890978987205,0.03219720701301932,-0.007040482977281232,-0.00015295427224401023
2018-03-28,0.006323198893796678,0.006249265351734802,0.01290340166840084,0.01134745422975927,0.0009892791531648354,0.006711198051380528,5.695819055029614e-05
2018-03-29,-0.009717788091489864,-0.010588957001694817,-0.012777013709138179,-0.016658794480297584,0.01018224595887544,-0.00959747551875743,-0.00021521417766011446
2018-03-30,0.015259678187703902,0.014476912266207275,0.020747780485155833,0.016096909827695117,0.009676882300002278,0.013624505201538913,-0.00042099452344629174
2018-03-31,-0.009415737942343991,-0.010046805030817577,-0.0022140762896493034,-0.006965354234675284,0.0015932239186416917,-0.007054418963897514,0.00025797192903269015
2018-04-01,-0.011391496945132326,-0.009800275183021664,-0.0181172977932477,-0.009152492798326499,-0.031672657319197696,-0.009957083414739597,0.0006580370312949302
2018-04-02,0.006163701607154736,0.004331105448686516,0.006411286545590216,-0.002584657602237959,0.0262772486677786,0.004208650860516839,0.0008338084725584372
2018-04-03,-0.014789223399948842,-0.015387438449518741,-0.007508832505700764,-0.012221601422221636,-0.027692670121553027,-0.011633360805565556,0.00028619623984878657
2018-04-04,0.009956894002758574,0.01044469434017006,0.01187277728931629,0.014105269209906441,-0.014238461044798287,0.00923348251413662,-0.0003398515516894049
2018-04-05,0.002017322153674794,0.0019553204509636813,-0.0022973005156721265,-0.0017062813175694616,0.014203675054906464,0.0008711415878938677,0.00029816837236590295
2018-04-06,0.010420320286593456,0.010375657699662599,0.011539124880045703,0.011287580298382059,0.0003968443656072098,0.009263466280334727,0.0007778444633316155
2018-04-07,-0.008172965155319602,-0.010847776601578141,0.010454580565145874,-0.0066591935640355465,-0.02204153258023401,-0.005061284786992698,0.0005618568732375726
2018-04-08,0.002306911693420564,0.0010021906296589279,0.017345718369308108,0.007939884932044219,-0.00354952597515178,0.004088014894542379,-5.558595138446484e-05
2018-04-09,0.011890150565310582,0.011546596399054589,0.015301093172656214,0.013154115313417742,-0.014865023730529297,0.010709854187870457,0.0002717383885477044
2018-04-10,-0.006327913677610803,-0.008455941756162287,0.012116888911216359,-0.0022167711007705987,-0.00861717427511133,-0.0031745136038770416,0.0002841256312488287
2018-04-11,-0.01059826946024214,-0.012496378663159982,0.015349425248573956,0.0005586238067949063,-0.020164579247194125,-0.005139877574604015,0.0006318824198423224
2018-04-12,-0.0066769299102855464,-0.005330250870369099,-0.012998204372099639,-0.005215030785568516,-0.0008949369745057762,-0.006080734854106444,6.858240661788967e-06
2018-04-13,0.006872602872353975,0.006270377506899617,0.0030210256221544166,0.0009457410600592761,0.0171461464405777,0.004783006285569057,0.00040293821188007337
2018-04-14,0.002998018062297815,0.001213110788768197,0.006480731737977355,-0.0029685395392601895,0.014535615484303193,0.00201593074566731,-0.00023765139443605502
2018-04-15,-0.013018082789600484,-0.011699742251005821,-0.02351422165036808,-0.01516402330081244,-0.009104522669300837,-0.012380628275797086,6.350137317511703e-05
2018-04-16,0.01012326739061466,0.010236106451509956,-0.002110918850495795,0.0010984628309291915,0.03057379965689204,0.0063180766575464346,-0.00013270622839181237
2018-04-17,-7.944404442626493e-05,-0.0006797929607684466,0.004888119129773678,0.0009216574835180351,0.008612074399511732,0.0005524065539890268,0.0002818241898375538
2018-04-18,-0.008705653314355863,-0.011487266635394077,0.011730970352082395,-0.006280328460449283,-0.011940107612516113,-0.005248739814974334,0.000434560351406877
2018-04-19,0.003540048663593577,0.002855420954209011,0.021908520544211177,0.014922948914861563,-0.016500903867340183,0.006252346594670735,3.086710691052603e-05
2018-04-20,0.0023032191239690234,0.0006836320331193118,0.003104535216430287,-0.005009344417434947,-0.007150395109895414,0.0010213591794389896,-5.397154726063063e-05
2018-04-21,-0.019022535386912585,-0.017865390301552278,-0.018299427607906035,-0.013101834034798577,-0.027073309384670098,-0.015464769723099117,-0.0003184557483548855
2018-04-22,0.001623984409708852,0.0003904628952299883,-0.0011826542495007829,-0.006690210703752366,0.019784075649528606,4.2653903233564466e-05,0.00038837963810498807
2018-04-23,0.012227481026305853,0.010115773899613087,0.0355806874780532,0.020719453318673187,-0.008759725792609986,0.01375940106517091,0.00016546418471981094
2018-04-24,-0.00448586795472318,-0.004373379675380413,0.005260639995618632,0.0037801182018829356,-0.02649537512057007,-0.00185093828749527,-0.00014025277369331037
2018-04-25,0.01711156997516195,0.015139751452609604,0.02317937101419074,0.012562490199092415,0.024183039898022375,0.014608907872002913,0.00023842526936063163
2018-04-26,0.018101758080104294,0.017462940985394033,0.0238513981280118,0.01990136211401224,0.033332004624256784,0.01632349258049704,0.00031933590757303064
2018-04-27,0.0013308420148264962,0.0002771988971300085,0.0054796637103276076,-0.0005322341784302305,0.025653049076008193,0.0012770605841005693,0.00018766942667486957
2018-04-28,-0.003204976620720947,-0.0019179776597491455,-0.003700765056038129,0.002692581956240713,-0.0009295451891936568,-0.0019752962273533563,-2.5699521456255033e-05
2018-04-29,0.006440404075498331,0.008487204484194792,-0.006881371760862816,0.006009611292398801,0.009584340106947758,0.004373481452995588,0.0006687107240548776
2018-04-30,-0.009311410836125269,-0.007112038950166863,-0.026164553599857428,-0.01212629534471502,-0.013487015311386047,-0.009790932127510477,0.000551959875801781
2018-05-01,0.018800723843446474,0.01775592176721833,0.028189827652687786,0.021524679210585724,0.008823294536550692,0.017343151812092207,0.0001009950277854982
2018-05-02,-0.0036669863595198858,-0.0030953074731305237,-0.015382993655142197,-0.010291403192311756,0.010235881475294082,-0.0050877021179213545,0.00011824839335367051
2018-05-03,0.009227587094992681,0.008818199802503356,0.00871826484845303,0.006979234244475652,0.0007093042258724553,0.007574262836891753,0.00015367851439508678
2018-05-04,0.00856014608373547,0.0099040322926778,-0.0010398024312929179,0.007692092400902315,0.010106077575010631,0.006351207445102437,-9.52167669865874e-05
2018-05-05,-0.006394174444956047,-0.006549829256099803,-0.010333826098885971,-0.01043969286926837,0.005658411265255618,-0.0064149514072331685,-0.00015105773904479087
2018-05-06,0.014061121113003217,0.01025123006580126,0.02950458869153276,0.00787821482097508,0.021008875326776984,0.012551419514682546,-9.7949803291331e-05
2018-05-07,0.012058846760236447,0.013490134048489743,0.0033203625319306643,0.012378480349501108,-3.1936131397593964e-05,0.009614934810276497,6.575836333605065e-05
2018-05-08,-0.011337510798831224,-0.012157103230224536,-0.008322811483764365,-0.013201739607624444,0.0007904795932060366,-0.00970694619036172,2.257168935597527e-05
2018-05-09,-0.0008966327150205138,-0.000994599151172562,-0.0047449662625378,-0.0044894456511639855,0.006088114670233069,-0.0015222263859120365,0.0006129624619057312
2018-05-10,-0.00817253179589241,-0.009644177869189738,0.012183633971475106,0.0006855655148261183,-0.02525906575761133,-0.004013503038476281,-0.0003273467415582021
2018-05-11,0.0037100197411785345,0.004351316788438839,0.010202414540839916,0.012148577722853177,-0.008334143977100243,0.00491241290753882,-0.00012171668280289448
2018-05-12,-0.012596926952725494,-0.013698522833691749,-0.006194273178048811,-0.013177266162978618,-0.0073404068896876186,-0.010248775323238743,0.00043200194833339055
2018-05-13,-0.005330619503236824,-0.005054977162117055,-0.005848896298298819,-0.004496520551362781,0.0021473094870037993,-0.004454331014224152,0.0003170193571643363
2018-05-14,-0.0021613934964673565,-0.002158480558093471,-0.0037882436031817807,-0.003495953316692183,-0.013242562193340421,-0.0021524757471848687,0.00021208902454672185
2018-05-15,0.022254167660273584,0.022860217102438223,0.0086015559791367,0.014763862366080618,0.01652563692953574,0.01687450062937001,0.0003591773391123006
2018-05-16,0.005635216731219342,0.005623672324005707,-0.0006655960164287152,0.0006574786414344997,0.012392075049879145,0.0035275366622870043,-0.0003618572672284967
2018-05-17,0.002488957983167926,0.0012508083230477608,0.0019968991176060125,-0.00398393784173733,-0.004862071084178391,0.0012798759903411333,0.0006284285562734246
2018-05-18,-0.006260483144973288,-0.007652913397981745,0.003005077941542313,-0.005857230176556525,-0.006681473251496566,-0.004449373211531704,0.0002690394017238828
2018-05-19,-0.009948927064154046,-0.009793975145267019,-0.010735326002082813,-0.010016307261339343,-0.01834145521332313,-0.008573741851094671,0.00023724924305573434
2018-05-20,-0.002786229028328428,-0.0024189484021464223,-0.011609702841470938,-0.008094508193946229,0.020946538204576395,-0.0038516595685449727,0.00040709139381666574
2018-05-21,0.01161448145503265,0.011693864840252598,-0.0017608782146506744,0.0015364031018777376,0.040319526207970524,0.0073835312283772915,0.0001117084747727018
2018-05-22,-0.008234338093593408,-0.008496362225550091,0.0021685166792732146,-0.0013818135631495894,-0.015468418021257807,-0.00510616984441276,0.0005336657055797892
2018-05-23,0.01268454568869402,0.01370872818222389,-6.385968732772022e-05,0.007813442625038336,0.025881195237328822,0.008961018558511157,-0.0007234402675133031
2018-05-24,-0.0020395783141889685,6.821517942027957e-05,-0.017263401250085072,-0.0038472906909205883,9.887555888236699e-05,-0.0033489141639788883,1.8116008032106217e-05
2018-05-25,-0.0066105036700636905,-0.004872706759016523,-0.001885467090194935,0.005626733539973252,-0.0020354111702336544,-0.003579647580820075,-0.00023506394851028684
2018-05-26,0.01885714488208959,0.018813508933567438,0.015648506695020496,0.01645335262254946,0.015073555035398478,0.015534694762655175,-7.684890863937643e-05
2018-05-27,0.012067420458682653,0.011476608809644519,0.010322636403720147,0.007997342149492942,0.001278765106047089,0.009602263614816595,-0.00015050359275096948
2018-05-28,-0.018943820439229927,-0.018283535169381252,-0.025744750390945915,-0.02151288145437172,-0.010577425655304552,-0.017119726536526818,0.0005624939018430553
2018-05-29,0.01450654132667124,0.014130771433946834,0.012896825060622142,0.011646696367477807,0.03068239807550358,0.011936950147859754,0.0002949751414504726
2018-05-30,-0.004133625394682681,-0.001979139113052082,-0.0139364739801856,-0.0014140545567494238,0.003187976788892913,-0.004045593523959977,-6.799914870451437e-05
2018-05-31,0.0036627468088907917,0.00406973946582792,-0.0006580973669777822,0.002288648173547093,-0.018680284721133478,0.0025738154042416654,6.109780480336778e-05
2018-06-01,0.011512185127167191,0.01208072753202971,0.005614497883377334,0.009827988897943264,0.0028427790884827005,0.009145568195904974,0.00024448083781118126
2018-06-02,-0.0025887633302491614,-0.0011782096784364844,-0.0025828010349227028,0.004333557786180061,-0.0012995535481552458,-0.0012649043784331957,-5.957534092081035e-05
2018-06-03,0.006510772208234258,0.005596273681447303,0.01438533856315909,0.008414057941212055,-0.015335761198699553,0.00660894222460044,0.00044800363995991285
2018-06-04,-0.006471867614105576,-0.005759631124894912,0.006492599609519667,0.0072885316244415375,-0.019821989625390043,-0.0024825455340795593,9.27223858237112e-06
2018-06-05,-0.024895217596800273,-0.026096149694287026,-0.019299515211894578,-0.026849696326730246,-0.022426418111271246,-0.021111664626203598,2.6586216698102e-05
2018-06-06,0.017469553222684245,0.015795362887217442,0.022995218497106028,0.013970139276217111,0.01833335844578257,0.014971196942137966,-5.815133738787506e-05
2018-06-07,0.0020770069887054757,0.0019428040560582507,0.008196814156475605,0.006345699562783618,0.004374544548796048,0.0029581504518664216,0.0002865406317389094
2018-06-08,-0.0034994824787847193,-0.004455040914298467,0.0029194928450014907,-0.0031548291140927266,-0.012965786781923774,-0.002381359979453468,3.928666168486958e-06
2018-06-09,0.0018378436568813007,0.0004938066120250214,0.008767892420300806,0.0007761200525383812,-0.009278188429305981,0.002064485266516751,0.00014882433130649665
2018-06-10,0.0018397887243708723,0.001501325861590165,0.009192692175217274,0.006088024846433604,0.005104633755265931,0.0028125189241079342,-5.62064517443605e-05
2018-06-11,-0.007348828385286075,-0.0056294887264506785,-0.011935296782200724,-0.002672075973915094,0.0038882608257147407,-0.006052233332059613,3.171090192169132e-05
2018-06-12,-0.0017135571309882178,-0.0037994263189635486,0.014980093983856003,0.0013077818508765195,-0.0015943681094297752,0.0003985930994584428,-0.00024415106036291054
2018-06-13,0.007960358861403938,0.009023064465991177,-0.00701967260802978,0.0013863776494271365,0.012126775458563178,0.004572129144302606,-5.3554984056722484e-05
2018-06-14,-0.002869178344541086,-0.0007948626795524784,-0.008885029570233658,0.002517524549972161,0.0035406798605910304,-0.0023138365965525015,-0.00048240284572021694
2018-06-15,0.011538143640710876,0.012346560154312292,0.008977043451187727,0.013710803622463293,0.004168665139380104,0.009985298382219593,0.00014001583171356253
2018-06-16,-0.0012088545250471998,-0.002839336271103116,0.0017709109580002873,-0.006913355830168454,0.011969469955047071,-0.0014963618317616314,0.0004778387771037511
2018-06-17,0.00996367315712107,0.006331416245951615,0.027135534301353924,0.005955135655038251,0.01920906874580197,0.009522636574341898,9.753697172068594e-05
2018-06-18,0.014936048772201697,0.014464178352971249,0.012221883213224795,0.010732874931000625,0.027817340580316437,0.01197480863368269,-2.387507674152218e-05
2018-06-19,-0.01648576272333038,-0.015205502433723893,-0.01672161729102567,-0.01068299489817906,-0.004354245966990338,-0.013322581111900255,0.0001659548440938733
2018-06-20,0.015278074249518195,0.016744565750395422,5.868096940143692e-05,0.01065069173369015,0.014485162364648037,0.011115537766574153,9.48695529249729e-05
2018-06-21,0.0017286804499038288,0.0006970087447448021,0.005216016483468485,-0.0005456701378599748,0.005336844811178412,0.0014920614236504613,0.00011674000640072817
2018-06-22,-0.01055613266094451,-0.01004414675078765,-0.011946696574190297,-0.009353315161975347,-0.009264376877618108,-0.00898508941902224,0.00014095566951060384
2018-06-23,0.0010989230034358605,0.0016621163730419714,0.005149750416719832,0.00714566127715195,-0.018027615484938087,0.0021285069192457868,-9.613185830031047e-05
2018-06-24,0.0326804135236438,0.033045751141837304,0.015105725692270866,0.021089504940457006,0.04507497585651815,0.02476782418561261,-0.0005232788781381569
2018-06-25,-0.0013089903675667337,-0.004393312644669493,0.009380174950062978,-0.008013565063438591,-0.010838385907337388,-0.0011535742933687265,-0.00034124531316702004
2018-06-26,0.011505808010309993,0.009610859769799265,0.0173543422196061,0.007042330396840848,0.018546898226095877,0.009843141769833105,0.0005688416494618307
2018-06-27,0.02134452245724489,0.021013934519174254,0.004867190020202659,0.006956512108778297,0.026185718999909433,0.01483333214570836,-3.478304561645824e-06
2018-06-28,-0.0027331165387619472,-0.0023724252938019186,0.002474664717283812,0.0031587232801518358,0.002557706360510473,-0.001050486080502682,7.688026250633997e-05
2018-06-29,0.013514069062850123,0.01259106138749717,0.016517162150693536,0.011624092805396955,0.01937836739238502,0.011610438757066638,0.00015370963706578188
2018-06-30,0.023942097592931942,0.02527469586056526,0.006960741403302703,0.017413502695834058,0.023778254528493106,0.018146694877969338,0.0002693669680869155
2018-07-01,0.015315359232554669,0.014913638849837266,0.0057137200519601535,0.005948481541283988,0.03048847388756281,0.011026656993500826,0.0003687420411095009
2018-07-02,-0.022454880215992144,-0.02176666045242361,-0.03050950493481154,-0.025944803849286192,-0.014218953425892931,-0.020471021156902604,-0.00015340570263721947
2018-07-03,0.010015215381162314,0.009477135682591403,0.0037337256667745386,0.002538627286426635,0.025747913972671836,0.006942414331262165,-0.000320654004579839
2018-07-04,0.003892305020940346,0.004971019520884673,-0.005864044908129802,0.0014880169377536872,0.011258229802275574,0.0021781567126766986,0.00029519350371614184
2018-07-05,0.01610931017889382,0.0157383954032478,0.01648314482042553,0.01489447962788535,0.007590235289270317,0.013700437202387254,0.0001882738060178283
2018-07-06,0.005527857905201811,0.005523755312948259,-0.006399045693370208,-0.003928290190347831,0.020097897185763686,0.002400168948856328,0.0002457784531758148
2018-07-07,-0.008222010988015687,-0.006121722692383341,-0.010371740681740987,0.000268013244900645,-0.010932732844734654,-0.00605044561606936,5.8798638345102216e-05
2018-07-08,-0.013375092344234916,-0.011788147785997172,-0.012080485306408005,-0.0047665531182722685,-0.017794938081625057,-0.010159901352726267,-4.2466244568134146e-05
2018-07-09,0.006022774828616448,0.0069883450622960615,0.007709852401850792,0.01226312943091686,0.008713099949700199,0.006177786111707123,-1.6004638165891623e-05
2018-07-10,-0.008263792785718538,-0.0042375179362201965,-0.03995719519370945,-0.013897463478022669,-0.007315407317915161,-0.010656538880295422,0.0001735333359417435
2018-07-11,-0.00409448426763574,-0.0020024351418177536,-0.017734471646329058,-0.0047595852973833785,0.004408084631185333,-0.004771104685309205,0.0002972061490560293
2018-07-12,-0.02204450995051114,-0.021112422969832904,-0.030792508737590332,-0.024886848200370272,-0.0006747641513640372,-0.020014934314637464,0.00037793528680165104
2018-07-13,-0.01054709704214319,-0.00908809103090164,-0.019754524255356468,-0.01092122650620284,-0.026355748791639374,-0.009876989967243994,0.00023677240897099778
2018-07-14,-0.002317881261767588,-0.0036890646904863588,0.0006320460982747016,-0.006771071967371718,-0.0008082188871638888,-0.002393036553775372,-0.00034355847340582257
2018-07-15,-0.011995784408185528,-0.009905864675423415,-0.01609227311708348,-0.005192088864529225,-0.02229139263751256,-0.009676785149977237,0.0001700640453232624
2018-07-16,-0.004672861174527662,-0.0027521330702279098,-0.016125046917120765,-0.004434681035432231,0.004314497711794004,-0.005025121643597783,-0.0002494560709847795
2018-07-17,0.009535560699986427,0.010431134098040354,-0.0009081337790504849,0.005797009124482957,0.017318938387311723,0.006715882254798456,-7.80103669965612e-05
2018-07-18,0.0007243129262585251,0.00107934133819172,-0.0004210142662102597,0.0015852846501905968,-0.021990884451010426,0.0005752818032590714,-0.00044534322159736015
2018-07-19,0.00815474385307218,0.006440060155061087,0.011524569996955416,0.0025386865726612163,0.009913744965041497,0.0065409580339471415,0.0002237802202097906
2018-07-20,0.00758138972050649,0.01028758163125059,-0.016270546437485198,0.0020130082130784058,0.010962858903344521,0.003657198608393182,0.0003524207260356538
2018-07-21,0.02970120351737066,0.02916129008406787,0.017515277008305644,0.017868373481040555,0.03843641153160691,0.022811692937959316,0.000547026945486683
2018-07-22,0.0012560781991888205,0.0024784880949134808,-0.0006309549442519496,0.005814122787439776,0.00201037767708071,0.0015152961720320177,-0.00019223270699867084
2018-07-23,0.005383287961032458,0.003783003050652561,0.021230972246249015,0.01026333033201679,-0.004661620257926697,0.0067028457123337925,1.8167956643545797e-05
2018-07-24,0.014259889969275543,0.015602101840323844,0.005067451147676494,0.013812333067053019,-0.0028795271026230453,0.011411981771862123,0.00046651436536999404
2018-07-25,-0.002045946728195133,-0.003715534281457966,0.011581432817825367,0.0005556821021534424,-0.017796801839394832,-9.933488545215319e-05,0.0005796679392764692
2018-07-26,0.01909846343190677,0.017251551816563057,0.021590810757554958,0.012347032028286669,0.0177272216846694,0.015679681444885376,0.00017675764894235275
2018-07-27,-0.007073847330958505,-0.009240941170480944,0.008979002156333456,-0.005083245043286185,-0.03385130874187434,-0.004327712392196044,0.00023783941506156663
2018-07-28,-0.003749881839099596,-0.0034581298561547113,-0.006929306778083731,-0.0049368370489594774,0.0069426745209379085,-0.0035927400843321486,0.00048362088191554844
2018-07-29,0.003587593382442376,0.003935122585269541,0.0006060670494403095,0.0029933542321557917,0.004087159908770087,0.002710611256074517,-0.00012178932500119091
2018-07-30,0.007455839213452475,0.006542944982344073,0.020730934444855097,0.013717034979530446,0.007691133048753792,0.008428284642618914,-8.501491811645142e-05
2018-07-31,0.009624195719117075,0.010644931237975172,0.005439571379722608,0.01151524046694593,-0.0002791915184872113,0.008114000614222733,-0.0001913420901544072
2018-08-01,0.0024129862875838693,0.0061791782484644205,-0.03179914032397947,-0.006306605371098915,0.014552506456405188,-0.0021591699616498846,0.00015691909668578757
2018-08-02,-0.0047156050119132615,-0.00226652138789892,-0.023615349623719015,-0.007837523627256695,0.00660405417229038,-0.006109677646076816,0.0003141964145706511
2018-08-03,0.0007753210700467148,-0.0009035444193840057,0.013542560228871252,0.00271017124994707,-0.009863758680188574,0.002073367338003153,4.260253862260757e-05
2018-08-04,-0.01619302648036683,-0.015446266347548677,-0.010501122327561493,-0.008285819507827702,-0.014699061366708123,-0.012194690517816353,0.0005725438109732499
2018-08-05,-0.002513951906435441,-0.004347197666658495,0.008444869614940379,-0.002855889146017284,0.012095410237800738,-0.0012116935492491557,0.0001240681525951659
2018-08-06,0.009425045611383116,0.007090215339855561,0.020409812022748233,0.006856559987316217,0.009970669050719541,0.008774409256563961,0.0005369062020265206
2018-08-07,-0.0018009630453572185,0.0001661932593869141,-0.0007699863875208698,0.008701932048702857,-0.019126619943662958,3.348159231615676e-05,0.00018095583689374295
2018-08-08,0.01375541263724572,0.014119434714112136,0.002698249193125597,0.006991735466392284,0.02180506564470842,0.009807450101478639,-0.00043381359888281884
2018-08-09,-0.0028935197043799,-0.0030643647242617087,-0.0029087105212032465,-0.003820178574946351,-0.015578394915503092,-0.0025201487158219415,0.000633071240202028
2018-08-10,0.002309431175969614,0.00021529466326820467,0.013288378540457363,0.0007894285903040568,-0.005738730324567394,0.002774129641721095,0.00021573640150936456
2018-08-11,-0.0026755695440570586,-0.0009788629399461182,-0.0033843586348906093,0.005094591957656054,-0.016517980872000196,-0.001340490544570951,-0.00044867704765249634
2018-08-12,0.015777711902896188,0.016093823303870696,0.006261050959715023,0.01002794175907884,0.0009718397484581448,0.011977664846867828,0.0006792974072203244
2018-08-13,-0.014754245389247238,-0.01435967468775111,-0.008135432825637372,-0.007807344241529222,-0.014496090785217687,-0.011078247148239379,0.00011216303879000035
2018-08-14,-0.02003156698748189,-0.01821573495204979,-0.025319293398193693,-0.01569606929257096,-0.024813643405315645,-0.01701052091774826,0.00019500459022727702
2018-08-15,0.008886050068773844,0.007277103488968479,0.009466976862991609,0.0015728626882324879,0.03569690884256795,0.006705554424557191,0.00037268565262727187
2018-08-16,0.0009129151211607435,-0.0006714742779428475,0.024721214289118547,0.01214972910002538,-0.02947096440784536,0.004467219634876911,6.000131765412228e-05
2018-08-17,-0.027506223474726265,-0.02692731421066654,-0.022128092760968256,-0.020892527482441244,-0.0259393178096392,-0.022192737235085386,-7.520631590530555e-05
2018-08-18,-0.023562212840280334,-0.023315828453472673,-0.010797498993391188,-0.01260993831334993,-0.035520470899464855,-0.017503638175419334,0.00026955823025714005
2018-08-19,-0.017833255710273006,-0.01794421547490917,-0.014960350389448537,-0.016437567012024798,-0.019710226644703347,-0.01485340677006395,-0.00010853965483731228
2018-08-20,-0.0040465899812911115,-0.004453869784174782,-0.008200817329393179,-0.009465223685617693,0.0014888323245103403,-0.0045740737183611125,0.00011788999868887802
2018-08-21,-0.011659138651132009,-0.013891731755240758,0.00021712219462310305,-0.013416778968655238,-0.011623894462653748,-0.009209460327991643,-0.0001771856596271173
2018-08-22,0.02185089072001962,0.020390450271875624,0.02024159270929761,0.013782010981454991,0.03484700144868575,0.017494253956572656,0.00019416652780282752
2018-08-23,0.00327717381048483,0.0036539585642872876,-0.004057841463115215,-0.0006631635692265925,0.011549871105712727,0.0016043891990178756,-4.073395873873797e-05
2018-08-24,0.02118656991025584,0.022358036174772406,0.018051527271474656,0.02488480743349807,0.007681312797504326,0.018429370204580277,0.00022515553248893526
2018-08-25,0.009925413250022204,0.010492082562522913,0.009428759182245321,0.012527861124677202,-0.02219704754103756,0.008812222288522959,-9.582300612794381e-05
2018-08-26,-0.01109441055875074,-0.008903712528591396,-0.02331758798181338,-0.010279837828941705,-0.0031896120715175866,-0.010432231524224378,0.00035226947765025973
2018-08-27,0.0029061801756146304,0.0038233895981331398,-0.0013323607984462135,0.0040959698998969535,0.0016868132053490458,0.00234103342357157,0.0004257823611365252
2018-08-28,0.00957891440847499,0.009219495509701674,0.004433896503037553,0.0038797933121616753,0.00818197762873158,0.006956151734392133,-4.221499036567716e-05
2018-08-29,-0.003179837274684039,-0.003448291058795509,0.0036094285771296752,0.000859096343527523,-0.008057849483850328,-0.001542100781309935,0.00013603121175337064
2018-08-30,0.0018548289652268195,0.0025148617982929783,-0.00791462303163621,-0.0026613138758848206,-0.008077597746011664,8.216518400259456e-05,-8.799908637114207e-05
2018-08-31,0.005630522619077368,0.006495216376980051,-0.0024538332682545894,0.003541336442494944,0.0114136244223788,0.003860428237330285,0.00029495415688307586
2018-09-01,-0.011817109692448449,-0.012893813465587744,0.004643229028150931,-0.004201526912273757,-0.028779670408092782,-0.007627977640240713,-0.00012853184261386088
2018-09-02,0.014366773930322364,0.01412330937208443,-0.0005361823035858141,0.0015279813374705405,0.014155072780452718,0.009214992503093218,5.240833181669313e-05
2018-09-03,-0.013488756860728831,-0.012470164786448518,-0.01622057389181654,-0.010912930135798202,0.002774197397074246,-0.01144173556259958,3.9467996468628864e-05
2018-09-04,0.01375666968425778,0.011198845730939612,0.035340377266748484,0.018672867326060157,0.003969646139135406,0.01432286541639979,-0.0004874255758206963
2018-09-05,0.006323936321641344,0.004677640105680629,0.014520711149652643,0.0048670961137026346,0.02146808312271643,0.006003731896796622,0.0004017744967321265
2018-09-06,0.007629201940104838,0.005823692979743184,0.01920908621607167,0.008127004367720628,-0.02004132413967794,0.007633631078647589,-2.626161134001485e-05
2018-09-07,0.014087956523704108,0.014893418550183878,0.004209209820637021,0.01043184399885579,0.004021050079004157,0.010789974120373105,0.0006928351839396221
2018-09-08,0.019774138906277796,0.02045386587640175,0.011732993178977136,0.017088063500249093,0.010060971370837677,0.015909726009839715,0.0003246417363035012
2018-09-09,0.006815081942959993,0.005403515679840405,0.01623304201367897,0.007516470562033494,0.030923959970234095,0.006748293140264745,-0.00019281317249423955
2018-09-10,-0.019917108149928343,-0.01875712280919334,-0.031354134587506494,-0.02373105523795104,-0.019698965145613475,-0.01864541552180151,-0.00018443209037291168
2018-09-11,-0.01091442686550406,-0.009198165092925127,-0.015727772357177407,-0.006506546851703782,-0.016485323862344733,-0.009160158967527695,7.441060454475394e-05
2018-09-12,0.01059844518158107,0.011281305642092385,0.0027505021504448234,0.007915002015120092,0.015361938252011239,0.00794669000691671,-0.0004805839945252076
2018-09-13,-0.027521324626923898,-0.027123448764592637,-0.020414334712140665,-0.020424267379445783,-0.007208900571323302,-0.02194842844197882,0.00018074758632109596
2018-09-14,0.00999897958934557,0.009875831882627029,0.010659311971929462,0.010129636265493918,0.022927465496667777,0.008571301551686443,-0.0005380424741961516
2018-09-15,0.006315210295764524,0.0030445983237110986,0.027017640356032793,0.006847980024306593,0.01748821667640734,0.007316334331108538,-6.723081780420133e-05
2018-09-16,6.052597703261015e-05,-2.7201557243525363e-05,-0.012231017674886928,-0.010200581828383253,0.004257704425299108,-0.0024965302749947135,-0.00021453079516122115
2018-09-17,0.010509951746583973,0.008935221127632969,0.019854780240833335,0.010415259315782698,0.01392375508047718,0.009837304200500415,7.925017572391478e-05
2018-09-18,0.014554752413193891,0.014126371869429737,0.014089524204576325,0.012350534328015066,0.009402906562054196,0.012178401556047937,0.0003465340176863529
2018-09-19,-0.004096781914217884,-0.005317982916950429,-0.002255187404939257,-0.008745124327717721,-0.007043623190942116,-0.003944825562270722,0.0003474714569805745
2018-09-20,-0.000853893420133766,-0.00017358493021355425,0.0005712513365448146,0.003628510558752845,-0.011869980727336532,2.733106091518968e-05,6.789491297119299e-05
2018-09-21,0.017607370096560052,0.014918952587245108,0.03931770009145495,0.022036627251190415,0.00022849357588013673,0.017710959822697592,0.0005185873600468645
2018-09-22,-0.011195889922135951,-0.009570951571326296,-0.03226122536214871,-0.020242057105735786,0.023257819275123694,-0.012745506017123947,-0.00014117569266981203
2018-09-23,-0.0015038689070421176,-0.00020177230522013792,-0.004735061708451978,0.0023190572128767833,-0.008318063015047405,-0.0010846631703964708,-0.0002800263093526426
2018-09-24,0.004938187045443398,0.0067791917680440975,-0.012238066898381599,0.0003968620062784079,-0.008465927170809191,0.002031289329131339,-0.0003175522669342711
2018-09-25,0.0015692848210585048,0.004317401800559921,-0.024410603310347598,-0.005606736754960498,0.013195134458439405,-0.0019649898318806337,-4.0267697385946e-05
2018-09-26,0.02473926841104401,0.021380763544800348,0.03452459770165278,0.0164639640884434,0.030436805221153957,0.02097803693858598,0.0003669542032406711
2018-09-27,-0.0073464974625648966,-0.004981604168514233,-0.0201335010292404,-0.006040331381857807,-0.00624370304109595,-0.00725237721071238,-6.300534425644923e-06
2018-09-28,0.005246494158488906,0.006185453130354443,-0.00860350761275495,-0.0010951704849836135,0.013926887016622137,0.0024220894640401207,0.00025252153314831246
2018-09-29,-0.013003070374120806,-0.01391709725543704,-0.014556861728209865,-0.019022451405188774,-0.005125447366203921,-0.012114074358114029,4.9687330605871456e-05
2018-09-30,-0.007399802035908091,-0.006229581538730719,-0.002120441365910525,0.0024385824164450893,-0.0267086154766829,-0.004378425115939159,0.00089986494914636
2018-10-01,0.005613186109802193,0.005270614841563577,0.009534713701549895,0.007174009840280533,0.025712831577377124,0.0053509333020419735,-0.00018199999914478965
2018-10-02,-0.013156159512738928,-0.011645125826218516,-0.019081283094124508,-0.010697634928290659,-0.026845305066049322,-0.011442427031293322,0.0001379885799661182
2018-10-03,0.020410505513330034,0.01960258479384685,0.01878658596187127,0.015520172488848584,0.013209811607340673,0.016731432579132358,0.0004139569667052597
2018-10-04,-0.008432488994804595,-0.010793265322191823,0.019818873475301854,0.0023351696347091253,-0.01911634120789161,-0.0032049088873061554,0.00012732546912192763
2018-10-05,0.013092356746750671,0.011063205413612002,0.018152193313972588,0.007383776507993903,0.010969947690040538,0.010838066825911472,-0.0002855479117852651
2018-10-06,0.005565092714647276,0.004385711565559673,0.003925680459242536,-0.0014554102575459055,0.009317003954249331,0.0036071805808292595,-0.0002933927165211619
2018-10-07,-0.009890650707072736,-0.010427994558882327,-0.008123270097305532,-0.011321405808630931,-0.0062675983683087855,-0.008574883966667153,-0.0003816026354437374
2018-10-08,0.0025828211186348046,0.00258614166408936,-0.0022811130557562325,-0.0012440211025704674,0.005452097857398046,0.0012770030253010229,0.00018773993053216925
2018-10-09,-0.009903026858620701,-0.007468847537366426,-0.011792863822879232,0.0004098793635339531,-0.025062121461850863,-0.007209034076835331,0.00010047581311125507
2018-10-10,0.014022175703138715,0.008510623774304202,0.03775360514697697,0.006062534356654508,0.021740093258156123,0.01300789121255952,-9.19056412456701e-05
2018-10-11,-0.00626529339513971,-0.005092159897127986,-0.018327826285317903,-0.010238676648775178,0.002938681792006414,-0.007041793352844841,-0.0003334723115983489
2018-10-12,0.011588650110720366,0.011139000612742218,0.014316687259406147,0.011781278431610323,0.0027123931490967406,0.010205228364838862,1.5294013051332306e-05
2018-10-13,0.0032447091546392434,0.004778594343263849,-0.008877239217538368,0.0011924284803626708,-0.0016629784799241498,0.0013983909681062165,-0.00014955042835885823
2018-10-14,-0.023817258497297822,-0.02491475792575132,-0.015470672325161574,-0.023047333712489303,-0.005690604595951412,-0.01950167870269387,0.0004675903197124662
2018-10-15,-0.01526630516136784,-0.013213857589104889,-0.009044836696109896,-0.00045778598505757766,-0.012475677331507656,-0.01045843791523687,0.0001210249823856383
2018-10-16,0.003164018562873446,0.003884453462913587,0.0010039231151519534,0.005068354559857826,-0.005936476574397759,0.0027124504619471033,-0.0005091788852904175
2018-10-17,-0.015134052795976733,-0.014721463810848157,-0.02046956880620946,-0.017662806392942453,-0.0054672729875626545,-0.013828132267698742,-0.00020753403024161108
2018-10-18,-0.008412993824370846,-0.009312160529300615,0.0006052630426726909,-0.0058166877297768016,-0.009602973139938128,-0.005991859118199824,0.000407800010015502
2018-10-19,0.006782842308265694,0.004451501165766167,0.017269922833323317,0.00379691550088038,0.0039267310166486245,0.006290766046480459,-0.00027885851754680824
2018-10-20,-0.004154976888621678,-0.005473661554953716,0.013181997598750033,0.003125884210592577,-0.0035019204701309203,-0.001072165122342043,-0.0004341649384791185
2018-10-21,0.012265236854317102,0.014552424884011327,0.0004766718785791796,0.014371353885987325,0.0024239109658412035,0.009810238620561941,0.00035222957576274403
2018-10-22,-0.014709390310744617,-0.01595161139444367,-0.011873175512161797,-0.018867510074018986,-0.009540371033058352,-0.012961503021163596,-0.00018341787737933922
2018-10-23,-0.02021394306325577,-0.019690633025426865,-0.00782321326743317,-0.008123717572538167,-0.003954411129263095,-0.014523888015075249,0.00016155357750725623
2018-10-24,0.013665953313686795,0.012923470179552662,0.01806614468066224,0.013787710874177326,0.004865981654110542,0.012149855121580214,0.0001923958370470594
2018-10-25,0.006443412702442182,0.007118636928374558,0.00023552752763510891,0.004933755593560126,0.005896143225806138,0.004818186151950682,0.0003912449595589717
2018-10-26,-0.012197585526624276,-0.011660854868778537,-0.0014017626513823118,-0.0011645475639610915,-0.012218318155081648,-0.007884377388836773,0.0005559038377926391
2018-10-27,0.000877737217506232,0.0003129902820453621,0.010600791728530757,0.005893560604655082,0.008999674579559483,0.0022439477474865107,-0.0004837447577901632
2018-10-28,-0.014438414703355027,-0.01589896731541815,-0.003220057302217526,-0.012962345556114366,-0.017402069667234104,-0.011213247926201663,-0.00026407119947972375
2018-10-29,-0.0068074195840260605,-0.004575210165377757,-0.006495924273123288,0.0043304888076188385,-0.018665512150828324,-0.004243520024640783,0.00011269967597076032
2018-10-30,0.007804759055501409,0.006164935985524491,0.021971124379709387,0.011194575436108713,0.009828148838503739,0.008409869670470587,-6.774529084335379e-05
2018-10-31,-0.0027395279531260194,-0.0037205923509900122,0.0009277334890899359,-0.004712098507084213,0.000605655421907584,-0.0022602888085695937,0.00025655116101571475
2018-11-01,0.008785004835618301,0.011095692134187806,-0.0034082126566668683,0.010613850581135785,0.001933065188244462,0.006752661891293134,0.00035378061500502265
2018-11-02,0.010307551208138248,0.007762046732027258,0.03153361317286835,0.014908046376288044,0.010832604963656359,0.01144378656901002,0.0005856657904379893
2018-11-03,0.0038568935429191113,0.003687607289325334,0.009348210062293763,0.0074901384231931345,0.00448939615265102,0.004303653316633371,3.3605666540946326e-05
2018-11-04,0.005154921728302985,0.005057762397091226,-0.0004167755285781581,0.00031772849101543814,0.022464488025528608,0.003272944552003826,0.00014833850813020903
2018-11-05,0.023733744021907668,0.025373149340269206,0.00452400079332969,0.016929502717117455,0.02541241804854138,0.017763283323903784,0.0004891937535990217
2018-11-06,0.0052541632807822725,0.004672093010870485,0.0009975984772742745,-0.0009260830657912503,0.0009080106489301604,0.003300133660894835,0.00023253180092695902
2018-11-07,-0.015943878164558806,-0.014589441241707945,-0.017743074027679377,-0.01102392585908734,-0.0258180164567594,-0.013052404829751361,0.0006365919812076318
2018-11-08,0.014075609722365691,0.0158539783891254,-0.005570258556269119,0.007427879322277866,-0.0018083936465308134,0.009380821487957706,-0.00011554072898685089
2018-11-09,0.009219328115929883,0.009569884024218857,0.007561451185594785,0.009801513501699345,-0.009352138899130938,0.007891282585257894,0.00038229096142942574
2018-11-10,-0.0061096661174557506,-0.005973951979478827,-0.005707341020349657,-0.00523492681960335,-0.01619042235904672,-0.005113170373221049,-0.00023223504553197214
2018-11-11,0.011993557144317676,0.011062924623026906,0.021237563143983323,0.015027788627808914,0.005917263664572859,0.01154886464041861,0.00017599019756148125
2018-11-12,-0.020066033177979583,-0.018997937114831224,-0.022070903657573308,-0.01680180214090417,0.001953299620767037,-0.016875711392118988,0.0003473233821451894
2018-11-13,0.018780984154777747,0.017355648747296698,0.019014954322532553,0.01229851594240219,0.021345832285107686,0.01524845991055297,0.00020535583592953008
2018-11-14,-0.010809558085326142,-0.010001086315252204,-0.013960754392129116,-0.009542367362659704,0.008311227167644961,-0.009444727298840948,-0.0005244192825045722
2018-11-15,0.014144154454683618,0.015083455268513587,-0.003196894448204179,0.005187114869700811,0.033133893259872454,0.009391356613884306,0.0003614786043145841
2018-11-16,0.01556896661759303,0.013936476249979311,0.03435825372667755,0.02284563988839842,0.00407174033425144,0.016037625323468325,8.166664011550077e-05
2018-11-17,0.005047691461400306,0.0031081966338683837,0.011440808743653616,0.0006813618859558596,0.0024931287789881013,0.004292561142288189,3.3639123370363277e-05
2018-11-18,-0.024330975598346165,-0.023703584469687122,-0.03363996160766101,-0.029173541602919635,-0.007487905795690029,-0.0222991386163157,0.000403493036517333
2018-11-19,-0.004414752074314251,-0.00662862844982792,0.0017166675859751606,-0.010541332693921142,0.015948090148983844,-0.004042493883836144,0.0003436005657305832
2018-11-20,-0.018479064051310223,-0.021823049401769566,0.006679650965565491,-0.015234716181556487,-0.025357553136791108,-0.013200168734573432,-0.0003122384274264297
2018-11-21,-0.0022582422262317613,-0.0019614371368657036,-0.002940891608886592,-0.0013899174275415456,-0.005272598210380151,-0.0018285560848183163,0.00033039960648051077
2018-11-22,-0.005098999003441934,-0.002139919530663158,-0.023065487628191002,-0.004961164880903106,-0.023944407635743094,-0.0059126024780935,0.0002423796560115525
2018-11-23,-0.011067943850205339,-0.01088784091503829,-0.0018216645316522003,-0.0030118751063020277,-0.027341354525552523,-0.0074803748296956895,0.000465216683015945
2018-11-24,-0.003866081508651823,-0.006205593242581843,0.009407161862644857,-0.004888944650333118,-0.010227000774282886,-0.0022280084466273897,0.0003474121465651585
2018-11-25,-0.005154896831552411,-0.0037118764063623485,-0.015830730604968493,-0.006681214874196284,-0.0009479972007619989,-0.005499986090489015,0.0005536993859435616
2018-11-26,-0.022385243808067595,-0.021634248800205688,-0.018116022877097866,-0.015718527023209024,-0.021393732048087834,-0.017805689291856563,0.0005435211296841208
2018-11-27,-0.0005538773101803583,-0.00027719980326976933,0.0015733506445688838,0.002503454687818396,-0.003128871155637484,0.0001402142517540674,7.985186767068024e-06
2018-11-28,0.006148142041662312,0.006963281798479662,-0.004118570011652526,0.002073383056367893,0.00476025387047935,0.0038717871199223904,0.0005571291076751591
2018-11-29,-0.03734784925636587,-0.036702267605824894,-0.03217794208402693,-0.03077427729288288,-0.04789696454113314,-0.030609878525435872,0.00022850714666320128
2018-11-30,0.006303858003152825,0.005239674663981869,-0.004058101535392024,-0.007114669906330138,0.03586364936144731,0.0026039889512110646,-0.00010141283971909384
2018-12-01,0.008854334505433634,0.007509201737687897,0.010089516791624486,0.003374420483372831,0.019209051032364984,0.006939440977266517,9.533422910665518e-06
2018-12-02,-0.023423750487102584,-0.024357109330758586,-0.01644469399970282,-0.02291985296589784,-0.023407950848640065,-0.019388960728218784,3.998565618625624e-06
2018-12-03,0.0035951498854177202,0.0035418484074967406,0.0065828314499840074,0.0057959463807849025,-0.012968693345222692,0.0036383620376520313,-0.000102877346771857
2018-12-04,-4.779584039582617e-05,-0.002745579043655136,0.01614747970106343,-0.00042244227049056536,0.009509167536891482,0.0013655063424527051,0.00014309611766183633
2018-12-05,-0.005432654109481181,-0.004829940903181184,-0.008999847223343425,-0.005428936728313363,0.0023504681700839535,-0.00489271009587702,0.0005639142337374795
2018-12-06,0.0052243997120284946,0.0033405451296014315,0.010206743099160817,1.0464408260202514e-05,0.00625952954542928,0.0041822668768462645,-9.71814737484928e-05
2018-12-07,0.003934549832917468,0.004338707825907732,0.004936816795797622,0.006808704767980223,-0.009936371833880036,0.003881918891639721,0.00014450586358109117
2018-12-08,0.007531318186965377,0.01016537901439182,0.0024735419537519187,0.016658121556398082,-0.008286728204202043,0.007203137628870908,-0.0005068752388770071
2018-12-09,0.002270987291279925,0.002199544759919161,0.0016784277306054196,0.0014821057752792178,0.011817290177525735,0.0018367725120498062,0.00036637541822640105
2018-12-10,0.004153246899275884,0.003322054040248871,0.008100292279849625,0.0032945544295671686,0.0210418489249385,0.0037435558995452664,-0.0003349505720109027
2018-12-11,0.002108217728735173,0.0018803121159281255,0.008289583209122351,0.005977985797671512,-0.011235753627121974,0.0028342897540978777,-0.0004182528659354812
2018-12-12,0.0023690012091915043,0.0019590846946652865,0.013097345951669725,0.00896417651096228,-0.020334833910371136,0.003970784524211816,0.0004946467318058182
2018-12-13,0.028106475631015433,0.027770197782948536,0.015964552410415434,0.01729114672708435,0.029038409168644513,0.02153122450389374,0.00013536353104574375
2018-12-14,0.006787462271628383,0.007350351474632149,0.011345983112929791,0.013359037767968231,-0.014274553946067286,0.007077080569397085,-0.0004168457513775567
2018-12-15,0.012343912702340577,0.015218953371390169,-0.009516038212897353,0.009302987948935438,0.04335698438535063,0.008235771596278803,0.0001271590183293316
2018-12-16,-0.012834280846326917,-0.012301110380721233,-0.01337813229468462,-0.010898976434117346,-0.008902310709749305,-0.010732605045241482,0.00033954561349028084
2018-12-17,-0.011011379603058834,-0.013092062305982251,0.006218550874986986,-0.007724897443463254,-0.005242768191176412,-0.007461901270661312,-6.68960830890389e-05
2018-12-18,0.015447820554071134,0.015292768657208477,0.014684492577876006,0.014383819245022536,0.0029185526297071333,0.013000363892789872,-0.00018305156638037873
2018-12-19,0.008285704644560585,0.008703713352909169,-0.0013456181313677967,0.0028043014978418835,0.007055396691189482,0.0055356283523002705,0.000351101905460594
2018-12-20,-0.007037968445508248,-0.006702019038120154,-0.006958654929192804,-0.005449038751212305,-0.023632493473049153,-0.005852642143730159,-0.00033240888282841944
2018-12-21,0.003998887444272611,0.00497336213119569,0.0032623923002309627,0.00829642464693931,0.006049922579930141,0.0040109291489847385,0.00035746921927219894
2018-12-22,0.02175975624715528,0.021317113544426718,0.022846897070781982,0.020859941553539242,0.008237833445304415,0.018753343229941728,0.0009033762990699739
2018-12-23,0.02377647305267141,0.023012571556930143,0.02529671094958815,0.02169282728643392,0.03049327551095868,0.02023911380197557,8.460779312246214e-05
2018-12-24,-0.006895092470205176,-0.007952232152164947,0.0020527910237782858,-0.005094321185447336,-0.005053192593258295,-0.004884559982187229,-0.00013181839282210548
2018-12-25,-0.019735561364721807,-0.01936735352945951,-0.0120853341858458,-0.012202811845778323,-0.025208776271796567,-0.015108027369595031,0.000583385152931518
2018-12-26,-0.008406722663291939,-0.006582390034621119,-0.018133717257982483,-0.007351719001391625,-0.00652299449704136,-0.007870186241341733,0.00037346973576296485
2018-12-27,-0.008083658979648366,-0.009712424750833054,0.015511013574421998,0.0025738114910705615,-0.021677993524633635,-0.003277990991519446,0.0005245741646016358
2018-12-28,-0.011520853549801658,-0.01268095535056783,0.004763499785209375,-0.004457211857948078,-0.00937178176107727,-0.007430019556733036,0.00012605046871633392
2018-12-29,-0.034702661459252895,-0.03266599720706008,-0.042674440335975616,-0.031716405490149195,-0.03366193499748702,-0.030016411433970488,0.000169455308279628
2018-12-30,-0.004945122948068236,-0.003543148445009942,-0.01882092796419154,-0.009228599203415774,-0.0031770034869398845,-0.005997490779628151,0.00048419142977498245
2018-12-31,-0.007636508544833916,-0.006623265939727776,-0.014766858811643066,-0.008493593609197502,0.00033152145759349477,-0.007259255435038667,0.00027465746219606125
2019-01-01,-0.034948781232294154,-0.03533456222342135,-0.015402690425398102,-0.021913136451982597,-0.049628536921361786,-0.026436177634896984,-0.00017529278044678442
2019-01-02,-0.005245339371845586,-0.004036665602004719,-0.009833839269505068,-0.0030457744200280135,-0.023323105797780533,-0.004629698491272346,-0.0002211617184093459
2019-01-03,0.01811494729477694,0.018797363047210126,0.017396327636005765,0.021282262598361048,0.011580333715965604,0.01584227501795907,-0.0004389133842784189
2019-01-04,0.007823499876069426,0.007779483424444322,0.003572175261638353,0.004355859953478144,0.012145681531440996,0.005886983043196146,0.00028044787698970196
2019-01-05,0.009314006036013527,0.007324896376349192,0.022070169567163747,0.009879379901223014,-0.008645284694037525,0.009192870129389493,-1.8231915542907934e-05
2019-01-06,0.03541401082259151,0.033280277529047844,0.054345668082315494,0.04072283211922196,0.02664373859969502,0.03280621303360413,0.0002071128747424709
2019-01-07,0.003917939325837841,0.003916114759534509,-0.0074032697581995766,-0.00507992809285346,0.01511796628127876,0.0011756521976291228,0.0005122790219834589
2019-01-08,-0.006452579809628434,-0.006844996520458727,0.0027802837060729464,-0.0011336552515591094,-0.01988697793450938,-0.003973672660327386,-1.119466012195901e-05
2019-01-09,-0.012003236993627457,-0.010367170454771245,-0.02706065158289927,-0.016218625480892694,-0.009404683375896492,-0.012129908930218225,0.0005780388962463052
2019-01-10,-0.010337930384665246,-0.010116499355209094,-0.012342110527955644,-0.011065042415204287,0.005589168097751292,-0.009063256696489342,0.000543929686340176
2019-01-11,0.01069875785491658,0.010026137382859703,0.010724048649183908,0.007595358386693231,-0.0011593679312608164,0.008848158758024686,0.0007431064387286846
2019-01-12,-0.008239675533339829,-0.008865833811845641,0.0038299116809368504,-0.0018511790803207749,-0.019944559563369733,-0.0050380601503067805,0.00045789559583900904
2019-01-13,0.010246290768509064,0.007439907438933992,0.02265334710068223,0.006513893240048351,-0.0015704251677837108,0.009362214771324262,-2.8261926571075528e-05
2019-01-14,0.002885147338805283,0.002745868807134297,0.0007703774223436306,0.0005574155940434875,-0.012951368303168499,0.0020017144863968394,0.00027914059569549764
2019-01-15,0.023852910624238263,0.02246500756648822,0.03044651375035981,0.022743490025793626,0.02113384913784906,0.020915038441537435,0.00025601032707085584
2019-01-16,0.011572453453415616,0.010642017654838153,0.012906515721555992,0.008273748831011373,0.004212821653403851,0.009587577802294325,5.253305060959645e-05
2019-01-17,0.0039390544334842,0.004318682383710577,0.002484291119928144,0.00472151936073059,0.0056244054761607236,0.0034123851021178983,0.0003933792348375159
2019-01-18,0.015550624428881273,0.014961747361313643,0.007862947235474364,0.0067995458332457456,0.018740752531006943,0.011451915627018156,0.0001448307851767717
2019-01-19,-0.0205700805944594,-0.021827174867608747,-0.007146121132201991,-0.016463581401682626,-0.01601452725104444,-0.015790134762537447,0.0005610527891097928
2019-01-20,-0.00672869570666492,-0.007359196123549245,-0.0015954694948626179,-0.005869115403568685,-0.006872047417045618,-0.005208693835339066,-0.00011226535981280155
2019-01-21,0.019823049606580212,0.019800529284699362,0.019298072476825134,0.019678226228150953,-0.005443562777860744,0.016997729218007584,0.0005026138332699918
2019-01-22,0.012808744600108458,0.012383901756724694,0.01075508138398409,0.00930622819934349,0.01575271197513973,0.010432321808607823,0.0008518536775924304
2019-01-23,-0.019982674704622786,-0.02046614162294035,-0.01745326425837169,-0.020748183967845894,-0.011396447753964398,-0.01700379592647076,5.2877482138188154e-05
2019-01-24,-0.004617092631339032,-0.004526269347496433,-0.01034939551422249,-0.008837926773930634,0.01396182747180139,-0.00511557587707287,-0.0004341497079752053
2019-01-25,0.006629259668462213,0.006826858769084097,-0.0027071675407440597,0.00027603147386930267,0.016113897075381852,0.003919240832481324,-0.0003594411165377504
2019-01-26,0.0001938138184990677,0.0022151213443011605,-0.009447488887669834,0.002470129055043497,-0.010224574218330836,-0.0003751697898044384,-1.1097382361616848e-05
2019-01-27,0.0034846075427404275,0.0045220449880471626,-0.004113804456479108,0.002593917883665038,-0.010287005795322839,0.002235606131945705,0.0003296595184920469
2019-01-28,0.02256574924976225,0.017787198483769112,0.047830023373148754,0.019631040589243007,0.024002404702796812,0.021117942775014043,-0.00042989198912026877
2019-01-29,0.018482279931342206,0.016787893215235813,0.021894843701108186,0.013210690169200588,0.030092773973103774,0.015420906609624124,5.0799950783454124e-05
2019-01-30,-0.004744531990788433,-0.005309995644519705,-0.006089844296908,-0.008705029862005248,0.012751059754695412,-0.0047658764560203765,-0.00020165314635432096
2019-01-31,-0.012380421312237499,-0.010736586648375315,-0.014750320085183252,-0.006397532989707759,-0.02020579075243664,-0.010033483307491351,-0.0002936263825951164
2019-02-01,-0.006778017516307893,-0.006405290036985047,-0.014736889383596775,-0.01145532057700075,-0.008890698098196455,-0.007053497150947712,0.0007959482195225998
2019-02-02,-0.009896892869632364,-0.009078769860629755,-0.01477768390391138,-0.00996446905414653,-0.00956072729313648,-0.008879976126026198,0.0003266582085594002
2019-02-03,0.011426169704006853,0.011510648737935844,0.0009920375380639453,0.0037226953377443384,0.030440741920374596,0.007811817635271354,0.00010092275987714861
2019-02-04,0.019708370217796672,0.022292561270911865,0.00032948455396333495,0.01736493920073567,0.03559482271143507,0.014850654960186106,1.968463696576118e-05
2019-02-05,-0.002103657138509802,-0.002462036528583996,-0.0025026714265889627,-0.004235826911261383,-0.0010029738459141036,-0.00213159809005778,2.4550627576867536e-05
2019-02-06,-0.006406005824308791,-0.007909406757030401,0.00716231065407457,-0.00311398593192724,-0.0071915169105544186,-0.0037738490570049204,0.00038562830971051695
2019-02-07,-0.0030654731526936745,-0.0018971009498158146,-0.012835567679426542,-0.005167046195950257,0.0024963046760274107,-0.0038164170834557127,-0.000202667948347925
2019-02-08,-0.005733532189669681,-0.004808632370239912,0.0026537193609482233,0.005429115965284315,-0.04472213298216712,-0.002607876648873937,7.437748649976064e-05
2019-02-09,0.02079955391338461,0.01994839029784546,0.025841181730241563,0.02104568374191797,0.013613846986697525,0.018300382943407426,-7.923787717507963e-05
2019-02-10,-0.025894577798331684,-0.025377781850433583,-0.0273096796268465,-0.024991054557858525,-0.02413976633504254,-0.02220116065782337,-2.6213831751340194e-05
2019-02-11,0.022133407946343,0.01795081485924407,0.044440131231072176,0.01976424166454017,0.01116128604964853,0.02059045076536969,-0.00023983908778469173
2019-02-12,0.00677172041051763,0.00405181190317414,0.020571589059158426,0.004503861747559769,-0.016601456109954556,0.006763862521025529,0.00034199819020051434
2019-02-13,0.011247925104077867,0.013169698150483758,-0.0021682465694044164,0.010231346601714267,0.014092848402160286,0.008324708351006913,0.00010792574522160191
2019-02-14,-0.008387581559152604,-0.009657257684947492,-0.000400016154693495,-0.008427189500082125,-0.018728793769000048,-0.00655969132981614,-0.000514571405649284
2019-02-15,0.01556072083689922,0.014174304044756322,0.021200431325819214,0.013535518020749017,0.008112757238577236,0.013553162516113722,-3.5666458086787206e-05
2019-02-16,-0.012468805101293227,-0.011457700859935338,-0.02815752738742546,-0.020274964405294187,-0.0026467775287409238,-0.013162002987631956,3.301626886368167e-05
2019-02-17,0.0075520213573856115,0.007432694633267653,0.011140513386856066,0.00997509649831682,0.013765364865127472,0.007195493337902459,0.0004642446325076735
2019-02-18,0.00592564054998424,0.005812835216500386,-0.0007823287797476819,0.00010731908826727178,0.0184139181794054,0.0037694005753606485,0.0006600230760440387
2019-02-19,0.005344361609419278,0.0024861759269984877,0.01272862797752794,-0.0027687816458030336,0.0022175743054567917,0.004166427597632525,0.0004003155369463548
2019-02-20,0.004153868190102795,0.0021465880092717323,0.015692988654841252,0.003551004295724925,-0.005520035527988209,0.004510733102255457,6.367683326208004e-05
2019-02-21,-0.01819740448459829,-0.015976163582306507,-0.02181391092905651,-0.010486533432207922,-0.012611070800828919,-0.014813476741698355,0.0002452879836247312
2019-02-22,-0.02003033890364769,-0.018896856113570136,-0.029318512218980627,-0.022261021294812992,0.0030164206399508307,-0.018312807664353187,-5.290280954412763e-05
2019-02-23,-0.012357788708262719,-0.012029737541892242,-0.014981606609754752,-0.013081416215809692,0.008162856788134864,-0.010941268850088878,-0.00010049129708757543
2019-02-24,-0.01709087141429103,-0.013523389331746917,-0.034944625389948726,-0.014085948330011127,-0.017273991019124316,-0.015863904618675945,-0.0003191102661981707
2019-02-25,0.014722729349682679,0.013346222141258676,0.01959351855641296,0.01210707706011505,0.02497255769552233,0.012738051891938544,0.00033963161654665635
2019-02-26,-0.009790717092838536,-0.0079727325891823,-0.013789370215103966,-0.00420829884249265,-0.009016435106470743,-0.007945579458789301,0.0001844179023403174
2019-02-27,-0.00929560401482064,-0.009789520132818419,-0.008632874952431265,-0.01140301240709634,-0.0043747184785007595,-0.008118691801754006,0.0005866969490881651
2019-02-28,-0.00814090976163554,-0.005607792153253643,-0.02807730419459742,-0.01174346622078521,0.011047690315572052,-0.009219487936498492,0.00021118514770150756
2019-03-01,-0.0013635162098236614,-0.0005644558890657082,-0.0030461287733510225,0.0012059368399903992,-0.01191406355143467,-0.0009286464482503024,0.00022722798559326806
2019-03-02,-0.00864015404857064,-0.007071319104243561,-0.019957989384328138,-0.010119492221737898,-0.00562950721106341,-0.008600652747191666,0.00011557242828087334
2019-03-03,0.0013768929430304753,0.006692437938467798,-0.03686763714554776,-0.0029445010388013245,0.005901592097622677,-0.0027300701921444516,0.0006050023645097065
2019-03-04,-0.012243811420218766,-0.012056833492408018,-0.0015647333709506925,-0.0030268551040863456,-0.032865630088307805,-0.008229764693265182,0.0002550429131378227
2019-03-05,-0.009330873391731885,-0.008172765712647191,-0.01942520709632358,-0.011891671371023226,-0.009333401616614743,-0.0091098255409375,0.000988274123086457
2019-03-06,0.010875486311118312,0.008986937568757184,0.022973840027361747,0.011437141174100506,-0.010171770411275849,0.010511534843852434,0.0002553524485474166
2019-03-07,0.01260149157566163,0.01352276062286424,0.009395501090830953,0.014825512309213326,0.01132960572328999,0.010928690026793824,0.0007142901638940346
2019-03-08,-0.005016307529727016,-0.003359509320775108,-0.015781918797888216,-0.005535640715827151,0.01320338777379682,-0.005391770413323761,-0.0004449413400471227
2019-03-09,-0.023929235287364806,-0.02324120340827222,-0.025164793047753556,-0.022005962670748856,-0.01725987239061934,-0.020293787677932707,0.0004286976021562001
2019-03-10,-0.006989604753613548,-0.004125276086372231,-0.010649699220646474,0.004096363453036211,-0.027126710489124743,-0.004804605777575691,-0.00020261295881304493
2019-03-11,0.013202197508425424,0.013397833881051698,0.008395606913705722,0.010577967684030777,0.01640899748492347,0.010593023571100311,0.0004722489780596081
2019-03-12,-0.0027774313610418,-0.00488920886664664,-0.001396835668983078,-0.012158014833405234,0.01821808405859445,-0.0035812454048878613,-0.00013347394491667507
2019-03-13,0.01662198912233606,0.015947264432799736,0.012820877219956953,0.010572153811235167,0.02468532066401221,0.013129096548595768,0.00041228026674419054
2019-03-14,0.0074694864876492075,0.008717031322330945,-0.004785597082575997,0.003975321708311935,0.0105612325683148,0.004845903072146521,0.00011795681189369443
2019-03-15,0.008277627691190954,0.01087141703205126,-0.0075239413135226255,0.008617907394867931,0.00402970310470354,0.005720873625786809,-0.00013315048870551297
2019-03-16,-0.008430264134174225,-0.007883796207396385,-0.030877474859754735,-0.023854188371847787,0.010975829734058673,-0.01138451446112778,-0.00014490335959020656
2019-03-17,0.006276050369056901,0.007289199033102527,-0.002835364504988846,0.0041085110041649,0.02197173817217038,0.004332995872511294,0.00044414367109651487
2019-03-18,0.010794027180562963,0.011171185765820326,0.009265451150703796,0.011648826534956446,0.0038662478039585557,0.00924581683336838,6.91888250905508e-05
2019-03-19,0.004932567686876578,0.0056724520575436675,0.008034577511833878,0.011161341338630393,-0.006847931630710202,0.0054160645815449215,0.00032571765224906563
2019-03-20,0.018032794139881562,0.01603898472956044,0.01772277766413451,0.008288040279016055,0.02801647342420853,0.014132963735948934,0.00039890380395742037
2019-03-21,0.010384764428027304,0.011625816546215991,-0.003418889274095076,0.005682513810407423,0.023834648280248515,0.007007098647177726,-0.00010897958326793548
2019-03-22,-0.0023521939590206205,-0.004559214113779616,0.011906604003551471,-0.0018919696105753347,-0.009557604909815309,-0.000706980339720043,-0.0001454711038729847
2019-03-23,0.0036605995884419432,0.005525524498566855,-0.010359073206389197,0.0017199994781224972,0.008943676389592555,0.0017003833143960042,0.0005401461120218237
2019-03-24,0.007942544733907748,0.008667821148966637,0.008891827704027579,0.012448852644812373,-0.0030534162152950333,0.0074823121553471705,-0.0002582574869849643
2019-03-25,-0.0009545952072444268,-0.0028913846276027357,0.012097403876844059,-0.00011276009224919867,-0.0031866072095852174,0.0005500467841991644,0.0006466255780312844
2019-03-26,-0.017076477713355305,-0.014675377301195667,-0.037388389227453446,-0.02180976829856886,0.0011877100684925968,-0.01707372252979977,0.00018339278682715288
2019-03-27,0.018690867755840314,0.017769257472329072,0.017664081642286444,0.013687140884909646,0.018438391635439155,0.01525947372857943,0.0001680267329422748
2019-03-28,-0.017989685049366492,-0.02125398328902247,0.009648548800884423,-0.012371019190524881,-0.018977359089000136,-0.01213950764833669,0.00032471082356247275
2019-03-29,0.008686431371503833,0.008643646608032761,0.0031957629924451985,0.004251219766611274,0.017443707246743424,0.006378160015465233,0.0002524398764318947
2019-03-30,-0.0084727369972834,-0.01015538610718649,0.0055988470452199785,-0.005708598431179714,-0.0035529378979193248,-0.005547944789405212,0.0005693662516044445
2019-03-31,0.0008142492863823261,0.00035105784148436157,0.008415370177892866,0.004620305706432364,-0.011740613845544515,0.001923137226724973,0.00014797705450476527
2019-04-01,0.0014430804261100667,0.002717518610701127,0.007301041315738035,0.012459593616559905,-0.026455726218414934,0.0032488478960481394,-0.0002779119172712334
2019-04-02,0.016204513223149485,0.014752872614785268,0.015124322344011214,0.008481480542698587,0.02558536126132381,0.01280610943232578,0.0005932818142021874
2019-04-03,0.0012819890171350515,-0.0024077406769914553,0.013559569351145507,-0.007107539109715375,0.016949098536048004,0.001094184629487213,0.000498374270827466
2019-04-04,0.010791779447039105,0.010793637163927441,0.0064645567161081205,0.007547256154800227,0.015433317620196342,0.008471066135573533,0.0003878908931626827
2019-04-05,0.008016643586577917,0.006244502364433136,0.011359222421545198,0.00209996438504246,0.010913682606016207,0.006322841472497082,-0.00016512480771881257
2019-04-06,-0.003657056532312536,-0.004970765575125577,0.006098015206114754,-0.002419700336926617,0.02007533852946425,-0.0020692727270089375,0.00019186966066195635
2019-04-07,0.0011410367549414013,0.0010191426466310133,-0.0022353652410056495,-0.0021491444461786647,0.00455193471211386,0.00029037469987595497,0.00048617222039685533
2019-04-08,0.0013634539163368301,0.0024719877569736814,-0.01121051015600201,-0.003195375433981538,0.003931944244063918,-0.0005594388045402511,0.00015421717600384765
2019-04-09,0.01384596794979727,0.015252180607869184,0.00038858597863776316,0.010312604475690428,0.01685143079875715,0.010119129910489596,-0.0004466106474776521
2019-04-10,-0.009738898243514102,-0.008451942353044571,-0.019965337679534893,-0.011758873275430716,-0.0002934705333292927,-0.009525777345126264,8.038085745911916e-05
2019-04-11,-0.0058992778607107645,-0.00640091233464548,0.009316562601899689,0.0036868279269659217,-0.0009205814522267961,-0.002441119472071203,-0.0004746638020014181
2019-04-12,0.007113870631987651,0.00716197695657716,0.00614641149968184,0.006716466195893761,0.0014795188242185025,0.005980988431127853,0.00016798931805837552
2019-04-13,0.0019052304103000291,0.0026972869352961957,-0.008693396445308954,-0.002626901974776439,0.003996904934377626,9.13147915013548e-05,0.0002047371138173231
2019-04-14,0.007855761597229291,0.006444701157098309,0.011759404870826377,0.0041564706297698185,0.011879735368591774,0.006628531167689391,0.0004341122017337507
2019-04-15,0.014123068239350457,0.01371934431198392,0.01229030951781622,0.010949549854418813,0.01563918621212392,0.011469699177180206,-0.00023117143497131766
2019-04-16,-0.0015204801665604617,-0.002513674257343536,0.008898713767779912,0.0018740960257408856,-0.008680521707004056,0.00012216637155451648,0.00019952716856773753
2019-04-17,-0.008963755592495366,-0.009689392244572145,-0.002592742035556607,-0.007631205321687871,-0.010031942226196583,-0.006930514787810774,1.7020081715786843e-05
2019-04-18,-0.0005771174313511911,0.00016964320559373868,-0.0013337553097781275,0.002482373685584514,-0.008421272069625693,-4.629648185283902e-05,0.000632688910183722
2019-04-19,0.017237831973727687,0.017964891977953375,0.009219744127725825,0.014759233395891276,0.008910166808256407,0.01372409532746437,2.806806921877114e-05
2019-04-20,0.023857345698698133,0.02350789025253941,0.022786891803717357,0.021755503917601806,0.0234430573721128,0.020037476840952962,-0.00018421624692110386
2019-04-21,-0.01025672187549461,-0.008167873742807717,-0.025997752731064472,-0.012741820816274958,-0.028564060800641423,-0.01049229743957963,0.0003024797143907671
2019-04-22,0.024677965714220616,0.023676491357740907,0.016823642639020205,0.01394105485213099,0.02440016437669522,0.01896260560750121,-1.3580239802627207e-05
2019-04-23,-0.011177812874344854,-0.012006596237728637,0.0014280906491836894,-0.005418022756991411,-0.026529036988351844,-0.0076105298746881435,0.0003593314433303663
2019-04-24,0.01926012004015211,0.01607403293296508,0.05103879491921495,0.029308582070663697,-0.013545018366283204,0.02087452814500613,0.0010204982018893458
2019-04-25,-0.004059156176334258,-0.0030510642976991544,-0.007351960900702139,-0.0017997419883223316,-0.010548196047281189,-0.003421282640553464,0.0002566394712247845
2019-04-26,-0.015260998287803985,-0.014415878480109773,-0.00914198678338149,-0.006499628217246964,-0.02174298220987189,-0.01129576350470343,0.0001755508617152699
2019-04-27,0.006570617292887697,0.004688906425455153,0.007041091564289162,-0.0022181725590615774,0.021410565448204952,0.004459227105873422,4.649649057183025e-05
2019-04-28,0.002908495442403767,0.0012232412258319704,0.006072023748390082,-0.0028180948186966675,0.0005347880873432134,0.0019097927403954277,-0.0004786507563555345
2019-04-29,-0.005414886670388507,-0.00715547867197696,0.006176565856156098,-0.004848106429514182,-0.017317179869190336,-0.003536801625236193,-2.202204466852795e-05
2019-04-30,-0.01767963863840113,-0.015444631990928137,-0.02510303627288727,-0.012940644665174163,-0.027740038557461932,-0.015087068296795294,0.0004813992466341757
2019-05-01,-0.00040420364602852354,-0.0004637942437226991,-0.0016043726096825373,-0.001674352933671673,0.008764913910100416,-0.0005757003670676798,0.00037762455950705046
2019-05-02,0.004628405238186992,0.003671549581280442,0.008394072310910598,0.0030061494383146867,0.010194362097080134,0.004079955358852379,2.4530884828641492e-05
2019-05-03,0.00029114554830806766,0.0007100159529171174,-0.005046056308339682,-0.0019091384456215899,-0.002896057719918966,-0.0004904743268621212,0.00027826091731625964
2019-05-04,0.01641060334649282,0.014214107788536982,0.018862171431506706,0.0078487669876862,0.0337073806408369,0.013099476073977228,3.0741872287859425e-05
2019-05-05,0.0070669077826098926,0.008083125866775086,0.0003193533466763058,0.00683705280880231,0.009185868017545083,0.005378701305740653,-0.00033665417555168986
2019-05-06,0.008220454604340994,0.00603943906089274,0.018920044392045362,0.0061688946510259895,0.020012551158993627,0.007721846880622958,7.120454654736554e-05
2019-05-07,0.009346703199038972,0.012223810499936687,0.0037917487141252374,0.01930175766604976,0.007856454106814341,0.008908570062456506,4.1303773685524874e-05
2019-05-08,-0.022691022862603633,-0.022351280606157743,-0.0279008858211498,-0.025639618607804875,-0.005415113740877935,-0.020286480895104382,0.00026058339774620717
2019-05-09,-0.01014358308964946,-0.011411616227564049,0.005044435096714316,-0.004462798749556866,-0.005564675787260495,-0.006537869986508881,0.00013374229536845258
2019-05-10,-0.01581803316704973,-0.01663879519003466,-0.008678851123290882,-0.014488748683989038,-0.025614118839755434,-0.01266130937194169,0.0005568047529925608
2019-05-11,0.025118168828604404,0.024376832840523294,0.03673233260171109,0.03124944104184413,0.007809474803618776,0.023416964040284587,1.1120034851144325e-05
2019-05-12,-0.006223541354756031,-0.008380539584816632,0.004246499281994113,-0.008626647575498718,0.005805335212501021,-0.004745699696543567,-4.5167672584262464e-05
2019-05-13,-0.004538489385569587,-0.005801848786432856,0.0020483574126068968,-0.005610532221463224,-0.006045398545149848,-0.003384952975335154,0.0004877523229440919
2019-05-14,0.019528602269251242,0.01800482809177933,0.02055899951406094,0.013212925207311321,0.015653237783627493,0.015976209730550864,0.00015612332307312818
2019-05-15,0.003735595806401578,0.004963359061373416,-4.2590644362312975e-05,0.006861097940368526,0.00042187491600288686,0.003242716912875887,-0.0004094449444572923
2019-05-16,-0.010783293495084023,-0.009695989073247865,-0.015307130430940733,-0.009250864455623016,0.009778796762579658,-0.009402948389191493,0.00020596929112820088
2019-05-17,-0.009401147083029858,-0.009378246266156362,-0.009368961156091147,-0.009456567528068078,-0.002647436268671484,-0.008018890116445864,0.00031381401418288267
2019-05-18,0.014646705119200697,0.01419765122591005,0.02391841602367588,0.020140519114935692,0.010234157026678592,0.01412929642496163,-9.187013133164082e-05
2019-05-19,0.026557786615715798,0.02535905370497839,0.022461034032744742,0.017874091886491104,0.04313925479779576,0.021307170753717346,0.0007853908059689766
2019-05-20,-0.00024722712403223493,0.0005541201455578963,-0.006288366349125463,-0.0011370963227179277,0.008042858494126955,-0.0007959031978944844,0.000533439395285666
2019-05-21,0.007156724569002526,0.006846051337847599,0.01620084505969008,0.012991316462000888,-0.007121698122202105,0.007814070878604735,0.000455661451319772
2019-05-22,-0.0027746997430043714,-0.003307483898652943,0.0007157154517582175,-0.0026700570469741555,-0.002250245592515961,-0.0020523117081324895,1.2086800791221222e-05
2019-05-23,0.01587612123957524,0.01648044491331824,0.003902379924210499,0.009591230652088698,0.03902055372874835,0.011735137283535375,0.0004389454138339898
2019-05-24,-0.027911007192352278,-0.026351362303917943,-0.040978137717633034,-0.03120113427114644,-0.01913069029729146,-0.025665998288637266,-0.000857586820593352
2019-05-25,-0.0017604944610142967,-5.4115766214087816e-05,-0.011459931186941075,-0.0011288843218635286,-0.01614050750518075,-0.0022602098088242957,0.0001570671600277047
2019-05-26,-0.0037535916167791704,-0.005784715199405647,0.018299658003554254,0.0037796241747829014,-0.0063046728832413905,-0.00020821270707351708,2.8078709714742173e-05
2019-05-27,0.023005176081516508,0.02461623462186294,-0.0010808264116963697,0.012138288644835845,0.029116532208912346,0.01619123820053063,0.0008409076526032858
2019-05-28,-0.0020819564311939103,-0.0016959163664849225,-0.012577917360209773,-0.008621949876998002,0.01700659338186889,-0.0035642294167869716,0.0004311746814961337
2019-05-29,0.009394030788500892,0.010013645458497355,-0.0007672677537306771,0.004510621645550334,0.0011344896779183784,0.006494107272753629,0.0001573697358924116
2019-05-30,-0.012879684038910967,-0.010799237991152493,-0.025003994021478546,-0.012558552331249827,-0.01139006343633818,-0.012078206607148714,-3.849492832801036e-05
2019-05-31,0.005952200550657689,0.00561758708949794,0.005210379799046314,0.0038284244478929592,0.00896785692876425,0.0047153715137643335,-0.00018134928201887795
2019-06-01,0.0017310177783161217,0.0014329712711305907,-0.005456015513614555,-0.00545340478234619,0.021174189316785847,-0.00017392421032201588,-0.0001466731406215289
2019-06-02,0.0020350424052782154,0.00030158625270749464,0.017988421580078892,0.0062748376809824225,-0.00495449524705017,0.0037528543751985913,1.6775927126804814e-05
2019-06-03,0.011922398703434546,0.01049612843292927,0.014770510160320497,0.007403996269665841,0.006685559035557452,0.009770463983267879,-0.0005217781474956768
2019-06-04,0.0021579393907558324,0.0022836240906174998,0.007484987944696941,0.007072595537517276,-0.0024589692504410374,0.003084708391405633,0.0005511950761598866
2019-06-05,-0.007237822294942201,-0.008691118214063431,0.0007623962485042453,-0.008155115480043806,0.004256874706724729,-0.005668405194916991,-0.00032851332494816154
2019-06-06,0.002225943082189905,0.0049831325796556745,-0.016771916628872195,0.0006933530382445523,0.009781926940766126,3.3700096066754167e-06,-3.313728898132046e-05
2019-06-07,-0.011560781878209652,-0.012389250221612545,-0.0041587776686994446,-0.009965910731691032,-0.01427023718199105,-0.009010572399356211,0.00014414835575264116
2019-06-08,0.03201328503110516,0.02937018745507729,0.04777377090333996,0.03220136959767981,0.02246425029665223,0.028894269942794825,0.00018339031288023007
2019-06-09,-0.028126194934228636,-0.026304467511345297,-0.03523562092681091,-0.025372254171401036,-0.03728499797724931,-0.02439219725064668,-0.00023359932671539792
2019-06-10,-0.022951356757705706,-0.022136438458902973,-0.017630359716680435,-0.01513312180808352,-0.014319135285651869,-0.018077766562671387,0.00026159720647087774
2019-06-11,-0.011859593518071252,-0.008748514361584251,-0.03846279561092182,-0.018007635787497284,-0.008222553383467932,-0.013404478185180823,-0.00014901210850361453
2019-06-12,-0.001965846877990233,-0.00043910178904384123,-0.008833723207237687,3.997038108844949e-05,-0.005120728453480468,-0.0019970402643334864,0.00013427396793630093
2019-06-13,0.013271353449833387,0.014536692244212748,0.004929703951524725,0.013113716282905495,0.009479183653648282,0.010617528009917181,2.591407558361601e-05
2019-06-14,0.011250518737179712,0.00966332632838887,0.012880519590209583,0.004934408780211192,0.013491976823091844,0.008942307766842204,0.00021952573546231793
2019-06-15,-0.0025050042254978655,-0.0033204896118180656,0.005227041888366825,-0.00039094442250409405,0.013261157585618528,-0.0012170066769314472,-0.00035104024168821713
2019-06-16,-0.0014807429646278329,-0.00010480038311565666,-0.006017868355656154,0.0016522976032911137,-0.019738764207561335,-0.0012024458333619757,0.000240030631799503
2019-06-17,-0.007387182877007915,-0.006038921439248565,-0.022639972531969595,-0.013086197514795436,-0.00033426148706054096,-0.008411573706293266,0.0004725379404604119
2019-06-18,0.00041913166055382545,-0.0005046171502034083,0.016151860673915476,0.008451279438123977,-0.008625317403868168,0.0028663841023552146,-4.505294052455593e-05
2019-06-19,0.005631151975118217,0.00628791996189032,-0.002818571373015545,0.0022199762694072355,-0.005780257264164713,0.0036630041627487564,0.00042269606802618204
2019-06-20,-0.0040421539436299855,-0.004196717956367196,-0.007995618817980459,-0.008047134413881572,0.007817740934268581,-0.0043883444389672685,-0.00010903655116072323
2019-06-21,-0.0008137003801195438,-0.0021126932899680137,0.012580344514389965,0.0034767556841816547,-0.006471721237263788,0.0010274176039378482,-0.0004259565473711653
2019-06-22,0.036497869978507125,0.03285233222574239,0.05485176223286057,0.03390008119864212,0.017521960958877727,0.032569001765309205,9.517421300599596e-05
2019-06-23,-0.00537961156220419,-0.0070254006748768395,0.007884202547509708,-0.003006004291516474,-0.0145551173015125,-0.0031062366609330384,-1.732153817853965e-05
2019-06-24,0.014385260522828415,0.011642423572812003,0.03721139275669501,0.019383229326768246,0.007858444750682843,0.015060329414430453,5.1383026447369474e-05
2019-06-25,-0.037632678837510966,-0.03684923509938702,-0.03341746806334422,-0.031145910297587315,-0.03055105416227163,-0.030962386962304703,0.00014792844959238204
2019-06-26,-0.014962893362071912,-0.01522832562954068,-0.006046467675086261,-0.009448828003278224,-0.010940926724790172,-0.011206993188509469,0.00042909611288427133
2019-06-27,0.0073200067381345504,0.007692952940008744,0.00294970178740959,0.005809219659197992,0.007999098726310525,0.005700316962582247,0.00016487451888985358
2019-06-28,0.012470786218758106,0.011172113228396632,0.029987863600318503,0.02031529848316822,0.017001302837927758,0.01335838172085628,0.00015603964138411185
2019-06-29,-0.04418254172806054,-0.04455668388504521,-0.03433501065135296,-0.03903653903507261,-0.042072436498762314,-0.0362836270703982,5.453915632070425e-06
2019-06-30,-0.004566521923277247,-0.0052680767918177355,-0.008307778327362162,-0.01112131927892138,-0.003989725789607149,-0.00512372927465537,0.00023903716603224337
2019-07-01,0.008058902324390974,0.006875671941174195,0.009033017969207392,0.0031547872454880076,0.0025532035001061314,0.006308987101868576,-2.862259234825932e-05
2019-07-02,0.003966626986663828,0.0016673942435656926,0.005517254259977025,-0.006065972368398627,0.014173994888954971,0.002102185917389979,-0.0002888018729249937
2019-07-03,-0.01860465208833229,-0.01934164564575685,-0.006409315238206701,-0.012869644788730537,-0.01597235230982927,-0.01400805557998897,0.00042104825273721916
2019-07-04,-0.005465762087757717,-0.004625984861011049,0.0035810869478975875,0.005803651454492487,-0.021266250027673954,-0.0022637889467758874,0.0003624972323712553
2019-07-05,-0.0004274893156689626,0.0022923739540883573,-0.02939048426710996,-0.010179582370703558,0.00944349431076462,-0.0042276973353431,0.00046359300847890816
2019-07-06,0.010144957541033263,0.008484397885683987,0.01248128459254573,0.0040172128444813495,0.030034945893694213,0.00802746347035117,-0.0001729604421435197
2019-07-07,0.002917393103566971,0.002820205213180809,0.0020510184350876915,0.0018043557834976638,0.016580745356023222,0.0022561883325869997,-9.113655752077682e-05
2019-07-08,-0.015492535389008697,-0.014985156137918796,-0.017315143130578664,-0.014760899433810107,0.021536553430178604,-0.013291537054734142,0.00034403220746857875
2019-07-09,-0.0049274781486781565,-0.0032420060067845924,-0.02525347238421751,-0.012963933831851206,-0.00017428203855340233,-0.0071220707284820415,0.00016715563611045353
2019-07-10,0.017752347342289712,0.015611446778722674,0.028241582828662494,0.015918421487916366,0.009537714364364427,0.015924967602067804,0.00021562031481045464
2019-07-11,-0.004841228961860288,-0.007235729571661935,0.01058052343572179,-0.004418145313818428,-0.004520118990833246,-0.0028027054311819746,-0.0005669660816767562
2019-07-12,-0.0015067538473706402,-0.0026049437525324523,-0.000682860078009548,-0.006310444697982018,-0.0018997822223092067,-0.0018318313528365732,0.00038063288267430826
2019-07-13,-0.016460573165395224,-0.017491035115383777,-0.008966201939784495,-0.015880308960291713,-0.014526730394333583,-0.01339602759550719,-0.00022303604331407398
2019-07-14,0.006024719123400211,0.0023819926100906805,0.0317437664440818,0.008715609601776465,-0.010501071193424114,0.007892138532003556,0.0004886392443971441
2019-07-15,-0.0026472796045091083,-0.004562814713191265,0.01496348996853199,0.0019293530844801746,-0.03630696193505424,-9.578306998642779e-05,-0.0001853029768219067
2019-07-16,0.01163092941919117,0.010969752709571245,0.007367262626344904,0.005195790742148891,0.011104756876123986,0.008630134134049458,-0.00046945571866676333
2019-07-17,0.0004150006764076405,-0.002705397220470232,0.024415612952795616,0.004200847273666647,0.013738769876738562,0.003071593202085217,0.00040888134014183564
2019-07-18,0.013441490116973395,0.010253744170119363,0.03219186770404453,0.012954032832990665,0.0053133686625154485,0.013184707384146304,0.00045620892600992775
2019-07-19,0.01728398980972621,0.017475052308196234,0.007676195001295728,0.010879425503481751,0.0211609396787285,0.013128867510583413,0.00039284990682537696
2019-07-20,0.009122671850258869,0.01087157280618723,0.007609816870560034,0.01673346273070307,-0.00979794236250451,0.008750483850636414,4.746475440056066e-05
2019-07-21,-0.008940600488615263,-0.012462856660594436,0.016448599714426148,-0.006216059079971963,-0.019534270323580988,-0.004973263503276997,0.0004030627220205615
2019-07-22,0.009380995544230204,0.009342599579525167,0.012586352173083626,0.011943710738202749,-0.005127381600991434,0.008678959945174623,-2.4302282404128618e-05
2019-07-23,-0.023911390072406537,-0.021243553400063835,-0.023929947610219278,-0.011228384219882894,-0.015564216176725276,-0.018714358114766575,0.0001516738575495429
2019-07-24,0.019915934039614273,0.019521350883158182,0.016324966771469846,0.015490405997461282,0.019299267550498187,0.01615138752842941,9.160577683242817e-05
2019-07-25,-0.0015953827984122875,-0.0031185809539747847,0.009064621175009543,-0.0006330022983526617,0.0033572343164484974,-0.0002221448724871333,0.0004558067115427362
2019-07-26,0.004511910347261522,0.005762105690561245,-0.012183150583441249,-0.002579475428757169,0.015326695100746562,0.0014104798216865201,7.701171511682768e-05
2019-07-27,0.0014574905813847594,0.0013546586739180313,0.017560708819629393,0.013871141796323304,-0.028172661328794993,0.004334059255307211,-0.0004958217800389681
2019-07-28,0.004117801291728318,0.004599146842587708,0.001917045922854647,0.0048066918968502565,0.007096831444609953,0.00350663901004863,0.0005354073429540196
2019-07-29,-0.017650819823216736,-0.016179272333207498,-0.020305351349341718,-0.012874453320943585,-0.01029799468233536,-0.014585093376327886,0.0008218240504082777
2019-07-30,0.011643119242344041,0.011341095900623896,0.005698332157027791,0.0056292712800568604,0.010799638523518174,0.008608933365522951,-5.573146082267242e-05
2019-07-31,0.008232127775109737,0.007658120725735517,0.0019496465644886947,0.0005270434606110567,0.011497865136231362,0.005486011680400962,0.00040735387976971666
2019-08-01,0.004816838954214275,0.0038753263982904108,0.011865693601734693,0.005897081445894861,0.01648653727920696,0.004934488995820324,0.00020529895780726546
2019-08-02,-0.004580490627026344,-0.003120751593085586,-0.010903769963288679,-0.002521071216937459,-0.027648004140312293,-0.004191316717659365,7.290680140313306e-05
2019-08-03,-0.0026809883638371354,-0.0006202518196404281,-0.020246429300150606,-0.006610994746862903,0.012903426318280396,-0.004375192321271007,0.00020361975149917703
2019-08-04,0.001749128778802862,0.0012747227431863988,0.004930207087706092,0.00198201160717685,0.012468479649179014,0.00183848364908307,0.00016982891896619742
2019-08-05,-0.01596551569129525,-0.017836312379841245,0.0019999535413222245,-0.011148909619398031,-0.022538614352332724,-0.011458799861449832,-0.0002638320523178162
2019-08-06,0.005024495143558724,0.005007135091185404,0.013550489302799746,0.011862677670627472,-0.009202404664990378,0.00599575239730965,-0.00013279777644793913
2019-08-07,0.011401977323238157,0.009728902031110525,0.02019980538706501,0.010400905736580358,0.014256010465781893,0.010433092564337311,0.00011908205367690173
2019-08-08,0.003699154913798367,0.001992300605073381,0.0169958309164552,0.005967480398196182,-0.0037825656448311025,0.00474653538405545,0.0005569065451093763
2019-08-09,-0.026460017580728027,-0.02854507573587521,-0.017198355086584856,-0.02988243651483041,-0.01838432446090579,-0.022318493514171665,0.00011806456876334698
2019-08-10,-0.0008266866030176073,-0.0022535563600762786,0.0021839843625601338,-0.005482396816254797,0.00828609123628742,-0.001095763608942187,-5.11673115402764e-05
2019-08-11,0.003857649965081327,0.003817620220602246,0.003959007630329934,0.0038187362121044495,-0.0022610685307364238,0.003306205039065802,-2.9702662463511152e-05
2019-08-12,0.004233219334133323,0.002791386450652201,0.008637788088129112,0.000712400796192995,-0.001383547954654782,0.0035768081821236477,0.0003241741711443052
2019-08-13,0.00043029240708568155,-0.0007826909048382004,0.0027076745835155954,-0.00373059500203671,-0.01081789304030893,-1.255723961297655e-05,-3.6928124797000245e-05
2019-08-14,-0.008655207458378248,-0.008268299928216854,-0.012588756988226086,-0.01006463190401111,0.004253632777440308,-0.007958884715040502,4.019357921571689e-05
2019-08-15,0.002244815084131382,0.001985501899335422,0.004509159928844794,0.002814344599059166,0.00027582802817145116,0.002246196928503838,0.0002917764816766157
2019-08-16,-0.008295567029036928,-0.010012047262844501,0.003021898400021451,-0.007890722179787129,-0.018887285769876156,-0.00602271773086066,0.0001901899203377741
2019-08-17,-0.009305553299083245,-0.009933336067318112,0.009976960863626032,0.002828387293507057,-0.03063192401432442,-0.004544360929917862,0.00023563982576058984
2019-08-18,-0.020036281222798425,-0.020088635724820975,-0.019859012925602923,-0.020549505044312365,-0.016890503901294106,-0.017261927119795555,-0.00021592025885136258
2019-08-19,0.009488411011832874,0.007834725280112457,0.017462661787596933,0.007875740236418252,-0.0013275831595132691,0.00870777746716005,0.0006316050781832337
2019-08-20,-0.009491351358550624,-0.006038635652788777,-0.025986041906935417,-0.005829361935612447,-0.019733491080825893,-0.009028708609881851,0.00044233488232505054
2019-08-21,-0.0037847851631941203,-0.004541371011034596,0.010353605777925526,0.003713643819310615,-0.024302377621086696,-0.0009533814827407863,-4.730106024270411e-05
2019-08-22,0.0002466256563685958,-0.0019245559800969458,0.009794788204731052,-0.002841180126083963,-0.002233338894449517,0.0006702698680206439,0.0002815525065059474
2019-08-23,-0.0062995008118100675,-0.0063676181406001455,-0.013201402290488702,-0.01227764089268115,0.026326031837037748,-0.006885819950711988,-0.0002935361265505897
2019-08-24,-0.003432033549813456,-0.003170673122360525,0.0068711128180678855,0.0060178481760242404,-0.02848469316395695,-0.0006056456221255049,0.0007557604544294234
2019-08-25,0.009535204291169554,0.008616076411989682,0.007386867303306883,0.0034686855532680676,0.02000654524576874,0.0071259043877996905,-9.692448569105692e-05
2019-08-26,0.014871347535591448,0.01575623879988975,0.005474646665217235,0.012026378397953116,0.009237813470219663,0.011492431705142844,-0.00018008811577947727
2019-08-27,0.00937731599198086,0.008377464968746934,0.02044826505141449,0.01347303481166105,-0.017545600078152257,0.009657376046218226,0.0004661346465375408
2019-08-28,0.029718527021322903,0.02937201912438054,0.03640294239938947,0.033954707174408454,0.010658389548109971,0.026614696643676074,-0.00030131605505602835
2019-08-29,-0.002699542164887715,-0.004072063921103548,0.0015083213758997948,-0.006173857645859671,-0.003171723255627727,-0.0023779925307281674,0.00031789972989979074
2019-08-30,0.0007291155796384245,-0.0001369585195253049,0.00754610657881525,0.001918988834582712,0.003285685388835979,0.001395004026413143,-5.209693944091721e-06
2019-08-31,0.0026693312195704305,0.003977334138206396,0.0014793876584656748,0.00822256729475833,-0.011680674710685436,0.0030239089694092443,0.0004865059190685436
2019-09-01,-0.002222122805534917,-0.0025087683753182164,-0.0024018651954129267,-0.0038180163785560923,-0.007836742644254711,-0.002202407416703501,-0.000418595486071463
2019-09-02,-0.012174435599884481,-0.011332784235653547,-0.01302893669746655,-0.008943578490209688,-0.0016409376688026247,-0.010064303621706397,-9.44802186599218e-06
2019-09-03,-0.010698566656593963,-0.0082234407545242,-0.020762570060709952,-0.006747214935286122,0.0019513406702321157,-0.009439808303294668,0.000529808924605491
2019-09-04,0.009063884013946463,0.007906983211248114,0.024157891309008337,0.015598588282951097,-0.0011421656194159184,0.010066161467111112,0.0003344640996974632
2019-09-05,-0.004030989585078177,-0.0019388886703228213,-0.019988806643598273,-0.00654588646417814,0.002410685870983991,-0.005200624777089427,0.00015009797368915138
2019-09-06,0.0231370425286089,0.022286455321656053,0.03007563714471226,0.024948102595629535,0.0076367570167158,0.020706095334326866,3.278370435826361e-05
2019-09-07,-0.015621452068728055,-0.01400719473688507,-0.018833669096354186,-0.010537782515494039,-0.01605846967601362,-0.012908522465268394,0.0004279501297436359
2019-09-08,0.0023512845072556415,0.0028486653584792027,0.011359169667803133,0.012051734465787028,-0.013121506621611758,0.004234833415195649,0.0004972632548056188
2019-09-09,-0.003942005484163422,-0.0049286647518125525,0.009181035754864297,0.0016157034158545032,-0.007601661232540217,-0.001528512103687464,-0.0006106400332861577
2019-09-10,0.0012395677629420164,-0.0006267124998526083,0.016094293833293655,0.003936945627564836,0.0011455694104408342,0.002697849984064683,-0.0004115075644057367
2019-09-11,-0.007880690972484054,-0.008212676293839668,-0.0013548356508035746,-0.004459334494925709,0.0018958498477237642,-0.0056882411161203374,8.53236419812557e-05
2019-09-12,0.005185590767054589,0.005031409732682557,-0.000897174132443254,-0.00034389780047194233,-0.010250036384617002,0.003174523177132494,0.000266707673575559
2019-09-13,0.0021596888037221733,0.002976400615565006,-0.01284714942124575,-0.005768975558281412,0.019395724078640708,-0.0005766191360761256,4.719543036413395e-05
2019-09-14,0.007865101369626495,0.004953377614946042,0.01152369722565215,-0.003435935371511831,0.013033728294756425,0.005505423440812924,6.50052614970301e-05
2019-09-15,0.016752978637889847,0.01857154469990766,0.013102287392817265,0.023149187260663864,0.003974450032043301,0.014940272177545559,0.00010071501468506862
2019-09-16,-0.002143900752857735,-0.0014224215277151972,0.00017063076386960273,0.0032241588652331564,-0.018501549928715243,-0.0008518679424485661,0.00023974762189815814
2019-09-17,-0.004497342824668099,-0.0032226780621119194,0.004016245723451144,0.008513942826935704,-0.01654483511049154,-0.0012443515139885066,0.0003241128712878525
2019-09-18,0.01313288862508029,0.014727134585074995,0.010771332789173554,0.019384100496795252,-0.02290081531976681,0.0119011225306297,-0.00011118627824545645
2019-09-19,-0.004721564747925885,-0.005391118751266153,0.001984901252815994,-0.0027609634902435376,-0.00737613300074992,-0.0031612085985328374,0.00012717357258594118
2019-09-20,-0.011861298442746793,-0.00925647839280607,-0.021049696113520956,-0.006594031925491137,-0.00721942224925893,-0.010161550126117006,0.0006300211988626496
2019-09-21,-0.008582769946762506,-0.009240525991297953,-0.004197917351980255,-0.008504914937868155,0.005279356974908552,-0.006892473129902722,0.00045284039955421456
2019-09-22,0.0027394310302532843,0.003119666211482367,0.005678889116825301,0.007025840437033261,0.0025369014324151456,0.0031930494762567796,-8.462608228155868e-05
2019-09-23,-0.015356183636137192,-0.01449546415771028,-0.007718821959036263,-0.005297075786937831,-0.011710714321420804,-0.011118533914158221,-0.0002193978406207259
2019-09-24,-0.012725745105751776,-0.014161024582259573,-0.0072814738024223405,-0.015713861742900147,0.0008901643875347202,-0.010849677957910748,-6.309181258157547e-05
2019-09-25,0.0190754312613717,0.019598084968982528,0.01814831978272927,0.021292952293410692,0.01092380210159868,0.016607791549381176,0.0002103862935992985
2019-09-26,-0.02384611237602583,-0.019978854160646358,-0.04313081805183198,-0.020642074547769184,-0.014071677437994591,-0.021740363697781942,-0.00022345162237429885
2019-09-27,-0.012160154645795921,-0.012527992376358524,-0.003657181067138144,-0.007425631121257069,-0.015830971801187883,-0.008956983192527208,0.00037669282460987
2019-09-28,-0.013599061124475658,-0.012639716588261294,-0.006433641208937501,-0.0034029591473049136,-0.021488504771149122,-0.009579455477389698,0.00017073708346100223
2019-09-29,0.026895577503150667,0.028042975177111296,0.01827699060741505,0.026206191410954833,0.0344873590506934,0.022198367454933025,2.8631751792469916e-05
2019-09-30,0.010043805180945506,0.01118084085598388,-0.0034950052151726503,0.005022939657544328,0.017574022873727106,0.006764221686955101,0.00038247724075652766
2019-10-01,0.014369027436603895,0.011666092323507491,0.027505062013547,0.011812273458404549,0.022747235573902826,0.013131794175069449,2.3136489483411286e-05
2019-10-02,0.01115493206876496,0.01044307979189206,0.015977520999415948,0.011727041250679266,0.010706181568505203,0.010016526628756262,-0.0003744821885171997
2019-10-03,-0.01280001716461957,-0.012486906609853165,-0.02172919562598573,-0.018660703470602835,0.008294891748200911,-0.012522082533898582,0.00040546670719916874
2019-10-04,0.003715546860700974,0.00522163521112348,0.0017708244451350198,0.009670610772004068,0.014189913657979152,0.00386542529619714,0.00017727722726695313
2019-10-05,0.0065155637134090335,0.006032350049839781,0.011240024120740405,0.008035966502136116,0.0007906331095089399,0.006233279352965778,0.00012006566870444124
2019-10-06,0.012221224367552807,0.008437276469143188,0.024827205493065555,0.0038625482916383163,0.0171323141699928,0.010399418209682314,-0.0002408577233884195
2019-10-07,0.018845266589535448,0.019183671327443516,0.0035048905886498494,0.008607983351077018,0.0319695096005277,0.013466475543832509,0.0006803587403257289
2019-10-08,0.00833307947617477,0.007748645489893074,0.012687235501567567,0.009098849883935143,0.017801856128287975,0.00761575298626257,-0.0001443945077109101
2019-10-09,-0.0011483812697654523,-0.0003993181833905914,-0.012522384467721897,-0.0065797768414578885,0.004107071947099916,-0.0026808726365790156,0.00047985173118922245
2019-10-10,0.007401253266238251,0.006221161305950814,0.014102090223332484,0.007082717810913447,0.009966301807166213,0.00687794600518815,-0.00012120987474918443
2019-10-11,-0.0031462463901145675,-0.003314217541106042,0.00044458898060652273,-0.0011680281244908206,-0.0014819169765348068,-0.0020907116909311446,8.73808626474617e-05
2019-10-12,-0.00251560243692128,-0.0069498783260074325,0.031143415448977824,0.002454826958807042,-0.00681327786858749,0.0015315658427570134,5.749860834750346e-05
2019-10-13,-0.004948346079277596,-0.004664405594894865,-0.003379033897576874,-0.002381930085081562,-0.023357644392476607,-0.0037976129688880077,-0.00036335887851591625
2019-10-14,-0.006973683913946867,-0.007104846234456347,-0.005517490927842723,-0.006589425892271913,0.009951413039847168,-0.005843228582901853,-0.0003359587193704752
2019-10-15,-0.007744869186957518,-0.00956430114995126,0.005919157216085263,-0.005972080034235987,-0.000594323592598138,-0.005068340679939405,0.0007770344392229068
2019-10-16,-0.007810251884706898,-0.007421801975796075,-0.009789703563207238,-0.0076317394467282995,-0.02294108360619579,-0.006841325231604028,3.318657732290315e-05
2019-10-17,0.011052810004337811,0.009912109699716433,0.019415059396747897,0.012330120190004807,0.0014357999252590913,0.01038398777100006,-7.569882408902138e-05
2019-10-18,0.015091607804614137,0.0154064235857974,0.011145842516338348,0.013780190689816424,0.012604336519936843,0.01248859215259497,0.000591349965734249
2019-10-19,0.011223059043298289,0.012730408413100441,-0.007706187095086459,0.0037482154417431447,0.024203486134925494,0.00691652442657532,0.00011068792679711416
2019-10-20,-0.004479494653437597,-0.005740310598033854,0.00550733679703126,-0.0028155816587431617,-0.005410431995939413,-0.0026680388496739356,0.0003765753153194512
2019-10-21,-0.0032803783285853733,-0.005339410936068572,0.005468673984670722,-0.0065300164710257085,0.007279968345228831,-0.002403624538525135,0.000582567275325208
2019-10-22,-0.015980396088845716,-0.014977532757738991,-0.011461507070001275,-0.0077322866667618294,-0.009759376814823362,-0.012139958923771293,7.693634409892939e-05
2019-10-23,-0.007769048028257232,-0.008932978709193351,0.008670564302248225,-0.000517591792730145,-0.025960960327170594,-0.004227445507695618,-0.0002482447756144471
2019-10-24,0.0033721497369320536,0.0023453458769623985,0.007423568809210917,0.0016101713137641072,0.011030658285223068,0.0029922798567285935,-9.271962602082896e-05
2019-10-25,-0.024688980683669988,-0.02334106520523918,-0.02645294856239986,-0.019930552669965212,-0.02314331751297925,-0.020692504603576856,-0.00023397334569414242
2019-10-26,-0.0212471460806078,-0.01976962189574337,-0.020117033003921727,-0.013479130006315228,-0.011740825557477469,-0.01696124983632436,0.0005050469337206285
2019-10-27,-0.009767694616097375,-0.007775920670014982,-0.016797827012665748,-0.005752931011211781,-0.004525702633445866,-0.00840257991855405,0.00025699395923897803
2019-10-28,-0.023747506868160625,-0.021705804224435667,-0.030943950966539343,-0.0199010538538936,-0.014502042763019809,-0.02040800716992616,0.00037263148340417173
2019-10-29,0.0022580885592311277,0.0017414589497611456,0.005499127561635433,0.002339341345586963,0.007626258263087248,0.0022675410413772294,0.0002294957985260899
2019-10-30,0.001045316524760356,0.001421953918153527,-0.0009796235591445935,0.0013025555273013581,0.005245660228527597,0.0007827364273238028,0.00021519920962554247
2019-10-31,0.0055231340258730145,0.003482361890441302,0.018406987070264082,0.005851079545698024,-0.004416338859916125,0.00598263240167439,0.00040926235863210017
2019-11-01,-0.016188426868607154,-0.014173495760388084,-0.022484262390316815,-0.011589880110871177,-0.009734216252601518,-0.013834196448815794,-0.0002612018936819366
2019-11-02,-0.004407550803309481,-0.0033545678691339316,-0.012777590881673209,-0.005997067800945284,0.009003996825838686,-0.004691966129110782,0.00035348068529219526
2019-11-03,-9.306065390571417e-05,0.000731862843711678,-0.013172802672540833,-0.006489942418252431,0.022926371442754567,-0.0020850899955890223,0.00031745072952123703
2019-11-04,-0.007578924302589193,-0.008334228615479824,-0.0014547313715483111,-0.006567712372039325,-0.009185536103035945,-0.005774154251010719,0.0002680311275669809
2019-11-05,-0.008505215018174524,-0.00769933381142652,-0.010752528941639793,-0.0064989511842424175,-0.012402169694265525,-0.007162738720484861,0.00034169441336657483
2019-11-06,0.02205793352690756,0.022444186748051216,0.004685939519987952,0.010507916716937385,0.0117268093283265,0.01577234955556466,8.355937111502364e-05
2019-11-07,-0.00727766041033735,-0.007415764036391197,-0.0034399234925686396,-0.005026442351151135,-0.02186813976337263,-0.00564776724708136,-0.00044068229420004217
2019-11-08,0.003947992030060562,0.003664634893247143,0.0022816550610819555,0.001288509506164685,-0.009519775156447221,0.0029065535856358953,0.00027942667279581753
2019-11-09,0.015540860959502951,0.01460035162541218,0.013024886105825882,0.009198768847535076,0.019419137155115156,0.012174222409683228,-0.00029933310960643985
2019-11-10,0.012897701528675514,0.012407002296460103,0.0024263831645462575,0.0023490090879964443,0.019933614975873582,0.008699575845349184,0.0002768786402524311
2019-11-11,-0.003640905366115496,-0.003147819144264886,-0.01284644571095969,-0.008640843888999397,0.011027020894582596,-0.0046439622820930076,-7.329621858757606e-05
2019-11-12,-0.02520099697130337,-0.023776746338700003,-0.022403691022754958,-0.01644494135076579,-0.031398715979037976,-0.02004043950367355,0.0006783661967858484
2019-11-13,0.005624463731483028,0.004962812877836193,0.007803847382539846,0.004210945075247502,0.004880577566400178,0.004825299395982894,4.798173476394905e-05
2019-11-14,-0.002882174143996477,-0.003589221960110804,-0.0030243903564039568,-0.006541950392268034,-0.006394401016173508,-0.00302381408635755,-0.00022282080695652258
2019-11-15,0.02474466240726501,0.02324454963389023,0.029973988143504368,0.022005913408908343,0.008429690657213747,0.021342017524932633,0.00032728675110148167
2019-11-16,-0.000858578686663036,-0.001144090958932492,-0.004468330835022996,-0.005173931751382559,0.007408853657963069,-0.0016567358294836115,-2.542635640827019e-06
2019-11-17,-0.008270098115881773,-0.009012596172413956,-0.010808322795278024,-0.01414095112595028,0.008092749271323744,-0.008081261646268784,0.00034654524824444905
2019-11-18,-0.0103490279200367,-0.008841508835211138,-0.01840240684663063,-0.009553223492352882,-0.003691789850952259,-0.009464083629886716,8.280758392913639e-05
2019-11-19,0.006347685810550743,0.0036770007206124427,0.018370667438754634,0.0028920186078805147,-0.00894671905014415,0.006084488834334159,0.00039109385745744225
2019-11-20,0.020438048460960093,0.019189751152791486,0.017194437571506578,0.012089759004298824,0.023432652544472507,0.016039846430679044,-0.0002213494017630309
2019-11-21,0.007323202382567144,0.00904321071385468,-0.006768672225605006,0.004689589932200795,-1.1591831764672794e-05,0.004684577291140275,0.00017089840202037847
2019-11-22,-0.0038350246871715287,-0.003923597763384965,-0.002225852570757593,-0.0030685064862132037,-0.012833115978850947,-0.002991130973139483,0.0003284000967509798
2019-11-23,-0.0006437235864953097,0.0007968021265416401,0.004016626188687504,0.010186225187442827,-0.010088276964505495,0.0013792038384344563,8.267984403682177e-05
2019-11-24,0.01797633193784532,0.014739597403594366,0.03322078744345476,0.014545559167011645,0.01821011985577408,0.01626074535829876,-0.00018023925607937982
2019-11-25,-0.0014338544100808356,-0.0010641162844725383,-0.002264709978009789,-0.0003068552474836222,0.0009058924681815204,-0.0011023796124633104,0.00030728176814977324
2019-11-26,0.0026246419787842395,0.004273396281862979,-0.013615763991477773,-0.002171184799649959,0.004601389222686531,0.00014714322221416913,4.205495046231802e-05
2019-11-27,0.012225276822819141,0.013500602031516602,-0.0005374989727653257,0.00855893825668129,0.022934675202807946,0.008842016198124691,3.649985460617262e-05
2019-11-28,0.005749741658143357,0.005811722555368059,0.005523350465872179,0.005982988004662553,0.0011112654260868934,0.004989807959460629,0.00034105825583773374
2019-11-29,-0.01799217595778422,-0.016819182218674393,-0.019368644599717905,-0.013670629084424799,-0.01196586361772101,-0.01485894299524228,0.0006011882570247926
2019-11-30,-0.003501033969408088,-0.005454538820352809,0.005523820980216174,-0.0060092532592452225,0.012768851813770946,-0.002492944642711237,0.00038843032407314554
2019-12-01,-0.010202978781890571,-0.010315834108579799,-0.007206227234228675,-0.008568355002058365,-0.002424276804495535,-0.008244217452183795,6.0628440735606854e-05
2019-12-02,-0.002551032142324644,-0.0044255045944487145,0.009270537527085865,-0.002405890429833242,0.005349230077163893,-0.0011083151920923875,5.997333488023287e-05
2019-12-03,0.01971520443254821,0.020053280641533198,0.009486586992686351,0.013596894892879019,0.03600192876420557,0.015140211029237705,-9.192559174353918e-06
2019-12-04,0.019692563843315428,0.017805459617623445,0.025921941601229646,0.015745125097853894,-7.668886502593814e-05,0.016903150364711367,0.00012486768704110074
2019-12-05,0.00215140177931774,0.00046464299602382237,0.021504444040921653,0.00933660921637605,-0.01633805591264667,0.004616235079713428,0.00038330091696104474
2019-12-06,0.009939385692838735,0.008095285413346599,0.022125535443473114,0.010775597848189556,-0.01405583530052735,0.009730299302306436,8.199891611557523e-05
2019-12-07,-0.013323434170605896,-0.01254436336133005,-0.009252721850061572,-0.0064945745400336674,-0.014851645700822421,-0.01004008958499292,0.0004925670136895582
2019-12-08,0.0038076196233575244,0.0055473492176437034,-0.022675037513917803,-0.00870936093577229,0.02287568520202911,-0.0008184641671047516,6.357187752142729e-05
2019-12-09,-0.011932148942224545,-0.009077113694092866,-0.031153008399849816,-0.013450419045029902,-0.005497210201371395,-0.012097666659369743,0.00034068418155714503
2019-12-10,0.0034004237155577425,0.0010083041619354275,0.011409723107658719,-0.0019441158930389463,0.016936012215026018,0.0029040545255066075,0.000145850084719588
2019-12-11,0.008386962541731413,0.00872718370154965,0.010884549197386028,0.012235124700067162,0.003318104753582451,0.007934296272434421,-8.305267376695194e-05
2019-12-12,0.0001479727540832029,0.000497959549094378,0.0009753171242866832,0.0025393083234075096,-0.013954699720334494,0.0005500887533873479,0.00012170746376731237
2019-12-13,0.005076648091924051,0.004881608542188114,0.013193348445239068,0.010705474037689932,0.0026684271796268114,0.005873333733435934,0.00012859615145420977
2019-12-14,0.003104011799954376,0.002582084314563123,0.008177086179530474,0.004645510151287155,-0.01739025425156578,0.0033307120907014533,3.598052471997624e-05
2019-12-15,-0.01647781445263455,-0.01772861916691858,-0.0051874688423888,-0.013962337881856083,-0.016440591807629447,-0.012713858832408494,0.00041341699011739985
2019-12-16,0.0048624797330983315,0.0062545249274745755,-0.004906266040602257,0.00402980644563091,0.002862459830442453,0.003125261112909055,-0.0004185238306219958
2019-12-17,-0.007832305468639288,-0.007254343425617952,-0.010316156465776723,-0.007130773742068654,-0.019762169333012655,-0.0067665686208116934,0.0004936929436018839
2019-12-18,-0.0007871307493414933,-0.0007811507053355837,0.0017834661428475056,0.001277651746778193,-0.010775630213608021,-0.00012025002887469346,0.00027469100169380816
2019-12-19,-0.0043623937032470994,-0.002894485579421368,-0.009034446975667715,-0.00094300310703799,0.007336563012304013,-0.0036278103564963216,0.0003592521744283649
2019-12-20,0.010992464889618088,0.011498233368256481,-0.004487261305244336,0.0013114682410840673,0.03431372436946399,0.006813797845801508,0.0007780637455052815
2019-12-21,0.018440949735466835,0.018271555044622512,0.008686275121382328,0.010177206736728681,0.014023774191431625,0.013736051867834024,-0.0003993735295532165
2019-12-22,-0.00010814264059413111,-0.0023235695246086063,0.012698878155304665,-0.0008201821576989689,0.0022387146533660975,0.001026133152442273,0.0005642246990243251
2019-12-23,-0.003365082060934497,-0.006183414785201777,0.02696934658481692,0.0069136146328442815,-0.018951732491396638,0.0012305264854795242,-5.095381383494709e-05
2019-12-24,0.008430242478629559,0.008730437752872142,-0.0023944910031615885,0.0014117432516472846,0.02722220320434372,0.005363169544738587,0.0005140972940154084
2019-12-25,0.0016355886092758011,0.0033800606718406585,-0.016649077463570194,-0.0043412106438286465,0.011988159547458738,-0.001056165101712557,-2.6492195822012146e-05
2019-12-26,-0.003104903021624427,-0.004501101699292373,0.010954496928518232,0.0011869187025014194,0.004943718337815617,-0.0008424087454341554,-0.00018106460619302496
2019-12-27,-0.0032785629000907602,-0.004227153872521952,0.006096135382590403,-0.0005356831156172496,0.00812651301414458,-0.0015591129795946318,0.00026340899297577086
2019-12-28,0.022432162948183114,0.02096302130062442,0.032624911084462374,0.023774735928636007,0.008427342047693106,0.020340362504862586,0.00013545242971113353
2019-12-29,0.011889479870588427,0.00928350346536386,0.02942431380621188,0.01327031773192734,0.002861052763259161,0.012021550443579032,0.000564772138113071
2019-12-30,-0.02610809850836768,-0.023204847603296597,-0.033839588118306924,-0.01847982612052177,-0.025246782245226248,-0.021960663042096422,0.00032167125432491274
2019-12-31,0.0014226257693382132,0.0006208315384375415,0.0011746739654754394,-0.002717029929352053,0.011545646289679393,0.000685485321335629,0.0004441635168746301
2020-01-01,0.015774816685624776,0.012337193179162678,0.03519769999262973,0.014653735580028146,0.012993417483760455,0.015041585277533236,-0.000348801850483981
2020-01-02,-0.005960146822481654,-0.005444473932621116,-0.0015287132195816473,5.585681082384726e-06,-0.01770772317896665,-0.0038318955348615913,0.00038177591086948514
2020-01-03,0.00030685052231889246,0.0005438866653852758,0.00044542451488160375,0.0015948889065672696,-0.004727090928634855,0.0004537856349184277,-4.181650194846876e-06
2020-01-04,-0.019800988873325313,-0.01878597338804914,-0.024174030189801948,-0.018686510307784756,-0.018084183541614205,-0.01716976568693387,0.00026225505379703695
2020-01-05,0.008278669778407475,0.00768384795974481,0.016080765840171648,0.011746739870862484,0.005745694029874706,0.008276953484617967,3.801841654571425e-05
2020-01-06,-0.00491513058914198,-0.005137702077516884,0.000949366611193127,-0.0014314613257176995,0.004860538802329602,-0.0031360861611899305,0.0005061366244470308
2020-01-07,-0.006037016880204352,-0.0056425047839769515,-0.003110879069260276,-0.0018764912129823792,0.0005434177609955019,-0.004275970653662857,0.00042669996462801495
2020-01-08,-0.0009574511194450148,0.0008959094465416335,-0.018086508720947667,-0.005529019893194001,0.009642527355916832,-0.002943154498121715,0.00023874330660021446
2020-01-09,-0.012531957601339934,-0.012133512843761182,-0.00834868516169498,-0.007477241574915055,-0.02580572132711762,-0.009600171185762663,0.0004789937851662778
2020-01-10,-0.0034289217000933866,-0.005127006834450902,0.004972203952383343,-0.005164873231693522,-0.009843523600504379,-0.002436534599535809,-1.3347207323918375e-05
2020-01-11,-0.000900614826383522,-0.00031102607614535874,-0.005465624155984611,-0.001659606879362999,0.004364803157111037,-0.0012718946421476085,7.703594737309119e-05
2020-01-12,-0.0012230809014077894,0.0013490449242022826,-0.01473411644893612,0.000637167681140119,-0.003209579992018794,-0.0018985230383922716,0.0006381469957512694
2020-01-13,-0.01151738069842073,-0.008599761319027437,-0.022896795355579393,-0.006434486820612757,-0.008719660047808322,-0.010203532741326685,-0.00018667416502275046
2020-01-14,-0.01686529402676464,-0.01853777131152972,0.006128054490264186,-0.0070696913942725256,-0.04833345616070506,-0.011055789964824104,-1.337430719230661e-05
2020-01-15,0.01979420795350174,0.019808876057242145,0.012409578134797997,0.014359290629700459,0.018112371227569507,0.015525071396873896,-0.00022209698070421897
2020-01-16,-0.01918161885205596,-0.020024358164963455,-0.02034441295140036,-0.024666822687800682,-0.002378579599546996,-0.01725000421324471,0.00041019867325315843
2020-01-17,-0.017124079191568362,-0.015274914356098514,-0.017080889226441437,-0.008295865029247906,-0.016523166949803707,-0.013457196665838717,-6.347434146145812e-05
2020-01-18,0.015152915677711296,0.012941139874630934,0.027063248675757264,0.014058053356888336,0.001678709956115531,0.013894923323504586,7.282798489931513e-07
2020-01-19,0.0037103754974432443,0.003806106084322524,0.008201549861867986,0.007857225525951502,-0.017043115710506172,0.00410733530882486,-0.0003396963917979765
2020-01-20,0.002297762121413593,0.0029423254973582245,-0.005842970429478372,-0.0009874677745730855,-0.009987054469014872,0.0008097243231276216,0.00013710874339293506
2020-01-21,7.954032139064718e-05,-0.0007892039134455991,0.005771573276949457,0.0003331275174651376,-0.002280208459547992,0.0006805077425520277,0.0005016727354657015
2020-01-22,-0.0147765365739637,-0.01511874731159086,-0.01869158720792108,-0.01988960888220489,-0.009234136127729518,-0.013760956106879408,-0.00025099871410832846
2020-01-23,0.009587733011078075,0.009376870788171017,0.00871368656298085,0.008037859975612852,-0.0020097444120459294,0.007930967132515154,3.65578024069081e-05
2020-01-24,-0.008376617584298298,-0.008724534512028072,-0.00966409766852456,-0.011284907509275624,0.012308087506453434,-0.00775584291590602,-0.00039680585373656475
2020-01-25,-0.008290173357753228,-0.01040268308895677,0.004299743249839367,-0.00882384067972686,-0.01782120501368479,-0.006034162300345672,0.00019995343735726255
2020-01-26,-0.005593560524388026,-0.004219120729807961,-0.01911243791431017,-0.009731835481183903,0.029726979616822097,-0.00656321459950837,5.172097979607527e-05
2020-01-27,-0.021540940717729117,-0.023024967715014635,-0.0032774879864793435,-0.014688831663549885,-0.03048527722457441,-0.015914363693337652,-0.00016295250622270894
2020-01-28,0.008224797123612619,0.008310454587015135,-0.005480351225248262,-0.0021515629084754174,0.03723658836687732,0.004390310134164447,-5.7417659996899725e-06
2020-01-29,0.01864615681727758,0.01620972302823501,0.02363003653717448,0.01097168546638556,0.03142860062776691,0.01534906035535578,-7.423273576013029e-05
2020-01-30,-0.021781786775159316,-0.02048519231445211,-0.022093107135715457,-0.016061986988093437,-0.024866761046853026,-0.017899478728238674,3.42412439806197e-05
2020-01-31,0.013922048994849445,0.013351216445435595,0.009236737257074891,0.0076284635037784845,0.024085548561072506,0.010670978110592012,0.00019321433219459885
2020-02-01,-0.029103340282410482,-0.028738658988691098,-0.02214176838779735,-0.022322860214683566,-0.027402207537628735,-0.023328490142572378,0.0004118116644573673
2020-02-02,-0.007383717044863092,-0.007526312220802646,-0.014260898424698262,-0.01375247882603194,0.007643559204075527,-0.007718893117860085,0.0007461083631026299
2020-02-03,-0.011662540794181699,-0.010242515718026438,-0.021581203538493115,-0.012811720477848874,-0.002839890980608088,-0.011066975906442131,-0.0002038725729299929
2020-02-04,0.005758526998591096,0.0044247619902480825,0.01577557839985016,0.007289651503701342,-0.016207393929163618,0.006102107629224992,0.00044440073271696063
2020-02-05,0.011828930078244789,0.01032839677665444,0.020469418757991138,0.011556142624218007,0.008807709235853067,0.010934468829541449,0.0004561244766216783
2020-02-06,0.02260313579641415,0.023257342075764104,0.019702158716024685,0.023964393683846806,0.012007711254424727,0.019320338303201668,9.010920864114082e-05
2020-02-07,-0.017813114582545107,-0.016879231291003556,-0.024946687484034835,-0.01925855285882808,-0.012112402817056236,-0.016134818728839446,-0.0002149438172231335
2020-02-08,-0.005055741970202739,-0.0043688368840256895,-0.007146341818393753,-0.003429538701648398,-0.019407326976624006,-0.004339791263747065,-0.00032434303982914855
2020-02-09,0.004273503132196983,0.005320422586426106,0.003148249602498836,0.008624111185082812,-0.0007739571994567025,0.0042141357088939894,0.0003220644945729729
2020-02-10,0.016862887643377265,0.016808731528140566,0.009808005213508973,0.011282879561700484,0.026659513278472706,0.01309472045786446,0.0002914340690204951
2020-02-11,-0.0011317317316500673,-0.0030716394917135017,0.010039239948262014,-0.0018034860948197922,-0.00025670946014438455,-5.189578420904998e-05,0.00013763688765107207
2020-02-12,-0.010566485132017661,-0.010327748250751076,-0.0011245752736924741,-0.002047741483353122,-0.01403031814476921,-0.007015159481715076,0.0001407364406096585
2020-02-13,-0.0013361280930672317,-0.0017691194783521988,0.006303422907059299,0.0026092842063726767,-0.00047902811583754945,8.52187572041134e-05,2.642477461169399e-05
2020-02-14,0.004495240970733334,0.003578724898454719,0.003661296603290576,-0.0005986032137416247,0.012316214906349623,0.002992806115197576,-0.0005497943560468415
2020-02-15,0.006401318626218429,0.005281853900960876,0.016325452618773426,0.008933930590326518,-0.0038271616864389135,0.006753222723531082,0.00022829298439823838
2020-02-16,0.01784007517924829,0.015318002101586375,0.02898764936244077,0.014646277895695342,0.015310053879426633,0.015907475887758468,0.0004808565021020704
2020-02-17,-0.01743384935192017,-0.0163886260399262,-0.011783760099833115,-0.008103996966809782,-0.014128564549408515,-0.013110756249267311,0.0002472595385530832
2020-02-18,-0.017342912533775613,-0.016746370733856025,-0.020132901023066734,-0.01697236572701364,-0.0071973186618013146,-0.015080632608500498,-0.00012396786338117076
2020-02-19,-0.012674164233748824,-0.009298433543436834,-0.023253460346534582,-0.004718583771518933,-0.020815363915373072,-0.01067237591184592,0.00018044865038800635
2020-02-20,-0.00012475266902338834,0.0013855426648155067,-0.01667125546710782,-0.005901654526361659,6.0873731393627e-05,-0.0023930737898268497,-9.682426728016661e-05
2020-02-21,0.004326420861455942,0.0053786266596616925,0.007103516090189815,0.011824810870669661,0.002290610103933316,0.005052634273672494,0.00038556170694519404
2020-02-22,-0.0002778367735667025,-0.0024135210348876016,0.011842896313800717,-0.001140777076644076,-0.00023542752606429257,0.0007445323054555901,0.00018448932873681308
2020-02-23,0.008967675420757791,0.007815871121754744,0.011169924639544457,0.005212265009775225,0.005215856130468818,0.007408295488424262,0.00033250286759990905
2020-02-24,0.00862949123595949,0.008961199954298433,-0.004883309162156049,-0.00037606508017109554,0.016369511412555354,0.004992403939890231,0.0003273445475864419
2020-02-25,0.021070748270292615,0.02219325616371106,0.006434796423747947,0.015317430933487124,0.017892772481070074,0.016042560625862536,0.0005579909231368174
2020-02-26,-0.0004249022231845481,0.0008424754235074205,-0.004521810766712936,0.00255501233941056,-0.006781295046648286,-0.000350188707144864,-0.0002546933611592389
2020-02-27,-0.009271319606480024,-0.011455959888377741,0.008944468837844433,-0.005677283100774423,-0.010672246620085155,-0.005822982777596887,5.22432524819584e-05
2020-02-28,0.003966935013846656,0.0034944398781235177,0.007654398571487562,0.004654026627043481,0.0022165385685105365,0.003881253902616795,0.0004045981360265053
2020-02-29,0.00017355398025961579,0.0016749452851024791,-0.013057741487596272,-0.00300652506383439,-0.01384259070738978,-0.00135833974052152,0.0007693397669115848
2020-03-01,0.010142098485339127,0.011093467826848608,-3.463645249507895e-06,0.006915919115948811,0.005003420866085186,0.0074327191575583006,0.0006168090841514402
2020-03-02,-0.016262402757698986,-0.015902247752479837,-0.015117829278964188,-0.013894790155152487,-0.005111559693662096,-0.013495698281467279,9.819255349816341e-05
2020-03-03,-0.020447767034409217,-0.01936017568112842,-0.028221866591709263,-0.021714954249479536,-0.009882718186994623,-0.01831151223555458,0.000582675687460998
2020-03-04,-0.020480183718278595,-0.01863863433336304,-0.03030988352264428,-0.01966357467571616,-0.016489718203639203,-0.01826339757351473,0.00036407005311416674
2020-03-05,-0.0014513921691131162,-0.001950340197761741,-0.0017351390055434885,-0.004179739455310639,0.004805066076621728,-0.0015949266273681158,0.00037593560733781506
2020-03-06,-0.007841023403766773,-0.008706114717798493,-0.00012966942747019965,-0.00610366200363416,0.0024332888662087007,-0.005785587150360276,6.751107563057721e-05
2020-03-07,0.004866964171898686,0.004809323874261613,0.0035237465601126935,0.0035989856787581247,0.007287589326417134,0.003919370312189732,0.0003000308411298874
2020-03-08,-0.013620927364568918,-0.01523079032349792,-0.011269085906537118,-0.01996662097083563,-0.0065181517424211305,-0.01233489201568031,0.00010126041457510994
2020-03-09,0.00605439743332957,0.0035221622032961873,0.009820096025380691,-0.0033104190367069927,0.01202694358363755,0.004145668778304714,-0.0005389372010429741
2020-03-10,0.0008914862175441727,0.0005368716793634645,0.012249193216282709,0.008234489934523172,-0.009085944568735033,0.0028590880782017186,0.0004597893875007803
2020-03-11,0.007094956001078431,0.007436318635490749,-0.004667819099925455,-0.0004802532341155307,0.01887472901792183,0.003936047301888058,-0.000339015579536246
2020-03-12,0.015577600394636423,0.015341743851007915,0.02049437364124171,0.01865312702590616,0.0008138573742466331,0.014248324700760156,0.00021563241911918697
2020-03-13,0.00286322204606103,0.0028070364468906865,0.00026126045691701044,0.0005645755883098729,0.009404543701891378,0.00188089123587637,-0.00016076162721673307
2020-03-14,-0.013267916847542905,-0.014533812364888037,0.0018832636673969966,-0.007678963086897564,-0.016696957178649937,-0.009157661430447167,0.0006554229335386222
2020-03-15,-0.0021410223839984865,-0.0038652109363935608,0.00989736503123946,-0.001084884954891856,-0.014004085256090487,-0.0005177203271644297,0.0007130303286044979
2020-03-16,0.01200209884711247,0.011847037052074558,0.014391908673106957,0.01338014122177593,0.0015235533073869757,0.0107481865768992,0.0003921097793543718
2020-03-17,-0.028252980380844436,-0.025875957885262417,-0.03037064085349278,-0.018773603679592445,-0.0318195293217614,-0.023061388020109506,0.0001963220593813384
2020-03-18,-0.014561536872197425,-0.016748575347319952,0.009739667215741236,-0.00621584410974362,-0.023544911156373888,-0.00916395938865083,3.485167395410316e-06
2020-03-19,0.013501351326896888,0.010208316023651586,0.03666721441229658,0.016039665643337385,0.02415119933755301,0.013960778646014027,-0.00015956098072949246
2020-03-20,-0.009816934130936884,-0.0077990138450068375,-0.017221866803781603,-0.005970354584850915,-0.008405638894673991,-0.00852627837223843,8.309227569717334e-05
2020-03-21,0.010517151174904888,0.008473051873354268,0.01162363116684408,0.001507042175652817,0.012442957662974034,0.007916929421564821,0.0003892733320728942
2020-03-22,-0.005484478105918561,-0.004169704050311224,-0.0061117563276636335,0.00039827431586690696,-0.022779463877515622,-0.003934260383452838,3.59636700173901e-05
2020-03-23,0.003976758124013507,0.004750727823196143,0.002741070451818391,0.006879660946339011,-0.006915217095858128,0.0037847812601775974,0.0005746258180447238
2020-03-24,-0.0007207250408746571,-0.0017405702625562082,0.010706202196158894,0.003378683554562019,-0.011584905386882118,0.0008930512812271767,-0.0005158350867095021
2020-03-25,0.0046952702381389015,0.0044363846674399365,0.008685176054537173,0.006702297968787459,-0.0017424551623819872,0.0046574987320588115,-4.619601002441503e-06
2020-03-26,0.023356830327580017,0.02472028355040392,0.013872631009757537,0.022971562559476365,0.010824876161255012,0.019129798985858162,2.5192057367359817e-05
2020-03-27,-0.0037249118293614207,-0.002422349089820019,-0.007489566045400501,-0.00038205336082743893,0.006904195996708628,-0.0030228696142991815,0.00027899276910257415
2020-03-28,0.0011529078778074442,0.002522881717488373,-0.004359322413915224,0.003533631673104533,0.018944920000954612,0.0008313163648170875,1.1044845235582505e-05
2020-03-29,-0.0043006305034295166,-0.0033294835561164748,-0.01214945630217229,-0.0058734083634876975,-0.02573543021284474,-0.004565259440490395,0.00025852653608991717
2020-03-30,-0.010325191645682819,-0.0076972841475837495,-0.01951262743962664,-0.004900266706253247,-0.02242149287395719,-0.008909256060270127,2.4281655555957615e-05
2020-03-31,0.016979653854871716,0.018524317121060677,-0.005821351955201386,0.006699218681502287,0.028323088428092835,0.011171990890964519,0.0004930068690931681
2020-04-01,-0.017954663371980522,-0.017918072027061017,-0.01047568302193939,-0.012157460248726918,-0.03887919789330413,-0.013866544440356048,0.00038245666210176874
2020-04-02,0.010577648169964475,0.010706633219905646,0.014791781196248409,0.014794425071607054,0.011647844424742326,0.01005105417217185,0.00016343147466197093
2020-04-03,-0.005376356282639409,-0.0038163062322467464,-0.013809623707532163,-0.004524427024611614,0.002141810935315948,-0.0052350470426974,2.8846267248204755e-05
2020-04-04,-0.024880470258865688,-0.02585317488666061,-0.011816897810877011,-0.019740401204887452,-0.026968929557488076,-0.019396283311946587,0.00040093189642391984
2020-04-05,0.01700427835550377,0.020509707190822953,-0.006185458329335954,0.016103629872938525,0.0003968709565809643,0.012433135220313293,0.0002881574140154061
2020-04-06,0.0022247486277573,0.0012373426894584797,0.005070583879619329,-0.0003316555280786764,-0.01277350103619321,0.0018029060887371755,-1.0900265771323535e-05
2020-04-07,0.005696014765882973,0.0040463467435056764,0.007871257906653394,-0.0005977682925370304,0.02180884077034785,0.004190614135452119,-7.310820949222641e-05
2020-04-08,0.004447244333872563,0.004991666056785301,0.0014423697648535269,0.004826843291056284,0.011781215730404172,0.003561718561331995,-0.0002555207266286729
2020-04-09,-0.007546589038945821,-0.0074632115491025,0.007730197182855544,0.00492032227443849,-0.031079554105463165,-0.0032691620043803255,0.0007735341551932911
2020-04-10,0.02396748299577752,0.023357393506373187,0.020413006074871683,0.018587219629249193,0.01594841876578965,0.01949753776056243,0.0001094706030898117
2020-04-11,-0.016197169936320047,-0.015572696545501348,-0.007163107342843492,-0.00621006733666158,-0.029256553932484154,-0.011686230175559158,5.513135203760214e-05
2020-04-12,-0.019448353020155042,-0.019363794560979558,-0.013602028728613848,-0.014743795024587815,-0.017723213262440994,-0.015489483104597919,6.265827947624958e-05
2020-04-13,-0.002805177041860996,-0.003410678757142376,0.0015377498628779671,-0.0023820908444711986,0.0004852489627184455,-0.0019318315350269329,0.00019866560370675353
2020-04-14,0.013956238652059113,0.012578751644316011,0.020371117813100352,0.012557214445178195,0.024333035515576768,0.012376332094524666,0.0002633245252084029
2020-04-15,0.016065155746772346,0.014707706205038196,0.009839236764132286,0.004696452361529619,0.03789456439386593,0.011663028839001374,0.0001735288949710893
2020-04-16,-6.248725640559542e-05,-0.0004771676012571546,0.0007157517564502019,-0.0014885572736764502,0.0044387052938257045,-0.0001906043560443063,-5.547105696607015e-05
2020-04-17,0.015354381905591664,0.015056263856812663,0.01135467623790485,0.010984689672641676,0.006992286206829948,0.012230304810051927,0.00021560879720505216
2020-04-18,0.00278568091674013,0.002184508756598975,-0.00022649791364632264,-0.0025446989027334338,-0.006172308065830028,0.0014263642558355835,0.00032799512009492086
2020-04-19,0.01739670935317361,0.01832649080911076,0.017036398934749997,0.022046941042325248,0.007710229506267579,0.0155455797816385,0.00012872777512199028
2020-04-20,-0.0049327415547173676,-0.0028192149079318413,-0.010742381009976728,0.0007640069578029839,-0.016657690814011965,-0.003968850239561242,-0.0001146636350844852
2020-04-21,0.011175851279439722,0.013542026866094216,-0.01512877898792382,0.0020401049233476545,0.021213093408737605,0.006006345910724112,0.00022332829316124014
2020-04-22,0.005972135004939018,0.006217169713029782,0.01820355770823196,0.017086022094127434,-0.013676842665489939,0.0077587344317201126,5.826157565460369e-05
2020-04-23,-0.008899440243402312,-0.008850853579219206,-0.0030327217604210546,-0.0041372735794036886,5.735149090423455e-05,-0.006494149999910515,-0.00033812807085602036
2020-04-24,-0.0022861457470119647,-0.002813841395941714,0.005042478210981393,0.0009181780012806106,-0.006149572792421851,-0.0008204595809543389,0.00030179987244552593
2020-04-25,-0.008356061356561058,-0.010356355633862531,0.012256804064468822,-0.0019101905117398302,-0.027414212510568876,-0.004466249341168286,-0.0002076732498910052
2020-04-26,-0.011606894329329409,-0.012174104176453026,-0.01289520855816134,-0.015677183659850703,-0.004801378929954889,-0.010590692151465119,0.000274170803924585
2020-04-27,-0.00024035761837343578,-0.0006182735128029899,-0.003918315675967144,-0.005053191911087204,0.012636493692046436,-0.0012105081803028361,-6.219121053318647e-05
2020-04-28,-0.003292537774856137,-0.003549898871009655,-3.453258951277268e-05,-0.002021238740176078,-0.0031537400345236933,-0.002371468933639108,-0.00010547284504348192
2020-04-29,-0.0031286779163752676,-0.003001119222295496,-0.011271675485033175,-0.009080570782180322,0.0023107408016116004,-0.004196243809409126,0.00025306006526482327
2020-04-30,-0.014105571778746287,-0.015235943609918636,0.0036773612228815184,-0.005756544906448634,-0.03331215168958907,-0.009272195054733434,0.0005585623719130279
2020-05-01,-0.0010913199656446115,-0.0016229327592304403,-0.00042448372968980426,-0.003211021775990473,0.010860868768516644,-0.001133968311812601,0.00025885997414099395
2020-05-02,-0.009755261306658236,-0.007739384780923808,-0.028573903345389236,-0.015053075405191609,0.004396934686401262,-0.010725440967330255,0.0003112639271741944
2020-05-03,0.007996847138628815,0.00797946716177239,-0.0007451353509786126,0.0010674628423248565,0.008118575935320529,0.0051861049225635,0.0004939080859925014
2020-05-04,-0.00522723206595785,-0.005274695306045224,-0.009853806510056077,-0.009267240574470271,0.006119606303721231,-0.0054551745492220005,-1.320470584719553e-05
2020-05-05,0.013114497131615728,0.01158016173207836,0.016797821429781673,0.008744682297434381,0.012807729928517758,0.010955586809896447,-4.263291840910489e-05
2020-05-06,-0.016729470531725375,-0.014952590331877758,-0.022490689779779582,-0.012898801965010032,-0.011529723025439607,-0.014294580422821198,0.00017774057270072865
2020-05-07,-0.002671811242057997,-0.003991196464025287,0.00698028693140096,-0.00151277723921812,0.0036598607508221102,-0.0013331986839216013,-0.0004277342716141167
2020-05-08,-0.04565321253389446,-0.04461312404108764,-0.04949153557901183,-0.04449961408133777,-0.031004433304991138,-0.039310221183818016,3.580075686195431e-05
2020-05-09,0.01928840771826135,0.01813571575131595,0.022887151365724456,0.016853932109664158,0.02282196524943994,0.016550846766119936,0.000247018211131372
2020-05-10,-0.004445438303700274,-0.005896009698670918,-0.0005556488152673872,-0.008581208444440571,0.0063004649542197765,-0.004091086148238836,-0.0003564862871190599
2020-05-11,0.0029091343476199756,0.002526243787274697,0.014770525182910487,0.010566116520492719,-0.02350889171878036,0.004603052220685571,-5.830928968060997e-05
2020-05-12,0.010265255990938867,0.009446161240207467,0.014205983624533881,0.009577917907161169,-0.001603637297389179,0.009046101309773135,-5.513790703141837e-05
2020-05-13,0.015062864379685079,0.014617324295603714,0.016807636262829655,0.014563804849035054,0.009527064328740932,0.012963244384537652,-0.00024168453012780866
2020-05-14,0.011632808090782694,0.010596282349051444,0.02894089022145938,0.020583692023023726,-0.0157190073829319,0.01280868909796487,0.0003900384981800478
2020-05-15,-0.01496417333607667,-0.014711192329084589,-0.007011422241578608,-0.007652857847034098,-0.03873142201271097,-0.011095628564698503,6.640471876137566e-05
2020-05-16,-0.006565239440033963,-0.005346012910346814,-0.010128508774783534,-0.0035259601106094204,0.003234405558123663,-0.005509101273919857,8.897353148160211e-05
2020-05-17,0.0028624713445422243,0.0026735006857539043,0.0032883593063015,0.0023173144941446393,-0.008049487096248966,0.0024843542422610353,0.00048007961407747757
2020-05-18,0.004074516137803815,0.0033857894015631176,0.0027541573957657883,-0.00030410011656501054,0.004373037661514933,0.00277765298314312,7.547532327183314e-05
2020-05-19,-0.0184679393388664,-0.015485464002291447,-0.03588577479621656,-0.018036642997639508,-0.004897870508085132,-0.017328495843542208,-7.476656020386258e-05
2020-05-20,-0.012021908571101513,-0.010361072832106558,-0.022429896657688856,-0.012400469211685273,-0.010000871364290323,-0.011166174593999666,0.000813027526346904
2020-05-21,0.013339259024524751,0.011407112196791615,0.02942913415986505,0.01693822010995889,-0.006525358766221892,0.013327429086737569,-0.00025405628365493467
2020-05-22,-0.011982686450152274,-0.013518423680114385,-0.002636693579927996,-0.012331991825746359,-0.019168283224471977,-0.009491123150356676,-4.798662118503204e-06
2020-05-23,-0.0022872712706747574,-0.00255323004413829,0.0013984128106989797,-0.0007052440488025257,-0.011655245269491707,-0.0013639735626266203,0.0003469138451705914
2020-05-24,-0.007190396555801615,-0.006752222534078592,-0.0038906946397934475,-0.0025288957575722443,-0.01636260507020169,-0.0052296938644612176,-4.837646135670066e-05
2020-05-25,0.006927769653372312,0.008044475397917283,-0.004181664285493206,0.003679745659661461,0.014180130948981724,0.004611710021547584,0.0007779306869020353
2020-05-26,0.007761131505990903,0.006858001702809806,0.01476911597487673,0.009057933244878774,-0.007434014827859988,0.007479451527793607,0.00016736193129966161
2020-05-27,0.00021382520057328886,-0.00025405213152067765,0.003941527926227759,0.0008882928758480845,0.002923196611531457,0.0006127533705984293,3.2849435802598487e-05
2020-05-28,0.0004982271864743046,0.00226689953388367,-0.012421451058669911,-0.0010949368210963384,0.016856015897447885,-0.0009085804637306802,0.0002313675693511647
2020-05-29,0.0010448244477934835,-0.001606798501711595,0.008992070283939836,-0.005688907880274031,-0.0022442230146141485,0.0007610739080358378,0.0006704057692689862
2020-05-30,0.0008204427740027597,0.0011802732562592065,-0.008690564075324994,-0.005000440090045932,0.013244342915256826,-0.000907195229513345,0.00030244112066956416
2020-05-31,-0.012536704367950114,-0.011977704097983322,-0.014673904755388106,-0.011731305865443164,-0.0054234053373706775,-0.010856179945143577,-0.00022157830901959865
2020-06-01,0.015593837334545092,0.013796839584124108,0.021025890475784324,0.011372428038297612,0.012960733157250257,0.013275489962618296,8.7983442505327e-05
2020-06-02,-0.008991176657246705,-0.008014361813221023,-0.014556947155380388,-0.008806733441864917,0.009819696587685584,-0.008114744554788883,0.0004291091226598807
2020-06-03,0.011576188897119873,0.010739038256173407,0.007335826298787328,0.004271165879848324,0.016547612116112505,0.008593734343646594,0.0004366275136184708
2020-06-04,-0.014131222584761122,-0.014514356914100617,0.005255554943012013,-0.0008086351950780304,-0.01817800339500002,-0.008457895332831446,0.000576329695154364
2020-06-05,0.003432319707416171,0.001983143193677084,0.007356769163189551,-0.000525147617077499,0.014450068530140678,0.0027887727711590165,0.0003370652694805209
2020-06-06,0.004451845119042331,0.0024463869568044786,0.012748863512593963,0.0012683130128545396,0.004626208151866417,0.004133452023368083,0.0001610200977476923
2020-06-07,-0.011613908990973755,-0.011554860352306745,-0.019286142604596247,-0.017695186622089847,0.011600327563184526,-0.011461471875181638,0.00014564177068291713
2020-06-08,-0.006141348271560954,-0.004714326345028829,-0.014894864323176032,-0.006223569240075337,0.0036560990368186014,-0.006009887982294776,0.0003034739429900096
2020-06-09,-0.008314095000307343,-0.006824340039977779,-0.011563314162576568,-0.0037233591698230028,-0.017404018366386123,-0.006756025353903253,0.0001498221861090988
2020-06-10,0.0020426502868479933,0.0014556595281720935,0.010764977486733085,0.00617105082913518,-0.015733664913085185,0.0030321368275344875,-0.0004710062250549111
2020-06-11,-0.0054079041471145565,-0.0078088354079094945,0.022931645124955737,0.005293573380002784,-0.0022054414812759495,-0.0006217035229630482,7.01689634804902e-05
2020-06-12,-0.021735232325069572,-0.017621047007462868,-0.045832409062315047,-0.021134415109914158,-0.014193863455436603,-0.020610975706251533,0.0005406108761961562
2020-06-13,0.010731425214104825,0.01009140135619646,0.006949451196514133,0.004754536744672647,0.00587387548898472,0.008062687142535718,0.00021099507871988836
2020-06-14,0.008796772284472221,0.007990837939030666,0.005615413787668638,0.002441003231714656,0.02027225194019966,0.00641265845640895,0.00026510172614349365
2020-06-15,-0.012609038089938539,-0.010999970524389951,-0.015667529509222462,-0.007371847948013424,-0.01697721385453585,-0.01026216983691424,0.00063148673294993
2020-06-16,0.006084010919115419,0.006566602179249867,0.0018406094931580036,0.005196940201858412,0.006510857324530268,0.004701162776769667,-9.846900312214307e-05
2020-06-17,-0.010030089241781587,-0.010631183161525948,0.0009525696552883239,-0.004426132526866856,-0.00918308798203512,-0.006756943546163693,0.0006082327184210828
2020-06-18,-0.0051421486835593255,-0.007442737715261296,0.005464700584093273,-0.00811595440847839,-0.008792793988261704,-0.003939889374763622,-0.00042338256188882733
2020-06-19,-0.005070086804453464,-0.004231308831406934,-0.005600761820026926,-0.0014475693879123096,-0.00470326201135084,-0.003924720627793372,-0.00024479891195702683
2020-06-20,-0.004387941034669481,-0.0037402145476500216,-0.017623305789275644,-0.011861986191329332,-0.00041590922733486025,-0.005991586405880019,-0.00011183109211710521
2020-06-21,0.017363698254501556,0.016608876777908288,0.02174452333085975,0.01747667229455948,-0.0041978286974805774,0.015361628009117707,0.0005070945873960227
2020-06-22,0.014756305190269369,0.017190433225093036,-0.008035181564832254,0.008836156068699074,0.02362116887333688,0.009850307889786641,0.0003339156661647059
2020-06-23,-0.007753022038317416,-0.007001008759532444,-0.014204740404745295,-0.009364672138526386,-0.0013015369745556261,-0.007370436230319643,0.0005080281749040163
2020-06-24,-0.008207661776522655,-0.009327345922407995,-0.00396190620532672,-0.010514225944781153,-0.01054253031126711,-0.006923857830666362,0.00038878545056094933
2020-06-25,0.011660714815496189,0.010125331829999158,0.010582368559037126,0.0034386567698399886,0.013559614375770097,0.00881287289243168,0.00039016942217666537
2020-06-26,0.00034823577835337504,0.001970188096161297,-0.007280766395121466,0.0022505197135155837,-0.008821202362825792,-1.5112632576764096e-05,0.0006961745798061525
2020-06-27,0.01887922756305297,0.01746613559155896,0.031205543782179396,0.02212974989982932,0.006889396968249585,0.01778316174852963,0.0003720425302715111
2020-06-28,0.017929225814927726,0.017019468056302438,0.01793056935284853,0.013792586478322254,0.0007010384194767183,0.01480937007025479,0.00010476778158677804
2020-06-29,0.010589889623551773,0.00882279214372448,0.02251037490818593,0.011618447851139933,0.0001569840848827022,0.010209158892736886,-0.0004916878878314106
2020-06-30,-0.005606157597626977,-0.004886967593240789,-0.010823463420980775,-0.006354454419851436,0.0032489839896773388,-0.0052650194628215685,0.0007563816628324456
2020-07-01,0.0017681417448051201,0.0019967948196239985,-0.001329518531587741,0.00045752126081692623,0.004907246823453261,0.0010398873015896543,-0.00012993563123671385
2020-07-02,0.0020306936663946683,0.0013552459859416028,0.007029330780750359,0.002728154289040151,0.004313493615790755,0.002319776373827865,0.0002675700364410737
2020-07-03,-0.020141129111753323,-0.020452000667424607,-0.017061221357850802,-0.01961139263095025,-0.02303035134476064,-0.01694922303474755,-0.0002169172466136952
2020-07-04,0.005426378220027858,0.005518886959738462,-0.006023284809294327,-0.0031613818336697092,0.02102980768733089,0.0023951279129694647,-0.00032248155946193354
2020-07-05,0.002187836397525808,0.001727007232352804,0.010154688351278248,0.006334556217710373,0.012941383209134754,0.0031166304295633836,-0.00029888025933692456
2020-07-06,-0.00034109052869686315,6.189083646843184e-05,4.497353965488872e-06,0.0019188876957373794,-0.0007118535742980692,5.5281097867815483e-05,1.991075191293959e-05
2020-07-07,-0.0053409387169739905,-0.003518532963206121,-0.009557088560120042,0.0001736066139435095,-0.005885309762571579,-0.00412624887409674,0.00042002219197260365
2020-07-08,-0.003551502275900732,-0.002534690607516583,-0.015089790367850544,-0.00782618211914416,0.008557170686286844,-0.004691256134824672,-0.00019655170083710178
2020-07-09,0.021539181571175237,0.022768351615539802,0.010420672557288967,0.019140865052279216,0.032307636921530686,0.017188775154164077,0.00031964791857352296
2020-07-10,0.001983320247754876,0.0033894992689024748,-0.015555386863873357,-0.005073561555544753,0.018935713899629746,-0.0007517615641194917,0.0006053441710638845
2020-07-11,-0.005311418815239088,-0.0035058244029958574,-0.029676119863455266,-0.015991674710444652,0.003922882878005469,-0.008187597356676055,9.515384046984558e-05
2020-07-12,0.01957307927951334,0.017976216157727938,0.026859597704613512,0.01790630633466147,0.01038207593597426,0.0171862573307589,-5.272755488069865e-05
2020-07-13,0.017070969367684947,0.016216195921078324,0.00612262241510028,0.004433917571951419,0.0223339468096634,0.011884909395834965,-0.00013936026086147993
2020-07-14,-0.005778954044191894,-0.0063261321199523015,-0.0017565351160484745,-0.005390550827623659,-0.0054627356772521994,-0.004464893582088085,0.0005446575403124283
2020-07-15,-0.006895882307381201,-0.00934342293242273,0.006131516187135151,-0.00870357947709419,-0.0018478490886149022,-0.0049996902276599605,4.2381573665125345e-05
2020-07-16,0.0020901444708031187,0.0013489411898270007,0.009096763411905021,0.0040801529550312295,-0.008283736176582093,0.002658705897172952,-0.00022273249762745021
2020-07-17,0.029658911891478325,0.02941163756044381,0.028449991731841352,0.028062561153240847,0.005761963487281297,0.02510108872542896,4.288265234784111e-05
2020-07-18,-0.0008476983079590312,-0.0015374261221932934,-0.01217189173015901,-0.013326638771426582,0.019134044138249935,-0.003499837827774371,-0.000231182138443442
2020-07-19,0.0037420271076871407,0.00506991341083623,-0.010140826916226971,-0.0007256472267961099,0.007563757372676473,0.0013253177347592499,-0.00020050024688982845
2020-07-20,-0.005751050443835609,-0.003909112604663878,-0.02631380157529967,-0.013211554140641311,0.01851267977348116,-0.007832473333897555,-0.0002772645866955306
2020-07-21,-0.0013407786527831595,-0.0023511470258934194,0.001687331260887187,-0.003940370271685574,-0.005328871174358618,-0.0012129244462000832,0.0002022106809172116
2020-07-22,0.01301470043662976,0.014269767146405134,0.00143563808944501,0.010211631999788242,-0.0031529057361056045,0.009739637178927,7.105705832849153e-06
2020-07-23,0.00039442181730254346,0.0016212964695245776,-0.00990766500156631,-0.0017817030167008733,-0.009038246746613932,-0.0008570284924158263,0.000155229861561622
2020-07-24,0.012291117816749283,0.013540930221301376,-0.0021788214074065938,0.007124807570795051,0.020171004269468315,0.008606359505528599,0.0005127250725925419
2020-07-25,-0.017225024015080817,-0.016540141049424997,-0.015108842477638097,-0.012480274139235706,-0.016642741587003716,-0.01401088097336687,-0.0006491637926398131
2020-07-26,0.007046735132915117,0.004639780918574014,0.021214505287404158,0.006632145490521534,-0.005625981945423492,0.007236677566610397,-3.066751009657916e-05
2020-07-27,0.0217000402234988,0.01969339930698278,0.03302249761945959,0.02128074654186583,0.01688899275386442,0.019537812569037246,-7.728623587770504e-05
2020-07-28,-0.0020129869251862107,-0.0017720526406010016,0.00015398694875367637,0.000860883885618541,0.008870574851679362,-0.001064685028929754,0.00048319578471832733
2020-07-29,-0.01619555503465426,-0.016018713769735026,-0.008820913336272482,-0.009744812175430332,-0.012698964480637395,-0.012341231255789242,-6.7237625529568e-05
2020-07-30,0.03407916764683297,0.03493820266832276,0.013944661728063506,0.02288082561744237,0.03910287094025169,0.025982729281577722,0.0007976826735638268
2020-07-31,-0.009567225335943534,-0.008886068626174623,-0.0049358453580461495,-0.002689062955546059,-0.01504986670358861,-0.006830231495737492,2.5562072998714858e-05
2020-08-01,0.00719324574960372,0.006603289820320481,0.015321295990891172,0.010920615581851053,0.011210794904525832,0.007438569217284032,0.0002276492557750032
2020-08-02,0.0039438633715707635,0.0035260350083063203,0.008624792102788721,0.005700796294909488,0.0005311059171968723,0.0040593059381378305,0.00013076072703548133
2020-08-03,0.01524020561868481,0.012570009344777713,0.0194892106734306,0.0057551635012783936,0.022093223636602016,0.012110807831598378,-8.596597621554942e-05
2020-08-04,-0.003034072315273181,-0.0035896650519145518,0.005583999669627337,0.001064509570902697,-0.007949079435604387,-0.0013332318516336666,-0.0004716931784649545
2020-08-05,-0.010538279776538928,-0.01144880207967968,-0.01859558674275953,-0.02169877361049273,0.020044930583198443,-0.011258289900372347,0.00029512439656118804
2020-08-06,0.015791149185933974,0.015647758753880886,0.0005879505928122024,0.0032254159532556607,0.03134247540104671,0.01051582740417036,0.0005324303778663116
2020-08-07,0.010989814782042112,0.011564515216045956,0.005597406116921792,0.009737246135569836,0.004532856611834571,0.008749593688852456,-0.00012709230020717648
2020-08-08,0.011103871248753625,0.012408564965593826,-0.004536735602288751,0.005265418783462962,0.006409794862560884,0.007269717183640261,-0.00033843146887847753
2020-08-09,0.0026755206935943753,0.0009821388878980275,0.011421995948083215,0.001352994990042985,-0.011728974416339922,0.0029428254135981714,0.0003955100437195254
2020-08-10,0.019922360217320793,0.02030458747774073,0.009796080119461016,0.014095150117962018,0.025306165112532635,0.01546028772938868,0.0006417945945932787
2020-08-11,-0.006360346695458551,-0.004239313496861599,-0.01413310275854268,-0.002230512150892341,-0.0007776354896818667,-0.0055494028694574775,0.00013288360631282488
2020-08-12,-0.005690938585760086,-0.006917132374564036,0.006523174554132164,-0.0020937924776094725,-0.01632501272033623,-0.0032728727499252977,0.00014641576782361242
2020-08-13,-0.015185263020334846,-0.01567320005794222,-0.009960034779314685,-0.01372160661153395,-0.015602678205618416,-0.012332446943644208,0.00012059789140563976
2020-08-14,0.0012985163870195167,2.6479186287044426e-05,0.012374382803451659,0.0038938863715054536,-0.005114781315337085,0.0025104397650925372,0.000371485239087774
2020-08-15,0.0049110598215133736,0.005402627225130156,-1.3397832267910033e-05,0.003492255973878056,0.004003230228075542,0.0036167761305809913,0.0002900947453730238
2020-08-16,-0.0040944861269928004,-0.0034284816286340772,0.0046909077192810265,0.0061441737355811136,-0.007185814935897499,-0.001322062214504377,-0.00010861431013088217
2020-08-17,0.0071675799619516905,0.006840201390644619,0.009722487771024644,0.007727494574313603,0.004539765156792646,0.00652109201994537,0.0005056545939274894
2020-08-18,0.004443559192594366,0.004410646886136216,0.009874494017061346,0.008711207151377229,-0.0008710961528161738,0.0049087381219320575,0.00016921453696739508
2020-08-19,0.004069945730813595,0.004053162592861179,0.0035242351254629414,0.0036339803207504793,-0.0017956250137355443,0.003364696758433092,-0.0001056430543034072
2020-08-20,-0.012029267971765779,-0.009638910356957372,-0.029100618108770987,-0.01412183545098256,-0.004568379741924421,-0.012095181196302016,0.0001634313665415899
2020-08-21,-0.003932971012877905,-0.0004047650429948803,-0.01550239026616081,0.004156744584720408,-0.0015668300001706807,-0.003235547993898941,0.00027135353699734227
2020-08-22,0.022396891690905186,0.023109645213474483,0.023914632150466228,0.027575901338676732,-0.0019689923640450503,0.020083159717902258,0.0002061477593857675
2020-08-23,-0.014603259617052328,-0.0141147309812892,-0.011866820430199381,-0.010299958052059362,-0.01638679419324142,-0.011626246733676385,0.00035580264090963337
2020-08-24,0.0013293567408890264,0.0020172870729270325,-0.0063691879528585,-0.0014030168989461785,0.013321803198271549,6.542270587349148e-05,-7.495700386426319e-05
2020-08-25,0.011743186554158954,0.00973196922903169,0.01127810722310161,0.0016549747436586278,0.030562046882497806,0.008734278108040465,0.000779924530447298
2020-08-26,0.0036585423680103126,0.002707684342175367,0.014929929689949044,0.008047817120200668,-0.006883204644836749,0.004774072525476727,0.00018836525481029351
2020-08-27,-0.015024473821043185,-0.014683434413102898,-0.010673111403656331,-0.010168469280851689,-0.011327408181471073,-0.011751280461512456,0.00046652962610701517
2020-08-28,-0.008981090017805287,-0.007911946217552904,-0.0021425513830116844,0.0015878103208844512,-0.02118505826291501,-0.005594730284596545,0.0001939571017903342
2020-08-29,-0.0007628764522220986,0.00039725272133245726,0.0021827599286449043,0.0073138954244824994,-0.015483256708405183,0.0006983002738983283,-0.00022410918479663612
2020-08-30,-0.005878645726961408,-0.00278707538395746,-0.02750599020743727,-0.008032245213846026,-0.0079937876914368,-0.0072126665422565265,0.0003254241202100933
2020-08-31,-0.0070959425333008514,-0.00813754510003708,0.009517851506381507,0.0009063949391678603,-0.008577309552957012,-0.0034861499306551294,6.311144670958257e-05
2020-09-01,0.0013209052790212582,0.0035060797965126866,-0.0133439852327962,0.00040318019885719975,-0.004798806528007481,-0.0002475628115072209,0.00034964463490862977
2020-09-02,0.030946169320160796,0.02926977966498577,0.022270009368611454,0.016339409180839905,0.03580888244371124,0.023751087403914944,0.00016953339600035456
2020-09-03,0.0010962251428305908,0.002076000724803846,-0.003488447387287873,0.0022938363143781217,-0.011512535161933356,0.0006752651249009106,-0.0001666658918905218
2020-09-04,0.007493782013196377,0.008804913976232703,0.0005694558521558654,0.008567452216322956,-0.009556895598843634,0.00605625275368977,0.0006868202852193704
2020-09-05,-0.008825066103868746,-0.008205385472898596,-0.008504404930657985,-0.00568733859064573,-0.014703556837346202,-0.007075253639593486,0.00017612101303796207
2020-09-06,0.0076464792481452356,0.006036784326734953,0.020659467660894867,0.010256211297275384,-0.0011301499096677972,0.008085113469779442,8.476771328338244e-05
2020-09-07,0.02853609353071061,0.02627095963408873,0.030511815300204144,0.019497123523319025,0.030645371352470654,0.023384347757982524,2.5392214426582762e-05
2020-09-08,-0.0017909987855004993,6.47665378375661e-05,-0.01529874948061575,-0.0034718055054465922,0.019470277526588066,-0.0029236487078238785,0.0003133442716961661
2020-09-09,-0.028362144308737163,-0.02915669773343238,-0.010215103525044206,-0.01834398586919321,-0.03569446854827067,-0.021257667617710366,0.0003568691620646757
2020-09-10,-0.009914861129287857,-0.00900206123558746,-0.0038587791295521395,-0.0007499021224528016,-0.020108037531145234,-0.0067528889941654135,-0.00045795773761385627
2020-09-11,-0.0003722705610596679,-0.00025436231814081296,0.006296198142704354,0.005537562382066677,-0.007939172436096601,0.001094248019158857,-1.8335658589041612e-06
2020-09-12,0.012768719950911347,0.012213799618219483,0.008813400788110584,0.00711469357412598,0.02675443006093476,0.00983586304456475,0.0001919501032587385
2020-09-13,0.0005246953130767388,0.0002671918976305876,-0.0042244495438292645,-0.004538835154379792,0.0026561903508788855,-0.0006569187028499606,0.00013208079446382247
2020-09-14,-0.001275274895176444,-0.003040940878984365,0.011398804275918582,0.0001134147509951897,0.004606889170150296,0.0002444030783472741,0.0001339116394865441
2020-09-15,0.013052445045124733,0.012039051233732013,0.016611376067434524,0.011157866686182741,0.010800535257826436,0.011217271738665562,-0.0001696675293857146
2020-09-16,0.0063754943611548315,0.006185939296456809,0.003412134716381924,0.0032011710860219097,0.0196430935138175,0.004723296065718846,-0.0002628286535268014
2020-09-17,-0.004080473447429208,-0.005395947948931408,0.007006605085131776,-0.001795064349067425,-0.0067921094102007225,-0.002165682400085577,0.0002100110658775426
2020-09-18,0.0017973391613358438,0.0038922342831188227,-0.013450936952274263,-1.5018740684269883e-05,0.02071702145110976,-7.618902191560415e-05,-7.671520166704972e-05
2020-09-19,-0.0036131328177760632,-0.002687797592680028,-0.00897034365798947,-0.003405693365202859,-0.007456719960128108,-0.0035035429206394138,0.0002842615437481233
2020-09-20,0.003104872812989614,0.0019029551284962137,0.003759234408448383,-0.0022482109444749614,0.006008647641977569,0.001984126029101941,5.985643469943384e-05
2020-09-21,0.005404676762199754,0.006335129033003664,0.0040824494653153645,0.009055032940350965,0.010636312572510933,0.004997215276896389,-0.00018051313217051968
2020-09-22,-0.005659825173877804,-0.004627821578507512,0.004716711193654835,0.007613118083245092,-0.026262800770322003,-0.0019911902453231176,0.0006593547277452269
2020-09-23,-0.014986875759866031,-0.013095588009738587,-0.027043890969086916,-0.015590195401031594,-0.014982678488161856,-0.013994911830693658,4.65722110556676e-05
2020-09-24,-0.008353401795872576,-0.006859011332134523,-0.008810559191518897,-0.0015125059109057804,-0.0026087484284742675,-0.0061890155308934585,0.00042995267323399003
2020-09-25,0.006615361427603376,0.0063034643512744435,0.004087957185949328,0.0031800680001523554,-7.743705941632047e-05,0.00500390059296669,0.0002452852807461721
2020-09-26,-0.013903943629852158,-0.012009956862467044,-0.015448670860704346,-0.006066606230361435,-0.0006049849756457129,-0.010930123368781526,0.0002548287056475352
2020-09-27,0.01330933992522186,0.013279244102718024,0.002415499257542978,0.004705575593144204,0.026273152334941326,0.009290035036926006,0.00031026166350200533
2020-09-28,0.001144095626386666,0.0014317499273902713,0.005062101161899361,0.005724649526142071,-0.014316116862308511,0.0019492587827996096,-0.00011276559298527088
2020-09-29,-0.01141717652809349,-0.011196492351778532,-0.016259393173759018,-0.014427286749658427,-0.008575986015791341,-0.010648466237291465,-9.13397266730638e-05
2020-09-30,-0.003383790439716569,-0.0011294473230798188,-0.01594385297735908,-0.002366533845477329,0.009739860704294709,-0.0038497820709951,0.0001736281518982159
2020-10-01,0.019201167466197756,0.016699179448425125,0.03488390405622067,0.019768798493001102,0.010697662428067255,0.01795084507392578,0.0001380393371071231
2020-10-02,0.009229925929901676,0.009458182860723231,-0.005214185432707344,-0.0010086693883038997,0.025807246622171067,0.00517410834784853,-0.00022530075125648573
2020-10-03,-0.010930340086451825,-0.010563140323102857,-0.011070097126243354,-0.009450447235552977,-0.02181606119223679,-0.00915026921942766,0.0001830773241399269
2020-10-04,0.011207026691462268,0.012578130600147201,0.007315287275261062,0.015075072065208125,-0.013134175266349465,0.009912884974229602,0.0007978468012997811
2020-10-05,-0.0043728252037132705,-0.0044184333269322315,-0.014181238100203296,-0.012536374503731825,0.00842987580595694,-0.00572522138208089,0.00020291750253009506
2020-10-06,-0.0008820873160618435,-3.391447350377516e-05,-0.011425008240055158,-0.0051469050736689965,0.01693331325792599,-0.002265075457758459,0.0001406557164060679
2020-10-07,0.01832390835518563,0.01843381255649301,0.011121724150173505,0.013479170646389396,0.027016267434719916,0.014340358760462522,-0.00038023668256499205
2020-10-08,-0.013388596390210698,-0.014433280153141916,-0.010879866618456885,-0.016824511952010183,-0.02175748573181848,-0.01162906882081647,0.0007194831259052634
2020-10-09,-0.015919335944301557,-0.01567729602646164,-0.013040569983230792,-0.012739967808857701,-0.04042593620437177,-0.012942129215710377,4.675543279570072e-05
2020-10-10,0.0058456206100246265,0.005200340165736186,0.013811241839295127,0.009140237207138045,-0.005090328873769554,0.006227017224760628,0.0003553701859291284
2020-10-11,-0.00841010754416078,-0.006065624757474143,-0.028704094133109124,-0.013240732841394922,-0.011031622002355747,-0.009618759735606773,0.000448942071211969
2020-10-12,-0.017323993765480074,-0.01708981223687158,-0.01634687523664173,-0.015743131032557457,-0.014151788625622936,-0.014463943519749832,0.0005604483082204579
2020-10-13,-0.0045008939031118255,-0.005112098593707433,0.00029345142925360675,-0.0037918941780770016,-0.006299619386956671,-0.0032118411389745077,0.000855374562649237
2020-10-14,-0.015976508105054334,-0.01722447561006523,-0.0007040860090536619,-0.010255942854641244,-0.023695895950106773,-0.011452070711193025,0.0006441394766265429
2020-10-15,-0.021596949404431888,-0.02020491221085652,-0.03192105859523687,-0.023407119411747397,-0.005402401593874289,-0.019713080966467584,-0.00021962985773986963
2020-10-16,0.005419724206283028,0.005515495044587192,0.0008684196861732585,0.002359256125099907,0.01183581081437663,0.0038229527887884023,4.6344522176853286e-05
2020-10-17,-0.011054618521153171,-0.014737017008364982,0.011820006596129466,-0.01116437364907081,-0.029093230480700602,-0.007479426927826912,-0.0001342837752828735
2020-10-18,-0.014117918081084707,-0.014856042948730054,-0.004070696361495761,-0.010009124038383948,-0.010796601823230442,-0.010636794072000069,1.4406259034256946e-05
2020-10-19,-0.003069738608187954,-0.0024128004438710546,-0.0068291196252765664,-0.0028980997860191507,0.006253513294031787,-0.002907601000907549,0.00023680618610149922
2020-10-20,0.0065301128444929645,0.005638861618884184,0.01581030394934797,0.009677207352762392,0.0019459694368250107,0.006894099804962975,0.00024397889985276796
2020-10-21,0.014083367861823343,0.01461025350343431,0.002477906544752313,0.0076797099338980395,0.007121092194060687,0.010178798012435252,0.0001885650531560833
2020-10-22,-0.021196013168550472,-0.021203343941478815,-0.016495606501529557,-0.01789420848298722,-0.006551061404396692,-0.017304819224044848,-8.068167917735027e-05
2020-10-23,-0.0014523122738438422,-0.002989445433616104,0.016727176958400092,0.005465030895450779,-0.01779728535466258,0.0013577603201402031,0.00018820808743385907
2020-10-24,0.004082128977164952,0.003343419781300477,0.0066092662799487065,0.002545542936767875,0.017519428466717956,0.003443816641936419,-0.00046424827015655083
2020-10-25,-0.004358676843120447,-0.0047917953214714456,0.0019871316547014463,-0.0015189760228864462,0.005571530643359763,-0.0027055383005700046,0.000508357905358713
2020-10-26,-0.0023608057726756406,-0.004047127309021487,0.004226548627938368,-0.005482591024379271,0.01030502071084822,-0.0017725930023191594,0.000701213359642173
2020-10-27,0.014760636390974972,0.014169541022522948,0.013013787752931324,0.010733783824744297,0.00024841473977060304,0.011970918926528507,0.0002287631731129796
2020-10-28,-0.013112551520613568,-0.011550516741614822,-0.026606906748694426,-0.01645627778210565,-0.006581022561434084,-0.012885968140348845,0.0001221428434465902
2020-10-29,0.003350333951458593,0.004079652476827625,0.004639792514916719,0.00805408413386435,-0.005516280728990287,0.003623575670689963,-0.00011715686435324245
2020-10-30,0.004040100237798132,0.0010456507106518485,0.024050827075084123,0.005343906102769656,-0.0035023781315833362,0.005371421515230618,-0.0003501527244704236
2020-10-31,-0.0020531491551955324,-0.00235044673510767,-0.0017340085671858586,-0.0033048107019566517,-0.014753587836625144,-0.001925197568979639,-0.00013695053505058023
2020-11-01,0.01824611497612667,0.015575213074833545,0.025554767183448172,0.011268508912190965,0.026883078750357312,0.015285733173870449,-0.00024026315362984908
2020-11-02,0.017052542353871842,0.01620650487682324,0.02387272145721019,0.018663423586878797,-0.008386940694223903,0.015496490831604808,0.00034438800605283125
2020-11-03,0.000734140693792344,-0.0005222940911615895,0.014017493345041775,0.005169883614341411,-0.0053709014244400855,0.0024171188778201935,-5.829116730529535e-05
2020-11-04,0.009582350651131642,0.009309099147964487,0.004216780926083526,0.00413836567202032,0.005749512178846388,0.006933271421270203,-0.0003343106775138624
2020-11-05,-0.00508715040010805,-0.006452066937008847,0.0056286906502578515,-0.0033665974235685165,-0.011440939929728004,-0.0031151996784639885,0.00038445817305453176
2020-11-06,-0.009329827189912666,-0.009230869260940834,-0.008368813088482273,-0.008251443726230975,0.0010674837325745194,-0.007814713352314965,-0.00036582786073911154
2020-11-07,-0.010390765536032687,-0.007728553436567323,-0.025750610622811976,-0.009734564174299742,0.006068324188439446,-0.010183929863671332,-2.824852590651886e-05
2020-11-08,-0.005201176528753521,-0.006237746893838866,0.008808553433811622,0.000774993961433326,-0.013137880336799485,-0.002334317719193472,0.00034661728842951217
2020-11-09,-0.011583346462351065,-0.01327119774456118,0.014900368994828722,0.0010444846474560142,-0.019929231742176166,-0.005897503131967923,-0.0005255503714120355
2020-11-10,-0.00588442231429514,-0.006533556299534766,-0.002933724855998339,-0.0068545987711547225,0.009408009748540162,-0.004871933737607447,0.0003162045063682564
2020-11-11,-0.007892248694583968,-0.0077008111280772165,-0.01227000351017413,-0.010605721380992564,-0.0021472913779903378,-0.007537552974675309,-4.372807059309326e-05
2020-11-12,0.015264744331437506,0.011756482839532451,0.025079173970766026,0.006089696552986078,0.002731046176131695,0.012689082074184652,5.37303266011685e-05
2020-11-13,-0.01746072387253667,-0.016950681561687598,-0.011931742172587472,-0.010871031688523542,-0.005583349132672128,-0.013532983138312627,0.00019438570449550354
2020-11-14,-0.002833828852139358,0.00012890573740881295,-0.020374076701106268,-0.0022934389331994197,-0.00017888452463352372,-0.003864222617328203,0.0003322048605853601
2020-11-15,-0.00813240778385497,-0.007290856921321298,-0.019849108419180223,-0.013506791359182396,-0.017848181939569552,-0.008789892689428652,-0.00021819138467700874
2020-11-16,-0.01791348504893661,-0.017860025805256807,-0.016740317293934645,-0.017065549710450902,-0.016674342261109445,-0.015159330112217416,-0.00017910858423180408
2020-11-17,-0.03691992684353412,-0.03796188793913114,-0.0271935957383598,-0.035018002396958015,-0.029198970496169964,-0.030567172197610633,-0.0003272955778299755
2020-11-18,0.01189495052273222,0.011404735124391292,0.007021928095339868,0.005799576936018406,0.01160225133101505,0.009010772502696537,0.0006595293725195413
2020-11-19,-0.0005399417259222568,-0.0002569672240478518,-0.007592048621368721,-0.004796142936275352,-0.011694556959969292,-0.001669185814269402,8.054493685195376e-05
2020-11-20,0.004777211927026106,0.003039379188304902,0.0013216131671613344,-0.006475577294222866,0.007847620595350838,0.0022166957496521232,-5.1963869253429575e-05
2020-11-21,0.00030790590026579944,0.00047677748231906414,-0.0012415501191489291,-8.820401779344579e-05,0.005384176433338966,4.9368207820226216e-05,-0.00015355820620469528
2020-11-22,0.011591526449996918,0.01069041852281112,0.01236612062700223,0.007979135613239747,0.02655445296314001,0.009591835635175428,0.0006211773531757088
2020-11-23,0.009906410002586371,0.014017086079231963,-0.008834989661135285,0.015402900056281043,0.007597934013830828,0.00770070454683926,0.0007629117004476574
2020-11-24,0.01570893579673879,0.013060296956906583,0.03337130465212494,0.0170535528817793,0.018526461418468004,0.015329692477945692,0.0007590423216039487
2020-11-25,0.0021964543457645936,0.004392501797867718,-0.01366106818252212,0.00039974902838153543,0.009086084087922218,0.00024703438088657806,0.00015453975292065584
2020-11-26,-0.015088658640525781,-0.012190339641346146,-0.03403127986990723,-0.016239407193324017,0.0011195388268588295,-0.014686571863615406,0.0006287126214979031
2020-11-27,0.011716879302518145,0.009825301657739696,0.020392446708709547,0.009547525820812981,-0.0066920784311121605,0.01051100635784445,-1.242862484452406e-05
2020-11-28,-0.002896184805473572,-0.0020401919722041213,-0.007220768165823714,-0.0021931631317326757,0.0017713884601426241,-0.0027119060917213905,0.00039962691103014784
2020-11-29,-0.0038078058247000245,-0.0008936497234115139,-0.02394012338530515,-0.005604206862796608,0.0019865346079688175,-0.005227868570758858,0.0005161006741862658
2020-11-30,-0.006050942809875061,-0.006535363911314184,7.437515540641929e-05,-0.0036732283915032913,-0.007108365311987289,-0.004252017050597916,0.00042404282733241944
2020-12-01,-0.007664188610743059,-0.0065614778215154716,-0.012714904557442735,-0.006416473065783602,-0.011896823694591621,-0.006803416082891112,0.0002909612125112659
2020-12-02,-0.007879357107055177,-0.007961425267947245,-0.005874293404756458,-0.0068380329512147476,-0.00390067004527406,-0.006433527198732574,-1.3852547468892827e-05
2020-12-03,-0.0035699210371360882,-0.0035009801018018663,-0.00213290328050157,-0.0021644988527120086,-0.004669484792393472,-0.002641856353504222,0.0006680910345934156
2020-12-04,-0.011278024041358747,-0.010867526760909036,-0.02013646899700108,-0.016558077576073978,0.004998383181506185,-0.011219759283884509,-0.00022031726021180944
2020-12-05,-0.003043367431329218,-0.0024291829236352826,-0.004226129220745146,-0.0010152417176944129,-0.0091008011625768,-0.002440025500712445,-5.6551289304532676e-05
2020-12-06,0.01742774416189435,0.0165588000787705,0.01516518279807856,0.011660682373871262,0.015711796357076653,0.01402955943642322,0.0006491904788258262
2020-12-07,-0.002688049137968402,-0.0016313831680345664,-0.012428568171249073,-0.005313169519858838,-0.0019995715574614385,-0.00354213031809665,-5.629680101612068e-05
2020-12-08,-0.015203228290138874,-0.013117939484517508,-0.0292378710681325,-0.016433897857013123,-0.00048409144495473524,-0.014448284222801968,1.0873922306081798e-05
2020-12-09,-0.0014135248157944864,-0.0032013923288923647,0.01793854676457198,0.005209151456432836,-0.013380153836619436,0.0014176288161546016,-6.77509476777904e-05
2020-12-10,-0.009430343061096311,-0.010146993349897488,-0.003673564144427014,-0.008551272658240528,-0.01052170219179887,-0.007468385016126393,-0.0001253278710044039
2020-12-11,-0.00849818462861302,-0.008698201705915924,-0.012806692734694494,-0.013102295310388045,0.011056681607135676,-0.008312692464342786,-3.71928769378726e-05
2020-12-12,-0.002001331244725749,-1.458084640672242e-05,-0.013787104173765719,-0.00165773281465605,-0.003408687019493475,-0.00269793919626113,0.00011517847499007187
2020-12-13,0.017815070224347418,0.017037610498382542,0.013699600121898919,0.011031976478905785,0.01354965771480756,0.014008586845876313,0.0003184010851650926
2020-12-14,0.015814480135959347,0.01498986853547975,0.021113760557415522,0.016285054456302545,0.014123764194014383,0.01417498389442238,0.0005779156585864006
2020-12-15,-0.022222881468017205,-0.022500964904878483,-0.009077801289363155,-0.0135220469950276,-0.03828099067930394,-0.016694333616058783,-0.00014800687607180593
2020-12-16,-0.009981027308907889,-0.00856848259172733,-0.019253347364758974,-0.010628605282236105,-0.0022869226359567042,-0.009411694126978995,0.00040361426705731555
2020-12-17,0.012726767505217725,0.013565444658000888,-0.0005092970970554077,0.006528823156787972,0.029606403688368987,0.00892055083919467,0.00033465757322106564
2020-12-18,0.0016139420845072915,0.0008834984269118777,0.0057739002898549155,0.0013652937955324902,0.006334217518062306,0.0017219247071488578,2.5101321085094198e-05
2020-12-19,0.0028486719362772186,0.004914823015084623,-0.01453139826301788,-0.0007918850672170999,0.002143276039961135,0.00039442518410036137,1.3030604618248983e-05
2020-12-20,-0.010763993035176122,-0.009650219417659495,-0.02394624169894525,-0.016025129417670335,0.006905952326404245,-0.011113997696491212,0.00010496306537614587
2020-12-21,-0.020071201328938713,-0.01826029190094268,-0.024271734858128207,-0.014885388333659405,-0.02334642981134637,-0.016870247604532842,-8.856354546376657e-05
2020-12-22,-0.0002958466360468739,-0.0008019088352732573,-0.005328593103534417,-0.006825485680747967,0.014622714970896043,-0.0016254297272840848,-0.00012111630941058336
2020-12-23,0.00018083410492042586,0.00022582501031618904,-0.003086664345664652,-0.0022081122923199464,-0.0057412868882168195,-0.0004613528641665023,4.0969576289449585e-05
2020-12-24,0.018891539487866746,0.020255539759088784,0.01608318647835176,0.023758007343246255,0.0034198073753404987,0.016641559943453812,0.00014209333013529517
2020-12-25,-0.012763408428768823,-0.01125216974848402,-0.021913882040932975,-0.012874839394659983,-0.016428723790048186,-0.011759787826705436,6.514940956917618e-05
2020-12-26,-0.0035015021631519053,-0.006012683061824715,0.006081590941925808,-0.008314471694237604,0.004382846763754141,-0.002789755129295687,0.00020901662205764727
2020-12-27,-0.011881455546249154,-0.012443043839513808,-0.007920494719707198,-0.01173133787413542,-0.03147096517656412,-0.00976405359956876,0.0003387854733727517
2020-12-28,-0.013270445908596037,-0.011294989937926663,-0.018325109849684593,-0.00782923395327157,-0.01824335662435743,-0.011008233221907663,0.0004200234369738334
2020-12-29,0.014312356988209204,0.014899052358043096,0.01168434014445692,0.015377779424318824,-0.00011726666751731875,0.01230269228448726,0.0008343177816085312
2020-12-30,-0.007252323417628994,-0.008508031886257938,0.007521170047637332,-0.001780169971537294,-0.009405380528875455,-0.004155787435373604,-8.024886290995055e-05
2020-12-31,-0.002418454569809613,0.0007580790776737466,-0.020116122421698454,-0.0009363417390610061,0.001715434952597546,-0.0034139646247586626,0.00017300074559618866
2021-01-01,-0.035230386195298606,-0.03227682115692696,-0.04952023467443479,-0.03278070312435986,-0.020782665617745496,-0.031096895184286395,0.00022208557011272858
2021-01-02,-0.0013017694459128914,-0.0021334908827952688,-0.001875800245279862,-0.0059013430143005675,0.011090490487934448,-0.001766175777579418,0.0002804820888449649
2021-01-03,0.004779056710735493,0.004856132788517615,0.014323204157406517,0.012894192521482498,-0.003123870114301119,0.0060473775693145534,-0.00017404474758975777
2021-01-04,0.003685752466451513,0.0025239657474544356,0.00658597685878722,0.0003353950040469551,0.016800528321915715,0.0029872112222002656,0.00025128168782964275
2021-01-05,-0.027056363865401216,-0.026570043669799103,-0.026078164609582406,-0.024421077013807187,-0.015320789008949643,-0.02267892391124245,0.0004283521013717715
2021-01-06,0.0034929703590954753,0.0010515446237854894,0.016728738321216137,0.0020831112943294114,0.008635097935665716,0.0040284903941589295,0.00038448546065865684
2021-01-07,-0.0003460856057893478,-0.0014969249736061687,0.003718412339450943,-0.0027809065847441525,-0.0005475014879540557,-0.00031451904238524367,-0.00028244269919223166
2021-01-08,0.003409164649694685,0.0028360328388759345,0.013325533519062025,0.008578346888493503,0.00235402211823524,0.0045273798922256,4.1250212216033795e-05
2021-01-09,-0.01328092106017478,-0.013415053143961264,-0.002767547242871867,-0.005807903535329779,-0.011970962478995692,-0.009344867081936261,0.0004725306944299108
2021-01-10,-0.002314741733544165,-0.001564251955711182,-0.010646855251374234,-0.00532143185212352,0.0030381602861024684,-0.0031268964753265495,0.00010619860696760552
2021-01-11,0.0027617471310459807,0.002916595540400261,0.00030591874972385165,0.0016087198209630872,-0.004028888675906515,0.0020501209265188433,0.00042753449281276225
2021-01-12,0.0012011631285975483,0.00148716204621654,-0.005403300802942257,-0.0026564085485894376,-0.00649784984585013,-1.5497439327978894e-05,0.000542922378245591
2021-01-13,0.006152829884926901,0.00829974569466594,-0.004003243700729067,0.008753389170667123,0.010294111332774478,0.0047582523114041275,0.00017012717721938262
2021-01-14,0.01932819137877008,0.018430598640133935,0.011972196021347487,0.009391689035932758,0.029220520801636507,0.014563830789678978,0.00020808778060507548
2021-01-15,-0.0064110597533332155,-0.007055886514329911,-0.010482875434553847,-0.012979265093536755,0.014997043572636577,-0.006791043760804896,-0.00014562995816528543
2021-01-16,-0.011239595833504007,-0.010741927107522678,-0.0088172848708295,-0.0070659962083021565,-0.010461597328766217,-0.00885427255679664,-0.00010296326922814341
2021-01-17,-0.006102207129483381,-0.004275048959035905,-0.017187868861351364,-0.0060692114891929515,0.0076385280775980585,-0.006192236511903042,0.00012960968180234859
2021-01-18,0.011194110807013194,0.008872659270710959,0.019172833072631502,0.006316703969270471,0.01013846743343157,0.00974269029820631,0.0008148138522297828
2021-01-19,0.016597634701549804,0.01851573724237091,0.0030137966184183235,0.015530118267870947,0.01283482368148327,0.012929071794763491,0.00039126064304618807
2021-01-20,-0.008787439250561978,-0.007256570205728939,-0.020221625760709926,-0.010555799269319401,-0.007566799404025448,-0.00873855256367291,0.0003877553551520945
2021-01-21,-0.01382802317932805,-0.012426485227814699,-0.029941577752445145,-0.020082455605579884,0.010315537506213897,-0.014078040962940165,0.0005312892323776782
2021-01-22,-0.0035978134628686475,-0.003025135026163956,-0.0035528122213374373,-0.0008099303149634056,0.008178430523232898,-0.0026555287628722015,0.0002596526691764663
2021-01-23,-0.008581017536089442,-0.0060109409373085435,-0.028846302907915306,-0.012267178658547411,0.00260422513540235,-0.009678510118467296,-7.545638734347766e-05
2021-01-24,0.002409923538036746,0.0032108437662091128,-0.00956646129053138,-0.003178900882817721,-0.001649544918210676,0.00031444919186836696,0.0006230477966097496
2021-01-25,0.011688354360790632,0.00891811220990101,0.029177717349553732,0.012217660301763477,0.0005963176145446589,0.011724311587432744,0.0005477655929360926
2021-01-26,9.621861205914682e-05,-0.00013426550783821208,0.0010834343944220873,-0.00026340387010867613,-0.027828487915200976,0.00021102089655877402,0.0006363964003202808
2021-01-27,0.006356095771863325,0.005668433580901102,0.008978683200014171,0.005185379862485952,0.00731192803641374,0.005510560952845461,-5.717280090315158e-05
2021-01-28,0.007040133651546177,0.008690689232788288,-0.0036106729109226915,0.006812668096226792,0.011304998831379476,0.005067307974934187,6.837748556190332e-05
2021-01-29,0.004284400962207988,0.005611657390579825,-0.010695028419954834,-0.0010637012767839354,0.013217923809817452,0.001648336259187235,0.00034467543313524676
2021-01-30,-0.02140556878724742,-0.02152309308486378,-0.018422947745702904,-0.02002233423783284,-0.016279223960396327,-0.017933698821461553,-0.00029095610743651366
2021-01-31,-0.009158692437737235,-0.010242327589068416,9.137515507473461e-05,-0.007296855099790585,-0.012221544154325603,-0.0067573614353339945,9.426199860746256e-05
2021-02-01,0.006363625092767322,0.005590719307420138,0.009147696608514496,0.004891267840000713,0.015798874525659184,0.0055599299568898485,0.0004366193802303585
2021-02-02,0.005282999350914419,0.005100481568556683,0.0089878639758657,0.007441611733092331,0.002912349870045838,0.005224133709236978,0.00046507299770928544
2021-02-03,0.01049386429410671,0.011676764483169613,-0.0058366777356843305,0.003474066746748123,0.010369129504964023,0.006632250020447179,0.0004384071689315986
2021-02-04,-0.01797433092355234,-0.017947516370561745,-0.011612257749585953,-0.013115450185665452,-0.006844612266113926,-0.014140811777620534,0.00018775372943567284
2021-02-05,-0.015875569096268593,-0.013995478317587863,-0.03060450272104472,-0.018690045807375374,-0.009534449390985423,-0.015297512347415573,7.334380216575916e-05
2021-02-06,-0.01263240239717807,-0.01426674252737019,-0.007429691038011803,-0.0168066064739002,0.009642108688591172,-0.010874976568400876,0.0005042436481257047
2021-02-07,0.010636419148024457,0.011347644024372477,0.005680644488331366,0.010389621469813034,-0.004827301860428181,0.008703040508491366,0.00041786112883315487
2021-02-08,-0.0006477285187154124,-7.689200245888808e-05,-0.010973691658539793,-0.006097598065798907,-0.015034075839062034,-0.0022577267601322586,-0.00019615724215434462
2021-02-09,0.013288912221872375,0.013541793250807694,0.007346080985026935,0.010035664067389122,0.018705108276229135,0.010511499083337148,0.0006996846192410281
2021-02-10,0.01550663600050656,0.01652544718134296,-0.006316810454190223,0.0033740264388259864,0.04900758047881009,0.009788987805859656,0.0008456175632550664
2021-02-11,0.0020138235428439565,0.0037752993227483872,-0.0035344874829230976,0.006315234212373615,-0.004542143225792035,0.0018451240779836862,9.536667207323041e-05
2021-02-12,0.011090490598692783,0.010305118553697415,0.0062951364357468065,0.003589495258442694,0.01401038781748443,0.008086949715186777,0.0003391959795023752
2021-02-13,0.006537915446781344,0.005977746962459764,0.014085535824115243,0.00993579318362588,-0.004282420413273481,0.006773694263665142,0.00018722807048017565
2021-02-14,-0.0395634020650379,-0.037674940407850376,-0.03710801024041304,-0.02906103815124455,-0.041608246205702526,-0.03223892910195368,-1.5895444391639707e-05
2021-02-15,-0.011351342608319274,-0.012494009056612035,0.0021397089049942433,-0.006422045426179592,-0.005844422975708232,-0.007906360849203369,-0.0004127539110747723
2021-02-16,-0.001614789167304927,-0.001165744435470713,-0.005488481537794014,-0.002528196667422165,-0.004842150695261687,-0.0018520415393010114,2.1939782044401115e-05
2021-02-17,0.009490907812142532,0.011937507775020856,0.0027243019708307016,0.01635129273021304,0.0024238455234178013,0.008505324863549279,0.00011761908709013603
2021-02-18,0.010364471255630676,0.012189819050281294,-0.00749444261314746,0.005290626421912912,0.013205463963003521,0.006673616877420324,0.0005610634690962835
2021-02-19,4.7357078768495565e-05,-0.0005060286031075747,-0.0002058724283868123,-0.002901189317781695,0.008054088035261815,-0.00029761766771036337,0.000659233196676382
2021-02-20,0.012082965707244006,0.011853673527931107,0.0146666480653772,0.013253057292097902,0.011241940197760415,0.010791311433337662,0.0002905124995907411
2021-02-21,0.014039730144888405,0.012010620533989923,0.022726985377725516,0.01124632167976479,0.018060178439653487,0.012419737473522482,1.0288822628486875e-05
2021-02-22,-0.010611081335958254,-0.0098357445074051,-0.013374598130703571,-0.00921199109874735,-0.023934663341822357,-0.009089564918982856,0.00040193166631289793
2021-02-23,-0.030881887155231214,-0.03377237926265495,0.0034437723975751233,-0.018320706694873113,-0.040807387335550116,-0.02165934662660487,0.00013392140545478222
2021-02-24,0.0036906598642958807,0.004425381905369755,-0.00046001456152767144,0.004071435218506967,0.0011317400712179508,0.0028625180302469496,0.00010125926604625599
2021-02-25,0.0019069161537189322,0.003744643165637051,-0.009610481052071193,0.001806077427097117,0.004135841432573741,0.0006223894001345744,0.0001715361969800698
2021-02-26,-0.0016097127502201648,-0.0031121018760028388,0.005888496927778583,-0.0030759327981234666,0.002101610092551837,-0.0008408127851066221,0.0005395626965743301
2021-02-27,-0.0004229558704578524,-0.000714928431034848,0.0010928611944135702,-0.0006621013207042522,0.01200513556320218,-0.0002540977121608469,4.977677420113245e-05
2021-02-28,0.015475205841018438,0.015132149407455086,0.009002673577223563,0.008911285544334712,0.025566740607362765,0.011783503897460076,3.4991033262114814e-05
2021-03-01,0.0064145997760958005,0.01007886098009754,-0.017495045009472923,0.0055207051434644095,0.0037191270154397485,0.003222200909344989,-0.00020394262665368373
2021-03-02,-0.006393104980638235,-0.005341757867379411,-0.011606950431041171,-0.005503000086238516,-0.017418768768148168,-0.005786634659512118,0.00023056925818779663
2021-03-03,0.016612168240941267,0.015755159478367302,0.022668994212855096,0.01754584089677582,0.018606696802121396,0.014982207927091113,0.0005204099699974883
2021-03-04,0.022179956557412263,0.022237626256950388,0.012273803490471087,0.014976440845299146,0.03140688169620422,0.01718269682432318,0.0003540352713382532
2021-03-05,0.010466505413605975,0.007400212677784218,0.027371194524849395,0.009055657513774575,0.011517744799353696,0.010251713740990303,-0.00017784089306127675
2021-03-06,0.025403046250197767,0.025062679121826706,0.019878898369558133,0.0198118186709739,0.020806470796777853,0.02049796753650222,-7.217072184623587e-05
2021-03-07,-0.008470018488977675,-0.007348046610661395,-0.021740475520753057,-0.01372813976650304,-0.005163155220272156,-0.009063612088643215,0.0007448180603963168
2021-03-08,0.009543388453955295,0.007847273359546818,0.025225179846084203,0.013909420635926154,0.017178113792099978,0.010119227591701316,-0.00042699327832522997
2021-03-09,-0.014461626349987902,-0.012861283012469204,-0.02351987069102978,-0.014091561616177962,-0.0109695822701188,-0.013151121628207684,-9.832315042026737e-06
2021-03-10,0.0030202969068124346,0.002841107345142792,-0.0005644423239825405,-0.0006686495370044499,-0.012839697700095909,0.0017320159333703657,-0.00018177186654413013
2021-03-11,-0.006165787976981893,-0.005656462911142129,-0.014220229923557343,-0.010212085965281354,-0.0016682421165628192,-0.006595268027074268,-0.00022527516260514966
2021-03-12,-0.0015920291843804066,-5.160704188481545e-07,-0.01596482890793758,-0.00526168684807091,-0.006908312873343742,-0.0031393014494675324,8.260420636272832e-05
2021-03-13,-0.00935123996327653,-0.010375733274468476,0.0019142372669362171,-0.005584475296850183,-0.011753997835811178,-0.00650928880106294,-0.00012023194049432445
2021-03-14,0.00521202868447189,0.0040938703371492,0.011797172014538535,0.005055167195876481,0.018074268763639788,0.005070172703446086,0.0002757245282036496
2021-03-15,0.011236897406737972,0.010681764924421149,0.016221541711932966,0.012707264927027572,-0.0024620424363581243,0.010277589525135102,-1.3429532197632314e-05
2021-03-16,0.004706760532117542,0.004015113202756004,0.011275103910611898,0.006645190065523809,0.01109395308094526,0.00484204957805737,-0.00031787135072141334
2021-03-17,-0.010970350474290465,-0.010913544372910622,-0.012970235014119593,-0.012514910750676867,0.027393313532482776,-0.00975439702859878,0.0002933887926858474
2021-03-18,-0.0007681849068842254,1.207480970082987e-05,-0.00816603399412268,-0.002850669342370712,0.0034356003360514436,-0.0015811592262289162,0.00016622337441050467
2021-03-19,-0.005110171966940864,-0.004532355120008537,0.0005759684927759273,0.0021867454728802943,6.679778862184269e-05,-0.002831305244184828,0.0002103356229578009
2021-03-20,-0.015145307966617325,-0.015387837005031482,-0.0008208976065347592,-0.005194024783275632,-0.010742093141676136,-0.010275900916269592,0.00036227478130367935
2021-03-21,0.017179433732352135,0.01658576244848351,0.020567466759020034,0.01729625253908488,0.003896488770169385,0.015075486362130007,0.00022300734688129357
2021-03-22,0.015783795997126558,0.016129489383011352,0.004938439335255049,0.009129720703896744,0.020739909364468907,0.011650707819750902,5.9560497301004635e-05
2021-03-23,0.007812283839316627,0.008285034843358269,0.013105865363989814,0.014528267861392063,-0.016853347307152003,0.008175520603761666,0.0005258417207581127
2021-03-24,-0.00945199461982273,-0.006622164830650061,-0.02301495368514699,-0.006507671771584894,-0.010091751033159813,-0.00892875323821215,-0.00021854171903559462
2021-03-25,-0.019404149728361523,-0.01876123242864358,-0.012864412557067464,-0.01138740779121668,-0.017269764678452298,-0.014917317591483905,0.0001488132964895912
2021-03-26,0.00603466888625647,0.005886279728099221,-0.0027959349225605166,-0.0016435024305546872,0.001494924136197613,0.0033311750351170508,6.696030929425257e-05
2021-03-27,-0.001073201380868891,-0.00225602573544273,0.011191156964385461,0.0028728155236357623,-0.0007998094519147043,0.0007236864521030427,4.267162433420342e-05
2021-03-28,-0.015645500322062272,-0.01576467960592679,-0.007782521854832699,-0.010254136428079586,-0.03935835538527509,-0.011982828547631648,-0.00013183944655027768
2021-03-29,-0.007674551907961028,-0.007597055800239554,-0.010923753296793931,-0.010045866087198523,-0.0013458867234400563,-0.007187691309552049,6.464010780192455e-05
2021-03-30,-0.001821130139305243,-0.0007075922750033267,-0.012026692611431217,-0.004526138917591115,-0.006760847802327982,-0.002807562348587201,0.00025066237252275946
2021-03-31,0.006735770872398073,0.007709470594088757,0.007954311079109516,0.012643136769366372,-0.006997900720960452,0.0067908863108377664,0.0006129155500395164
2021-04-01,-0.00813566397985154,-0.0049642527707615975,-0.023366649739604922,-0.004819230202511317,-0.005352128804269345,-0.00784531585389745,0.00014178540821756252
2021-04-02,-0.0071897679102993755,-0.006859726539581074,-0.01058188063885088,-0.008424769912484167,-0.005469577095066178,-0.006579548713272452,0.00039604162430055903
2021-04-03,0.0028864037038579963,0.0018820283538366729,0.007394095695747252,0.0015933183516707212,0.0006165313605986239,0.0026616440447079404,-0.0002323604664748489
2021-04-04,-0.005563003631340833,-0.000596821149902501,-0.038524342337301544,-0.007516563068311332,0.0013739834887904045,-0.007923149888394307,0.00030849289402355164
2021-04-05,-0.002566033550491865,-0.0030470862306166686,-0.011460449523710765,-0.012101326414378381,0.012133872322259818,-0.004371720667023937,-0.00039804127574848553
2021-04-06,-0.013917692377333804,-0.01319469117269898,-0.0073938290562522,-0.0054080635092253,-0.01651847729450606,-0.01014884470836521,0.0001366946053068503
2021-04-07,-0.00014751682008243088,0.0008265034684102382,-0.008999759715014514,-0.002414493343923647,0.008599142834237452,-0.0012712411029585351,-0.00030539516761567164
2021-04-08,0.007228888831781715,0.007490693996984192,0.00921141971845691,0.01026072922485681,0.010438745503255712,0.006737680715779544,-0.0003960195499533652
2021-04-09,-0.006896162363769631,-0.00532644972658189,-0.026060038170096587,-0.014628803342335468,-0.002976377948237804,-0.008559622852350776,0.0008998756968160557
2021-04-10,0.008513423613096203,0.0054969490093088515,0.030313952118035677,0.01122251623146716,-0.006809559358591143,0.009611836252914532,1.070575665154204e-05
2021-04-11,0.0074943871624854165,0.006798248684993244,0.006129742987196269,0.003090305490330569,-0.004912112970788364,0.005857539011335021,0.0011664998180953606
2021-04-12,-0.0014168325185018493,-0.0008868836895393989,-0.0035896655023818134,-0.0005688805079691324,-0.003846751320061002,-0.001265399197325579,0.0001696083533889653
2021-04-13,0.015509937609150126,0.015188293128842865,0.007127275832339207,0.007525389615790403,0.01973480567609638,0.011439006584995507,-1.5320431193571743e-05
2021-04-14,0.01775930830235024,0.015477616167313933,0.028673157668269608,0.015579118161822957,0.001573203147696144,0.015853289646093147,-0.0002551673884785922
2021-04-15,0.0007540832300323952,0.00023485439675717556,0.0018107760916898992,-0.0009493560158767753,-0.0014036166289329507,0.0004955063621707018,-5.5761827188153434e-05
2021-04-16,-0.0010381300106592955,0.0024726527939981247,-0.029196745594216984,-0.006252743625475639,0.002555851785358689,-0.004042198180661124,0.0005112801382331817
2021-04-17,-0.009113717317659418,-0.009010599248088818,-0.006341364246308675,-0.006579278480943241,0.0028055035764350915,-0.007138510773981872,0.0005286268844995157
2021-04-18,-0.0004950020080418716,0.00019388739539357146,-0.008380251235555691,-0.0034098726717278014,0.002408601040037705,-0.001530519920663893,-5.755275743741237e-06
2021-04-19,0.007098552244499588,0.006372944237279717,0.013204869499592185,0.008526719517749193,0.013352954486278181,0.006928245690001958,0.0007177010024150309
2021-04-20,0.0023859487160124747,0.0008008341580974666,0.009500134524702008,0.00028524449441205647,0.014591770772625759,0.0024514492151454137,0.000465296338607745
2021-04-21,0.012327965493467789,0.011814305212807344,0.00874874682322959,0.007171301243765627,0.0018024172720143908,0.009550061056042981,0.00011834184591781983
2021-04-22,0.018316041211767366,0.018178948973167682,0.01963700527116119,0.01906106563243284,0.018631704407004086,0.015927675530311103,4.159962012511591e-05
2021-04-23,0.014520260637213438,0.018195435849920928,-0.018715128733394766,0.006380264575904364,0.01461778517044785,0.008346153885000212,-0.00012723358291080207
2021-04-24,0.0045198930734653385,0.003930828612574204,0.009735609833406536,0.005876251954679364,0.0068870859008565675,0.004502198125198758,-0.00016830242969828087
2021-04-25,-0.013767831802824752,-0.013839573628968318,-0.013828678751315056,-0.014455008560285369,-0.022601999059217965,-0.011840601870507249,0.0004368970731334192
2021-04-26,0.017565262843301177,0.014858913539574449,0.03115616330081479,0.01540867449946342,0.01805169247617683,0.016044685125648474,0.0005624203152316068
2021-04-27,-0.0066179854959613855,-0.007974738541471928,0.005103885991031212,-0.004078999384570432,0.000365728072651764,-0.004252191056146136,0.00018956617309077094
2021-04-28,0.015794914365998173,0.014943813019362859,0.008812621933130508,0.0063238878896460255,0.03718342139701761,0.011579296098491964,-0.00016749175002392478
2021-04-29,0.015113223719995992,0.014796900737130934,0.020496725242020425,0.018154325182999604,0.015723398193537998,0.01389416511100477,0.0002664346831238233
2021-04-30,0.0066154743586768275,0.005762603205282517,-0.001279235731086601,-0.003776756227878094,0.02025385126212413,0.003493847267560719,-0.00022057479250886167
2021-05-01,0.0018532902550566753,0.0034927011220624135,-0.015854416023460077,-0.004186475212574018,0.02562583826545578,-0.0007564913105232666,0.0004677966463385925
2021-05-02,0.00045544856147800825,0.0001585567223132175,0.0009704622886762737,-0.0005884374764206298,0.007562214164195826,0.0002793449166401265,-8.198472936279068e-05
2021-05-03,0.011996511834227697,0.011964124661402122,0.007084853452344204,0.008148227559028802,0.01363890871174968,0.009304695517380437,-5.5241369084209574e-05
2021-05-04,0.004028288422208886,0.004649007088743679,0.002254987657977536,0.005758476045035459,0.012491433049233867,0.0035225089363414308,-9.561265427975214e-05
2021-05-05,-0.0009198499534897413,-0.0015111561399018191,0.0004096448693266196,-0.002801821386762429,0.006195817746976273,-0.0008883781223786467,0.0003058865790158477
2021-05-06,0.012886809014022373,0.013313355828991695,0.001883622569737604,0.0064526145239214155,0.015168196209175071,0.009150573409128846,-0.00017386095489792432
2021-05-07,0.006493414106069376,0.007963282126337701,0.009786483863781458,0.016516187946964744,0.0031803243503835655,0.007271147329328124,0.00013491337606043782
2021-05-08,0.009834215162382618,0.011871453364950914,0.009964098159015913,0.02019690259836429,-0.012676572601197197,0.009895325101559205,9.299926299950917e-05
2021-05-09,-0.021212319371484958,-0.021247683874746934,-0.022270481029748015,-0.022656986172604768,-0.009667019780782802,-0.01848417752994438,-4.047795172488491e-05
2021-05-10,-0.012665236623690066,-0.011135015990781687,-0.017536921082919987,-0.009254500974455768,-0.023344050156278863,-0.010830375044628205,-0.0001049011262322733
2021-05-11,0.009476596377409045,0.00545026705545521,0.035225951456778586,0.010375239072278959,-0.005877143393504551,0.010537142886091066,1.5322286097713594e-05
2021-05-12,0.0005939608737459893,0.0011307697576531008,0.002438593754925115,0.004725044302575749,-0.003240720373330579,0.0013067075552340658,0.0004168990044795719
2021-05-13,-0.0026946518445260612,-0.004389904384567402,0.0072074820026856905,-0.003217720228243671,-0.011730090430279396,-0.0013867030901326151,0.0008167438396131084
2021-05-14,-0.021475021649950226,-0.019640020581308426,-0.03166309782718851,-0.021004078934367565,0.010229335524962135,-0.019148091466243498,0.0007000594359094447
2021-05-15,0.01782580552643773,0.017792962787507565,0.02811723649729061,0.026244448055135587,0.0024614704282367415,0.01742735353022889,0.000438761409908915
2021-05-16,0.002487654471311843,0.0025214352486970055,0.00020865829342627549,0.0008746354740045627,0.001889850728539537,0.0017519450365099144,0.0003226092353883192
2021-05-17,0.0047063649813302326,0.0046394900066993785,0.012985517269351704,0.011087620701329303,-0.03413959443963077,0.005698200773213152,0.00029155176841459733
2021-05-18,0.009395455729843934,0.007516749466511248,0.018375112322957125,0.0074774512394302885,0.009319833869184186,0.00864778784926326,0.00044149693188058777
2021-05-19,0.01785663224793559,0.017634754203475617,0.017077469016991795,0.016505117833794478,0.02996198280402848,0.014973187372827611,-0.0005380532643741854
2021-05-20,-0.007009245484829851,-0.008891246316979386,0.01302646268915892,-0.0004177411190942077,-0.009340040996083503,-0.0033145646496513964,-1.0342352996182188e-05
2021-05-21,-0.010268250008889281,-0.00907910021187582,-0.0059100920982896755,-0.00111594663558043,-0.02438496073559787,-0.007119708232565466,0.00016289761197727762
2021-05-22,-0.008040242745162634,-0.009056139728759615,-0.0025796052080101174,-0.008843083406252198,-0.0043321482961133735,-0.006575960690237968,-0.000399263153038186
2021-05-23,-0.018562037197193803,-0.018067758344276624,-0.024557672079210082,-0.021277680986014465,0.013677303857122972,-0.01689564544493114,-0.0005183663662691595
2021-05-24,-0.00899702227405581,-0.008767169482001234,-0.010140835397741854,-0.008953125095171273,-0.01525611178961445,-0.007832276843835228,-0.00017076652824403286
2021-05-25,-0.011420461121743794,-0.010579756328347569,-0.002428617543191196,-0.00031238442224651615,-0.021864393331119163,-0.007375449548846135,0.000503531014363808
2021-05-26,0.00689202194079174,0.005155003715266884,-0.0006884305783595689,-0.0076262228966146916,0.020725368274763963,0.0032942684380492322,0.0005426613404214248
2021-05-27,-0.005472349837348723,-0.007829878788517104,0.019478089132452428,0.002732911907592934,-0.02028933781450499,-0.00133882370496524,-2.7529230975806095e-05
2021-05-28,-0.011814448154400381,-0.010594215296037235,-0.023484191302978623,-0.015352028132897181,0.0033351599302836356,-0.011702353095069654,-0.000327659156993134
2021-05-29,0.00781007442670827,0.006701677756360454,0.0030086720984399233,-0.001356179980947769,0.0319341732851864,0.00503626586874451,0.00029272410286595627
2021-05-30,0.008870734717717857,0.009683543906060995,0.00555027531545272,0.010405061407582223,0.014768111572360888,0.007536854064430807,9.989365464897559e-05
2021-05-31,0.02399585408458189,0.023213217521772658,0.029918245716733193,0.02534115236513788,0.015359692105591988,0.021327654805428555,0.0003153743289538817
2021-06-01,-0.019129593810546387,-0.01895916699241165,-0.020177692689890555,-0.01952236217361593,-0.01970707710896648,-0.016448802983037324,0.0006802932484443797
2021-06-02,-0.00261931365333495,-0.0010208612007836023,-0.01417665137695285,-0.004032866660434324,-0.011355325568094224,-0.003384911573978954,0.000582583537100647
2021-06-03,-0.007542720505498276,-0.008022464315987394,0.005303460561698385,0.00020746504040974542,-0.020618092288096156,-0.004205134187030021,0.00029852369615494
2021-06-04,-0.010537450845993003,-0.013724386386618156,0.017568728487184576,-0.004004468619781111,-0.018800759662349325,-0.005645079696426644,-0.00011246736389695415
2021-06-05,-0.0011040684498849174,-0.0005630922351925066,0.007486653802397458,0.008415382266756165,-0.02523508096623399,0.001164393435017625,0.00017341083838136055
2021-06-06,0.00011824818477672164,0.0003366591082945801,-0.0019410690862455009,-0.0004560095530474063,-0.0001819091997640966,-0.00010336258632013181,0.00040594234400525685
2021-06-07,0.007805302598950863,0.006894820414896933,-0.005966232425854839,-0.007545790858122476,0.02994150391208725,0.003278381963622567,-0.00039052500093096854
2021-06-08,0.008737054328658091,0.006336637593545011,0.01629289809845343,0.003099568298043281,0.010141904543181932,0.007368653549453412,-5.782692171881054e-05
2021-06-09,0.014997842696405052,0.01441141242728211,0.025394240163694404,0.020713805654498995,0.004974178837207207,0.014603766475623212,0.0002073170099148888
2021-06-10,0.0016031778213585555,0.00039255608096618033,-0.0014314049609525873,-0.006775074042100738,0.013315464245577016,-4.423264966877923e-05,0.00010888982496087203
2021-06-11,0.008875386034373144,0.008825399031922676,0.0012368362907487973,0.002699320374600884,0.01506873856607642,0.006041382186671259,-0.00021011032725324924
2021-06-12,-0.021941941615272527,-0.022212297431800948,-0.011712135813132709,-0.01554332026470839,-0.018723516471518025,-0.01693396587971282,0.0005413362595936247
2021-06-13,-0.008104711904014432,-0.005826945063342854,-0.020438365962775266,-0.0068788742795263935,-0.008123542687476408,-0.00789152490189257,-0.00013434583297005926
2021-06-14,-0.0008127313382467153,4.808514309123245e-05,-0.016511241085521815,-0.009130820901957581,0.008383086713513413,-0.003279333017947937,-0.0002269721532342825
2021-06-15,0.002806178085285302,0.0037007431148925267,0.003182596251356978,0.007575688678111944,0.01063363770192923,0.0031511560095293075,0.0003449373998046562
2021-06-16,-0.017159470376968963,-0.018693306930233997,0.005676051453451314,-0.006822347592404127,-0.026293250667285446,-0.011166605697632085,0.0005476349551368307
2021-06-17,-0.006969011191708485,-0.004135200163527065,-0.026997582962823247,-0.009125448480211592,0.017602934738060187,-0.008100597517454294,-0.0003386936503329935
2021-06-18,0.00041423943913414,0.000369070031937787,-0.00233146817444508,-0.0020002529088813674,-0.0002833491118985076,-0.0002023927106415008,0.0001537087192415137
2021-06-19,-0.006915677583930238,-0.004608517999490589,-0.018338090988324847,-0.004802650351590986,0.004057760280306611,-0.006591037944555485,0.00040484197991583654
2021-06-20,-0.009745830461962668,-0.007603792988609464,-0.022388599624510185,-0.00947998321612232,0.009596331288014404,-0.0093923007653644,0.000334296662360476
2021-06-21,0.00911443104599723,0.007597235144843274,0.01885717337889382,0.009589174592628823,0.005272146778034288,0.008792689636346777,0.0003395594452539859
2021-06-22,-0.0066923039435181466,-0.004496009396132641,-0.014103991797058294,-0.0019013800896609304,0.002757616422812364,-0.005760572766589347,-0.00022125757376494282
2021-06-23,0.010893356700709816,0.008163355908822775,0.025327092833969656,0.00916861483698902,0.00017646909009429515,0.010404191392446121,0.0001696996210439096
2021-06-24,-0.0063542326627886725,-0.005324859967867692,-0.008265451056050595,-0.002918714068125844,-0.022483013899599863,-0.005185385798801034,-0.00032384248092474894
2021-06-25,0.0006193822879103609,0.000649963376148966,0.0024280343868947904,0.0022264847645929817,0.016087818692495585,0.0009383401704565093,0.0001638712080919352
2021-06-26,0.006978839269480736,0.008169730670557275,0.002595535374415173,0.009491707503561143,-0.0032780687403035835,0.005964369117503522,0.00015344782874270857
2021-06-27,-0.0003763896489620376,-0.0018384694599043415,0.0011834680915506057,-0.006359980063590562,-0.01377630214839794,-0.0010067631841542792,6.372740022090146e-05
2021-06-28,0.006005324453316318,0.005584292496068967,0.014724311944961684,0.011021655929904787,0.0010470671241883706,0.006612737876483595,-4.6643150388072215e-05
2021-06-29,-0.027099769370700768,-0.025886849329623474,-0.021948190900292368,-0.017531474427377552,-0.03315202821813242,-0.021423032063601983,0.00013987242556608804
2021-06-30,0.00488098076638144,0.006183800779634222,-0.0005101488277035539,0.007100097146082059,0.016454037962627618,0.00402473359683226,7.652129138792308e-05
2021-07-01,-0.01293313058758101,-0.012393480235748794,-0.02634433569319142,-0.02126035265416892,0.007347191985418618,-0.013395896659389884,0.00027340541995531537
2021-07-02,0.02005287710974936,0.019691647954945705,0.020130400448575236,0.01873110753046887,0.006428605975204848,0.017015551337160643,1.8688390306166233e-05
2021-07-03,-0.017643594202385805,-0.016821622538309933,-0.02010688348324728,-0.015905248247102856,-0.009578377187802373,-0.015110893031953919,-6.546217425188914e-05
2021-07-04,0.0012249539539936326,0.0016782741097623956,-0.003724825315776458,-0.0004738431314062193,0.00445175598776543,0.0003949046139044469,0.00014371590806707427
2021-07-05,0.009323036269929637,0.009180162044233754,0.006171510946325873,0.006284360974660182,0.008907560793420529,0.007276218767039181,-9.414565763129446e-05
2021-07-06,-0.0028497662387784004,-0.005669290438091891,0.010109404949418647,-0.00646805225608386,-0.0004071095742003445,-0.0017937913218864195,8.904923944232275e-06
2021-07-07,-0.00268264412568675,-0.0020619691895843693,-0.004300310693926087,-0.0009734486922158376,-0.02007203898768466,-0.0021403421758939985,0.00045763068848218364
2021-07-08,0.007260267940335384,0.008809928600000431,-0.017367754110360258,-0.004642711075267959,0.013413941866059226,0.0023899590863780975,5.4519629943784023e-05
2021-07-09,0.031058668468999334,0.029308375538410977,0.023934823977533635,0.01733203532732179,0.031561684705198115,0.02409980505815838,0.00011419203892450164
2021-07-10,0.0027763989941527413,0.004530699535283611,-0.00924006829954141,0.0018893317900386454,-0.0020470083090040137,0.00115869153674066,-0.00021669888858379127
2021-07-11,0.0038428896032484533,0.0026044151992943255,0.015817193269059598,0.007381640858367968,0.0026045091288884083,0.004845728099667573,-2.5704296951123044e-05
2021-07-12,0.00897750087968698,0.008241168177725881,0.012419519821328153,0.00827369348068047,0.0008809678631080762,0.007899862578423239,-2.5548888732207693e-05
2021-07-13,0.0024635913399658595,-0.001129683054747032,0.026236963224675093,0.0037834096776636038,-0.007491729510250842,0.00438760958718723,-0.00013122565063621787
2021-07-14,-0.004332569399248264,-0.007313579032360193,0.013024330198542171,-0.005260139618839709,0.005966567257030405,-0.0022998332560043126,1.2546113294993773e-05
2021-07-15,0.0038362562888098984,0.00267323230568524,0.0065706219160045695,0.00034206649525604345,0.0001851129033767166,0.00313892634321969,0.0006534472224988697
2021-07-16,0.012350620597777747,0.010936099473662761,0.022610279853637116,0.013802296220809092,0.00856852075681414,0.011809469943420817,0.0007664920241836129
2021-07-17,0.0012187948044915953,0.00031180558692751425,-0.0017004550725616642,-0.005567810534772585,0.002879639035428311,-0.00019310351366129581,-0.0002472700527577177
2021-07-18,0.014194037785258995,0.01736965645423115,-0.010996932410409586,0.010015316183054963,-0.011119076875172607,0.009330946924894178,-0.0001308786951599208
2021-07-19,-0.00472747560439285,-0.006495179724963645,0.009651324959343163,-0.0020607770089902597,-0.015766868645544833,-0.0023383544880054646,0.0004666993939318769
2021-07-20,0.0006456931314033183,0.000546345629925402,-0.005744591618475867,-0.004941818886355997,-0.0004457755584620182,-0.0008090295123685979,-0.00012892884084365772
2021-07-21,0.0010319685775736064,0.0007747142917716456,0.012162041412564897,0.008700267058313156,-0.005270519585285708,0.0028358005093971055,-0.0007218506528364865
2021-07-22,0.002809799573471848,0.004777100566923807,-0.015544427858495299,-0.0020973598819342522,0.0027076635659541277,8.554502497750381e-05,-7.797955227524522e-05
2021-07-23,-0.01572956423905988,-0.015404165220205716,-0.02264730188842108,-0.01998758513104748,-0.0008709736119762133,-0.014570557629851386,0.000835532042851116
2021-07-24,-0.015400263416170349,-0.014461858347253739,-0.03250584303737816,-0.024763679126129142,0.0013960497851666451,-0.015974296485671682,0.00033338925585933916
2021-07-25,0.008902792943561562,0.008603482353312061,0.01372571321913223,0.011447185153790769,0.025359435889281502,0.008509298254134587,0.0006702776633011991
2021-07-26,-0.006456177589618235,-0.0041415862706337845,-0.02164120218537822,-0.0073047019721556635,-0.010367870021269128,-0.006961729051079212,0.0002731134960129333
2021-07-27,-0.01352809600052106,-0.013026072697516771,-0.00814825418421701,-0.00701144718151083,-0.017615225253228978,-0.010236866713077917,-0.00016710845681113413
2021-07-28,0.013336258176033969,0.015615282156944507,-0.005800746598112642,0.009549038723188233,0.014821859360429972,0.00922574571601543,0.00013596313735929794
2021-07-29,0.0028310631779840376,0.0018626108045287585,0.008157503147154247,0.002364630215922735,-0.0011408868132137331,0.002835358696410867,2.573804403649204e-06
2021-07-30,-0.006418884955208251,-0.007327584801815136,-0.0029606753640786946,-0.0082724109542344,0.0064092081981569245,-0.005433401923809945,0.00013693652938072355
2021-07-31,-0.005440311520684091,-0.006129052594209682,-0.00409536636060602,-0.00787950162247564,0.005915276389472129,-0.004854900739359596,0.00019795481119533928
2021-08-01,-0.006379630611866222,-0.006874986146071106,0.0014063750958718704,-0.0027341801986108267,0.0013943409145765725,-0.004208488906065302,0.0004352600862813133
2021-08-02,0.005632665144342628,0.007124737112691822,0.009506944489873114,0.016206978603756264,-0.024048273061903484,0.006703695882972249,0.00042994217713128024
2021-08-03,0.004898039114786609,0.006496628837145,-0.007035703748738545,0.0033351953890410997,0.005130136873783735,0.0029991674617318633,0.0005421722835784478
2021-08-04,-0.008106399130219226,-0.007511487538019484,-0.023394289956891995,-0.01755585224022504,0.025844360416889298,-0.00964944533663632,-0.00020621342350278114
2021-08-05,0.00417984023323773,0.004283969306201699,0.0017784048387997024,0.0028435393312572065,0.011761523184607995,0.0032779065658901244,0.0006573505768430207
2021-08-06,0.003689675907540424,0.0026275835984971496,0.01156285071701572,0.004815570318068977,0.010203025408843828,0.004016373496537788,-1.4852573564193278e-05
2021-08-07,0.013608601460918185,0.011594579529016148,0.029439064167428655,0.016594316691550016,-0.002792956397699749,0.013497438412510925,7.793100994231438e-05
2021-08-08,0.0025600692207300643,0.004466323587944672,-0.0003434604650106414,0.009700935805399692,-0.0074153450569632625,0.0029607683011817106,0.00022038125962833236
2021-08-09,-0.007041540559072894,-0.004875697223725089,-0.022378236957704994,-0.008759323662932951,0.0013431527308210072,-0.007587822984186086,0.0003430625195537804
2021-08-10,0.002453912463015552,0.001962970318520986,0.0027729281955368047,0.00032098908782225667,0.008601643918650188,0.0019207743754835263,0.0005980008333726402
2021-08-11,0.009112327836154881,0.007630276784913434,0.01819841918979671,0.009246077015618318,-0.008829718060227018,0.008608413023918387,-0.00019808664798129865
2021-08-12,0.00574553029115778,0.005626462668106939,0.007718159336976911,0.0068431574312488004,0.017760656907952484,0.005304270603345292,0.0003596322258144166
2021-08-13,0.015290421350728865,0.01464626218605382,0.011131428858512739,0.00908933992277636,0.018017658146042132,0.011858488350669582,-0.0001225206150272638
2021-08-14,0.019171320220495457,0.017352307495267522,0.029472409794580823,0.018819801533231338,0.024233126569481928,0.017227755118000825,-0.0005053055841844356
2021-08-15,0.0066898823366333855,0.008396831743344765,-0.005531256162393509,0.005472311656848673,0.003893575483246619,0.0045286895441250625,0.0003393798225041595
2021-08-16,0.0037378167436605677,0.0017164709057712695,0.011917104807132366,0.00036691413230762046,0.012880828513082504,0.003487875908371716,0.00018204789152323811
2021-08-17,-0.019306344050981545,-0.017345576509636983,-0.027716207436237216,-0.01673971021426716,-0.0039334177903202275,-0.016900253251046955,0.0002770114151788829
2021-08-18,-0.01340908892258157,-0.012785366051873082,-0.00192993691524904,-0.0014133152041782178,-0.023507624386522062,-0.008803796735223694,2.7854515548480718e-05
2021-08-19,0.006569450282812147,0.005267445709957293,0.010564928742690688,0.0034647722279373223,0.012929272930874114,0.005558610464883619,2.7361926546170623e-05
2021-08-20,0.008971733458714716,0.008419744506903354,0.013394552431803566,0.009965152454715343,-0.00267780723385584,0.008203340163411621,-0.00012772851516907908
2021-08-21,0.011488520495455515,0.011293450843443723,0.011614382538936574,0.010847055965066845,0.004934569435361708,0.009829315666083782,0.00041402470721850574
2021-08-22,-0.006811506783095355,-0.006412779257751988,-0.002777353059871655,-0.0017500196391941718,0.0004170255591728952,-0.004782034468596756,-3.401628939477474e-05
2021-08-23,0.02364331178361743,0.02244157257122443,0.0194780667268482,0.01484718388530501,0.030423830968290752,0.018676449518816345,1.0318967398057567e-05
2021-08-24,0.005480917810134794,0.005428228292265552,0.004888647784830605,0.0048475780806791265,-0.004489317482945198,0.00462094610603824,0.00044279235704786085
2021-08-25,-0.013741378438170127,-0.011723151482126666,-0.02061737650948674,-0.009547361221015863,0.0022415468277769465,-0.011804150455420298,1.9895994186847646e-05
2021-08-26,0.009195210385515743,0.007331058638653626,0.023728235888596638,0.011800879266864418,-0.0012113443806019116,0.009504657861273583,-0.00021269503362487382
2021-08-27,-0.02573431063103284,-0.0244967391115629,-0.020293863105959327,-0.015790065472465795,-0.040035689110130515,-0.0201444088422693,0.0003514977526301322
2021-08-28,-0.010738208791323875,-0.010528257480764719,-0.005187824727457024,-0.005479199242055286,-0.02003185310526916,-0.007954765180056703,0.0001846500080321772
2021-08-29,-0.004169279582969563,-0.004959459615862981,0.002964896259576343,-0.00246124959272891,-0.005316451782240445,-0.0026142854545957383,0.0006217864821598917
2021-08-30,0.007871504360075648,0.008626634760702802,0.0009144686224939313,0.006190525022941892,0.0072313266999281,0.005918484570822315,0.00015625066840205975
2021-08-31,0.030348163498126492,0.028779129414469525,0.021259223170772428,0.015942499885283096,0.03439215311906504,0.023137352872407573,-0.000477687617137697
2021-09-01,-0.0044435419210160365,-0.00142894270287377,-0.02719902169691894,-0.007849715471808544,-0.010491100848438056,-0.006267244005888078,0.0002519514636328881
2021-09-02,0.0005488116632918404,0.00013551942954214476,0.0023961119099700505,-9.889469004120601e-06,-0.01221705723038324,0.0005986215765245905,0.0002926964090435
2021-09-03,0.023256615481255422,0.02190531959758132,0.02386633582427554,0.01753722363656186,0.008979839946076845,0.019173034886053757,-0.00015506183076459873
2021-09-04,0.0062465463298040855,0.004560235846667452,0.016765517457780786,0.0064492033705581125,0.010181762471924745,0.006367429881505481,0.00035385007642225775
2021-09-05,0.006053126158751588,0.006817343794646127,0.0010251040201940394,0.005924277252696886,-0.003367874434447413,0.004743948723381428,0.00013644198513564057
2021-09-06,0.0050871751428668965,0.002607491493137086,0.011349676281282505,-0.002062667634290172,0.016092564572363112,0.004008404471972265,0.0005974980540815442
2021-09-07,0.009760995191923756,0.008222913702066043,0.020789450128212553,0.011185087905822443,0.016210702509711142,0.009514377616125934,-0.00021157104631397818
2021-09-08,-0.015941597919255025,-0.015356889825995593,-0.028681151959330485,-0.02357392395954395,0.012630989588948371,-0.015784023647387627,0.0005154415272522063
2021-09-09,-0.004880235961654931,-0.004175920424126484,-0.008411376297670177,-0.004326854362317893,-0.002698672967501698,-0.004395659815732731,0.00017100840040970274
2021-09-10,0.0069059773568478375,0.006919082129200722,0.011010871968346075,0.010393954631303506,0.004117617790904437,0.006760686820659671,-6.0223134843548446e-05
2021-09-11,0.0154868552170741,0.01691840220038053,0.002627897003894727,0.012583203733204228,0.02428352975465802,0.011716348245662988,-9.679423991867269e-05
2021-09-12,0.004314881552003967,0.0034071185232851407,0.003972319093519242,-0.0003588533117719699,0.008464447327665731,0.0030303871930734945,8.165830786158954e-05
2021-09-13,-0.004978730735379849,-0.00811795365760539,0.011359266276124488,-0.007515813610474811,0.00869220577575207,-0.003168696333477353,7.231689833239806e-06
2021-09-14,-0.012369245223427508,-0.012037887228701478,-0.0077862778671329135,-0.007325808141687001,-0.006343651315110804,-0.009406202181764429,0.0006230196386602521
2021-09-15,0.03521951345427443,0.03374611652757426,0.032211846113117934,0.026238246968875313,0.03846677737843978,0.028682109991734588,4.710318302853001e-05
2021-09-16,0.01071236802178562,0.012162912447908705,0.01363989422317044,0.020442314988943708,0.002787482098624867,0.010738257980985079,-0.0003994590283240762
2021-09-17,-0.007564604223813924,-0.00844537136367695,0.006675760951068131,-0.0006817045275902996,-0.02700441375044132,-0.0042125052155660755,0.0003555344141197523
2021-09-18,-0.022551139318615337,-0.02176577485698167,-0.015051203699491263,-0.013115639498626142,-0.031216548173603063,-0.01740282478733954,-0.000343683529597246
2021-09-19,0.0018475115457077633,0.0026311824803272868,0.0005476150324797953,0.004718127090354695,-0.010227137138263795,0.0018512645840388794,-0.00011240536473530445
2021-09-20,-0.023320608371454485,-0.022802202180143664,-0.021840850931877036,-0.020046127866910523,-0.029870988240969384,-0.01937692040681807,0.00019199323821808513
2021-09-21,0.012416818844570477,0.012288785880835885,0.012190532995014946,0.011856611218157178,0.011829887667983242,0.010510518447668203,-0.00024837585943011026
2021-09-22,0.024403004171458506,0.024310042144153287,0.023208097850665757,0.0234741671023909,0.02404211425398187,0.0206959461647031,8.69840487399133e-05
2021-09-23,0.007679683115858988,0.007069513455661662,0.0014686840382552354,-0.0001485209449173441,0.012937853747065972,0.004934666874899197,-6.198301821393534e-05
2021-09-24,-0.0056777532814649605,-0.0035736056853580426,-0.010750960645354848,0.0005358349992858769,0.0038483033063245655,-0.0043912020679115465,0.000438994363806293
2021-09-25,0.015193054989639026,0.015248054784910401,0.007467969177450308,0.009581870153049222,0.010070532652695563,0.011605510581643576,0.0003338137636100936
2021-09-26,0.0030549825966580102,0.0030428339889579503,0.010363825235254226,0.008905806236344143,-0.0019256553759403943,0.004062063524491017,-0.00013319994571481177
2021-09-27,-0.0073166514194820025,-0.007958151023123543,0.0043651486375965495,-0.001301120767749503,-0.008762339018455734,-0.0042944783389789,0.0007284161775745509
2021-09-28,0.019880811740323155,0.018615314746623104,0.018220401922580426,0.012698366200056595,0.009894226144228056,0.015897692934792745,8.938600029146352e-06
2021-09-29,0.010160185235483083,0.007227548152098104,0.028582054451066236,0.010612583365030797,0.015459351540788169,0.010415905304987807,5.368778533388846e-05
2021-09-30,0.0081215148784826,0.006744331847952492,0.0029456660746377053,-0.002668619635549114,0.015531869337907908,0.005063878537709079,0.00043007988533591893
2021-10-01,0.003061924601796837,0.004686319895576982,-0.022015513590375166,-0.008916442808771801,0.016657930803636017,-0.0012516376781738794,0.00010840500704435149
2021-10-02,-0.009900514194303765,-0.009888147049025235,-0.004055669509260681,-0.00534933318584991,-0.004944981218096177,-0.0074225340900747235,-0.0006110923314763775
2021-10-03,-0.015229718065852464,-0.014275937533875089,-0.014083247954603209,-0.009911052059090562,-0.011761847169635374,-0.012174193373538025,0.0002795774444341304
2021-10-04,-0.004254828965757833,-0.0036810046892163236,-0.01082351272842616,-0.006757001142385497,0.009174407395928515,-0.004601120066809935,-0.0001589743353550291
2021-10-05,0.010538064370711416,0.00985688610141311,0.012361799250048317,0.008848712974729098,0.0032275758832640096,0.008918299478821397,-0.00029600317337832405
2021-10-06,-0.0073972678430047805,-0.00663422887976436,-0.02445791475954607,-0.017432760206400583,0.00807851164498321,-0.00919073264489483,0.0004220975855175022
2021-10-07,0.0068439964046806585,0.007357202950480192,0.0024077806028162756,0.005963587875377086,0.0007524960633028847,0.0053758886408558,0.00017780760776879142
2021-10-08,0.01899930439390652,0.017060485809511743,0.029579241551349927,0.018258133185385488,0.007062993676553915,0.017175469623736398,0.0003671607721846998
2021-10-09,-0.019596155863979822,-0.01856951166878897,-0.01782895985004824,-0.013509538769129078,-0.013234441902659823,-0.015746420030067775,0.0003419461628869204
2021-10-10,0.0037961652793264138,0.0039297413174861585,0.005535378211352205,0.005926026478035057,-0.008939071664917995,0.003685353506549156,-0.00013509594961721023
2021-10-11,0.0012029802067953085,0.0009666753877558828,-0.008456922702234995,-0.007675715101202496,0.017452679875632596,-0.0010072727943862163,0.00037433894273536297
2021-10-12,0.0006446332640932864,-0.002777005163557428,0.017870469652326176,-0.0024648291526691516,-7.22123931133114e-05,0.0016509393513659085,6.518001804250523e-06
2021-10-13,-0.0006496572999828576,-0.00015004914325689064,-0.011791064314625194,-0.007109715858508604,0.004198138190013364,-0.002429893748025749,0.00010020475192484532
2021-10-14,0.015947186373917593,0.012272898424863633,0.04311761893616476,0.019853257823794653,-0.004438498081571145,0.016613306749175417,-8.820704637684757e-05
2021-10-15,-0.000604275464587939,-0.003147563476149336,0.014557846013429748,-0.0010499684969903498,-0.013218757847554925,0.0007625897936662661,-2.6903579424891717e-05
2021-10-16,0.009689657017857267,0.008302946909439914,0.015340788607546016,0.007565708085657891,0.015986433528024948,0.008429219606595687,-0.0005850295637099838
2021-10-17,0.002071612863304126,0.0007011079821203045,0.005611765855513636,-0.0018159881281216695,-0.0007788801708923094,0.0014845683483504257,-0.0004569235294295295
2021-10-18,0.018760039718132233,0.019279680961510465,0.012345458485223828,0.01655845908807838,0.020403173338489528,0.015292547494112753,0.0006072090189118745
2021-10-19,-0.0016653380497662533,-0.0008355681075458558,-0.005231299779261977,-0.0004538977412225832,0.010211322938704892,-0.0015647782783411296,7.735307165942812e-05
2021-10-20,-0.011579553901831085,-0.009010465984322164,-0.031814944158126114,-0.015308762175675016,0.008134065811257685,-0.01223719224728675,2.996516326807807e-05
2021-10-21,-0.007091698762706044,-0.005842288912126943,-0.01247112499942868,-0.005365887542317182,-0.008008597487759265,-0.006310528747996393,4.492384198344114e-05
2021-10-22,0.017050658240747335,0.014287646157460749,0.020852560388926675,0.006786188156279406,0.02731093154241009,0.013510755154222724,-0.00011373618046951636
2021-10-23,-0.0023809893338173935,-0.0027030199998422243,-0.001072285451037883,-0.002979335865873074,0.00135802318378609,-0.001959029244448834,0.0003429180720138516
2021-10-24,0.003575952171792053,0.004361291149570984,-0.005595662964497234,0.00019251380105940767,-0.005490186719080338,0.0017609409261130052,-0.00013800723175120302
2021-10-25,0.023134539016590492,0.02354248011431231,0.008161476893881366,0.013632085306516483,0.03143186187379095,0.017194677388385118,9.619074921526594e-05
2021-10-26,-0.0012135612310351356,-0.0031968665824585116,0.014842626285837986,0.0018096440211337614,-0.010695534288191515,0.0008053208747822928,-2.744966129023435e-06
2021-10-27,-0.005092805407729738,-0.0061713893057212,0.0011222777281384652,-0.005553114125521497,-0.01976102315209209,-0.003861220997650765,0.00011573311269504629
2021-10-28,-0.01665061070623158,-0.019221555956147406,-0.002377064977360649,-0.018269501443805212,-0.010853475490075289,-0.013200479462796238,0.00021227859807809472
2021-10-29,-0.0031471825585660074,-0.002583333154819037,-0.003406674240663011,-0.0006397574012845944,0.009183600666965172,-0.0023191214435553794,0.0003726950189847732
2021-10-30,0.01730912668170557,0.018287411353923255,0.009059875691948686,0.015883803989419867,0.014924531844723367,0.013941569227325843,0.00024153574348298592
2021-10-31,0.016535877795725094,0.01625795833841004,0.012368127305222321,0.012168055416762424,0.022416859420003314,0.013136388742236755,-0.00042912883307094895
2021-11-01,-0.0024330897681472115,-0.0022002882927246877,-0.008432882943115325,-0.006127474377487197,0.014596693973106487,-0.0031610658843480356,-0.00020362187050912628
2021-11-02,-0.001069277494792372,-0.0013975139198201438,0.009204388155121326,0.005498265274655492,-0.010382849599847825,0.0009693792992592721,0.0004258130475026835
2021-11-03,0.008714209596203934,0.008279882258397764,0.002979786663844488,0.002152088424893597,0.0011520896355472626,0.006072127341060596,0.00016449842921908013
2021-11-04,-0.005526313977277366,-0.006706699091382515,0.007876952947613366,-0.0007406553222889184,-0.011837646358235882,-0.0029152247552718244,-0.0002336929150421469
