,VTI,VXUS,BND,VOO
2015-01-01,100.60509646399835,100.36224311027931,100.20341844867922,100.84567973386646
2015-01-02,100.38520895508485,100.04171915030639,100.73496173936663,100.73817531691735
2015-01-03,99.89958215093057,99.98446516401641,100.65191483700838,100.18666192470019
2015-01-04,100.2172630686768,99.07065105963267,99.8061156309969,100.44691284841636
2015-01-05,99.11877481172243,98.41914535181618,99.55069273114849,99.13771674753525
2015-01-06,100.80087093383496,99.53904616226043,99.52279121484861,100.5958064546862
2015-01-07,100.22813821611216,99.16215098950123,99.14993160466791,100.10498708193496
2015-01-08,99.59511657654068,98.50093000175426,98.92029806622959,99.78448642831707
2015-01-09,99.62510125300558,97.88826523803006,99.07868378694988,99.62027267112751
2015-01-10,99.90474814261205,96.93884716111205,98.37831382068717,99.95842408617027
2015-01-11,100.78145502996165,97.6692256615469,98.34944671506307,100.79174211787314
2015-01-12,99.14786454011806,96.03601907258349,98.13400584986945,99.34660352346287
2015-01-13,99.57674144461265,95.32774698966271,98.02807882526794,99.72254843801376
2015-01-14,98.862229221006,95.14352578092803,98.47109388709015,99.14934824249467
2015-01-15,97.9720237485115,94.30522449285372,98.56613531919858,98.4167806938905
2015-01-16,97.48736135015102,93.8338899965268,98.17484687659042,97.76221650016545
2015-01-17,98.42421963879292,95.26328503922863,98.30368248624839,98.85764122459643
2015-01-18,98.86995169667038,95.2104788769402,98.34612299915018,99.55097646788853
2015-01-19,98.87483864208376,96.08907793262435,97.64089730257207,99.71663548632168
2015-01-20,99.01664135506194,96.0087214374745,97.63791406265663,99.54871958188572
2015-01-21,98.8163852828787,96.0525033871578,98.19251072123011,99.25346287497464
2015-01-22,97.96080754299456,95.12111389894532,98.46365129824075,98.4459572418148
2015-01-23,97.42035457892794,95.00106557447687,98.5727658528439,98.05960300406743
2015-01-24,96.69372425798221,94.26489859290228,98.41409621723018,97.11246100491127
2015-01-25,97.06022670952444,94.66929311575286,98.4457333860294,97.44796564098606
2015-01-26,95.55603146653597,93.30624771673958,98.30594577393884,95.82823289937112
2015-01-27,95.42564933057456,93.42146025433206,99.00917540046795,95.70829207156676
2015-01-28,95.74586679349875,93.60453448385128,98.33527808816879,96.05139186034305
2015-01-29,95.85424608122524,95.04674756315178,98.57149534809759,96.20544822756527
2015-01-30,95.86018764792539,94.37544174295115,98.82643414293892,96.32413102672372
2015-01-31,96.75818867233012,94.52062476612262,99.18835635209808,97.00178688054986
2015-02-01,97.44196361947469,96.24847148789027,99.1069117153611,97.60678704633547
2015-02-02,97.59555258609454,96.0609846426162,98.51002835021313,97.79571164116436
2015-02-03,96.4713878130127,95.4799514051657,98.27433955346143,96.92887380278434
2015-02-04,95.66355487789089,94.67702282989265,98.53213944913801,95.92687628731863
2015-02-05,95.95213033755941,95.61828197082747,98.13771972400485,96.2625312998657
2015-02-06,96.27663663492208,96.2958346201857,97.80746422935401,96.40081540819459
2015-02-07,96.88657497981494,96.9153645563574,97.92298555261871,97.06513088061503
2015-02-08,96.18797823752993,96.50621404301533,98.06719357625082,96.25822459949579
2015-02-09,98.2540751351294,98.33690289076891,97.68619737466169,98.43812633714437
2015-02-10,97.21934794809349,97.99956511365787,98.19781420424596,97.26546837384963
2015-02-11,98.31890630226108,99.0673372856337,98.5158697910623,98.65232427113068
2015-02-12,98.09156730044508,98.43446243563841,98.12582092693391,98.31487079262061
2015-02-13,98.05078730477256,98.58988294545074,98.26696818589396,98.40553990475964
2015-02-14,98.10958848478718,99.4754694321705,98.35621754448522,98.89556556701733
2015-02-15,98.8458245005941,99.51893997647062,97.8760027347145,99.7328011572181
2015-02-16,98.64169100020949,99.77290856425486,98.1318229254986,99.51383885399166
2015-02-17,97.74504923969639,98.17000252870758,97.81360388428669,98.76427555450601
2015-02-18,98.0251801168865,97.6402060461699,97.72146864910154,99.11563292571476
2015-02-19,97.0931977635561,97.01222917711824,97.77941090820094,97.99973009318916
2015-02-20,97.52869081582963,97.65292788358806,98.21414808528006,98.59475201622158
2015-02-21,96.0586736110525,95.97719392874977,98.305350569933,97.19711917722621
2015-02-22,96.65976815510207,98.62421598430157,98.96439310060222,97.96598504943887
2015-02-23,97.74278592633642,99.83123462638622,98.92121543168338,99.18637158864672
2015-02-24,96.93579334642949,99.0513583723019,98.74218989395241,98.39496295006032
2015-02-25,99.50832826036122,99.92731661169107,98.71166538352198,100.75022680565948
2015-02-26,99.02418760854042,100.19363765383716,98.87904845866531,100.0893768040558
2015-02-27,98.27080751000157,100.00774113350421,98.72662504558072,99.37649440990283
2015-02-28,98.36581109471665,99.67838139210716,99.38891516511462,99.55684939081748
2015-03-01,96.16542153724731,98.08480078733388,99.22297813799577,97.48436534976878
2015-03-02,95.35010711277175,97.37347281699726,99.40198359914515,96.79555956758314
2015-03-03,94.10352511428202,96.20044415038961,99.22156561986996,95.44481043614901
2015-03-04,96.01845746808162,97.90337817120633,98.80535925416183,97.53950494347815
2015-03-05,98.35834205638938,100.30118471424332,98.37192070101723,99.85347068220301
2015-03-06,99.80723991410943,100.98394649564317,98.41857091823142,101.44720729915339
2015-03-07,98.80986628854134,100.16887657893703,97.3175293543415,100.31407625673732
2015-03-08,98.57339671840006,99.22769338204456,97.73004005692447,99.837373963048
2015-03-09,98.12922808252253,98.95216009032298,98.24926293618933,99.14894287717169
2015-03-10,99.46001861625678,99.96166936595581,97.89596282329315,100.57991713111825
2015-03-11,99.72821313838088,99.79417865096184,97.84691940716989,100.79583408366166
2015-03-12,99.90098970440646,100.3052955044697,98.47055944722504,100.75614094782837
2015-03-13,102.3477342089348,100.98595384976865,98.14486421174577,103.32633205103046
2015-03-14,102.71821785860746,100.87389805938668,97.99620124142118,103.62887032177947
2015-03-15,102.08252003064375,100.89754841222545,98.23566091323427,102.87348971677666
2015-03-16,103.16371091008807,101.87844882045279,98.53901556358568,104.0589068996327
2015-03-17,102.2466575990389,100.83722600744397,98.74650144834193,103.23733737802254
2015-03-18,102.26890863415386,100.9102611830804,99.20537839548088,103.1529055765604
2015-03-19,102.94580256026882,101.28076848543944,99.09855108603378,104.02417925380499
2015-03-20,103.95007183645812,102.50695103146803,99.63855337753978,105.02731307523435
2015-03-21,104.79607360902851,102.93536003001608,99.70400328032028,105.86140001137782
2015-03-22,104.95811813008164,103.40692261704592,99.4942647171434,106.3922762459579
2015-03-23,103.81572460214808,101.79037144918036,99.76922468144168,105.36893309510292
2015-03-24,104.59297016517806,102.73526041693711,99.83454849561576,106.00868499348144
2015-03-25,104.72972178548136,102.40779396882485,100.09298647870799,106.11910539135965
2015-03-26,103.8028760841633,101.51005787132274,100.21638093438152,105.08962005409677
2015-03-27,102.88806612939747,100.96510810325215,100.3511902585541,104.08341229464291
2015-03-28,102.38851803775042,100.7190142059309,99.88478121137884,103.36806521561464
2015-03-29,101.60591819505194,99.99303652585992,99.98369112595135,102.82701211400263
2015-03-30,102.63403702434066,100.65069141406455,99.94487330512237,103.70688929784555
2015-03-31,102.65913496827,100.4819569098588,100.02568069012861,103.59861957835123
2015-04-01,103.30650585705503,101.86669483503216,100.17140539755334,104.31832878578375
2015-04-02,104.15680615123013,102.24430334152707,100.1907591386416,105.18169354984748
2015-04-03,104.31866053048495,101.87906509103841,100.10516572048796,105.4372046346162
2015-04-04,106.07194860521831,103.74570235869847,100.95349163747545,107.05192314013306
2015-04-05,107.16278348281678,104.65342005133628,101.73577130753726,107.99053457452155
2015-04-06,106.19722656603786,103.5497728023514,100.92501207175223,106.96447081131133
2015-04-07,105.33681900046989,102.99207570783275,101.08205411834138,106.4223801471889
2015-04-08,106.51281081120662,103.49498153402845,100.67840995949152,107.71018667243702
2015-04-09,104.976323116559,103.47898865109929,101.34966937330243,106.06498877002441
2015-04-10,102.99717972069399,102.82091313479039,101.51480702032927,104.28316344045656
2015-04-11,101.19313753851836,101.07360989621088,101.47494266955064,102.47793044093214
2015-04-12,100.72573639834077,101.08092149457161,101.1868630524862,101.99892149330323
2015-04-13,100.90793547124643,101.51545319308579,101.50412892684324,101.99565972333598
2015-04-14,99.20907561497394,100.97900494762213,101.8149931454529,100.15896126472839
2015-04-15,100.98830110231853,102.40742177809135,102.2232465041679,101.9530761948656
2015-04-16,103.37940749979467,105.30328153568729,102.32105738709625,104.52101034703422
2015-04-17,104.17815088361162,106.76479195965854,102.14096650208553,105.4534314317896
2015-04-18,105.46800539346076,106.6321595069851,101.4799657644174,106.43914060351152
2015-04-19,105.19558748138331,106.86467615178074,102.11128026957724,106.16297381544008
2015-04-20,107.17401000992182,107.49382360643955,101.30204009427347,108.1767372955868
2015-04-21,107.6864576322907,107.84743100743594,100.56279270502073,108.70919465919819
2015-04-22,106.15217027721818,107.09807967309683,100.8028274387564,107.00086277220917
2015-04-23,105.58553838629786,105.97313344165326,100.6617288829764,106.60569336934469
2015-04-24,104.4604607252882,105.42072618235387,100.5600830131544,105.34883574869947
2015-04-25,104.38180000338811,104.69490242831412,100.24227536200394,105.08503107707973
2015-04-26,106.74029852124556,106.49561428525966,99.96866679379637,107.50317481641936
2015-04-27,106.65354831551008,106.27471046633646,100.16137509718526,107.54582159613075
2015-04-28,106.0642466422773,105.44967443007316,100.00713612969436,106.56992456004053
2015-04-29,104.30119537138205,104.9655772173286,100.78261834438705,104.74223178140988
2015-04-30,105.0261684093361,105.6987938112174,101.89802712503439,105.62381529143421
2015-05-01,104.92235942149028,105.00243257920776,101.2117473428896,105.58326193951757
2015-05-02,104.0755702426889,103.45463039394012,100.82272427751693,104.57061175192273
2015-05-03,106.10157342573636,105.51083671330359,100.90197970413644,106.8507060796809
2015-05-04,106.24216730844039,105.06007881706924,101.33327895630453,107.07495505655586
2015-05-05,105.04840727505555,104.03112998270171,101.02256741094642,105.65657016763541
2015-05-06,106.19247506516001,106.0600674708704,100.75413227464449,106.91495223105602
2015-05-07,105.46194162702949,105.18392943177994,100.50061521108422,106.04945358847957
2015-05-08,105.56740313799895,104.72767234302951,100.49479657996156,106.15289563270736
2015-05-09,105.33096551090935,103.96832649564499,100.18742565434164,106.06060602098563
2015-05-10,105.97330863789718,103.82829785938219,100.09514920951939,106.84166500038057
2015-05-11,104.02759385360787,102.70493256977835,99.96536719065675,104.99522640259973
2015-05-12,103.17992689269732,100.95057916608651,99.19139506075567,104.1826351493325
2015-05-13,103.52869092294294,100.65067673901977,99.30029587482233,104.25937064497741
2015-05-14,103.4985101369537,99.88740344597376,98.93004974745742,104.25542005774788
2015-05-15,102.54183460822443,98.944334512647,99.24994206112567,103.19409928121028
2015-05-16,103.55403781845536,99.00429764541056,99.28289252448465,104.45151755165176
2015-05-17,100.7165152241221,96.46322214130831,99.43407379174234,101.5658950117514
2015-05-18,101.1834224094495,96.4412517878489,99.38645178029073,102.01741117046046
2015-05-19,102.56089900423098,97.56939115902577,99.51693089534112,103.33647511644688
2015-05-20,102.0437897875742,96.93105195069484,99.61325542064077,102.75055851854545
2015-05-21,102.42327361326964,98.39042300794866,100.17047702268978,103.06641584697513
2015-05-22,103.85621862978651,99.18074096192912,99.38800178524258,104.3699816838251
2015-05-23,101.71366710581411,97.40771624020054,99.38914308414317,102.50958883360765
2015-05-24,102.13451031671215,97.57230995426187,99.64758325026408,102.5678066485138
2015-05-25,102.45199197125442,98.23710197942476,99.22724375757144,103.09364720733211
2015-05-26,102.88924759567462,98.29787179782218,99.39280165398576,103.90646365475355
2015-05-27,103.14675283222574,98.6160895499108,99.26403680953356,104.035486425604
2015-05-28,104.15870096382606,98.83225990119739,99.17184732854565,104.98246781769605
2015-05-29,104.7681444747851,99.45344882024195,99.56689294165689,105.50210054125075
2015-05-30,104.49698157763953,98.6638371872216,99.3002246025347,105.30868590281892
2015-05-31,105.43579963206471,98.77940174638769,99.47801223677028,106.47941911088681
2015-06-01,105.97483355917561,100.25396968543292,99.43620592589588,106.81922965447745
2015-06-02,103.89853609673581,99.6452272494471,99.88398436623118,104.71547585653013
2015-06-03,104.2734353071878,99.23500913341448,100.59637954653181,105.09513290601194
2015-06-04,104.44924184497093,99.77742632498045,100.85729424627534,105.30718091076072
2015-06-05,103.5661038170082,99.40437748142945,101.59750050593841,104.62745410142722
2015-06-06,105.47252954389121,100.47459520248843,101.1555871414023,106.54694194980551
2015-06-07,105.58656373671542,101.19847201619683,100.69719242076805,106.9447941929836
2015-06-08,105.44639571058254,100.82479187259818,100.29451077719568,106.54094921374704
2015-06-09,106.47239033472789,101.5984593149385,99.83996428265772,107.37608411052186
2015-06-10,106.11773098229327,102.3388740197147,99.96550702387952,106.76485957143012
2015-06-11,105.87193457450599,101.9783541528381,98.99821086527879,106.54921800121049
2015-06-12,105.64437612977373,102.22126748992805,99.73060973054537,106.49377795620714
2015-06-13,105.3721195507544,101.33265761651269,100.49885752050416,106.20949631932378
2015-06-14,105.43641263593011,101.35072636555589,100.56867626187599,106.25365904000057
2015-06-15,104.80255105430302,100.54404608973255,100.50333123453245,105.53327618346566
2015-06-16,104.00811195400219,100.01593808848659,100.44391071082963,104.9979561304812
2015-06-17,100.94795380568327,98.422005361576,101.06975994550989,101.55695814208856
2015-06-18,100.60384328328229,97.93582188824543,100.53640602185364,101.10929184799514
2015-06-19,99.39029773861414,98.04986700044668,101.10735450640422,100.08729541519273
2015-06-20,100.24367868484194,98.01415484441893,100.77081610694944,101.03844709603416
2015-06-21,98.90845627192436,97.42740597115622,100.80159698852442,99.64215719279693
2015-06-22,99.7457596761148,98.29712553747508,100.7202227426205,100.67623015174472
2015-06-23,98.57573985270386,97.77025396390516,101.02943886789345,99.4458270856726
2015-06-24,98.98271734414908,97.33307026558616,101.19645316615305,99.82577887268151
2015-06-25,98.44447644596677,97.52705569985395,101.092326140395,99.07018014400988
2015-06-26,96.76211184068531,96.60227460888439,100.74883725643511,97.67770407535549
2015-06-27,94.53567159567957,95.88090908452322,101.07718421515497,95.41897558309162
2015-06-28,93.99796520104192,95.68222438412742,101.12763741626473,95.05061722361367
2015-06-29,94.1615667007455,95.88080759504781,101.01945307301823,95.21603740445391
2015-06-30,94.53086741869326,95.174571639101,100.32766069542589,95.72755509129874
2015-07-01,94.75573429818678,95.22842220918363,100.31162866318823,96.01389605336057
2015-07-02,94.22228575572403,94.36661575236681,100.29716617293656,95.33112292267299
2015-07-03,94.69848862481517,93.756789610141,100.44220449286505,95.88381777197131
2015-07-04,95.01464310095696,94.53037589854706,101.1474715796284,96.34249829117482
2015-07-05,93.08652837757992,92.3414610812326,100.80460001831781,94.41394112861126
2015-07-06,93.67176391867514,92.36896931731631,100.77365548479014,94.89803385005031
2015-07-07,93.06866657346174,91.13028057853707,100.28817621807933,94.1043278782678
2015-07-08,92.08729784552459,90.96160078850383,100.10815183982817,93.52264874319211
2015-07-09,92.6409902294997,91.4637315791704,99.82530946751825,94.2020860927001
2015-07-10,92.08198922560025,91.09903624358641,100.74718547643972,93.59853112482132
2015-07-11,93.3163549266526,91.63003804125887,100.62923641499508,95.12267958476708
2015-07-12,92.6992987687215,92.14822452610207,101.1190719562415,94.40184892029684
2015-07-13,93.40197638032487,93.19928773856311,101.45215757790338,94.87437627605266
2015-07-14,92.6789143100466,92.5016529309487,101.41195918081361,94.2433079591115
2015-07-15,92.90651528385747,91.92425522162759,101.37919453278302,94.57201769863931
2015-07-16,93.53473165711847,92.97506111305019,101.80319481598927,95.27204699272517
2015-07-17,93.50315734776895,92.01727100208169,101.75151406632455,95.2782367550735
2015-07-18,93.83170598568326,91.54885567415985,101.20493185850921,95.79407726098601
2015-07-19,93.83240054966825,91.90858866198054,101.30465623417435,95.8024062774377
2015-07-20,94.86711820252648,92.38119844844675,101.25988251560965,96.79158833203338
2015-07-21,94.44558168718672,91.88669754825123,101.31142136394674,96.2930975140807
2015-07-22,95.82496837530591,92.40098655687487,101.1130527824524,97.63877008136625
2015-07-23,97.43100399328677,93.6703892958072,101.47849671346667,99.03264301462535
2015-07-24,97.76838175544697,94.40009795138285,101.61799678702201,99.54493121908556
2015-07-25,97.24273197017543,94.79547808379449,102.62459819720733,98.92840023152584
2015-07-26,96.79857785874327,95.27554938249763,103.38756347050423,98.37817105708999
2015-07-27,96.38406893875353,94.79276467184897,102.87771344883274,97.8356889923174
2015-07-28,95.33703616636208,93.56474453619657,102.79024705313778,96.82136079413259
2015-07-29,97.04612014862514,94.26615396565853,102.99064035685848,98.51745919239944
2015-07-30,97.03600176762099,94.62482817319878,102.67740962460994,98.5834807087641
2015-07-31,97.26200164171327,95.05651381904212,102.84417440535782,99.19986065020261
2015-08-01,96.60704653155892,94.25688253744102,102.56852128743834,98.46057562258896
2015-08-02,95.95688600535058,94.43109647092827,103.2441618243961,97.69581279321145
2015-08-03,95.10026222170909,94.04421725648734,103.1248785240795,96.93518206156627
2015-08-04,95.3608411377937,93.3762810260809,103.48849446014113,97.47196062743664
2015-08-05,94.74550301824986,92.69048495885143,103.5575646042704,96.90080662174276
2015-08-06,95.49159845737859,94.34201052594689,103.74231831909088,97.53898226511663
2015-08-07,94.05051015482016,92.838164895279,103.66663764903421,96.35936931938916
2015-08-08,93.54450724064846,92.57036440480857,103.7030316445562,96.03041548268025
2015-08-09,96.25082421469129,94.29465423179875,103.41263630513792,98.97387628963516
2015-08-10,97.03409866594403,95.90163152571085,103.85057258040572,99.71305300329915
2015-08-11,97.72397640077777,97.03916228065974,104.28302974956665,100.49343383032759
2015-08-12,98.9430063030653,98.61990869619342,104.92048378203842,101.83356071154897
2015-08-13,98.80149938907,98.58542099365393,105.38863909476997,101.54701706339992
2015-08-14,99.25677574295936,98.6847283583584,105.34440794009532,102.22808827450622
2015-08-15,99.51551755544034,98.89323019326638,104.85010389614375,102.63741647659546
2015-08-16,100.28452863386093,100.73450185015842,105.0093745682828,103.46603652872825
2015-08-17,100.61182114423247,101.91723781114479,105.1783711662555,103.85032950132435
2015-08-18,101.34668484045145,102.58069414326876,105.03052361330212,104.64968741555332
2015-08-19,102.61885112892773,102.91452450964869,104.92859984456875,105.85111705828906
2015-08-20,104.04740002142634,103.05137176171306,104.50631442404776,107.40309490949407
2015-08-21,105.93024883967874,104.41026182564231,104.26849012258705,109.6772995510276
2015-08-22,104.24962076170034,101.7706587730443,104.17656026362197,107.86382226865352
2015-08-23,103.09706277504549,101.33328381534045,104.38005513254691,106.57819799081089
2015-08-24,101.65624050034488,100.77266051971239,104.75833500727904,105.07116195352081
2015-08-25,103.81786998648064,101.73996333747777,104.02916794480097,107.21158882833082
2015-08-26,103.81158242098267,101.86865149978041,103.9774125942536,107.27379336621654
2015-08-27,102.39442714823998,101.6771719809069,104.16126309697103,106.0067487906783
2015-08-28,102.83631706859559,102.27251451867672,104.42451189369262,106.53643876171617
2015-08-29,103.62778949993101,103.66556374001878,104.65927712359398,107.47361640821617
2015-08-30,103.56995333529042,104.49745408818583,104.60407928914954,107.73204740499169
2015-08-31,103.5700164019372,103.59120308398528,104.4700475771734,107.625299844783
2015-09-01,104.59814822429753,103.95309435424294,104.21022086139669,108.38034160550973
2015-09-02,104.11237820048748,102.06985669562523,103.33338720413674,108.04542473819916
2015-09-03,105.08154575924993,103.03483678425872,103.02740908692327,109.05685581366396
2015-09-04,105.12489980762491,102.34083459381573,103.42434582647451,109.24684152438235
2015-09-05,104.91075909954182,102.18483087485603,103.51095613257186,108.67255414047021
2015-09-06,104.66606255008321,101.57420306863256,103.06983044936453,108.39254146116073
2015-09-07,106.833953750524,103.54310699285382,102.91525654071967,110.74146173970401
2015-09-08,108.56716452667744,105.37303069202144,103.03143032621063,112.42081283474803
2015-09-09,109.47064966509575,106.27030417177473,103.39406612333997,113.461422218126
2015-09-10,110.81508680426866,106.90562876319116,103.78481496249954,114.87865926178908
2015-09-11,113.45698706864387,108.383457903289,104.28923727872241,117.6330053639521
2015-09-12,112.67548714497082,107.48950270600636,104.1263529849685,116.9180297247635
2015-09-13,113.39045172484066,107.62374087557798,104.03710900596678,118.0674893199469
2015-09-14,115.6494123842059,109.51414567786462,104.07745484087516,120.44034312860168
2015-09-15,116.50143649909926,109.44245972747639,103.84392263989672,121.01936768442054
2015-09-16,117.07838373855336,110.26039408769388,103.74786079001872,121.93226514930788
2015-09-17,115.514127083263,108.16518268419841,103.66834240440963,120.52213201321294
2015-09-18,117.75861678147747,109.44733559092354,103.97129263061638,122.84428943001937
2015-09-19,117.58288877209897,109.88491332261758,104.32893832417267,122.34656587602564
2015-09-20,119.59276293581482,112.19784460567261,104.25436779232058,124.51931419129004
2015-09-21,120.31279715249275,112.86863060938911,104.0817587829508,125.14743192248181
2015-09-22,120.33267155181866,113.65628572248099,104.43467283540568,125.08844899455266
2015-09-23,121.43370849358719,112.49799939114253,104.47410193043036,125.8860813223211
2015-09-24,120.99273356806954,111.42131735718388,103.86755014732371,125.6946837350385
2015-09-25,120.40983293823435,111.22896534437751,103.90777074371147,125.19319007910781
2015-09-26,120.56864504470519,110.47353084456705,104.10646535075239,125.25811937233378
2015-09-27,118.50825420686586,108.74473179941906,104.63072301252123,123.28161659231938
2015-09-28,118.09631836783039,108.21640065584761,104.47839883068404,123.27653381764753
2015-09-29,118.65815568841138,108.86904601342549,104.90628350223415,123.89935839205988
2015-09-30,118.36552838385236,108.52273706749067,104.8632905156904,123.596562967118
2015-10-01,119.38978058871147,109.25305721407206,105.12792036608376,124.64396721762967
2015-10-02,119.54968707558658,108.04674849955569,105.2064651940136,124.88271229783628
2015-10-03,120.9484650339444,107.12380004536743,105.58082132953774,126.3025855718062
2015-10-04,122.51377967916088,107.4954831643321,105.65287208072496,127.72354110599873
2015-10-05,121.70807056783875,108.17144962282468,105.84884846807347,126.93193555280797
2015-10-06,122.95661589089578,109.31729516092723,105.95607464073935,128.3075353921815
2015-10-07,126.34269412373516,111.54668675564565,105.97943664711518,132.05129703502035
2015-10-08,127.97403789565686,113.41258130438652,106.35363686049502,133.50320491385813
2015-10-09,130.38780243404938,114.24304476856813,106.28662950567195,135.86220562654327
2015-10-10,130.35264446903994,114.42763793013752,106.454211048318,135.918739835607
2015-10-11,132.78230315651686,116.3380104117296,106.39509883262919,138.6639695799247
2015-10-12,134.6224108885542,116.69223480959798,106.43566098324848,140.7403549839604
2015-10-13,134.2319710074008,117.3766351515987,106.57080862517019,140.3654230821656
2015-10-14,134.03098780312746,117.23782521873794,106.17198952320254,139.8588898956528
2015-10-15,136.5001969659223,118.2666248112294,105.66535350917931,141.97567005249684
2015-10-16,135.57913530803995,116.7118543852741,106.11451547091522,141.23789322914163
2015-10-17,134.5891320506812,117.61711445102152,106.79162259315645,140.11746075491848
2015-10-18,130.85909791969357,116.73628848758382,106.62952714948784,135.89603359831216
2015-10-19,132.42642036223054,119.47835794498506,107.4507155873499,137.6163159282948
2015-10-20,133.3740429480758,120.71782965734378,107.8410181277107,138.65221439138142
2015-10-21,133.59110701638994,120.80476637504407,107.55039539979605,138.8355788341661
2015-10-22,131.10286037564524,119.01111759640264,107.20351700178486,136.03664126957045
2015-10-23,131.42806325628723,120.20616377497124,107.73234207093243,136.0190827193057
2015-10-24,130.02183832037147,119.88862649287393,107.51172342360063,134.5377969415234
2015-10-25,130.88675192684354,119.78407004596949,107.41521640592173,135.15469255263153
2015-10-26,130.05902113981404,119.42139729577957,106.87587443878614,134.42848397181427
2015-10-27,130.0891771011299,119.81909598388718,107.03673390829805,134.75432974092203
2015-10-28,130.33171663197598,119.66480106882223,107.02684023125435,135.1299914324519
2015-10-29,130.46254491772623,119.76803532238938,106.77261249313975,135.1408804748704
2015-10-30,128.4594643780912,119.60675503090177,106.57159014058774,132.94103285217528
2015-10-31,127.47764648766282,119.53525763100818,106.59785684283322,132.2008415556032
2015-11-01,126.5678611201864,119.070604508996,106.34074799451787,131.73200104038796
2015-11-02,124.9312585737101,118.10663970902556,106.64412376415422,130.11732938649345
2015-11-03,124.72700212015826,117.85222912311959,106.65073304410014,129.88235574013964
2015-11-04,126.13838118689979,120.40030770226684,106.71966191402493,131.06958681289305
2015-11-05,126.07004794368042,122.18623214330569,106.76648595151615,131.34959694768938
2015-11-06,128.51079684830287,123.55907760827942,106.87602363592494,134.22888513241918
2015-11-07,128.01995515200736,123.0339428412696,106.64323971217082,133.51800690303952
2015-11-08,127.14123257487499,121.47840434888329,106.51093617711567,132.4532243283457
2015-11-09,127.53382662547475,120.61856496557428,106.42798325261116,133.04763106125623
2015-11-10,124.72610442239522,118.85752075550077,106.97675402118281,129.85727782856833
2015-11-11,127.13362561943562,120.87715813001425,106.73941679319958,132.36147621511728
2015-11-12,127.99118239117962,121.53311623645105,106.94303086026203,133.05659728867292
2015-11-13,128.29347327629375,120.7090428255891,106.71470862336835,133.19424529015177
2015-11-14,127.28816772672586,120.86482091085374,107.3031246310218,132.26852259984577
2015-11-15,125.77893766085462,119.53334839767547,107.74126848635039,130.72566714553886
2015-11-16,129.1235486854371,122.2066585194975,107.82345452830408,134.13062993035615
2015-11-17,129.3763897180377,122.25980006350542,108.07090965718129,134.59535489611392
2015-11-18,128.2890271928261,120.49301781666884,107.21925266074344,133.61907052316536
2015-11-19,126.75194881248488,117.83462072131019,107.10469911899682,132.56687740430914
2015-11-20,126.80071758954735,118.44167104741908,107.25040837653978,132.599503465884
2015-11-21,128.17153939590457,119.19075164767905,107.2975276774611,134.10234721172083
2015-11-22,127.26460209902497,119.2397742319025,107.38084171779394,133.00018571821616
2015-11-23,128.0917517338637,119.17167629278956,107.26506033420604,133.87201735456475
2015-11-24,129.7173420556639,120.63888322715766,107.30090874204978,135.74710849631103
2015-11-25,131.80842636471127,122.49760545933856,107.35501270106786,137.65011436447705
2015-11-26,130.28600296579634,121.18478215966853,107.11090121961364,136.0428469381797
2015-11-27,130.42822302366426,121.65086417518714,107.15743209111994,136.30325282581478
2015-11-28,130.58209938385173,120.30944103306605,106.54626585074108,136.46457505704203
2015-11-29,128.86107295115903,119.52087953798032,107.22273481599909,134.91806008478682
2015-11-30,128.6095039391512,120.38975294803159,107.48435058331955,134.58135728585182
2015-12-01,127.77873116843223,119.56611923565603,107.31439708958888,133.76650027581084
2015-12-02,128.06786705101078,119.75661741687658,107.47916892782354,134.32396510067443
2015-12-03,129.49637555392394,119.69202400358681,106.30769211149484,136.07268341398765
2015-12-04,127.5602678341003,118.15810882674833,105.8743498952063,133.67975574871912
2015-12-05,128.3964591937865,119.26366540530371,105.75378219318112,134.01362272094198
2015-12-06,127.66423934437172,119.00996151911964,105.27327015778263,133.31945334516143
2015-12-07,127.70006679442048,119.42971240985179,105.39676372490689,133.1529749219888
2015-12-08,129.47996379814774,120.56202448183085,105.3463503313242,134.81433279772932
2015-12-09,128.89180661754168,119.4937585811083,105.17968940291587,134.58711246247336
2015-12-10,126.95744241862053,116.9675857007271,105.54049812238604,132.52116536606886
2015-12-11,126.05769061038863,117.04809843886605,105.46997072289042,131.98316298895202
2015-12-12,127.07789511467365,117.40925170130396,106.19142338867056,132.8983829105605
2015-12-13,128.1982548604638,118.38707303117158,106.70272075312275,134.38494277248822
2015-12-14,128.3025889927687,117.91157624110507,106.77774272198764,134.35315047230702
2015-12-15,131.27193756974555,120.05984421518518,106.62343575413861,137.5063730636157
2015-12-16,129.3385047888379,118.00674282155856,106.97262294712189,135.33671323965552
2015-12-17,127.87114185935147,117.35286628556555,107.51126849187764,133.94817165293722
2015-12-18,129.36445610932364,117.84574345100654,106.86055455720825,135.86250473663267
2015-12-19,128.95264878176457,117.36851674139916,107.33326819356674,135.54065255974456
2015-12-20,129.6736057608914,119.36487767024484,107.37445368163286,136.50468173653917
2015-12-21,129.8156880980227,119.63846831294691,107.9860421905525,136.74757750285644
2015-12-22,130.66203160300606,120.97820773970783,107.98482224938016,137.4619580856542
2015-12-23,129.1827479953294,118.50420898672276,108.52218583936428,135.65352356498096
2015-12-24,128.91917976247166,118.10864641418608,108.60979769900764,135.5589096491759
2015-12-25,130.22776121769766,118.59024910829712,108.45448881037323,137.00567957670467
2015-12-26,129.92179304156505,119.49911931235127,108.86514660559901,136.83810588437362
2015-12-27,130.9512424431805,121.03644931610482,109.08261022056689,137.635541449163
2015-12-28,131.6004350887984,121.00420433259018,108.78899941027396,138.46452735275432
2015-12-29,133.49655783346708,122.3243146933987,108.88806333185327,140.8336026469724
2015-12-30,133.91925818824447,124.4986859381654,109.4528799558118,140.86853792825883
2015-12-31,135.11690668506236,125.60829473403228,109.98616378723926,142.26200510635584
2016-01-01,134.96730867935798,124.56813710365,109.74585095351577,141.9298079752335
2016-01-02,134.1454770676292,124.41284504563102,110.48162173505428,141.13592325587433
2016-01-03,132.3983666654721,123.49682561645885,111.03261451992678,139.15242237355824
2016-01-04,132.2584016377069,123.39132946860192,110.73692561310615,139.17045171387133
2016-01-05,132.1380640064831,123.59760751553269,110.45758302850392,138.96724745261247
2016-01-06,133.27367873997582,124.11073623486458,111.06195353818191,140.0523004253103
2016-01-07,133.67153941820115,125.06445388148168,110.63928991671543,140.10175019712284
2016-01-08,131.43382118508913,124.4013440615912,110.63421543970853,138.34614760240333
2016-01-09,130.65761337400735,123.96382015720033,111.27088132689585,137.95761985014
2016-01-10,133.75231462639994,127.06568739031195,111.79672624657695,141.33276259334147
2016-01-11,134.9861829748912,127.51883723267419,111.38874690324965,142.65652414216788
2016-01-12,134.78846264560536,127.0146654097271,111.60462090790439,142.66526725355783
2016-01-13,134.98383696505354,128.25558261304155,111.36586596491065,142.84690007589234
2016-01-14,133.95456423193485,126.0685135575424,111.09507417941202,141.75233380390296
2016-01-15,136.30000275149854,128.1985198197937,110.75716407932788,144.66883555675042
2016-01-16,138.23734177316032,130.00698837289474,110.7281981052093,146.50706076214524
2016-01-17,137.7201320077083,130.46408909031604,111.61787563980208,146.29306740015875
2016-01-18,137.02382139753348,129.07459851201065,111.53213330368294,145.1545785488435
2016-01-19,137.5849556821119,129.34359025835627,111.32745656968086,145.39482625138012
2016-01-20,138.44365961244984,129.52653979347343,110.79244450434413,145.6636706284869
2016-01-21,138.46346972465147,130.89136887244317,111.68289472362878,145.55002137128784
2016-01-22,137.5865059467664,130.61042263829972,111.37468924670671,144.72370541431712
2016-01-23,138.83670280625097,132.44749715539987,111.49302732642421,145.99193435516813
2016-01-24,137.5258936126764,130.82776130261234,111.31278287469537,144.71986112995697
2016-01-25,139.00415189200106,131.24886968154075,111.76748950274396,146.1965828006131
2016-01-26,139.0336726031057,130.66672313869003,110.72211331208712,146.48693428343506
2016-01-27,140.25121001916895,131.2966507896413,110.69822756813758,147.89591446600855
2016-01-28,137.845038410797,129.15626689575012,110.96880812696077,145.0677040863636
2016-01-29,138.36353797725255,128.4615581734907,110.96107506142516,145.6115448507678
2016-01-30,135.90775389160262,127.60727505779354,110.87356516562544,142.860781809734
2016-01-31,136.276541945518,128.72598030609893,110.63765946434248,143.2806157711669
2016-02-01,136.99687010468472,129.75582319470772,110.79589393428797,143.95397854277888
2016-02-02,135.78123251055217,128.9313764553061,110.41373718954515,142.0343696509745
2016-02-03,136.51079141946985,130.13349735623657,109.62101381590506,142.6084980725498
2016-02-04,137.52517862931518,132.44507469453865,109.89951556370734,143.4971240341947
2016-02-05,137.30403778808443,133.35096445585214,109.84625573025201,143.0959694042795
2016-02-06,136.619279011711,132.0699252440727,109.77737754148002,142.76697509427706
2016-02-07,137.17862046273922,132.26255661504456,109.62848704617629,143.0080125503706
2016-02-08,138.60603321436577,133.22596566348258,109.53472622490068,145.23296556211383
2016-02-09,139.13550999930874,132.99578857758033,109.26745045716659,146.0721572625199
2016-02-10,139.3761714988804,132.0107740913012,109.42524544488789,146.16916237803918
2016-02-11,142.38175835314607,135.00070432342642,109.36644894553692,149.6219266426079
2016-02-12,142.55516250908016,135.79295615104022,109.66957397746002,149.59751767128574
2016-02-13,141.58587282565512,135.90798558873388,109.698162475999,148.49589531343392
2016-02-14,140.12602142784198,135.16986976940564,110.56926037903867,146.68765176315299
2016-02-15,140.22776961932522,136.36368906789272,110.73524818368175,146.9025092131566
2016-02-16,138.61239917587324,135.5019500127995,110.74732670488348,145.45587677109427
2016-02-17,140.5300447183813,138.99667969214403,111.30613974806406,147.52384150952196
2016-02-18,140.90158027665473,138.9630162980781,111.3889756346649,147.84814574139799
2016-02-19,141.23293419425582,140.28317406961057,111.17954944794167,148.4827965807166
2016-02-20,143.39331622570245,141.79152394201475,110.31609444787452,150.6489649503309
2016-02-21,145.55423014781448,143.3722173211081,109.90528639126458,152.81767637490046
2016-02-22,146.99909754136732,144.8985180175132,109.87470881307517,154.2511597551276
2016-02-23,146.41671666677865,143.64590192297536,110.38101109895415,153.5482458879087
2016-02-24,148.4914582059486,146.47210326106568,110.95278336477006,155.59544874423386
2016-02-25,149.2343710186538,146.98596482216288,110.59485660198483,156.47774423025038
2016-02-26,147.31907020622157,146.57625080882306,110.60611486857839,154.53635832507817
2016-02-27,147.85615533741193,146.7344824306157,110.79540258379848,154.98128762806226
2016-02-28,149.37499025961787,146.6787923613658,110.64566823781144,157.0631559697741
2016-02-29,147.75872298857004,144.8621454991226,110.77586370134944,155.41747408374192
2016-03-01,148.40954842441224,145.7481487191134,111.08524736126375,156.37082750777495
2016-03-02,149.1622347002634,146.0783859631821,111.30849543224687,157.63475560355647
2016-03-03,149.0068732735838,145.0935690674063,111.61125999307929,157.43571947207357
2016-03-04,145.42593554321599,143.16296476469046,111.56860942813955,153.6543014970963
2016-03-05,146.03592079778204,143.7607554110414,111.86845350826033,154.18582888270691
2016-03-06,146.94655590719827,144.19767310268682,112.11447932935788,155.29373608767744
2016-03-07,145.46402922846923,144.0083924837969,112.07877019058678,153.94449857607214
2016-03-08,146.13205396841002,146.06819468495044,112.24270039167297,154.56660687273398
2016-03-09,146.1662960144856,145.80954014872353,112.51853981253217,154.20057613870156
2016-03-10,144.49686531252328,143.59802262623847,112.76921582767498,152.863912573991
2016-03-11,144.39225961568113,143.3544808528454,112.77940347290718,153.04599177301995
2016-03-12,142.94866016586775,142.45158044000038,113.22021427765215,151.63344385065943
2016-03-13,143.31885306833826,143.56166783949843,112.29157145336599,152.23949827015673
2016-03-14,142.32736989794924,141.22129384580347,112.25513782518249,151.53335727529605
2016-03-15,142.17140460960275,141.8866428146677,113.02654390514554,151.66198689294055
2016-03-16,144.86341811085944,144.5314633950377,113.12978431921405,154.14139270373192
2016-03-17,144.52735508373092,143.53016466113993,113.87863983496183,153.71720859409123
2016-03-18,144.7935236716709,144.18245689597182,113.97516104183214,154.42095794199406
2016-03-19,143.84311925513933,143.61206602083178,113.72424770043979,153.1058972100267
2016-03-20,142.91659073491604,142.85889164738893,113.56543311979812,151.9700007408975
2016-03-21,140.71631580011282,141.10063119939517,112.99053253131828,149.85692578383973
2016-03-22,140.91081966096067,140.00220406225526,112.66685477518328,149.90550060428535
2016-03-23,141.48153055530074,141.5315897088416,112.11324375008749,150.57226892851207
2016-03-24,141.29032329391694,141.93334548991345,112.29720943951149,150.19024779935447
2016-03-25,140.84632571290845,140.90150266269842,112.61917868080266,149.7195214475438
2016-03-26,143.92788987314816,143.16786635593277,112.29632459676533,152.64546191957683
2016-03-27,141.0683936426769,139.63884373517934,112.22236892222075,149.75836694752348
2016-03-28,138.61856091432043,138.52613069817252,112.1942738215902,147.21240988633951
2016-03-29,141.19996036568128,141.20328349154798,112.18403536400379,149.74521978566867
2016-03-30,137.83982323843676,138.03042433447524,112.0501624744398,145.9720450677614
2016-03-31,137.69839347958325,137.96693847589165,111.9795102189133,145.68321758813403
2016-04-01,138.02251514039577,138.55739130798324,111.6147636654389,146.37789592699855
2016-04-02,137.9317131330832,138.48440931126825,111.8994434700467,146.33319307223337
2016-04-03,139.47581480053378,139.87740107645874,111.68402731577571,148.0686598916832
2016-04-04,137.7412644428127,138.62953464074548,111.71371841784745,146.19201818338664
2016-04-05,137.6041572058631,136.94968017816308,111.24592616214741,146.09625893855795
2016-04-06,137.91441312093875,136.32523409342784,111.59679890964549,146.21565629464587
2016-04-07,139.48368729373354,137.82939133424986,111.38781102295465,148.30648511652268
2016-04-08,137.67058297227626,137.20729534315254,111.93245216656243,146.2123472221861
2016-04-09,139.89337891992673,138.66291277267345,111.98570133337901,148.63242247087928
2016-04-10,139.745030852912,139.20244937518908,112.41523320361078,148.0513574724052
2016-04-11,141.8625342715726,139.40189012875953,112.5660189183348,150.55499299704496
2016-04-12,140.18265132712148,137.7893299966468,112.10079656643566,148.75566218377088
2016-04-13,139.7595434831685,138.09535633561825,112.73241486465136,148.6219877377778
2016-04-14,138.9374419202202,137.28783457328558,112.05610414182013,147.59743230161286
2016-04-15,140.5111454550716,139.7701766328166,111.78105190529821,149.14594082123705
2016-04-16,140.5330077541752,140.00056458380604,111.50823498723494,149.29123777335096
2016-04-17,139.84624759624242,139.45016877299452,111.73274110678688,148.56493721706235
2016-04-18,139.2218707976165,138.86742476488158,111.6960850862152,147.8266465086028
2016-04-19,138.87891664770993,139.9125057454502,112.14531059961332,147.38469149606954
2016-04-20,140.03266718131212,140.4955248748689,112.54792584343656,148.6835029240107
2016-04-21,139.92679100133768,140.77039133871534,111.99901862750494,148.33697800775533
2016-04-22,138.10747248527375,139.48304859125452,112.72533528210211,146.92105904485763
2016-04-23,139.1631357962786,140.6883715032488,112.07676348498792,147.94990750575664
2016-04-24,137.99070513180266,139.24913834350085,111.94512641180556,146.6103450480142
2016-04-25,134.97521866250844,137.5437171372107,111.67441273843512,143.49424486657793
2016-04-26,138.1913192350267,139.25487319263465,110.52132428585782,146.8928416671166
2016-04-27,139.96854170244015,142.2193693350184,110.29600616335526,148.91224919043972
2016-04-28,139.29799342148004,141.59301270867647,111.31364904055965,147.8080228630309
2016-04-29,139.75944998249855,142.3236598542141,111.79894261314381,148.30747662766956
2016-04-30,140.3079769636222,142.39474433021218,111.84737800819005,148.8130067728063
2016-05-01,141.35440318254894,142.86600468488172,111.93456116269427,149.91723417214502
2016-05-02,143.212274474304,144.22571589195016,111.21482590999443,152.22372581532903
2016-05-03,141.81536719805203,142.57664270799992,110.91603486160577,151.10014648578132
2016-05-04,138.46638220567664,142.67198439126736,111.80392760158517,147.5696738336603
2016-05-05,138.4434714112261,142.87701808206444,112.05204390599528,147.69589791469255
2016-05-06,139.3730691094581,143.66060537762428,111.97964773899494,148.66081410562438
2016-05-07,139.13009004690528,144.42189964224838,112.376996883463,147.6971330422192
2016-05-08,140.221557351775,145.4282833234403,112.3870440456383,148.76901524366156
2016-05-09,142.06147747071435,147.6763103106895,112.19604231498197,150.82925332751594
2016-05-10,140.5702513678865,145.26536251797774,111.78298451565693,149.48533704009782
2016-05-11,142.14387227355863,146.9222990455413,112.12127899816797,151.27109851579493
2016-05-12,141.18069224772927,146.52536122216418,112.51199215865546,150.4240404677198
2016-05-13,143.13629911976642,148.6624327580509,112.72793239205316,152.75803378003593
2016-05-14,143.15838355357673,147.87711627309022,112.54517624101217,152.6165818521831
2016-05-15,142.1339647846684,146.9266751366744,112.23161624991708,151.4761593995355
2016-05-16,139.1651867477236,144.7663502407677,112.30511877708456,148.13133791394534
2016-05-17,140.26217531742572,146.42057914046399,111.7951506412543,149.14631598101496
2016-05-18,139.10995193796424,144.66742949856877,112.00883583999308,147.87818184585436
2016-05-19,138.75830804600542,142.64107655942087,111.98897005758319,147.22146538356435
2016-05-20,138.91490981392622,142.97904814799801,112.562360984394,147.06394555631812
2016-05-21,134.25075246507296,139.4762882956067,113.3628873066681,142.40861606595885
2016-05-22,134.6287973325867,139.3455351206702,113.61305309411243,142.58500417086805
2016-05-23,135.41254634952546,140.361012105147,114.0988440613385,144.0297865128798
2016-05-24,136.0727585551973,140.43408918379785,114.01247294582535,144.3347814808513
2016-05-25,135.06908687105067,139.28631047483546,113.764716573454,143.32760438880823
2016-05-26,133.87842551308998,139.26708526137966,113.94408124738978,142.06836297129
2016-05-27,133.44438080799915,139.03412107439334,114.30530157759422,141.40665908755864
2016-05-28,132.51513261941116,138.0287778079107,113.74298437602772,140.27138343076285
2016-05-29,131.86399784413084,138.2149715517635,113.98450132270477,139.62721947597615
2016-05-30,133.18824058039857,139.13462846688444,114.10659765407524,141.0052686816965
2016-05-31,133.64690264756294,138.9948034725383,113.05069847951576,141.50978051916152
2016-06-01,135.85034379695006,141.4803580106445,113.53569272892261,144.1038295667544
2016-06-02,136.04764112583888,141.78275136904287,113.32064238843664,144.25751063144918
2016-06-03,137.05339973558722,143.57540135350303,113.42542223248242,145.22195500928854
2016-06-04,137.11632431055654,144.11998730011737,112.94184380108281,144.785391291657
2016-06-05,136.32774393855516,142.422210752541,112.5862139432128,143.94419767965746
2016-06-06,135.6931693574363,143.1332732263134,112.93061790255321,143.34087360247227
2016-06-07,136.70614947360434,142.95115606340966,113.17219689810818,144.38799772852704
2016-06-08,137.80106323657105,142.88532597014816,112.39775074499691,145.7694702126829
2016-06-09,138.44806330502584,142.6052234880491,111.92692715174128,146.7417657509895
2016-06-10,136.6550127350019,142.58202707901003,111.83114324017163,145.01143098948228
2016-06-11,136.2108514816156,142.72356747350193,111.71290123487378,144.51824762295072
2016-06-12,136.33539165218983,141.94945644814106,111.86643582445504,144.53315806731842
2016-06-13,136.0459428483143,140.85931127169837,110.73624830956513,144.23902688829006
2016-06-14,139.8065905869874,144.45052445907604,110.79072260362004,148.1592857327811
2016-06-15,139.9053439709221,144.97891110478906,110.41229415399665,148.5531590143495
2016-06-16,141.09667504894426,146.51542382581204,110.6688164480522,149.81685514205304
2016-06-17,142.23053907287067,147.9045764319735,110.60315407281705,150.8919987446766
2016-06-18,142.45825847989485,149.42963809605638,110.33842237888089,150.80125746937583
2016-06-19,142.78733279547652,149.71569496013507,110.41270180058851,151.21310838487452
2016-06-20,142.4928718158042,150.7908198947192,110.0074725689418,150.7306492709232
2016-06-21,142.39163498430045,149.21078840352152,109.72208345041079,151.0446188375406
2016-06-22,142.48967985833195,149.4730155449452,109.27394069129718,151.02911498434614
2016-06-23,141.9517594024738,148.74102622695585,109.73157920954316,150.58371332267672
2016-06-24,140.23803866338457,147.57745417650406,109.98252270580664,149.0441479931411
2016-06-25,142.79952854718616,148.70691447724153,109.50444348905637,151.48759364017943
2016-06-26,142.48763365284927,148.85338055608207,109.95392238678865,151.128740361581
2016-06-27,142.0385992549617,148.61156750021067,109.66426153741256,151.1806587624188
2016-06-28,139.52954598357377,146.7642393276992,110.50102627367622,148.49239968797042
2016-06-29,139.29395075805635,146.24291389046846,110.3902972851172,148.58170698196804
2016-06-30,135.88491038629724,144.84633977289468,110.10005641856708,144.91713088448245
2016-07-01,135.2891561814888,144.85295902925145,109.57838420891926,144.42249924273776
2016-07-02,138.43685006830785,146.21008529629842,109.42875942290493,147.6331095137929
2016-07-03,139.16402705623,146.78849859459697,109.18139211954019,148.54092422352954
2016-07-04,142.0569033746426,148.9140875177964,109.39736811623698,151.31097526846239
2016-07-05,140.590092017574,148.14700787390913,110.05170689777918,149.81979511287932
2016-07-06,140.15779478842248,147.7802337892699,109.58125404935923,149.53531935173535
2016-07-07,141.61498050907798,148.5258648195236,109.32594431761326,151.16846364836124
2016-07-08,140.98217398139644,147.9432807782756,110.13148432472578,150.40842609162638
2016-07-09,140.47672607853633,146.94909209051085,110.34065784335895,149.82685539843555
2016-07-10,139.5123496705268,147.32157737141398,111.08546613278294,148.63514653606362
2016-07-11,136.6408981178211,145.88729777969564,111.000798987994,145.78727945153045
2016-07-12,133.66906959476668,144.23791872589317,110.69839638965482,142.81971313153863
2016-07-13,133.75114600580292,143.46425891319782,110.41388686430922,143.08368860324674
2016-07-14,133.9713762346837,144.12320547787246,111.25772133691608,142.93453199017767
2016-07-15,136.47377120483696,146.23354210729133,110.89338388981555,145.31584035461447
2016-07-16,136.244748530332,146.8307176377281,110.97833441004224,145.42932093895269
2016-07-17,134.078313423813,145.02948399882723,110.52501897837641,143.23726479487019
2016-07-18,135.4791739442499,145.79397516979554,109.44783830364122,144.82832440040292
2016-07-19,136.2073827904593,146.71912676314318,109.97002983849565,145.34304185226165
2016-07-20,137.3132458611074,148.6450199008793,109.43925845512483,146.6258906395601
2016-07-21,136.59526909742596,147.96265238155223,109.57521026497001,145.75064742159233
2016-07-22,135.6169993686146,147.16864884222574,109.18134096270447,144.48358616324094
2016-07-23,136.71678100465203,147.0445342063731,109.27023096893632,145.7622792159647
2016-07-24,134.11970258593377,144.3120912476422,109.67313970588599,142.76514021414073
2016-07-25,133.47854407542127,144.16647364452908,110.0492921428724,142.02063107796857
2016-07-26,132.64022532431164,144.68267747287862,110.92757522658394,141.32626988648119
2016-07-27,132.82786872072896,144.12014451838934,110.49697648245886,141.66943775759904
2016-07-28,133.5143725879449,145.8692466682921,110.93509192054425,142.050399104437
2016-07-29,135.1577003695297,146.3416803046554,110.63149496878049,143.87038280321212
2016-07-30,138.25870866235658,151.58070283761185,111.25487993608216,147.10259624667205
2016-07-31,139.154191130207,153.10613051545124,111.24544623235583,148.48387039522927
2016-08-01,139.57805332075083,153.8926636235576,111.57193187078602,149.02978736525554
2016-08-02,140.96095535199328,154.46050320552567,111.25567199668869,150.26202401154998
2016-08-03,141.72301784309664,155.78939172726243,111.53571502917916,151.47082247073095
2016-08-04,141.77830533611834,156.43489870458444,111.20683344568573,151.46037255066994
2016-08-05,142.9538793270251,158.18843580617886,111.1991441114098,152.70489634665745
2016-08-06,140.5733088083418,155.83232209103494,111.53104353975228,150.30489765077445
2016-08-07,141.43017304609202,156.57682227417607,111.53424812939076,151.0685920805427
2016-08-08,142.608105330397,157.9365830210089,111.77353361998878,152.19463384582937
2016-08-09,139.21200362139828,156.09638294375102,111.78703518536177,148.38213729877637
2016-08-10,140.3630687149457,156.6880340000684,112.13618813059077,149.74477756063885
2016-08-11,141.50797591562693,156.358587826118,112.41094886284388,151.02079821283684
2016-08-12,140.98320121759613,156.03074575063175,111.74518713968993,150.59966696426343
2016-08-13,139.41159486688312,153.43154043636477,110.98914758708021,149.23553714134636
2016-08-14,138.48612524896558,154.04118674311235,111.0090855771741,147.85058839559773
2016-08-15,136.80633637286155,153.73829870304743,111.14541267131126,145.9377110140177
2016-08-16,137.11504295102088,154.43976881207564,111.64886856880771,146.59116296711971
2016-08-17,136.62125208646862,152.77512485217574,111.3157167695555,146.1482397965174
2016-08-18,135.1992923265943,150.67614755909548,111.34129369219319,144.62801560388542
2016-08-19,135.31053227060144,150.06742124337774,111.1503839844876,144.54955981980083
2016-08-20,136.72931608777367,152.16575563399184,110.56169978072444,145.8800954383635
2016-08-21,134.48529097945263,149.66121617398076,110.47509564313272,143.16837447335428
2016-08-22,133.1490647268495,147.61682043915198,110.44054026719172,141.77600256720186
2016-08-23,132.12640690342252,146.89221482053478,110.27253060021609,140.64502685340315
2016-08-24,134.6780820695737,150.19651087932723,109.92467191313673,143.5624291763066
2016-08-25,135.97063102191444,150.2397360410383,110.07008424736797,145.28999608422941
2016-08-26,134.31212897307347,148.0072963120715,110.36308910213634,143.5823521735384
2016-08-27,135.20773757161666,149.03535317319754,110.55283778355647,144.23337170091204
2016-08-28,136.86485291360094,151.438719977119,110.60678284169418,145.99247716138214
2016-08-29,134.56526925000378,149.95288782925627,110.93353114452522,143.5284208848322
2016-08-30,136.33133519637352,151.12508215044497,111.08718658143168,145.17416376553166
2016-08-31,136.35693144886787,150.96824072820948,111.15503320228758,145.12150752149086
2016-09-01,136.21669184755376,151.5730352107995,111.1057893693536,144.61195760143985
2016-09-02,138.96423109485247,155.11827024153368,110.76221223785083,147.70270412869436
2016-09-03,138.2395089579846,154.72693879652368,110.92641903224398,146.88174485903036
2016-09-04,137.08111954038918,153.08509567373497,110.49665652357406,145.48699766858635
2016-09-05,137.03946050745282,152.37489198529212,110.66723992183579,145.78951197781797
2016-09-06,136.2057375057541,151.8682525868914,110.9090057773767,145.01407137535497
2016-09-07,136.38405304249167,152.67029398025645,111.20015932111696,144.91361080892648
2016-09-08,137.78175107285733,154.64286558544853,111.01186620045385,146.4199865287649
2016-09-09,138.90522992404203,155.38408647928946,111.3889757732744,148.1551754386597
2016-09-10,137.73778625316496,153.0924703766554,111.33688348811732,147.09519977401732
2016-09-11,137.44184195299937,154.14840216934164,111.0253750736593,146.9663737801144
2016-09-12,136.5656970557947,154.9623820983115,112.05079679221022,145.818585556223
2016-09-13,135.78179126368605,155.06064568281153,112.03392516319492,144.98399157935802
2016-09-14,135.88217378887668,153.35063056874452,111.76565041057967,144.94999632342146
2016-09-15,135.1886118204326,154.0559313176015,111.48909649786454,144.42238225571356
2016-09-16,134.82486828659376,153.4630331034983,111.76795838591727,144.1103505640645
2016-09-17,135.75297275720058,155.1284452546454,111.76472274926206,144.9677490609761
2016-09-18,134.15433462635767,152.95812147280742,112.82817196325522,143.51771525196418
2016-09-19,132.17247960785522,150.01724645527898,112.86558424389712,141.53635528333865
2016-09-20,133.04995924682135,150.52314318495078,112.77299322224515,142.55921790210638
2016-09-21,133.2390442505663,148.67201628053638,112.37478106034015,142.59095207531882
2016-09-22,133.56251458630373,151.57156295114058,112.93469482366534,142.8520961223419
2016-09-23,135.0105387762037,153.232389399599,113.15257221490359,144.53413465323956
2016-09-24,138.20079482958312,154.92248832608638,113.14214494735111,147.73268440425
2016-09-25,139.12862003591516,154.8404847042564,112.8408502629863,148.67278256332997
2016-09-26,140.72168147189444,157.0109763069985,112.46176241183142,150.4084856784399
2016-09-27,139.66014248470978,154.912602639176,112.22005318025015,149.22240776465202
2016-09-28,143.54288961995266,158.55590716057807,111.69368822779762,153.25479400865885
2016-09-29,145.26020766430548,161.9465029286725,111.34656944618027,154.64849624186198
2016-09-30,148.38886267509136,164.94441606863782,111.0278846275023,158.12441066272095
2016-10-01,144.04837634878496,161.266832880815,111.2136863931378,153.74901164318476
2016-10-02,142.467723649243,159.98503448446863,110.89085943911002,152.154257189129
2016-10-03,141.09475411066404,158.40435145699107,110.47147012022324,150.8788127011532
2016-10-04,142.5237067885408,159.37670021250398,110.44044062773355,152.06315109756702
2016-10-05,142.10695698768455,158.95330160505253,111.45456079340829,151.3136606412825
2016-10-06,144.51622782199453,161.91898931796715,111.67503433895058,154.29555051238898
2016-10-07,145.18774698210564,162.84243557791675,111.7043590388572,155.31996175946006
2016-10-08,147.0476004109202,163.7934138913801,111.08433551771431,157.2897597407244
2016-10-09,145.78843584262043,162.64505865660735,111.5761212194397,155.81936084670522
2016-10-10,145.7841453592355,162.6748755940477,111.91960318840202,155.24960802164364
2016-10-11,144.85344192000548,162.0696729872122,112.43454985750556,154.12615794586256
2016-10-12,141.8557144023328,160.10312878518963,112.31442421528438,150.66961912291222
2016-10-13,140.92188197745313,159.10544370347623,112.06850675469946,149.1702459443209
2016-10-14,142.41040998776165,161.56685508801473,112.48573698931392,150.46150170640294
2016-10-15,142.15157015425203,161.31526135750443,112.7282627619975,150.34811232310483
2016-10-16,141.03984532362804,160.41505063940295,112.93908782849567,149.5257940326113
2016-10-17,142.22355186930454,162.1680525422127,113.07172142270798,151.11725168925557
2016-10-18,142.94477519332506,161.9359773726015,113.50079985111594,152.03932388437062
2016-10-19,142.2958384580695,160.89285331254166,113.56432436621198,151.47001826657802
2016-10-20,142.6767057277643,161.49544648977368,114.28224164780447,152.11148693466197
2016-10-21,143.04788905408796,162.69786118790702,114.00329047885964,152.62461634805717
2016-10-22,146.02949443862605,165.03438485212172,113.60075815546318,155.6630068577749
2016-10-23,144.30246227869594,162.75915787790836,113.37034332627378,153.49803356893983
2016-10-24,144.39325560080093,163.68971996072156,113.14122456841149,153.9868277348382
2016-10-25,145.28988254759938,165.44336258758975,113.0189112579692,155.16552652088035
2016-10-26,143.56783012823485,164.81186795528953,113.23820738943589,153.46994631345572
2016-10-27,141.73082888782793,162.31024680982787,113.37761908739981,151.28294690788871
2016-10-28,142.53491650607936,161.66224916251585,113.5158382848563,151.84284400806547
2016-10-29,143.48667865318592,163.0610955466611,113.31989201769093,153.01275625076008
2016-10-30,143.9728495924958,162.93307685840443,112.84363195568656,153.07984846534066
2016-10-31,144.60540942551373,161.93245133784592,112.65924424713982,153.70214630139938
2016-11-01,145.777706633127,162.6132696209229,112.47726214403325,155.1409147640361
2016-11-02,146.39422361735646,163.4184089322675,112.70262615706517,155.41396580761904
2016-11-03,147.70912352165868,165.10513267969372,112.37604111587511,156.76926046138618
2016-11-04,147.71062950399784,164.9508023010704,112.49315585294543,157.1333154926861
2016-11-05,149.57832656598657,165.21802332460294,112.53619855342917,159.4536261279845
2016-11-06,150.29815246625535,166.87253728649748,113.47505519117635,160.44621416533485
2016-11-07,150.78854421106033,168.30191375035264,113.67807432470747,160.97530034885895
2016-11-08,150.2597080423158,169.39996909965322,113.58459737258684,160.8218523279729
2016-11-09,151.17425829763147,168.74422475342342,113.52713772331266,161.2695116959652
2016-11-10,152.3084318641951,170.57113678986912,113.40752384874821,162.5232486395402
2016-11-11,155.73168979282062,172.9391701984254,112.8799634228901,166.58261125609192
2016-11-12,159.24668283554652,175.8779410464041,113.2421477086331,170.67952098421307
2016-11-13,157.98634790761642,174.2889552165309,113.68054243055946,169.78093772733865
2016-11-14,159.06012418495135,174.24807560734837,114.33782471464286,170.7646891767104
2016-11-15,158.5314548132166,174.14028526104696,115.01809390641226,170.40942642746998
2016-11-16,159.3444928487151,175.27403347762785,115.09676203432706,171.43930481461152
2016-11-17,154.87423310707595,171.21159769397445,115.20958258442302,166.33544228067058
2016-11-18,155.61869799474908,171.60272165439062,115.88262599365282,167.52842809522144
2016-11-19,154.87230608795656,170.80029190952578,115.84516017551714,166.6186392560855
2016-11-20,155.28287816250105,170.34721753964607,115.27882963215916,167.26070567739978
2016-11-21,156.45491401384555,170.48096089322462,115.51514016264817,168.34861961650626
2016-11-22,156.9721939923972,171.71837077947322,115.61756364919388,169.03165900857243
2016-11-23,156.12975531839203,170.79440207537388,115.52146849475375,167.94075345930014
2016-11-24,155.8894705787608,168.99381003322736,115.10965787559326,167.63531357678104
2016-11-25,155.510054444592,168.41487885798426,115.05994254271717,167.36941409846307
2016-11-26,157.11315593818543,169.05484046284107,114.4692357798843,168.84823171815856
2016-11-27,156.32170984223546,168.03069233515814,114.12589325507605,167.6775891375622
2016-11-28,155.58900759670362,167.5918196561541,114.40240382991568,166.74214832352766
2016-11-29,154.93535289821872,166.1083268291006,114.27138184056085,165.83374787315853
2016-11-30,156.0062845157704,165.1863725756181,113.86705672005198,167.08378538034572
2016-12-01,156.40018845765476,168.1322963225147,114.38599199476829,167.2238174692656
2016-12-02,156.30280225784006,166.24833368724256,114.10829003582485,166.919635832959
2016-12-03,157.98607310592655,167.0374849158812,113.9687635431368,168.55823593994012
2016-12-04,161.15359980291524,169.23298341052825,114.62016689752828,172.1241649948808
2016-12-05,162.10213271486077,170.33651916216763,114.82394648793566,172.60485540328625
2016-12-06,161.66611995467625,170.82378896344053,114.93448864463736,171.76062866027792
2016-12-07,161.64390626574408,172.51802206365866,115.68271964500153,171.69546961331818
2016-12-08,163.45038458979985,173.57839289987882,114.92544064634811,173.40125016955255
2016-12-09,166.40333963008294,175.64781922344264,114.7594939993088,176.45900681864293
2016-12-10,170.04958788216615,180.24420673276995,115.84338490791694,180.2255864768393
2016-12-11,170.69318414388894,179.10583797074324,116.22117117118955,180.55986446416796
2016-12-12,171.18753845863685,178.30190347073844,115.82366064129499,180.86987058358815
2016-12-13,170.09238994607708,176.83885279310095,115.54170038921545,179.98227883783727
2016-12-14,168.0515819728273,175.43806058330404,116.0925306842748,177.665701290689
2016-12-15,166.76808577204673,174.1564320028811,116.55731345743736,176.3558206396747
2016-12-16,165.84528797196992,173.90394778657267,116.19399969915641,175.6042100159564
2016-12-17,166.6841387704286,174.2271616211378,115.80468395727266,176.27046712712823
2016-12-18,167.76431430049703,176.33559807076455,115.7157252103254,177.55416294758544
2016-12-19,163.89451666600155,172.61239518485297,115.66830108923216,173.22703015362504
2016-12-20,162.23903196007547,170.57894004471444,115.71489141871105,171.4390556725088
2016-12-21,158.22022719867675,165.19432465783376,115.21791454305479,167.36462799473202
2016-12-22,153.39289360558953,160.85780320467833,114.99764485603616,162.66667092745192
2016-12-23,152.7968267867418,160.72873515581998,115.12118934464628,161.48776292114397
2016-12-24,154.18889662793603,162.02277636020995,115.34391986516512,163.9663931428034
2016-12-25,150.63730504821842,160.83715549071306,115.5230980619959,160.280465599663
2016-12-26,150.62830717333466,160.40037980312712,115.2375490969263,160.3776448793204
2016-12-27,148.12112493212115,159.07177471995467,115.21363226465348,157.43913239036235
2016-12-28,147.4370558642771,159.6850734870707,115.19123078658544,156.8161124966269
2016-12-29,146.28934094998752,159.44203087219125,115.59482084936568,156.054585277237
2016-12-30,146.0661958730335,159.871053639371,115.73796345973433,156.14397516810027
2016-12-31,144.94910963253395,159.63197330047998,115.78554113962028,154.94578076472038
2017-01-01,145.16467680858182,160.02967116154255,115.77681685599421,155.23858712467793
2017-01-02,147.81218990836,163.16033927055088,116.23974185477547,157.9373724576015
2017-01-03,146.39788591785072,162.88341156588507,116.75618425949472,156.79010438807111
2017-01-04,145.46775133525327,161.8530072515575,116.07162551262684,155.73839879117065
2017-01-05,147.16742071760063,162.81371028579997,116.24687878464164,157.5060979871724
2017-01-06,147.77156959909732,162.18321238267788,116.11340288220468,157.41286500861327
2017-01-07,147.52729167602416,160.3802083007132,116.376217825041,157.3457054157999
2017-01-08,148.37002493895585,162.50700141758117,116.20370965580466,158.69889756595305
2017-01-09,149.99595842122764,163.60504166941044,116.61459615124241,160.14304355025067
2017-01-10,148.67017358111357,161.8919902331638,116.33322441778225,158.4840298053037
2017-01-11,150.78677319820352,163.36669748323936,116.4168820018968,160.59421738456223
2017-01-12,147.7613315206306,161.12185681046515,115.7216905205988,157.40645745663994
2017-01-13,145.54975158050246,161.18048922206032,116.40825380041203,155.06557634500223
2017-01-14,147.68856076038142,162.13998180823725,116.484063222022,157.39162419969875
2017-01-15,148.1949237007792,163.7689508469641,116.96399149265106,157.99140070588948
2017-01-16,145.49824850402445,160.5490726965305,116.8148679448039,155.16512636906037
2017-01-17,143.71097489354966,161.34045364801705,117.81099548830589,153.38272261470513
2017-01-18,143.89276987279595,161.26835298243734,117.39092844103287,153.62212912250413
2017-01-19,144.37595504848147,160.46201281471423,117.34599060193193,154.10856635776994
2017-01-20,141.33725539407456,157.0557808131422,117.09713942395936,151.35985169495768
2017-01-21,142.28779484456214,156.58366765695797,117.09434410065475,152.00880732412767
2017-01-22,144.08840616177386,157.6239841342743,116.96836052491068,154.26209857193177
2017-01-23,142.06357554365462,154.6092880224102,116.55966044664297,152.38332232157092
2017-01-24,139.69547379562636,150.02240975999544,116.0042235768343,150.01690820621087
2017-01-25,141.64837367090942,151.17695572638615,115.74926637342607,152.40309563523192
2017-01-26,138.72784730904957,148.44240241427886,115.8148080659521,149.38686020151286
2017-01-27,137.9936768372574,147.85648539136602,114.82823403708726,148.4925555240403
2017-01-28,138.76148122407744,147.5932792286682,114.7066268111412,149.4354817217673
2017-01-29,138.28868869072303,147.3413508980932,114.35646767979767,148.90283864899655
2017-01-30,139.30235744412653,148.2773864487694,114.13551569707872,150.06255520347617
2017-01-31,140.48734272492487,147.40012364866513,114.29678220662657,151.2550183093661
2017-02-01,141.22466150079833,149.01833215171453,113.91364344052045,151.90146160400565
2017-02-02,140.82942090940097,147.9847268862077,114.50350239632117,151.2529790743801
2017-02-03,140.0115346136205,147.49276741434883,114.0675472891393,150.31008540287087
2017-02-04,140.57588733853504,147.62999160538286,113.98064081080017,150.79954062208645
2017-02-05,138.2403087087802,146.03289341621192,114.76072335431589,148.28266201022043
2017-02-06,138.653898866224,146.94689667570103,114.3496255549358,149.15480919703896
2017-02-07,139.0328881461302,148.66081703450692,114.28764630687375,150.00704638762906
2017-02-08,140.31044724490388,150.16586176546065,114.44692343514444,151.32402394954102
2017-02-09,142.2723710531147,151.8623271981383,113.65906134017504,153.20623168483291
2017-02-10,142.03886791123384,151.932800008229,113.6881551198522,153.26213542799977
2017-02-11,138.98005487107525,149.56108724049827,113.03164378314692,150.1969246274185
2017-02-12,138.89509064173666,149.84503200461356,112.75528866919294,150.43372367182616
2017-02-13,140.58864365982268,151.73059726571938,112.7679408830621,152.41016914448744
2017-02-14,139.5323659408923,151.61920116281652,113.55584877536309,151.50463078684288
2017-02-15,138.44831344319797,151.0316717958738,113.11315731212639,150.4987495796323
2017-02-16,139.2141144221475,149.95968217483255,112.38683289895381,151.29976566540006
2017-02-17,138.8051859567722,148.523051354286,112.38146193308367,150.9261853693878
2017-02-18,138.56419673557093,147.63728380936809,112.69595379772068,151.05888700883503
2017-02-19,137.87187602713743,146.51834576667426,112.81797292776245,150.22374031162957
2017-02-20,137.71776535843102,147.01990448563114,112.1758239446135,150.410214290261
2017-02-21,137.89297788694557,146.78028653412963,112.08615822262612,150.60471825516782
2017-02-22,135.26517318449118,145.94765935598417,112.34976209530197,147.8494918831313
2017-02-23,136.77700478670425,146.2750495094276,112.37764081580536,149.4403744822744
2017-02-24,138.14422458042637,145.50738150813342,112.02907569123555,150.80807348125654
2017-02-25,138.87979046089472,146.4822042637023,111.81236209626715,151.45592971198866
2017-02-26,138.76952208229386,145.59019749344904,112.02329550678908,151.2460613410511
2017-02-27,134.28622045244475,141.6783752785143,111.62932740280252,146.00833769311114
2017-02-28,132.4744067279798,140.30173802265344,112.19204498198118,144.10294064731485
2017-03-01,131.62896822325482,139.98468087478443,112.09206302941676,143.03981661567653
2017-03-02,129.97622464310808,137.17006510594604,111.72423584876272,141.30876675709786
2017-03-03,129.89359363066438,136.74442533250547,111.30358985030028,141.3821864251904
2017-03-04,128.02436910776066,135.86622806336294,111.0520468952723,139.20412669276712
2017-03-05,125.9661254884089,133.78491503861903,111.3955455064391,137.0823624714318
2017-03-06,127.41217129423235,135.34704376252512,111.02186511107939,138.60204952573255
2017-03-07,126.3496316014488,135.54631955492908,110.76068025196524,137.667819738367
2017-03-08,127.67838041196879,138.08692504729413,110.83866572036665,139.27376985296706
2017-03-09,131.01928581966231,140.29820843118904,110.11663956210522,142.5254784779908
2017-03-10,132.13100844862777,139.60542927082605,109.70601931318271,143.8550940947219
2017-03-11,132.4666260157365,140.2088661124708,109.84909064548312,144.51598996491327
2017-03-12,131.10498979807372,138.53049521173736,109.48384907033844,143.25108356627132
2017-03-13,132.4947476831177,139.99710149296325,109.98316169475795,144.48276236635763
2017-03-14,135.04423696595958,143.29144286052454,110.44304179001783,147.65486623384686
2017-03-15,132.58422067550345,140.8442818821064,110.125526232321,145.16673049232207
2017-03-16,131.07520883081196,140.24546938686984,110.78132006716064,143.66235701709002
2017-03-17,131.55375743051675,139.78773791038418,110.31622682628146,144.49955839398015
2017-03-18,132.76880870120326,140.71439782459575,110.1378202955349,145.37868066440083
2017-03-19,131.22670597152114,141.0595662534087,109.93167736479734,143.7588004760427
2017-03-20,132.77606113583948,141.24671012938452,109.81512463291483,145.67865053766957
2017-03-21,132.85493509128744,143.70665183082414,109.56875988947812,146.03270602654754
2017-03-22,132.6564180805145,144.18522470935926,109.84974979623638,145.6414776565933
2017-03-23,133.0588819555514,142.8990806432997,109.82771892138787,146.15976790355745
2017-03-24,134.0768682568198,144.6095697193504,110.10349139331197,147.30647804397364
2017-03-25,132.80633587760434,142.93616955478024,110.48465726197232,146.2449687571312
2017-03-26,132.51014528251744,142.71364039526716,110.15064718088745,146.21715442888197
2017-03-27,133.5638902236295,145.20612639716308,110.0677753863683,147.30159442535532
2017-03-28,133.97279433619568,146.08258861282343,110.07213027233895,147.55495221940004
2017-03-29,135.364278752297,147.84058439809274,109.80403545324427,149.42298698847844
2017-03-30,137.210768477025,149.46712070585247,109.83286124480618,151.59456850224174
2017-03-31,135.94048361489004,148.4238528730707,109.03268934503443,150.45328552533567
2017-04-01,133.60988013666216,147.80461623478942,109.14536920250603,147.83680738384626
2017-04-02,132.72522761231477,146.78804901468956,109.66377698481627,146.2598227744833
2017-04-03,134.6954162466729,148.7152428519195,109.22524565718012,148.20075195285224
2017-04-04,137.30116934426198,150.0369151024419,108.62726721120328,151.36219696044563
2017-04-05,137.8872454101187,149.6621669290557,108.58032113477722,151.76890292225974
2017-04-06,139.66034249618264,152.04746788330795,108.90643155646372,153.796773170092
2017-04-07,142.49560554182156,154.36595978549914,108.42508859963442,157.0505320322526
2017-04-08,145.91011022730427,156.21437801826926,108.11384234500862,160.9292044971329
2017-04-09,145.8875943016399,155.25906097069665,108.41087761523414,161.49531307807982
2017-04-10,146.27616673727184,154.71369639263844,107.70289286390324,162.03412411983714
2017-04-11,148.16217493027185,156.64268848781717,107.74710124881103,163.9719260041037
2017-04-12,146.40569499267477,155.99263659704135,108.22798271412002,161.61654913345208
2017-04-13,149.09518059057305,158.67725418486833,108.80587575800509,164.21129420467267
2017-04-14,146.86782191027729,156.71687745850232,109.0082928528142,162.23729858647792
2017-04-15,148.1030434853942,157.4673153467972,108.57433147351514,163.94666623413931
2017-04-16,146.560000983701,157.73067431938725,108.70867135859879,162.66531826649327
2017-04-17,147.74779450446763,158.54879452870557,108.48316866484456,163.91150470961136
2017-04-18,148.52792499703224,159.23415960207544,108.2637461315369,164.75161082559248
2017-04-19,148.72676074059677,157.3519541985878,108.15389003686253,164.72753218882562
2017-04-20,146.86106276980598,154.25003771174633,107.27724599926556,162.3637801404088
2017-04-21,145.7541361570457,155.14374541846556,107.35754692477917,161.1976125199803
2017-04-22,146.4780176519874,155.82737233627745,107.34174503143996,161.6985407146493
2017-04-23,148.9395231374927,159.47013599859693,106.92597266259554,164.1739932899201
2017-04-24,148.53735851069354,158.20401358628774,106.99656342237198,163.54698151221749
2017-04-25,152.22889488669307,162.28580844214747,107.1945302273426,167.86718701326015
2017-04-26,154.1951251620231,163.3063551558554,106.79588019819957,170.07926877793727
2017-04-27,155.76228795551063,164.67716269939322,106.21273248053565,171.6248362077969
2017-04-28,155.70302461187308,164.5322352886062,106.93975194225543,171.15198598253602
2017-04-29,156.66075137865167,166.73750296773844,107.97908551500444,172.04805894974686
2017-04-30,157.5993698524961,168.0379959423159,108.12295361103854,173.0517426643151
2017-05-01,158.44512066114754,166.16047169022193,108.03660728444405,174.02518734372924
2017-05-02,158.1196684338414,167.9066574759063,108.06400110976648,173.56776502933346
2017-05-03,161.74017634589376,169.96459941605576,107.70892592167685,177.51647236136787
2017-05-04,163.34592475291603,171.43062163612038,107.23735806721567,179.15846137405106
2017-05-05,162.30190064061912,170.49693667133917,107.40247601435627,178.13870854811714
2017-05-06,159.12697686912674,169.02627338442844,107.67788657446037,175.05634087969648
2017-05-07,159.99567174668678,170.8122267041094,107.99511064855885,176.37988614382573
2017-05-08,161.009844571492,171.50935130255684,108.83252913960897,177.710632196114
2017-05-09,162.12388264820646,171.07950838612638,108.16308750313357,179.0646215287013
2017-05-10,162.4632316398203,170.70041377717044,108.13500356239973,179.904357180145
2017-05-11,163.81006980435131,170.5877565394769,107.92998893891124,181.18068248087474
2017-05-12,163.1685790616724,169.6365811034941,107.7062314521582,180.1333564217817
2017-05-13,163.00778494576738,168.91889860505202,106.53579511969873,180.62135817233587
2017-05-14,165.0817684339918,170.14546299677653,106.47540439972187,182.58786020573413
2017-05-15,168.31132285734967,174.57020836642846,106.7540683335112,186.44355531060793
2017-05-16,168.72008266252516,173.47549804104355,106.42412640394359,186.9631190070306
2017-05-17,167.93225859972608,172.6108390606753,106.37407315423431,186.08296429200217
2017-05-18,168.1072623202872,171.63121275162194,105.97071031412182,185.9279662682296
2017-05-19,170.03592407969887,170.94472207030267,106.10592723477397,188.46732247536653
2017-05-20,169.53392837457366,167.88436622178966,105.63973117394147,187.9296644342254
2017-05-21,167.67992156995055,165.95307785670684,106.16047768470071,186.06168099861807
2017-05-22,166.0087680075484,163.09478609959396,105.8511866784828,184.17774640633763
2017-05-23,167.01231776448512,163.29868342085777,105.96412915030326,185.86091261261566
2017-05-24,168.62291409776674,164.4228055317703,105.87774602693388,187.5576648710378
2017-05-25,170.9429248528771,165.49965212384458,105.79278181318803,190.16069678794216
2017-05-26,170.0537219874409,163.46917658678936,105.74593078287855,189.16943120127942
2017-05-27,171.08946903526393,163.68085944365623,106.1208896432787,190.04207846206648
2017-05-28,174.46801614704808,164.40240791372133,106.022451045708,193.94240517582142
2017-05-29,172.98286279287277,163.7344463854136,106.57137210667067,191.58989967524695
2017-05-30,174.0413324667445,162.03646803249302,105.87675747339146,193.3069261417878
2017-05-31,172.9791060230217,160.1296291632876,105.66484011974376,192.79274430512604
2017-06-01,169.48679172262442,156.6522776319728,106.11957735860396,189.469078889919
2017-06-02,169.36603947957707,155.38813930483633,106.739379738671,189.79129985127716
2017-06-03,170.73869418911244,155.5682508588823,106.60405882527861,191.2944547487584
2017-06-04,171.45268071201215,157.3857632640096,107.12024493102112,191.74536835787788
2017-06-05,174.1900590686815,159.5625689536925,107.3952659459771,195.2414614287992
2017-06-06,172.08689954432927,158.04551984066703,107.2170911146699,192.42563518109023
2017-06-07,172.83727956172262,160.91297996555403,106.85831968317652,193.2869961828431
2017-06-08,174.16326355000203,161.94440114740806,106.82345701824477,194.3778611620137
2017-06-09,174.6990938211002,161.56853223993087,105.9054487199729,195.41035033326787
2017-06-10,176.66512920000625,162.97409419350578,105.98186834598522,197.94471753983936
2017-06-11,177.19183895727696,164.19820266098637,105.98970965433001,198.96004321887781
2017-06-12,177.91271108096026,164.87160178730426,105.542441201733,199.89765166519547
2017-06-13,176.32525673522554,163.10561250527752,105.17847459669684,197.81372894783695
2017-06-14,180.62734348034914,167.3946805724541,106.01957572998566,202.1993669433686
2017-06-15,180.85424371332783,166.23932433904687,105.5945058490873,202.19362197964327
2017-06-16,183.46267571053804,167.6408774264316,105.91618173143031,205.28699608876448
2017-06-17,188.30872407529154,169.49534205253096,106.14647978169509,211.063745375704
2017-06-18,186.32838382046447,169.1382120731303,106.42638332335925,208.7705689512319
2017-06-19,184.68267893444855,167.25658307863625,107.11360682600373,206.90108435662472
2017-06-20,186.39422542210778,167.6193480864795,106.70519696040748,209.20720327510898
2017-06-21,183.6437802274168,165.30562394085575,106.69350589582807,206.18075731135824
2017-06-22,183.35635156574295,165.47647524436417,107.011302869389,206.09393183779403
2017-06-23,181.40241824954302,163.83596138729698,107.4435612711448,204.18460559869035
2017-06-24,178.6780336224811,162.29096710501386,106.77910484501618,201.19761619746822
2017-06-25,182.5804203082592,164.0379330491219,106.30879954932601,205.86291096153965
2017-06-26,179.48866844197548,161.2900287988501,106.48115782461028,202.1810983578576
2017-06-27,179.09269447545094,161.71343380379463,106.74447149574198,201.81942485717008
2017-06-28,178.48940074042216,161.63462836689575,106.75773542603612,201.30123179508513
2017-06-29,177.57070316240294,160.80523925291413,106.37808247576785,200.29279505061416
2017-06-30,176.02823280952606,158.6553487776995,106.34721607535703,198.63987409177588
2017-07-01,177.66104962865253,159.34086808175573,106.43032665933828,200.65763766211154
2017-07-02,178.63207663510994,159.19417288719794,106.37202430973134,201.88241622423115
2017-07-03,178.72747926598663,157.25544663133755,106.16046561209096,202.7265880915389
2017-07-04,178.08328491450112,156.12087025853901,106.21403909452229,202.10779602655654
2017-07-05,180.55772925187654,156.57240601343509,106.30019209702948,205.1030072803665
2017-07-06,180.3503107084168,156.7303089879844,106.73354258618699,205.13943940208046
2017-07-07,178.10887333702843,155.99815452639265,106.84421601223815,202.6286763749305
2017-07-08,178.33651043952548,155.98763492182525,107.2713835785672,202.84548183552397
2017-07-09,176.16727719816726,154.16120575523692,107.31213544481352,200.79402656812425
2017-07-10,177.4444608925035,154.20493122092864,108.12239184019032,202.29176022125733
2017-07-11,180.07531812007744,155.77705769875786,108.2817372253998,205.55463088828984
2017-07-12,182.62910870202998,158.4123134731771,108.73271667418463,208.34221981162352
2017-07-13,181.53512420529722,157.98489253072853,109.14724750853873,207.0114015098878
2017-07-14,183.79655806724205,160.82333568899688,108.97652011996739,209.329524169519
2017-07-15,183.58908816798208,160.9581566208928,108.82504878325938,209.56859182198252
2017-07-16,184.54967323326562,161.61189560757165,108.27985975258221,210.26817808380275
2017-07-17,185.21775188812668,159.97737583970718,108.37509996900579,210.97839516532898
2017-07-18,192.07111749167757,166.64440625531688,108.55472945312157,218.72677203152975
2017-07-19,194.31316759457968,169.7883519918264,108.14636872422021,220.68943582601696
2017-07-20,193.03906894813775,169.5105546794383,108.4283808508877,219.61951788934832
2017-07-21,190.51663023433042,165.46615698241587,108.4703372898746,216.47712841387462
2017-07-22,186.26916514840067,162.789377268369,108.8347708320987,211.61445151311364
2017-07-23,185.39246842214789,162.03095095967606,108.68551377585507,210.18847972013822
2017-07-24,183.98329659069043,161.57820555440034,108.89602360700574,208.65263575969385
2017-07-25,182.00330676223746,160.06235233731195,108.06746393928562,206.53848340159408
2017-07-26,185.01653304940865,160.64175975537935,107.62422897193842,210.09383184643528
2017-07-27,187.71264224930428,161.96450623465083,107.28306742822585,212.51868227380143
2017-07-28,188.0165274593461,164.11296747932062,107.65998337681515,212.8446567250872
2017-07-29,188.78418512597642,164.5870604318979,107.35015752178127,214.02355976630346
2017-07-30,189.35005172317327,164.95525240915623,106.98608377289717,215.14518885204663
2017-07-31,190.8542742322247,165.3816365474866,107.27778303529374,216.6710977520272
2017-08-01,189.2587852161985,163.5610116375239,106.53261790240138,215.09054417373886
2017-08-02,185.43894293251978,159.8371175378759,105.63822578183,210.80508435179217
2017-08-03,185.20883490542872,159.35290584465585,105.21749482270182,210.1896967132784
2017-08-04,186.26201681795195,159.49431214140748,105.25668371504693,211.0935287135797
2017-08-05,186.72649592437034,161.01307066515545,105.64220937048272,211.46809225524552
2017-08-06,187.35234984480292,161.16851182357473,105.61232786118163,212.0791608061923
2017-08-07,187.09027685850808,161.1788217660222,105.28058512047689,211.47433472401804
2017-08-08,184.2474024815106,157.76125877588441,104.65520486803443,208.37782922271853
2017-08-09,182.47711291858758,157.07316622692113,104.75547793203354,205.7340576590524
2017-08-10,183.9067324339449,158.74354407859823,104.4879742459734,207.50901691615167
2017-08-11,182.2149279114616,157.70661913858476,104.05942484290472,205.05282047043306
2017-08-12,181.51138922735714,157.1064836891908,103.91001088889453,203.89804383959466
2017-08-13,180.77562479835217,156.85393405994856,103.93974325230168,203.1445117993302
2017-08-14,179.49233787780014,157.08380446982991,103.6801368962055,201.89548235770468
2017-08-15,181.9644252815732,159.15242605701476,103.64946122062233,204.51122217803353
2017-08-16,184.1715646282148,159.24302077612245,103.09937707482699,206.90023772348889
2017-08-17,186.8238354943801,161.3198949709566,102.7792317472446,209.80129444141392
2017-08-18,185.6150803266535,159.82311410552552,103.0556526765819,207.98253092083527
2017-08-19,189.06446871819344,162.84176184630493,103.52686842598446,211.66338018278515
2017-08-20,188.830670948124,161.27447483879135,103.15998508228661,211.60532692417212
2017-08-21,191.67433615611742,162.02824065541364,102.86571302786191,214.76168704178917
2017-08-22,188.74615258467833,160.70032928789934,102.71118129692995,211.44898539372412
2017-08-23,187.87034544018852,159.3559975074403,102.62051084986761,210.416516686538
2017-08-24,187.16817436490766,158.18980948716575,102.65318211392763,210.19826602224705
2017-08-25,187.54806089691428,159.35072813804794,102.28229937229534,210.7150090276837
2017-08-26,185.3136560470122,156.48556370762776,101.85555680026035,208.65412316532854
2017-08-27,187.3816659514948,158.0142807654245,101.32658245589393,210.95774026521883
2017-08-28,188.10368972819933,158.61910444570702,100.69397952316564,211.52398263212189
2017-08-29,188.05309759007366,159.0717913493839,99.9932208191384,211.4739867844464
2017-08-30,188.44148042606116,160.1044980958074,100.3412679704319,212.0957402719316
2017-08-31,186.8280694407363,157.22103967212203,99.98490376550907,210.6607315387303
2017-09-01,189.84663308374954,159.7909645116436,100.20048691811614,214.1794221554644
2017-09-02,188.74284883820897,158.94026997951917,100.78235939741809,212.58830982077077
2017-09-03,192.26312028570828,160.86011224902563,101.18210445251377,216.04762437864213
2017-09-04,193.61974894182882,160.99124718871823,100.58221792763622,217.69660118362114
2017-09-05,195.91018517795598,161.6012402603044,99.93509142290087,220.2894329658894
2017-09-06,195.80592370967784,162.0417809189195,100.33954219870563,220.13660445269997
2017-09-07,199.9891273938266,164.86023738800446,100.21499560516006,224.2799485968153
2017-09-08,199.487773886773,164.19304856592038,100.51780948986418,223.87643149846187
2017-09-09,196.92677145921795,162.7406263986012,100.80055353185915,221.55150347929697
2017-09-10,198.98564586442723,164.74610641102436,100.90363056485121,224.00438185094748
2017-09-11,201.87783176455184,165.22889795736614,100.59414099373886,227.00764770975277
2017-09-12,202.83192537860057,167.009916571699,100.53409746321597,227.2300115215256
2017-09-13,201.9815717834855,167.36545303416983,100.84782621534482,226.42762666044737
2017-09-14,201.43576722083338,165.72248903316898,100.8784242637996,225.52636171520234
2017-09-15,206.48518983759047,169.41243968020893,100.70778363822541,230.9673943229341
2017-09-16,206.36248122083524,169.0703607634764,101.07605506399612,230.88562154866193
2017-09-17,204.75449399057442,169.953936945227,101.347336686756,229.3719468923635
2017-09-18,203.44379503457284,169.4733246298191,101.51804373111494,227.21821382610688
2017-09-19,208.15648937591064,173.73016698195582,101.50506674442592,232.080277490495
2017-09-20,209.06614762082148,174.37117687907462,101.63909853632056,233.16634547381682
2017-09-21,210.3536456699826,176.66581482197137,102.01695549300945,234.19416108968366
2017-09-22,213.67907773421572,180.48683581950746,103.32513963655718,237.38204830128922
2017-09-23,214.3607925459022,178.6569762620975,103.25738901853336,237.94628301306022
2017-09-24,219.1045363545189,180.80392499492203,102.51594997449966,243.0846934278164
2017-09-25,214.32589647936518,178.5988986207199,101.91305182446541,237.87415164930428
2017-09-26,209.40432704859577,175.12349353919421,102.50048940657229,232.53651305726825
2017-09-27,207.4614552590364,173.834515824881,102.52301943485509,230.57421698772114
2017-09-28,204.35973471577228,172.4540762819116,101.6594518500352,226.98462112200679
2017-09-29,203.32782101879928,172.42102993634535,101.7600036140111,225.34002360578413
2017-09-30,201.16291975952265,171.20933654742447,101.77912295084532,222.75295541295134
2017-10-01,200.1640152191156,171.2515739704652,101.69549311493633,221.63949441349877
2017-10-02,205.14961650142575,173.00730438664803,100.8211152980514,227.49309303685646
2017-10-03,203.6735878102934,171.71099093167896,100.5225648935407,225.80291504994938
2017-10-04,207.4350570438438,174.91241541955716,100.89886589696742,229.43551471873826
2017-10-05,204.83798788561143,170.26620196348313,100.2840574974925,226.9796701514896
2017-10-06,206.12416071563362,170.82788114679101,100.24266595401281,228.1670801363955
2017-10-07,206.6932146198711,171.94167266546015,99.77169918718036,228.95377726686235
2017-10-08,208.9588576082723,172.92074133641563,99.95086333664041,232.48420658232303
2017-10-09,208.80783652574894,173.20730792247804,99.74734419534302,232.41409083626087
2017-10-10,209.9855691943235,174.12488810998929,99.41115987606875,233.83712342327553
2017-10-11,213.54096032658282,176.80141456194275,99.7769442951942,237.68130478545407
2017-10-12,215.44238901351088,178.26454873550003,99.46970008085974,239.95019514477036
2017-10-13,213.1322238712153,176.11755227777718,99.47934498312372,237.5128965077395
2017-10-14,210.37236447582472,175.47088157932012,99.83337344669874,234.16841057638226
2017-10-15,206.82236162295487,173.0497812743886,99.69196794556345,230.29731805584973
2017-10-16,206.06973097429315,170.47638556886383,99.3191932698072,229.3896432898306
2017-10-17,207.63468770882378,170.72413072172125,99.80749198049526,230.4020722160623
2017-10-18,210.79687289368968,172.44293546483723,100.05867141686306,233.92351723884724
2017-10-19,213.59953453366302,173.75853709037537,99.60911737926301,237.60202194249052
2017-10-20,213.42316294102187,173.85495660238135,100.07163891870263,236.99368624258136
2017-10-21,214.95215701303505,174.16320506112686,99.94483077378956,238.7368189513345
2017-10-22,211.41538005988457,171.15731869361045,100.35143241255943,235.14167027876698
2017-10-23,211.36194462656573,171.34865266428486,100.28321856148246,235.61164930053837
2017-10-24,210.98049402623116,171.32706605158353,100.72068727614543,234.87647012580993
2017-10-25,214.78239810939925,172.0798882995066,101.07755081300283,238.94054048287683
2017-10-26,214.2922747536403,169.81848052887733,100.68857692038138,238.0428213614295
2017-10-27,212.92192250430753,168.8322977975651,101.02320064449297,236.5931485441051
2017-10-28,213.7566999224383,168.20739389604634,100.57319919527438,238.2448047577222
2017-10-29,212.08249825866918,168.84636771947885,100.71132735322577,236.39162567843323
2017-10-30,214.73688153150033,171.70546912205867,100.81450724682163,239.20174046554718
2017-10-31,214.69886692771115,172.00438104744077,101.17514406038572,239.14820425351567
2017-11-01,216.29360734715434,174.62938866464262,101.507086507196,241.02845683156397
2017-11-02,212.68920314974272,169.6589803510365,101.34633340895351,237.01296932664425
2017-11-03,211.55168999416483,169.19365781872392,101.3687687644297,236.1894633157727
2017-11-04,211.85285776176008,168.59886549358671,101.62755597898514,236.436592134452
2017-11-05,213.20597337158733,168.91156586726942,101.33048309789538,238.00989818787195
2017-11-06,213.33341698773572,169.44773631835187,101.29894187953421,237.47121799499288
2017-11-07,212.38962321588593,169.65779379381877,101.30500158426796,236.34562718531123
2017-11-08,214.84681896300998,170.40168028740132,100.65484396225979,239.07332867426481
2017-11-09,213.77187762138078,168.7495029374796,100.48536352598683,238.09544806504914
2017-11-10,213.8463762339318,169.0793275694537,101.16373002441692,238.01020299130582
2017-11-11,214.61409834789734,169.0023260107122,100.79924469307147,238.68144023623725
2017-11-12,213.553419141605,168.70767707258577,101.68365133402023,237.17947594723142
2017-11-13,212.64751637635214,168.07792308919628,101.82772445777861,236.27996556650422
2017-11-14,215.82116845686107,167.52397093839014,100.65221541661798,239.70814787549872
2017-11-15,218.58785629961938,167.56440702784562,99.38282407223217,243.10091339235265
2017-11-16,219.28714157831132,166.8578510359512,98.90559044141227,243.5512357940056
2017-11-17,219.65968146756504,166.42610293268825,99.00103151041235,242.8598640100737
2017-11-18,217.63810112837518,164.12395098844252,98.79359589268353,240.4537081489238
2017-11-19,219.69360318303063,163.45620517106917,98.57072136887768,242.96175429249143
2017-11-20,224.38997666933207,165.61266255847949,98.5931584576069,247.45077158489303
2017-11-21,218.44289901866674,163.09613736927741,98.74160147334347,241.3840386553316
2017-11-22,215.16088566153292,161.72117619576386,99.47832532632319,237.88779935794616
2017-11-23,215.92904203851734,162.14444025700408,98.93198198296147,239.30635448970432
2017-11-24,214.54040851916093,161.81896450204516,98.46838633069233,237.37356093075107
2017-11-25,218.10737751169427,163.5007575173941,98.90312281858007,241.25720634318327
2017-11-26,213.67884865161008,161.8308193942969,98.84587782383862,236.66447104989854
2017-11-27,213.8363923620288,160.40930693314007,98.71677066693495,237.69118744315395
2017-11-28,215.12132559166045,161.06251307547433,99.07496856823505,239.18094405501265
2017-11-29,215.72679533868236,160.33505634955873,99.02162765103635,240.2649234414505
2017-11-30,213.79195347771162,160.58440250677737,99.18341597451032,237.78004856069214
2017-12-01,216.29249188679452,161.71112428640075,99.39645524680115,240.4385950531569
2017-12-02,216.24468161261743,162.13730117804266,99.56280027254269,239.6215371240794
2017-12-03,213.61020736622356,161.51569086363256,99.6556491712689,236.51999551773108
2017-12-04,210.4365008837447,158.6337255497614,98.84732715279658,233.05522603643976
2017-12-05,209.11264445401892,156.94045980743024,98.71997334137548,231.7523866762827
2017-12-06,214.14029025106296,158.36402227969023,98.90008398414703,237.66454502804578
2017-12-07,212.35716104738387,157.5340058338045,98.78467708932534,235.78639341499223
2017-12-08,216.06503151829912,160.16614882816214,99.01006640139333,239.72506806562723
2017-12-09,212.54930541918733,157.96875447972576,99.4325315699202,235.23379415747615
2017-12-10,210.1183145073013,156.69580296341266,99.129088220645,232.29255840053997
2017-12-11,209.2104711789423,154.88441177903815,98.63549414407146,231.60361293500088
2017-12-12,206.22285922372453,151.70994401809457,98.25070943444103,228.6198504563933
2017-12-13,205.8586565757548,151.0652001934354,98.21647481017854,227.5961722860607
2017-12-14,207.0996404035092,152.07982471833873,98.11714704004049,229.35100896080755
2017-12-15,204.56198610499587,151.66867615877953,98.33110376038393,226.42572492924668
2017-12-16,204.60887291362417,151.576718956251,98.74098002640689,226.07105458199058
2017-12-17,202.94332737756739,151.5567820098076,98.67974439496977,224.58152039705803
2017-12-18,206.92207342771073,153.42496363247494,98.83786678308073,228.55755553675317
2017-12-19,208.77583607698847,154.62792530988528,99.01522350822508,230.36345525721265
2017-12-20,204.96220331657113,152.92894477754803,98.39733359914129,226.11431820088032
2017-12-21,207.22907628217126,154.36476486526274,99.07660691818742,228.93997984382187
2017-12-22,205.79587474980312,153.5588740771909,99.07908301380208,226.7973023501614
2017-12-23,203.70812019568748,151.84277496704775,98.3264260287684,224.5908366516966
2017-12-24,203.2286369937784,150.03565229532768,98.26959605239237,224.33687978265948
2017-12-25,203.84071523246683,150.06720416846667,98.43249814091295,225.25516172078625
2017-12-26,204.63926172053112,149.7538510294377,98.42495652517242,226.57809867674655
2017-12-27,203.35604656664916,150.89451884165337,98.51429603572421,225.18313382542226
2017-12-28,201.9070337803518,150.25911897454733,97.95782700408178,223.4430808916303
2017-12-29,199.51349879756086,149.00888098457898,98.33779016839182,221.0190941148541
2017-12-30,194.2713665565471,147.83444267412708,98.73458766126969,214.9437739489285
2017-12-31,194.70341632231666,148.21827416655685,98.52676986696477,215.51618369925163
2018-01-01,193.45871246427174,147.1217006499446,98.25585606072077,213.68204975065356
2018-01-02,193.86433719656725,147.84843000716202,98.50457228559927,214.40433018937023
2018-01-03,194.66080405700941,147.81846227252367,98.72603790823587,214.81427038060548
2018-01-04,192.77316495063033,145.8610454106609,99.00058837399337,213.0542099965017
2018-01-05,193.91918783300855,147.43038416108845,98.82248878422193,214.46174251158695
2018-01-06,193.73351094173822,148.04725720305936,98.8921256003147,214.13425719608253
2018-01-07,195.00227543636797,149.53508390048816,98.76212680077539,215.53418240435138
2018-01-08,192.76461047199135,145.98552768933354,98.54868542907249,213.30456971942309
2018-01-09,193.42127726299947,144.64477324089145,98.18872700722575,213.30964291726596
2018-01-10,196.49458932140354,145.4300205044457,98.46574758219201,217.00211136625964
2018-01-11,194.58934730880125,143.35812120769054,98.46806919196337,214.6243955715587
2018-01-12,194.90227416300291,143.09999015123012,97.79822629838992,214.264187615138
2018-01-13,195.4885060250114,142.9269844191577,97.5406419365103,215.17551167165564
2018-01-14,198.16228979269775,144.15664845849042,97.37390068981423,218.30542927160593
2018-01-15,195.22175923259076,142.70652382675482,97.61645396701604,215.30975963023042
2018-01-16,191.0492196640744,139.72618628438815,97.2635111920887,210.79536456054743
2018-01-17,192.1708683502743,141.57564348949316,97.27036918337106,211.87517245572627
2018-01-18,194.74779613566656,143.2454373567072,97.71944927286165,214.7858187320066
2018-01-19,192.2964834357846,140.71956575613459,97.05303437157046,212.377946691706
2018-01-20,194.95945008592878,143.72914694638652,97.5430907026106,215.68335067661582
2018-01-21,193.77343355905387,142.05488540854648,97.70698283145528,214.51966624767317
2018-01-22,194.0958791597081,142.5423148090099,97.86564098334544,215.3173363148804
2018-01-23,197.01647806320676,144.6109921439886,98.20064271406535,218.71281603868428
2018-01-24,196.08182350227153,144.72304917729005,97.82620439664251,218.0881098139956
2018-01-25,193.53105981828466,143.5221181350104,97.59718220209639,215.483536223552
2018-01-26,193.544771396368,142.14471741670363,97.55194055943369,215.3146785270702
2018-01-27,195.5544206055311,143.24483044855378,97.67432868257205,217.21797965216228
2018-01-28,194.34425399525685,142.16088705949733,97.9252562500169,216.4546493754219
2018-01-29,192.66884682466647,142.1247571061167,97.33181698233605,214.23919815501216
2018-01-30,190.67435547020955,139.84305846680914,96.65122425004076,212.23070499993005
2018-01-31,190.30076883838493,139.9321170291177,96.93696764659346,211.89914451827514
2018-02-01,191.79766122541315,140.68890972135773,96.5183294828241,213.96101002928427
2018-02-02,190.61121864061369,139.2243995557968,96.36049978539828,212.35354006638084
2018-02-03,189.80090827346757,139.04181273200288,96.52965290360197,211.15049750991383
2018-02-04,188.84372526426782,139.38152097639195,96.83756207334656,210.7808480031589
2018-02-05,191.44085432476552,141.7663378118167,96.48756517480321,213.96593848156212
2018-02-06,191.41303414539271,141.26499784758954,96.48272158988108,214.27075354558016
2018-02-07,192.58014960320702,141.1581039795939,96.62242201556943,215.35677742798768
2018-02-08,193.1376913793981,141.1927456496813,96.51179705192393,216.2625594025044
2018-02-09,190.9611387432833,141.60451143429552,96.1524032845743,213.66859537916696
2018-02-10,191.84439694828043,142.57461304632065,96.18501574706396,214.64525340752738
2018-02-11,192.81895239488722,142.90721319194054,96.62160685622885,216.00075727600478
2018-02-12,194.80298063621078,143.1785400460731,96.46699819382113,218.13572084135532
2018-02-13,192.68360376601376,142.2850236915345,96.35026892235457,216.02101528535687
2018-02-14,190.44702887487233,142.47160959493996,96.27623753414882,213.61792273384742
2018-02-15,192.23287818784914,142.9796021414539,96.4841290927445,215.19246003628382
2018-02-16,195.46585444950452,144.79459970316148,96.26224758649151,218.72595048164652
2018-02-17,197.33634620384242,145.3200506903277,95.92959283735793,220.77205611730543
2018-02-18,194.8083165421878,145.46601802963056,95.98038918561087,218.25797636569183
2018-02-19,195.35647347894917,144.9018262697212,95.86105187702306,219.1644701736767
2018-02-20,195.03052843082253,145.72920721018664,96.35141924433043,219.09964261497743
2018-02-21,194.10862067004882,144.2480517260826,96.02772390516718,218.17235233285058
2018-02-22,195.3905129848845,143.0819363499327,95.76047647102311,219.69431485153694
2018-02-23,194.86791185780288,143.87354002570302,96.0629626051257,219.5604122226527
2018-02-24,194.48195201546926,144.4416654534764,96.73031147185596,219.55148562497254
2018-02-25,192.1763939996583,142.9047136747801,96.60632894838194,217.1512762530851
2018-02-26,193.74995978936025,143.05682290902385,96.51998672503677,218.24168260369024
2018-02-27,196.98623835969693,144.41117365263435,96.45517634253544,221.7845232401663
2018-02-28,199.61964762845585,143.41081700672817,96.09360535740173,224.7397567654429
2018-03-01,198.68959084610515,144.36047009800515,96.01265654000389,223.99485479848988
2018-03-02,199.57733902395944,145.91524485180338,95.93592975426472,224.7509774868584
2018-03-03,202.13302437291497,147.68142811179658,95.45265481199404,227.4769462998257
2018-03-04,203.10479269046965,148.93678096188486,95.3217457100213,227.5332445514548
2018-03-05,204.39444961244791,148.54894752054275,94.50019178008623,228.02064417230036
2018-03-06,206.36204183369836,149.72614640651406,94.4298268332013,230.7336924846276
2018-03-07,207.93773876566325,152.0150492138721,94.15162262806506,232.5148688694056
2018-03-08,204.24339125172364,149.73823191801984,94.07468975131908,228.65047113538571
2018-03-09,204.44082581631474,150.38363379201562,94.3809665708098,229.64790837781334
2018-03-10,203.8070377047592,149.16514882019877,94.36097493470814,228.65872521996172
2018-03-11,207.3032129239851,150.83217364895097,94.11887354619293,232.4287916059424
2018-03-12,209.07554777113074,151.64673138073238,93.88033353791295,235.06063061438343
2018-03-13,207.15298272427972,150.60042434079216,94.11658583999966,232.28908145227615
2018-03-14,208.36804639515972,150.3013596940476,94.25904052786707,233.29149112262172
2018-03-15,210.08925661562503,152.21270504284843,94.66291884034109,235.28859013881225
2018-03-16,209.6368285783657,151.4195960771574,95.08913621104534,234.49992052553864
2018-03-17,207.2817291535063,150.70954599527303,94.92471216496561,231.546813344248
2018-03-18,204.00341796502897,148.44731923740756,94.86930555083383,228.0048671408156
2018-03-19,206.2829632093536,150.15047115450523,94.85455805429021,230.48755600213914
2018-03-20,207.56242627093084,151.974936665571,95.04023600215571,231.74041732707687
2018-03-21,205.33402184532372,149.4068284768692,95.11220294673522,229.4814772161094
2018-03-22,206.7631166763545,150.0595509623274,95.55761021761163,230.87468458592366
2018-03-23,209.08273329580086,151.28009335723817,95.33642451466294,233.70607335351812
2018-03-24,210.14270465701622,152.16233525002582,95.40174869375124,234.8821966681759
2018-03-25,215.89415683328323,156.37285959672172,95.7435902358687,241.31936688207452
2018-03-26,218.44245798353055,158.23325708748143,95.79925158628372,244.05200149879835
2018-03-27,218.3422508439558,155.16428239531223,95.49848142466288,243.78630311568705
2018-03-28,222.36018346868264,157.32508874834951,95.07934402518835,248.28784533607168
2018-03-29,219.8394563614888,156.3950725001498,95.25350554415373,245.86323269506337
2018-03-30,217.97966313898885,155.4017885834499,94.82071909093192,244.11713855490734
2018-03-31,219.3530802736526,156.58176364535524,94.87368576350774,245.8227962865931
2018-04-01,223.41846056946136,158.4936397347111,94.86125202565542,249.9528828720957
2018-04-02,221.3335609460386,157.44255399352795,95.25713263634724,247.50720141150296
2018-04-03,220.8454053688052,156.77516551422514,95.03875832642721,247.11286615977306
2018-04-04,217.21903964876472,155.99912079421424,94.99836144873184,243.37360167400638
2018-04-05,214.2085459602787,154.96036836423494,95.32572434089268,240.1494635412615
2018-04-06,211.9050163300927,153.9058965445768,94.98223438418091,237.52184105509727
2018-04-07,214.45938093128683,156.02201507268916,95.06618130563874,240.0142190270776
2018-04-08,216.11687661478513,156.93232602953975,94.2899926726225,242.24158198835406
2018-04-09,216.15579478464343,158.0570680849108,94.07342184240032,241.09051882656738
2018-04-10,216.93359886189904,158.74088052666633,93.55032316547171,241.6372115952421
2018-04-11,223.7677640281874,162.22056990372673,93.70924956662896,248.97411037977855
2018-04-12,218.59788104046714,159.1917135315628,93.64221092263992,243.10291238536954
2018-04-13,218.41452410576733,159.31901853518576,93.62905153436184,242.42523635407824
2018-04-14,219.71022513743986,158.16105338197698,92.72741483852471,244.23345970625562
2018-04-15,221.06520246162984,158.82418355560202,92.26342995317594,245.51325401389565
2018-04-16,220.51079594975337,156.98834831257952,91.85072216362802,245.20430895484972
2018-04-17,224.15769020528685,158.54196732247294,92.02463411146611,248.49589367653172
2018-04-18,225.92516309122516,158.70731965128059,92.02380964553,250.36470163787877
2018-04-19,229.389446692157,159.70236815496875,92.10660662935925,254.0860473453518
2018-04-20,229.08415887126245,159.34371220391733,91.81954045199852,253.78441974310812
2018-04-21,229.02623531948484,159.5200386300496,91.8783773429724,254.05432415932884
2018-04-22,231.51363999606752,159.81163062057107,92.02515768304153,256.32404202331975
2018-04-23,233.15231651721575,161.23739611004612,91.4746500224331,258.2367351436765
2018-04-24,232.02698161921433,159.8951749428457,91.83148707667577,256.7068994165762
2018-04-25,230.02356699998973,158.89824385675212,92.07697335079466,254.4330928384931
2018-04-26,233.15137032161957,161.0171332669988,91.42032050869722,257.74148331032336
2018-04-27,231.7807704091146,160.73722724807743,90.64921419390478,257.36775148830884
2018-04-28,233.27289339826822,161.64185211991855,91.03429640659671,259.96246479501394
2018-04-29,235.66771407858488,163.79184235860887,91.17130546627578,262.56786330858955
2018-04-30,234.51085211927705,162.35235867488768,90.87054631066665,260.76024919957746
2018-05-01,234.4166093871951,160.64900548341393,90.74608354020627,260.6661751174681
2018-05-02,234.91101338451713,160.3830960896876,91.6633683732915,261.70954208899457
2018-05-03,231.72271367390863,158.9330450784209,91.51954127564072,257.7750793505617
2018-05-04,228.3282178011204,157.55533060795253,91.37669680029951,254.43933317045185
2018-05-05,230.9888678652996,160.21600892723646,91.24647681098787,257.61647647669224
2018-05-06,232.73992665106346,160.66123509878963,90.93945771019848,260.2684107756508
2018-05-07,233.44209634973433,161.6154810083119,90.7493253313582,260.5786642705642
2018-05-08,232.04977304304322,160.74248592622814,90.41086261013473,259.07304295408824
2018-05-09,227.7392925266628,157.3825653944257,90.52885677114276,254.5298755741494
2018-05-10,226.83673079640857,155.93237200627362,90.0996963150254,253.42647495496192
2018-05-11,228.5871541822214,157.68590257644948,90.03940215547192,254.9308366453138
2018-05-12,229.38073475740097,157.30435763625388,89.78331544940534,256.39064594449525
2018-05-13,231.62280947871628,158.5961321832535,89.39140988786416,259.0272467914272
2018-05-14,234.50163558722176,159.71298872126394,89.75721522854593,262.7513984753515
2018-05-15,239.0047343465411,162.30641662019332,89.95075094146178,268.37138947747843
2018-05-16,240.31809966538216,162.47463924087754,89.74971692673405,269.9787411043519
2018-05-17,236.9317799837914,160.5773562791841,90.10219268667548,265.22418722421565
2018-05-18,241.13642739912217,163.78999425454276,90.06024852949261,270.1669312705246
2018-05-19,241.2542583175667,165.02910097518463,90.50964166121017,269.66854116905085
2018-05-20,242.96026633402136,165.68828096040752,90.50611928240683,271.2720650937359
2018-05-21,247.8568999989553,169.22428982715002,90.36266155960443,276.17478636617824
2018-05-22,246.89193920883486,169.13955447435424,90.49674412683048,275.6598636037354
2018-05-23,249.20168392525346,171.29340531073566,90.698631140222,277.6165652786966
2018-05-24,248.76501341430605,172.12471019753798,90.80785282383992,277.3621692978863
2018-05-25,247.98413894648493,170.63385167512465,90.66152240761659,276.6614796482386
2018-05-26,246.2640737403671,169.47276547425037,90.35180520689356,275.29080068084204
2018-05-27,245.55846905375031,170.5490940494248,91.00488698886002,274.4227834581145
2018-05-28,242.87901354924392,166.99277143926966,90.3221940135132,270.9175609812393
2018-05-29,246.762170996175,169.10877340807363,90.43814826998373,274.27924480228404
2018-05-30,243.542547337174,168.30689488999752,90.65135940058747,270.64485911620125
2018-05-31,245.20320187355352,170.79518891416072,90.75867816609777,272.52226437746776
2018-06-01,245.84653481484003,173.5474198454299,90.3619618460159,273.5907658409002
2018-06-02,245.6398748674116,173.99904597403074,90.2230154786313,273.3713049305046
2018-06-03,247.72057141334193,178.32212033324492,90.81667198856086,275.27093148058316
2018-06-04,246.6498129280184,177.2305573273681,90.20645786999371,274.0165215641998
2018-06-05,248.79860021294738,177.0294544502292,90.38540428828632,276.6065173310154
2018-06-06,246.85265402455025,175.80547936409542,90.88964830556672,274.74065894187896
2018-06-07,246.98895698529074,175.60519756819704,90.8902821658946,274.6837196783481
2018-06-08,241.24236468262774,174.62170188003466,91.20811065204718,268.4768238188381
2018-06-09,241.194254940482,173.8052573186839,91.07006557589035,267.76647251418945
2018-06-10,247.49307216201876,175.9423570206735,90.5673554414159,274.6106061914029
2018-06-11,251.19787644921502,177.9295751403376,90.15951406078435,279.3147675447062
2018-06-12,253.38110979492748,179.64831613907688,90.43596546276773,282.79201465703704
2018-06-13,259.7355048925015,182.3029469439483,90.83854058700987,290.00857480009097
2018-06-14,261.314126675982,181.27755382694139,90.5889446456854,291.4302578699215
2018-06-15,263.8711115182186,183.75478181560837,90.04198843279224,294.3388008698043
2018-06-16,267.3268073551189,185.34882070506566,90.23490212648191,298.3427952377517
2018-06-17,268.4772650212628,185.62762775300718,89.81863035338179,299.15085125675876
2018-06-18,270.7451790824818,186.81188631586843,89.76869343077617,301.49063469088446
2018-06-19,269.93668144447844,187.52906802073363,89.788196340523,299.9654278647385
2018-06-20,272.32126508599896,188.52952787963147,89.7660496128337,303.396885868477
2018-06-21,272.38157458130763,188.85984680971976,89.43207599073772,303.4131761756726
2018-06-22,274.37603803419796,188.12994522173872,89.31563004462852,305.70545035868105
2018-06-23,274.62804402736236,189.39814925492843,89.5371268499464,306.70224860222504
2018-06-24,271.67737928778945,187.98235653561116,89.59827737272623,302.9063761379458
2018-06-25,274.7283911541221,192.16250326334367,89.83811632185952,306.536336957046
2018-06-26,275.11456791347314,191.52255595027754,89.18918499657778,306.71022587547986
2018-06-27,270.92355615895616,191.23013301733153,89.3676927883884,301.8852292492725
2018-06-28,273.76110619350544,191.44244394621933,88.99261646725239,305.1274692612542
2018-06-29,277.059114864246,193.73679945482198,89.11124046304518,308.8351850581407
2018-06-30,278.43435011502595,194.6716313683605,88.80944893031867,310.4390054099413
2018-07-01,275.1914500727085,193.0195267744794,88.69009960389758,308.1269559564793
2018-07-02,275.1924350468086,191.3765501586895,88.49812009663584,308.42212450984186
2018-07-03,280.50678212080885,193.4787734287593,87.9200529815874,314.84426415958814
2018-07-04,276.26953733882857,190.73265580528752,87.81908654878843,310.0995764693323
2018-07-05,278.5404205605929,191.11685278839445,87.65266512123681,312.6700421262062
2018-07-06,279.13624354268285,191.51145254682044,87.79742753077093,313.760327338932
2018-07-07,280.49787572546217,192.71083917171518,87.35824631917691,315.38192386594733
2018-07-08,282.14076647712994,194.3772238472079,87.22115523460417,316.9275162062879
2018-07-09,280.44320060946467,194.08510284344416,87.60641713749983,314.7952660472623
2018-07-10,283.4398998886854,195.77305505993795,87.5701186370416,318.0651725262949
2018-07-11,285.9532228251687,197.44175675597668,88.29246683519568,320.3775273403452
2018-07-12,287.7524389684607,197.7327421057464,87.96117316321663,322.43901197427255
2018-07-13,288.32825683352695,201.44605386980555,88.22328209030537,322.4929035651416
2018-07-14,289.3460288514155,199.46451511856299,87.96697170042842,323.68281837233224
2018-07-15,292.06820654002905,202.0173270566481,87.90843541963802,326.6682616582539
2018-07-16,289.6788748477624,199.3770268648955,87.8964014733597,323.36010211570397
2018-07-17,288.45656858050904,197.52798441339954,87.9667147541906,322.94020593147314
2018-07-18,284.35608510158704,193.18870757525383,87.75086690991931,318.41571342420485
2018-07-19,285.18566168464565,193.07466413496635,87.6404197264233,319.56024928119336
2018-07-20,288.65878298542447,192.5790943986307,87.30151661959634,323.6049719505537
2018-07-21,285.80334540147,193.09601095871886,87.31284471663831,320.4142103641626
2018-07-22,287.72375635493955,193.37165923269143,86.67986644244337,322.43510612610595
2018-07-23,291.19215108906616,194.72320471657912,86.37395855851864,326.8418418068364
2018-07-24,290.2386308507405,193.62004464595657,86.37283858542726,326.19672880566844
2018-07-25,298.1604709018878,198.55450101411904,86.77609093444255,334.77817358542796
2018-07-26,294.84850726527475,196.9283636498479,86.83484937530702,330.50844601045566
2018-07-27,294.39965001646505,197.1423978480749,86.9929771810095,330.2742812567088
2018-07-28,295.4984209226233,197.07645767404364,86.78059760249755,330.91615882244776
2018-07-29,301.5759215891204,200.1374646242927,86.68822053838547,337.2402393972769
2018-07-30,311.6898685641474,203.916831355682,86.39901953678603,348.79196887048505
2018-07-31,313.9394462649068,206.16888004531177,87.04040707611524,351.52119096395427
2018-08-01,310.34549477032,204.03469951333278,87.12642650432541,348.68110988576075
2018-08-02,305.5973356589106,203.10273473536554,87.33657636356018,343.8265688471591
2018-08-03,305.3845576443581,201.94664151746733,87.47926503645404,343.9485704583276
2018-08-04,308.8683563842239,203.64882020224,87.28186689945301,347.0493186395862
2018-08-05,311.86043115755615,205.63064977789475,87.02306932828631,350.1569843862245
2018-08-06,310.36130886424525,203.0338225380857,86.62535515225785,347.9165428917262
2018-08-07,309.0592452053555,201.46513644118923,86.06354684122468,347.6791474651709
2018-08-08,313.5618856503855,202.72607391259498,86.04546463530853,352.9815970602376
2018-08-09,317.9129595004821,203.84060294267127,86.27049373653585,357.54451325968853
2018-08-10,313.27094874227635,202.43580142832994,86.76120261133686,353.7755194134964
2018-08-11,309.1773438760794,201.24569622749152,86.73447417507943,349.6369290273299
2018-08-12,304.1938026028691,197.2427246387664,86.39054406529425,344.1286493939955
2018-08-13,302.1339296493804,196.9776805215906,86.78422077345664,342.10652162255997
2018-08-14,307.78272520486803,200.23047643377586,86.43704538558895,349.2922790799
2018-08-15,305.82315915995844,200.32302688614726,87.02235178302303,347.2762257637756
2018-08-16,300.8052134811114,196.7060980850811,87.35268815809795,341.4800529486894
2018-08-17,301.21128239624346,197.7699522018838,87.64900394776537,342.07577195371937
2018-08-18,300.6394499556946,197.08878068493544,87.88419389688936,341.7213344415055
2018-08-19,299.90393435180385,197.96742813370116,87.96963450097947,340.435110948376
2018-08-20,297.47466675480376,195.56844089492094,87.7948234341032,338.3987184354141
2018-08-21,294.9104473776204,194.48276703870832,87.63015483115763,335.39247329236775
2018-08-22,290.02541881279245,191.7573916766126,87.57458260518008,330.1718736355764
2018-08-23,290.88664067194367,190.79172520469854,87.77573444748319,331.25344855809044
2018-08-24,291.6688343424747,191.14343862070479,87.615872821903,332.29629821437163
2018-08-25,293.3642718509257,189.96766431927315,87.2568579959304,334.14812639570175
2018-08-26,294.3441452739782,191.7739229999872,87.14951548663255,335.030453163247
2018-08-27,292.77738062526186,190.0564399188145,86.96871072491697,333.70731483560854
2018-08-28,289.4329340173062,188.8687320345512,86.51788389715935,329.6864023217249
2018-08-29,288.4893677680465,190.26187680857797,86.62260276170285,327.46600552941163
2018-08-30,282.1213731340901,187.0898467596865,86.847130643038,320.45048924537934
2018-08-31,282.7819968606749,188.69247404999024,86.80879972609411,321.68221196082413
2018-09-01,277.70915739216525,185.08144714740033,86.19298546567089,315.88235980617503
2018-09-02,277.6902252107778,185.17183785499742,86.22757627572194,315.408319710229
2018-09-03,277.22071453089956,183.25487540090558,86.48435694242164,314.7102665626929
2018-09-04,275.8189767347182,184.26314814586738,86.29015872104682,312.6032261104342
2018-09-05,272.53650071580637,182.50022405432114,86.4335926602541,309.26667575615636
2018-09-06,280.5596040265581,184.09947593186223,86.33844386024585,318.09218809239786
2018-09-07,278.8326156166391,182.5340637243088,86.01058507117395,317.0542609807136
2018-09-08,281.60576291826396,183.90998591223038,86.40851538724701,319.4027304949544
2018-09-09,277.51025932469173,179.46772468172068,85.98879821413395,314.9223692774783
2018-09-10,277.957704051334,179.82174027578728,85.58230216104234,315.9003433291172
2018-09-11,278.83429665991974,181.01254213927908,85.09341915204296,317.1296350132009
2018-09-12,275.22826852394815,178.78350348933404,85.23213150791871,313.09007980064547
2018-09-13,272.71175325047506,177.5258028553352,84.79333957022315,310.8837429818265
2018-09-14,272.2044268835616,178.43470676060988,84.76105911045153,310.0718739729271
2018-09-15,269.9835284094815,178.2383001668912,84.65799557267543,307.9021364562843
2018-09-16,268.9422217829069,175.59177759718642,84.2912361320842,306.1982524397679
2018-09-17,269.166854729603,174.431772212846,84.44205899369744,306.4077046627955
2018-09-18,268.7501121811381,174.8848244312833,84.80068799545667,305.90223076552445
2018-09-19,266.5361552921265,171.91790525357013,84.42635543813,303.14930924656755
2018-09-20,266.9785183213156,171.75622269135286,84.59443839657573,303.3523250467768
2018-09-21,266.92788348187,172.92015183388244,84.82333165278871,303.2593123411569
2018-09-22,265.23809038123466,171.41297597983825,84.51728689061304,301.137246347693
2018-09-23,267.6170790059872,172.32766201890317,84.08675457538602,304.7475739017179
2018-09-24,268.70335475235163,171.38786598487533,83.80848408684366,306.08387191635364
2018-09-25,273.98695346935693,172.786130911226,83.95566228683174,312.76594939867255
2018-09-26,272.16999979741996,171.6072331438629,83.6356884763291,310.65471207170157
2018-09-27,272.18110943359915,172.26353391080244,84.02598173918975,310.26885021995867
2018-09-28,266.269914933269,169.3812419280218,84.14355404078812,303.6813052623611
2018-09-29,265.41031163339113,169.06892423087507,84.60999902354213,302.8530971049868
2018-09-30,264.4138144463384,168.0596222206754,84.51625188991561,302.5400874026615
2018-10-01,263.9874316933737,167.8107346543641,84.37766359387257,302.61940692787994
2018-10-02,269.93766518942095,171.10566878433642,84.42143605298736,309.4493489238035
2018-10-03,262.8066932116901,168.41520249028338,84.57920893807388,301.5146784402084
2018-10-04,260.8186266213088,167.03956550197861,84.4316759915713,299.76832042391675
2018-10-05,259.8235220110369,168.60760871961008,84.7853721378366,297.9980225004935
2018-10-06,259.56486875091485,167.80142625940658,84.07214692129978,298.5625476427213
2018-10-07,261.73933149770426,169.37716250564426,84.16822289603384,300.40427465022333
2018-10-08,260.43141566159204,169.56200276991098,83.95743657191439,297.737720542515
2018-10-09,259.8828875900322,169.12410082621074,83.98895581790123,297.47340351604515
2018-10-10,261.86807138064154,170.34076626877038,84.35960849643205,298.9922583479386
2018-10-11,263.4758445414508,171.74618214214107,84.05490080475823,300.1586308236321
2018-10-12,261.3803354812072,170.00894665007712,84.22184305259536,297.4827204744078
2018-10-13,258.97627272131774,168.17951603776083,84.50347923040547,294.7467807730996
2018-10-14,258.57047760754574,167.8457923629084,84.87911423908766,293.9089430329347
2018-10-15,262.5210415777149,169.97707722575134,84.8359610051192,299.5812672726656
2018-10-16,259.5168812090262,168.1200452285102,84.45323821457389,296.6819942337166
2018-10-17,264.57479436682064,172.25477652948277,84.96540583941778,302.3130097237739
2018-10-18,263.6056674824513,170.03552959352254,85.40252604754967,301.40107281508455
2018-10-19,262.26365024999035,170.70206688491734,85.26360292106587,300.1037397162082
2018-10-20,261.87227585298393,171.13515098913285,85.31783748545337,298.97504900304995
2018-10-21,262.2139911968542,172.35087254273,85.42174710206811,299.74176514367934
2018-10-22,259.2432202033611,170.8193303303195,85.25222868353129,296.7523714101
2018-10-23,259.4527077006087,171.60297114944314,85.65146392215766,297.2928299247632
2018-10-24,260.36886666422026,171.0167261058042,85.54345506730255,298.11499130588555
2018-10-25,259.4772848854938,170.16677457879402,85.21948374751561,296.2202730792292
2018-10-26,257.64107896163705,169.42620100208708,84.8521765829224,294.19847627568777
2018-10-27,263.27530727306606,173.24501592740634,85.41983413895069,300.74954548491905
2018-10-28,266.8586397549774,174.26034892273051,85.135542034415,303.56372638509066
2018-10-29,270.54678838450394,177.66246264574906,85.11769140671682,307.644824001045
2018-10-30,268.37089404417344,176.95969082719617,85.50736513855807,304.29603300692156
2018-10-31,269.73083664118724,177.32269970392298,85.50846418131441,306.07394162833697
2018-11-01,269.28097975107954,176.96405909752832,85.43962682196529,306.0659921103145
2018-11-02,270.6738218571966,177.86594360549367,85.08006613749832,307.51979399080216
2018-11-03,273.53778181824066,179.30772417186046,85.2688457563593,311.6267678695876
2018-11-04,276.86342458256223,181.0348760457082,85.11307909599462,314.1698287856363
2018-11-05,276.46350561717725,180.45924522401177,85.20043483433025,313.6484890003842
2018-11-06,275.5905859480543,178.08698034792388,84.74107752421641,312.97188919360235
2018-11-07,281.0447543371348,180.63039697563954,84.80388712451517,319.63256225659404
2018-11-08,278.60379388537535,179.81080754465364,84.6388235866548,317.34750072489237
2018-11-09,279.2054199878419,180.39996985699185,84.43935906345496,318.433003707373
2018-11-10,285.8915913236381,182.5654368931255,84.20410432061091,326.19770493756204
2018-11-11,288.55486877900177,183.21995976613118,83.30325277933929,330.06720523347434
2018-11-12,291.1587317400823,182.54324543452216,82.93789324659733,333.9269240111906
2018-11-13,296.0412656983022,185.86013974214364,82.96391882900386,339.57060679487955
2018-11-14,295.73861910676766,186.94053099452253,82.83096538551582,338.8279450710667
2018-11-15,299.2397521590929,188.54264237199746,83.21261726374772,342.4321133831921
2018-11-16,299.19062960888124,187.45555755105408,83.12350501771803,341.5989583770959
2018-11-17,297.6820270262725,185.10706442782197,83.18760708730761,340.2831082109821
2018-11-18,292.01229634543677,183.88072277090848,84.08026857720998,333.7524024239723
2018-11-19,290.0348028693968,186.00799732788414,83.99992217463283,331.54571454604957
2018-11-20,290.75335048451973,187.8233837158112,84.24553599768558,332.09105256623496
2018-11-21,287.7683802054724,185.9522872345462,83.93143585705907,328.77857920190775
2018-11-22,286.0690752211882,183.4369107792234,84.15587108648384,326.5713698649229
2018-11-23,282.1103736756891,181.30263879650732,84.18120636494689,321.17298056002807
2018-11-24,283.29262057319596,180.72099874671042,84.57293744327647,322.75239945028136
2018-11-25,282.1442784671566,179.3371558431946,84.47316205503415,321.79528910513056
2018-11-26,282.19107630927425,179.10228057981712,84.47105380167308,321.5577461615525
2018-11-27,281.22749738175685,176.3856771344534,84.54854928247559,320.6236813887951
2018-11-28,278.90360352564085,177.25317967331003,84.7881319049438,317.44537410434634
2018-11-29,281.72284412960084,179.0074060751586,84.93628992393484,320.42951433636205
2018-11-30,283.28079950276424,179.45332880849634,85.06958933194127,321.2236103376372
2018-12-01,282.0240459250486,180.6675955010213,85.03291934550316,319.52026290428216
2018-12-02,280.72809220755664,178.70397437363107,84.25923392047878,318.0517864308279
2018-12-03,281.2851301525465,178.891757719761,84.21197122946744,318.72777824839955
2018-12-04,284.6549908435665,180.28824871094434,84.01025298862285,322.43442916538544
2018-12-05,286.64251018120177,182.7354295874082,83.96675314205744,324.7564014602864
2018-12-06,287.8654249902959,182.21914709568077,83.86724319056256,325.4080541596025
2018-12-07,282.25683159578205,179.9005822772012,83.82336569786587,319.2202767801093
2018-12-08,282.3278204991341,178.86209584488478,83.71201784689484,318.7035591470176
2018-12-09,286.8814670865149,179.57769980236213,83.49558319497636,323.3405763721132
2018-12-10,288.8556752598875,180.13442634262717,83.30417459252361,326.04218531854156
2018-12-11,289.0823827114318,180.77132294353353,83.07442389155277,325.6158289263256
2018-12-12,289.562655456385,180.6298996578858,83.22467405013302,326.11359853138833
2018-12-13,290.36309350298365,179.23437377994745,83.60610029972068,326.89516820654745
2018-12-14,292.7773839714361,179.44534873777653,83.60162634333095,328.9432557205618
2018-12-15,294.4016592357127,179.79394888340886,83.56924353042669,331.1523762601267
2018-12-16,290.44575120969665,177.20322998755245,83.65396450340475,327.8352580812134
2018-12-17,290.125400090464,177.6548715364039,83.68903482898034,328.508087689962
2018-12-18,284.5441458347738,175.1392094014795,83.25376870992379,320.9706009016959
2018-12-19,285.62696864112866,175.76559930050354,83.18366831633556,322.1621381679969
2018-12-20,295.72956482167234,180.18340711977686,83.26041354875974,333.19438128850396
2018-12-21,296.8475230206147,180.41851856112913,83.1148526985998,335.4564953284833
2018-12-22,300.9201600688849,182.4168812180845,82.4447993422877,339.95897861553584
2018-12-23,310.22320433535737,186.41575589445458,82.70050334512062,351.202539042874
2018-12-24,311.12931024607326,185.86651501080286,81.91042138248288,352.73811390312534
2018-12-25,308.4135145147336,184.8056970680136,81.5859963519128,349.58740731047817
2018-12-26,308.6704773261269,185.19250314290073,81.29782127246226,350.60792814504305
2018-12-27,306.7339975405668,182.43639657688504,81.1101860319737,348.4799792472273
2018-12-28,307.42812425114334,184.2057377896742,81.18044423838495,349.213012870669
2018-12-29,303.74534529507054,183.4083606907478,81.33466252086131,344.81044075087965
2018-12-30,297.3631013009278,182.0408605576461,81.16297398520837,337.31112053164736
2018-12-31,298.6987339844069,181.33618281431754,80.61681727896044,337.7698089131547
2019-01-01,301.2611363704878,181.90048966793998,81.37870536399696,340.0369510242116
2019-01-02,298.2692375062032,179.89208090872108,81.40762924117,336.4318270914707
2019-01-03,300.46269117887186,179.81992668512498,80.909783047731,338.01769062815714
2019-01-04,293.0695941309749,175.88473689626585,80.80906095627596,329.42102635939136
2019-01-05,297.309112851048,179.07704400660128,80.82164776754776,333.2471126453212
2019-01-06,295.5450624246642,177.60580032278145,80.58747298793855,330.9560387025327
2019-01-07,293.50251578803113,176.24089465001938,80.38263290837149,328.83354193057113
2019-01-08,294.82750370738404,175.86221857828747,80.64632358729254,329.7818848129421
2019-01-09,289.58580766617763,173.86651198354775,80.48115309409995,324.1502844252078
2019-01-10,281.8726008046258,171.7750420940673,80.84762161547535,314.7423554601971
2019-01-11,277.3028505564569,171.35274190043992,80.83183284338045,309.26119088527713
2019-01-12,270.3468698535911,167.71161141138043,80.76927099934542,301.90900050558713
2019-01-13,266.20679502903306,164.2204306340421,80.76827032055144,297.80277796741683
2019-01-14,261.613889826545,163.1085470218009,80.91341124867797,293.2033497507648
2019-01-15,261.5254162886942,160.59038232981123,80.62168444256055,293.6497943104564
2019-01-16,259.0097975788331,159.02519803796667,80.54957412512726,289.50091790523254
2019-01-17,264.0057498297142,160.473494760107,80.57982938314392,295.0391383481046
2019-01-18,267.86712155795556,162.61894836737534,80.53826945566797,298.94253595209597
2019-01-19,270.39703687741854,161.94365688455196,80.52406354009123,301.24917891169514
2019-01-20,274.3356297150398,163.86500660625157,80.70544157265132,305.6583991499497
2019-01-21,269.04219051237266,160.60380700927533,80.83805494033888,299.86265477592025
2019-01-22,272.7448854108982,162.6431912271004,80.59061775119585,303.6433387326949
2019-01-23,273.1848274431366,160.57477401669985,80.83206496735244,304.3312148647252
2019-01-24,277.08629296477557,160.7771952089251,81.00970052555274,309.74190558180476
2019-01-25,273.08720351324354,159.7350733531315,81.1101005845947,304.530041630745
2019-01-26,274.7278567802347,161.23426981216886,81.0189678558049,306.9513942258114
2019-01-27,269.6919165568571,157.53372500451442,80.93559002194716,301.3829038365126
2019-01-28,267.6362300667976,157.36185959925092,81.18041519406543,299.49611931553477
2019-01-29,267.3861163070255,157.7937648828832,81.1193439639687,300.2258891519965
2019-01-30,265.05880779681917,158.71150781929418,81.35577494831942,296.95476516977124
2019-01-31,269.2655395260192,160.7180245210199,81.5925331204042,302.2224036255934
2019-02-01,270.41309870684125,160.64710115658121,81.8085288057953,303.49796743166695
2019-02-02,272.62576626993365,159.5577582016423,81.71057208099954,305.69086093497026
2019-02-03,277.8289326676696,162.4368964543623,81.81988792729797,311.7491730131794
2019-02-04,274.82868717568664,162.65669935906834,82.57146416931765,308.51744246053414
2019-02-05,279.879063187428,164.3478476696649,82.26194182030213,314.2438351840567
2019-02-06,281.3777606677083,164.6058138110406,82.37259202959766,316.07946773665697
2019-02-07,278.3396169180682,163.74455418378494,82.69211129119135,312.74464080170355
2019-02-08,282.0813654983275,164.20157134371243,82.68785859040413,316.3682038040804
2019-02-09,278.6675823938808,162.05416325666476,82.37119985741074,312.3333214448563
2019-02-10,278.12133194136504,162.59963186800908,82.37036384201672,310.95266976463193
2019-02-11,281.82071544932705,163.40475796571093,82.25358480420803,315.3287835146239
2019-02-12,282.58239576315844,164.78288551394337,82.50249149699268,315.7341965155508
2019-02-13,289.6483085358364,168.07445866568963,82.44945478307815,324.11483881311057
2019-02-14,290.59383564494874,168.86697240178447,83.20699257803183,324.95016127324254
2019-02-15,289.6848940147964,168.56023010367264,83.53825125694883,323.1331993081559
2019-02-16,283.39933028149727,165.17362331650617,83.03419381098468,316.00853863838995
2019-02-17,285.1326475255532,165.03890079710655,82.52400415835811,318.0511336794342
2019-02-18,288.0335100289375,164.62043264216464,82.57694450253143,321.7013916707933
2019-02-19,291.2610323419089,167.19199411148563,83.32493128438422,325.03758168060773
2019-02-20,291.75268298642834,166.96726521994995,83.28379189872719,326.4044681275751
2019-02-21,287.46256032931313,164.22512045722962,83.61933092714752,322.1282010447894
2019-02-22,286.4164298612785,164.58575239410348,83.81603281830574,321.72779148959455
2019-02-23,286.7867293443579,165.73064508489753,84.69771530802913,322.36038318677663
2019-02-24,287.07612161953983,166.5481934220544,84.66763393642587,323.93832882875853
2019-02-25,287.7887911055085,166.56717963545236,84.39205175809215,325.36114672202774
2019-02-26,290.7317380380861,167.3410845739318,84.49940109569823,327.89898542283777
2019-02-27,291.4695356813588,168.09136979283812,85.05074703950417,328.2756030993578
2019-02-28,287.402544599261,165.39203712501683,84.58258538718493,324.4886526184772
2019-03-01,292.5487122072829,167.92981523145795,84.9556086093755,330.3224541570084
2019-03-02,292.3677124673226,167.49394774303755,84.83297458655615,329.33751955214353
2019-03-03,293.37089357990595,167.86584620496112,85.04842548632917,330.5056961138
2019-03-04,292.96591335163055,166.79446630688827,84.98368994094861,330.46761814698925
2019-03-05,289.32380651814873,165.28604662255145,85.08309471858693,326.00177994735725
2019-03-06,287.53817094432105,164.71679115405996,84.78285009376108,324.2364431271222
2019-03-07,284.7671231818326,164.53426779292877,85.60378837406111,320.5954674203428
2019-03-08,286.61056465537087,164.60556609501947,85.832536723899,322.0066661368367
2019-03-09,288.2927435939172,164.45792343663362,85.67308708375951,323.3979566983236
2019-03-10,291.0951707422138,164.82593744537587,85.73942472587422,326.36370776384126
2019-03-11,290.85155671680394,164.84345917892443,85.53181887014331,326.2470454567267
2019-03-12,295.9994824778192,166.2673366493925,85.77822233351648,332.77066165750233
2019-03-13,293.41108573439294,163.69897256579074,85.73017033540363,329.60366200354554
2019-03-14,299.72284569125065,166.37964987265758,85.46696841443078,336.11966775165354
2019-03-15,303.54011941862467,167.3960231637104,85.4053456232767,340.9267064123606
2019-03-16,302.0211308914609,166.6916017307801,85.40623550430789,339.61895016863394
2019-03-17,304.16869775149127,167.34798103880968,85.39560225661687,341.8459077559234
2019-03-18,299.2414731770563,165.52640349434483,86.01363844001895,335.78499816439074
2019-03-19,296.7701597978028,163.60727998990384,86.15396463468234,333.26287277161117
2019-03-20,296.3744202831928,162.5232156470157,86.08941151261068,332.0143377201101
2019-03-21,296.9877791429101,163.6000918533844,85.80683838358347,331.94381128227167
2019-03-22,302.4086591075479,165.24414773474484,86.06017636465563,337.8881709943024
2019-03-23,301.99375503389484,165.481104763524,85.84679936723182,337.5462718056325
2019-03-24,300.83226469419753,163.6722224619745,85.81673990139068,336.13280843177245
2019-03-25,300.4362374301859,162.30469165045247,86.17068491901428,336.13573356769103
2019-03-26,303.83683464277044,163.37901034441109,85.60529057902919,341.06793118829796
2019-03-27,303.7653198499656,162.59734687495097,85.65453926179052,341.63678706121885
2019-03-28,303.8240690099874,163.83814735469434,86.11752888535719,341.0780600389676
2019-03-29,301.65470506169976,163.8638411470277,85.41751763532544,338.68223666129325
2019-03-30,296.92723920577816,161.42825541959658,85.30365699598576,333.2331097263178
2019-03-31,295.2137875290966,159.64316249436536,85.88239024283875,332.25515690420025
2019-04-01,291.48143218577957,159.5968411903209,85.95234858728527,328.1509855518615
2019-04-02,291.4056761059529,158.91506136298312,86.18154269351841,328.12240006241404
2019-04-03,289.97272112328506,157.0639563221279,85.7840164856617,325.72164323952677
2019-04-04,290.1440745879508,155.99139743063432,85.58018104097165,326.66940737733705
2019-04-05,294.1970536111626,157.59143512723057,85.53471210720485,332.2235230950649
2019-04-06,296.0569406044514,158.0165364088276,85.06872901330821,334.6045536452965
2019-04-07,298.958107827622,158.57304111728786,85.07863735700545,337.6963822197445
2019-04-08,298.4735552069699,156.00328814371676,84.75657335468635,337.7319733896753
2019-04-09,296.48497355233985,155.24228342053206,84.55122075509365,335.73113043315544
2019-04-10,295.89586857236753,154.11708865465044,84.85279934401065,335.54421923109305
2019-04-11,294.0128146986258,153.8094088577487,85.07688890578362,333.7524844095367
2019-04-12,288.5322745287394,152.53753389892674,85.04338212208059,327.387495539619
2019-04-13,297.24051158920247,156.28093497983866,84.92180293973728,336.11818260781956
2019-04-14,302.0306366751843,156.91461028463647,84.46383276180983,341.4163971246839
2019-04-15,306.98865882374787,159.5689681412672,84.47892277381001,347.19038177482327
2019-04-16,305.05065279331427,158.91576602525257,84.52756230894296,345.5578998377053
2019-04-17,308.5138698351726,160.72937437201435,84.46010295087731,349.9081030242733
2019-04-18,308.3339208009005,159.598696772958,84.23241681024659,349.8022649450714
2019-04-19,311.6364790896537,160.697590518301,83.84627851312486,353.6415171228085
2019-04-20,312.1761659741731,161.06410537056485,84.1361552593818,354.8092958046362
2019-04-21,310.2271351547084,159.687322480547,83.7785365445454,353.06725782009096
2019-04-22,315.4330122443356,161.39638090024746,83.65564679333751,359.83711035216817
2019-04-23,317.37312398100784,162.54617958754636,83.34796900766025,362.49881235772335
2019-04-24,314.1937250541857,160.18959055227458,83.14730104470965,358.58905375556003
2019-04-25,313.55145830597746,158.54227576052187,83.28375925881731,358.5044660494471
2019-04-26,306.812398589162,156.8618321545366,83.18191172713327,351.3534341654688
2019-04-27,306.71477310016127,156.82888953281272,83.1350924342278,351.950027535534
2019-04-28,302.5690515461279,155.7683085363106,83.53950714426345,347.5779951810898
2019-04-29,310.6330299606958,158.40241746690864,83.7310418645558,356.74602130467684
2019-04-30,315.09161353450395,160.09657049257407,83.60060803050456,362.633277557491
2019-05-01,313.48888371008144,158.10792794503195,83.31403504674958,361.2136320705452
2019-05-02,318.5488924772023,160.12525071624518,83.69051358150094,366.21002632374564
2019-05-03,317.10196524129896,159.27580166748035,83.63696187239312,364.630837304166
2019-05-04,319.7147246169859,159.8258623486724,83.6237464925985,367.62225307614756
2019-05-05,316.523565005849,158.48567966319456,83.58733529835469,363.895724339104
2019-05-06,316.7802948219978,158.63240652282627,83.47141851874744,364.96825127310797
2019-05-07,312.74880563780175,156.39756898473948,84.22844574417894,359.6471064461698
2019-05-08,308.1191368478444,155.30546516547386,83.71810698391744,354.300153593931
2019-05-09,315.7099138460498,156.75341497771825,82.9480561819757,362.27663617898133
2019-05-10,319.0492925740529,159.03985821762737,82.90417398093133,366.52126972404415
2019-05-11,324.1926392014862,162.65645167951615,82.9978585249648,371.07505233565416
2019-05-12,321.3404455574248,161.13471918226134,82.89450517884231,367.74695975083876
2019-05-13,325.5380241215635,163.93248531563484,82.96132445659086,373.19471648601694
2019-05-14,326.99770071444135,164.52979536789582,83.2280583183248,374.88927261719056
2019-05-15,334.7292236261894,166.044545289414,82.90123971904289,383.7161348338748
2019-05-16,336.5386521621163,167.95726876613188,83.02049399251624,384.91965387164066
2019-05-17,339.886539853049,169.9565767137448,82.5249747748475,388.8335038783659
2019-05-18,333.94968982999904,167.00845584903178,82.22409644144955,382.6356420384947
2019-05-19,334.5407168928924,165.92868214646998,82.3470807680976,382.4368413960561
2019-05-20,335.9369019715098,165.62489471939233,82.15677542022452,384.38624463072404
2019-05-21,338.0632891623547,167.71697531656065,82.26412711700209,387.00874807151223
2019-05-22,336.5487765318622,167.30582773895594,82.41852615137692,385.2202407170283
2019-05-23,329.8600562915172,165.09222365729102,82.58778726501744,377.16967667785764
2019-05-24,325.23495457921405,164.7671908943167,82.9030628150157,371.73957893305203
2019-05-25,321.2147976840883,162.39251300583857,83.21629816511877,367.2170817719555
2019-05-26,319.36725245727496,162.15520294190793,83.04354562710886,366.0402499053379
2019-05-27,324.3809192954383,163.61115012847984,82.79531791072175,370.294290148373
2019-05-28,319.1117702430671,160.26642531798393,82.72277970192363,364.1373828429881
2019-05-29,314.41818721975096,158.1881231797633,82.86355630693502,359.1078967687862
2019-05-30,307.8294198759871,155.53181811179422,82.48215819803258,352.2005108574592
2019-05-31,310.6892238247342,155.77246864962106,82.16067121551691,355.26695645870035
2019-06-01,302.9421887945764,153.11801545366336,82.15379078838811,347.0115901540583
2019-06-02,299.3294509257504,151.14684126432684,81.67817076905095,342.4163347653214
2019-06-03,295.4778777640306,150.548930588202,81.6004883548915,338.12609302403416
2019-06-04,294.3438655360442,148.95002012219143,81.43290753252022,337.1974876956431
2019-06-05,290.47093610510746,148.16201157245186,81.29392858065985,332.55609062649324
2019-06-06,292.3397629964986,148.27768884573,81.23268711966868,334.5488383172857
2019-06-07,292.89845514216995,146.36649790171944,80.4750278859257,335.6336035643048
2019-06-08,296.45478026317056,146.89851708716503,80.30307258601533,339.8955841243868
2019-06-09,298.90512366329665,146.0220677634418,79.8454587642513,342.5957737391693
2019-06-10,301.40914513970955,149.10462733478678,80.02127540155476,344.6867866328541
2019-06-11,302.9121493605267,150.82200300256204,80.17920203991096,345.90178510259506
2019-06-12,306.31973599391137,152.68392391448808,79.94630802881561,350.0456175180858
2019-06-13,309.9012261133446,155.0920350891402,80.03277682757918,353.93545380175453
2019-06-14,314.3278891994228,155.63048634079945,80.02006042192242,358.22129234438023
2019-06-15,318.2442834372929,156.83920906796968,80.33606003359318,362.9260239341128
2019-06-16,314.00142586215816,156.56445146462104,80.93410276532256,358.55138435954416
2019-06-17,311.4487051124104,155.2918033412238,80.95884037777307,355.2610967659801
2019-06-18,317.52983838276305,157.7023796553108,80.18632767217724,362.4995284194223
2019-06-19,316.42787198252046,157.19485718811143,80.0836605599617,361.7500032833045
2019-06-20,320.5641075042205,158.99592197743925,80.00301101840904,366.4734210673086
2019-06-21,320.78018542061784,158.2939982052987,80.08782974447108,366.9971362397676
2019-06-22,326.49436921895926,161.59454162610422,80.000451936419,374.0310955237562
2019-06-23,323.1433197054477,160.9851208206063,79.94197242043084,369.6267684603519
2019-06-24,324.3096037265119,158.83529576471255,79.18700981683102,370.9833927808844
2019-06-25,324.75788511674756,158.62961591340377,78.71554485543045,371.10400014190316
2019-06-26,326.33684599043625,159.74241484400216,78.7648535685994,373.6038754372638
2019-06-27,327.94624019794924,159.60518442004698,78.61176642195538,374.64844036707234
2019-06-28,327.6951930993917,160.54866875281226,78.91252549435129,375.17941872296205
2019-06-29,326.7251388867368,161.45464035366814,78.9979902641087,374.9661613015252
2019-06-30,326.7927242402205,162.1382502692591,79.47728885995463,374.8775373849892
2019-07-01,327.7451093568137,163.71995436077594,79.56678621476962,375.18704313423376
2019-07-02,335.80898087923543,166.2921644121637,79.53580314071,385.1067375986118
2019-07-03,333.658348320413,164.4619271438809,79.51882559187735,381.5702999247198
2019-07-04,332.7269665861272,164.33112761865672,79.4750308704879,379.59885522710164
2019-07-05,338.85546038703416,166.70421834422788,79.86178913775431,386.37274759384076
2019-07-06,335.64844954607537,165.75231142844626,79.84407379822332,382.02843659575063
2019-07-07,341.3602178489826,167.25232021044016,79.25040118236267,389.4328409663041
2019-07-08,339.57487563048113,165.9594205398365,78.71231047712135,388.5944479337937
2019-07-09,334.7940660499637,164.2226102304699,78.9905157141554,383.3824790885015
2019-07-10,334.72070997185443,162.50574148095168,78.60435405602726,383.49520511999657
2019-07-11,331.9030329309229,161.6429169735369,78.82557011371397,380.8557122008138
2019-07-12,327.4670074395601,162.09986044994574,79.27197511424151,375.738178369141
2019-07-13,331.63627167300007,165.92837020243948,79.09257163424144,380.42571531345067
2019-07-14,322.89735888718684,162.78092743159877,79.25007022428696,370.4097132104651
2019-07-15,320.6618811972156,159.91411906670322,79.16477947499054,368.74679093347964
2019-07-16,318.67140750832493,159.55878791175408,78.78579403132679,366.8155687657891
2019-07-17,317.40306262619566,158.3294622006574,78.51071717461922,365.1927743619393
2019-07-18,318.91487266845536,157.64000085502312,78.27146996711767,366.95854499084504
2019-07-19,315.1093882371941,157.8808442157851,78.23098215039948,362.2338098818216
2019-07-20,311.7780503703001,158.28661827346298,78.57322477596917,357.84876489967894
2019-07-21,315.8062249031904,160.00425532613073,78.6499993811386,362.27062696727785
2019-07-22,313.2821517645558,159.3345798107852,78.54686610847261,360.4740343443768
2019-07-23,308.94279292977774,159.09870909565132,78.68699305798955,355.6734720461716
2019-07-24,311.9835819198513,159.66556700007033,78.85373083011476,357.62076930073994
2019-07-25,309.5935228873535,157.83596437944345,78.43159348673007,354.85022314483405
2019-07-26,311.0797074443738,159.0496125381972,78.5629726379777,356.174173225853
2019-07-27,312.514362655065,159.70126277496112,78.82931268399392,358.2357369703732
2019-07-28,312.76332185870046,158.92075736321348,78.56429915280347,358.2652921064069
2019-07-29,311.7938294650381,158.77902469192827,78.79399084667261,357.1173518982207
2019-07-30,311.9917858611624,158.96885451246558,78.66853800967769,356.85617904683363
2019-07-31,305.9609909498987,155.95791332101442,78.7592311807951,349.58784018702033
2019-08-01,305.27966928502667,156.1065426581953,78.95420638520059,348.20317977368757
2019-08-02,308.84828949787413,158.51758570802906,78.74102286859585,351.8556332632909
2019-08-03,313.13397295367497,160.02410444968808,78.10159914354536,356.0497902046627
2019-08-04,312.3958750101653,158.60576602934776,77.8827245064582,355.2840888346535
2019-08-05,317.685442753838,160.34474861886943,78.12809620746417,362.0750021574879
2019-08-06,322.96452634905853,162.61454571915633,77.60186718417079,368.44019319606656
2019-08-07,326.926740631673,164.02555250349587,78.05458324647141,373.40329108965864
2019-08-08,329.16861178496913,165.91792952781705,78.24498803772197,374.46386923035783
2019-08-09,327.4661708030853,166.42863490385972,78.15027186839733,372.43974815237556
2019-08-10,323.75867896507503,166.74733097261407,78.79977513851475,367.6363493706418
2019-08-11,324.44283613929645,166.31436678850363,78.90326088351607,368.71534603970525
2019-08-12,327.5577484623629,167.83075728106712,79.73555759493529,371.5344084402445
2019-08-13,321.3915686468243,165.01857889163088,79.28819141207494,363.768288123181
2019-08-14,317.9104860048229,162.7328459286216,78.95082229273633,360.2135286030117
2019-08-15,316.24101270872336,161.8879152562587,79.19006553511927,357.8734834219395
2019-08-16,315.44150399995556,161.90802129676445,78.69559228281426,355.7041819549266
2019-08-17,316.814870866877,162.89476742145195,79.3086379038936,357.26957587237104
2019-08-18,319.8852336160799,163.8788338786117,79.36251649133798,361.685162680252
2019-08-19,312.3732211075241,161.3424684087337,80.02920394209175,353.30646191115005
2019-08-20,318.3253487860093,163.0451021283247,79.93621871454233,360.06886245359647
2019-08-21,310.514192218192,158.85322601179823,79.55006499763746,351.81234618604145
2019-08-22,313.7069074465756,160.37616143074754,79.80089476862724,355.31117987704357
2019-08-23,318.0983375648549,162.06405670515855,79.80291562632291,360.1390813695989
2019-08-24,320.6961466666604,162.63761797249578,80.026144517258,362.4076831932443
2019-08-25,316.86985142959816,161.8104141857117,80.08865031704218,357.8495410248275
2019-08-26,320.1918533060962,162.4877787855745,79.96203483934772,362.4274649697626
2019-08-27,325.8908699225167,166.18118517515327,80.01890910683849,369.58530226336063
2019-08-28,322.5533619473985,163.96884148430786,79.28905161887215,366.93121887914145
2019-08-29,319.55891591973176,162.66806845627437,79.04003679746226,364.00326778282084
2019-08-30,318.350957081064,160.913281484913,79.04256978813626,361.8181181018407
2019-08-31,315.4908643720326,157.77289381084196,78.45832566337522,358.78727862108605
2019-09-01,308.6489904518762,153.76320846954187,78.34515779514236,350.7572935933308
2019-09-02,315.71788931482814,158.09306532146806,78.25936870899277,359.11274274152476
2019-09-03,318.5269323441112,158.5739451534069,77.78456886132615,362.38213522475513
2019-09-04,318.05081929276685,157.9599000986365,77.8680112169758,361.4165301548766
2019-09-05,314.0658257721916,156.54004723816814,78.0028933712341,356.22604965959334
2019-09-06,317.49304470224644,156.16030453201193,77.66372130668617,360.0228805119537
2019-09-07,315.3604953404098,154.8169584594942,78.12884119060587,357.074222106802
2019-09-08,324.17950942674753,158.48104712776902,78.16362300668564,367.31525352198105
2019-09-09,333.569223471954,160.9997704481799,77.72765865467741,377.5635737600454
2019-09-10,333.8412212608052,159.41972203026685,77.56991817359219,378.9364601062638
2019-09-11,334.56214520051265,159.38007585538128,77.37488895069421,380.3494118300778
2019-09-12,331.60004436893445,160.0428722371727,78.08885676196924,377.061115751506
2019-09-13,331.7072850495008,161.04333488528383,78.49003232895228,376.65897143873156
2019-09-14,329.8892264253293,159.0815832990732,78.48410513789507,375.0239625018625
2019-09-15,325.02006068057307,156.84730103907347,78.0929821436121,369.0519075885652
2019-09-16,327.1856494840351,156.931489191853,77.93478286215127,370.5892696798379
2019-09-17,328.02340411290714,157.17265313769627,77.73213239497872,371.477101447164
2019-09-18,328.8385531386047,156.68290913690865,77.2530481160759,373.56415751891757
2019-09-19,326.6407339517934,155.77659364902348,77.52834703134039,373.16014139407037
2019-09-20,322.20765065834814,154.56981750341015,77.4005687720795,367.83519993227867
2019-09-21,319.7384586919343,152.61248750648403,77.29460502667203,364.19659308666684
2019-09-22,323.2950232967519,153.9280814102545,77.40306691021905,367.96864994158483
2019-09-23,322.1036546902654,153.74040965396296,77.12393293063306,366.47307474392574
2019-09-24,319.12923331427737,151.82601290202396,76.48557835832065,364.00382395550486
2019-09-25,316.8047373143692,152.0196578584584,76.89371639336191,360.57464005017863
2019-09-26,313.06237713857485,152.95819957221715,77.62598145735103,356.2256216842679
2019-09-27,314.1122872446397,152.75017714879564,77.6816065918675,357.0206719910585
2019-09-28,307.06023957457484,148.92501086011833,77.59225177239051,348.420217418694
2019-09-29,306.9665805964739,147.91523122792051,77.28069066340156,348.8541262974394
2019-09-30,307.96182502142216,148.24951294527054,77.51619849836143,350.23570913053874
2019-10-01,313.1218557138669,149.70530199142073,77.337676461054,355.4036772854302
2019-10-02,311.7499799529186,150.04835919191447,77.7900988478485,354.3522185670619
2019-10-03,305.58770442709687,148.74795808431102,77.4235367411048,347.9573587652029
2019-10-04,304.45958925819804,148.93397133702905,77.13857915739297,347.3920365872206
2019-10-05,299.57101424839954,146.50640644291337,76.82951223543496,340.92510327643805
2019-10-06,300.02590274592455,148.23247983831075,77.7183390608701,341.3889504516556
2019-10-07,303.93757186607655,149.88200313721816,77.86273928407077,345.63899885008465
2019-10-08,304.7434992548184,150.64267880010357,77.75717301291503,346.5469138478507
2019-10-09,304.6809318049805,151.34049868569204,77.55080547081508,346.4999735066847
2019-10-10,311.3841527779658,154.89410377305833,78.00325500175302,354.06835166984104
2019-10-11,312.6517048131045,156.27616475610787,78.5232454264311,354.3476537498802
2019-10-12,308.15846951430717,155.77191401711715,78.59655093892172,348.9051263032627
2019-10-13,303.9426246452285,153.61884014593676,78.17862732007073,345.39376733951417
2019-10-14,304.0035129723162,153.56751509941282,78.33668326159291,345.99170029783284
2019-10-15,307.38190227103956,155.82299945792948,78.25723201536773,349.6935782988819
2019-10-16,310.1851898861009,156.38839844263092,78.1963338712579,353.12410130629075
2019-10-17,313.07051030280365,155.81136628512786,78.21080196694354,356.28251811064956
2019-10-18,315.70843266031835,157.50672169329258,78.71776988159907,359.9922189517708
2019-10-19,320.6424987660478,160.70684986479412,78.92170480325326,365.6120416178683
2019-10-20,323.94175281299164,162.63953289805042,78.89805499804174,369.6249189548118
2019-10-21,323.9604280655849,161.79556709033,79.17354894219464,369.6576900236864
2019-10-22,331.5869037935454,163.09204985885327,78.8329398288216,378.4217295366472
2019-10-23,335.9874104770247,165.09856401972354,78.9435677780786,382.7522662179883
2019-10-24,331.7589621270099,163.81770076953396,78.61869851359744,377.70161383330094
2019-10-25,333.7821387286337,163.59240578225376,78.9593698545939,380.7033646067019
2019-10-26,328.02233934488936,160.5196603626823,78.2636420859237,373.81108833384656
2019-10-27,331.0040943502154,161.20712082927992,78.34113227789187,376.2989824797041
2019-10-28,334.13078186891505,161.80527100209352,78.28178660436673,379.8171105030127
2019-10-29,329.4941424437742,158.96766854991756,78.4558670812884,374.79966360231055
2019-10-30,333.54258755530526,160.73390562065154,78.51407529049007,378.370707959656
2019-10-31,332.6774578240365,160.36902640224528,79.05372373101179,377.7458292265662
2019-11-01,338.5871509035986,163.077720053773,78.89607469253924,384.55301798015233
2019-11-02,339.64196168767654,162.52662856093013,78.69773813626529,385.67396787370257
2019-11-03,345.94161811268344,162.77245662670578,78.80577222906871,392.2290419621225
2019-11-04,340.7491503656978,162.04277040733757,79.14520050725774,387.11823153727215
2019-11-05,343.9783611855842,165.1747711210162,79.49254248293121,390.64980617585286
2019-11-06,345.4636018450217,166.9171313100619,79.39628923112554,391.9658143470229
2019-11-07,344.4172983921868,164.41548457484663,79.23504323057041,389.6480814160188
2019-11-08,344.77932712330386,165.37184455290054,79.18997700067393,391.1324005165695
2019-11-09,339.260738951267,164.51673727573902,79.51776936225103,383.79421761052197
2019-11-10,349.7787895574763,168.2978917132279,79.23060404104541,394.85931202351156
2019-11-11,349.07001547625015,167.88784936146598,79.25254292522077,393.8943745246999
2019-11-12,351.71924617151615,168.4421542722152,78.67237974270745,396.8972457650677
2019-11-13,342.49454795866797,165.424639686035,78.4750778096673,386.6833299029382
2019-11-14,347.7218119174312,166.37953300866556,78.65741675094156,392.2902245743448
2019-11-15,354.749634880974,168.54320472515607,78.36814043481289,400.6931570545188
2019-11-16,353.16815424289507,167.10415559379967,78.16480207670877,398.94106963496415
2019-11-17,358.67018297028596,167.1269402896535,77.96721912106396,405.5871315358151
2019-11-18,359.6146585959418,168.7426301372028,78.07337785901153,406.5412725351687
2019-11-19,362.17817736306574,169.73081443396416,77.97069567052421,409.8071323748463
2019-11-20,359.6789361337381,168.20040665999707,77.7800956115741,407.9306462599331
2019-11-21,346.78569708235625,164.00258991011967,77.87672878404699,392.27080347863904
2019-11-22,348.1533103290898,164.93520573905383,78.08126208139706,392.14269334027784
2019-11-23,353.67219912082095,166.1685459947226,78.18014398315749,398.8085347057509
2019-11-24,350.3381714211279,165.61214578275334,78.15428871035205,393.77230128526486
2019-11-25,355.1073973069531,166.53262444735907,77.83186522833422,398.93702508228495
2019-11-26,356.35779603549975,166.89692510800944,77.9741543036444,399.48416816361373
2019-11-27,353.53784661742054,165.7567929492263,78.4933259006877,396.19827775362035
2019-11-28,358.021851833081,167.36545948814378,78.35144387030792,401.0980658322492
2019-11-29,357.50456215646386,167.76113278970325,78.79139782218459,400.7029703585567
2019-11-30,362.4492483430744,168.53143822109723,78.56860197440658,405.82274574879386
2019-12-01,363.89790440547756,168.65767438858725,78.73213811920499,406.83251381184215
2019-12-02,364.23928365677426,169.44479204653945,78.23330724229946,408.70146545592576
2019-12-03,363.24205280807405,167.02300259353382,78.08722272549701,407.6540134667466
2019-12-04,363.071421441045,167.92735497024182,78.39085673546893,407.63211538723175
2019-12-05,365.07785100459984,168.50281625022012,78.86307745994424,408.8589518978063
2019-12-06,365.81786336875433,168.8034429382366,79.09418568278551,409.11996146832143
2019-12-07,358.7951154947861,166.4808560503972,79.21561399876632,402.270121283021
2019-12-08,353.82101350940974,165.85415813546498,80.0053505591985,396.3651572484771
2019-12-09,348.8338071198116,163.65603459447172,79.99093572769766,391.17955381197424
2019-12-10,346.6669800496327,164.38021141966465,79.84517945392116,387.7213746978812
2019-12-11,351.1477906287961,163.7381020859366,79.54980720785755,394.71266568145734
2019-12-12,351.2592618237199,162.66013029185837,79.42645636513697,394.8474960813401
2019-12-13,352.05438693980875,163.5588582153871,79.20375673617333,396.86377269066526
2019-12-14,353.18642645316334,164.64352629463895,79.10045657171898,398.9933170837396
2019-12-15,352.32333994908333,164.58790763661324,78.87640926694674,397.4480985689428
2019-12-16,355.21556264738075,165.15368689479965,78.59057717927986,400.3620409129452
2019-12-17,358.17455254056824,165.55394408847957,78.48965603649984,403.73557813155935
2019-12-18,350.5974922176921,161.42314495776745,78.46956762869318,394.77327845497297
2019-12-19,354.93160810361195,163.84404222454296,78.74799401888394,400.7645436651991
2019-12-20,354.76010079670436,164.39503985899293,78.65451926643182,402.1821694120855
2019-12-21,362.85147384205374,167.22620458572126,78.73571233574893,412.2084749007179
2019-12-22,362.41422520721034,166.3951268857083,78.91698011052242,411.7579508812736
2019-12-23,363.32586235373276,165.86122982189076,78.36211650074894,413.06348043638866
2019-12-24,367.1959264781235,166.95397948424983,78.72296818388311,416.9470149424713
2019-12-25,362.9977880628754,165.41651672499913,78.71188928239732,412.73588103188763
2019-12-26,359.992029170852,165.70447700866535,79.40006259705281,409.2139895772113
2019-12-27,365.22521962718355,166.46338610535344,79.57877903706644,415.82006318319895
2019-12-28,368.94460113954545,167.70975816043335,78.74618077950629,419.78170701483873
2019-12-29,366.50931809350027,165.86857241824978,78.6963473621373,416.77162596258626
2019-12-30,363.2694100023737,163.68634666789265,78.41132742506376,413.9187129104831
2019-12-31,360.7278536044826,162.29250103095674,78.24864320323785,411.30881249444275
2020-01-01,362.74610517110915,160.01135054954628,78.22901961695241,414.5683551583832
2020-01-02,358.6173107397419,157.6803454818067,78.0298224334803,409.4228461469763
2020-01-03,359.6848248253764,156.18365775314848,77.53659855028612,411.74951115638737
2020-01-04,356.0852678185082,156.13492398162964,77.76829228724496,406.44045553986115
2020-01-05,358.79618283625996,156.90459995354087,77.62682652628243,409.7320624174865
2020-01-06,360.8779625829634,158.2348546230618,78.01020290304285,412.32880153719094
2020-01-07,355.4468476513699,155.96030175469093,78.78900871146904,406.511064744024
2020-01-08,365.0987193163581,160.44690286278666,78.95983075572374,417.7070043256972
2020-01-09,365.11366306135534,158.76655905409757,78.79823626849209,418.58155477598194
2020-01-10,362.8117847347666,158.3754708591113,79.08435368703718,415.3201117262089
2020-01-11,361.13093341809747,156.83557861369619,78.76699551337698,412.62620101957117
2020-01-12,357.6299293504051,156.98849303656075,78.66950975170454,408.7672580178714
2020-01-13,355.7652556350478,157.44957572168266,79.15472633977834,407.1520394660395
2020-01-14,357.1538789449993,157.67642475385247,78.80086703294126,410.08332906684234
2020-01-15,354.2580512369549,157.30910478877195,79.17113180557838,406.36926008068815
2020-01-16,358.5627126723398,159.45309471403206,79.71141924328428,410.9218235576235
2020-01-17,353.5291910734806,157.25304547879261,79.74150733717029,405.2297951507132
2020-01-18,352.12188712532844,154.96596977212715,79.69268105390807,404.9275608625404
2020-01-19,354.12374204522837,156.17505389176873,79.90807455556262,407.46881398760576
2020-01-20,358.00235857477213,157.81816369670486,79.84893552175846,411.4343059622079
2020-01-21,357.16009751076274,157.8101686548759,79.79834741008507,410.7103064279796
2020-01-22,359.08956165623977,159.21845114336423,80.23451949993581,412.92621965363037
2020-01-23,353.95996819925284,157.1441193715807,80.23488363809983,405.86125989352365
2020-01-24,359.6597589502639,159.17389882617994,80.33806165814927,413.2679730756748
2020-01-25,357.26862985138655,158.89418745722946,80.37656352414645,410.4280022844655
2020-01-26,354.3214651321718,159.4564676660384,80.45125982879028,407.5278700993116
2020-01-27,346.99498836229907,158.05652245999406,80.89529290786786,399.14652768346525
2020-01-28,346.2647771573655,158.1592062800983,81.58830992458674,397.0990446528619
2020-01-29,349.4733851025251,158.38824062471463,81.4815875669596,400.64868384173735
2020-01-30,347.9448520262414,157.8309224813203,81.16710551076287,399.6355052882806
2020-01-31,341.0673120986629,155.95168827574258,81.15866179415436,391.0421504227601
2020-02-01,341.999777331116,154.80501988906735,81.01328462350689,391.26301097891593
2020-02-02,343.93260455161885,154.59319900881604,80.78888073332838,393.7080471448278
2020-02-03,341.0940952583948,153.55079043119406,80.37034977437119,390.9566899837276
2020-02-04,348.03301305042805,158.45424179095693,80.65032154205807,399.36000403709784
2020-02-05,341.2067502764469,157.49584931802687,81.04852810070749,391.20743660478604
2020-02-06,346.1186799816831,158.953593522275,80.87759292202628,397.1675986412607
2020-02-07,342.1277763498132,158.51021962880282,80.70040804188551,391.99194105523287
2020-02-08,338.7753680647313,158.02840295295383,80.61891879574264,387.35820337599245
2020-02-09,336.61648091205427,157.21255006282902,80.2950867188428,384.2599220823175
2020-02-10,344.7783283932575,159.2735332598,80.09031932617184,393.3743364810527
2020-02-11,343.29737954997233,159.32269381464647,80.42625272748562,391.46941697446596
2020-02-12,338.6692188715254,158.88284022956515,80.54766932411395,387.2980808535401
2020-02-13,330.2520114471206,156.0519815532217,81.14332349931026,377.4164927969689
2020-02-14,329.5624269978818,156.05805522941208,81.02090345212586,376.48510517637993
2020-02-15,328.4571141215217,155.0554272196913,81.31364989675639,375.4813106543712
2020-02-16,329.5336864195152,156.16662599211318,81.3190681619201,376.2672042412192
2020-02-17,327.4450410207671,155.39596398340365,81.03036664948807,373.6562857385752
2020-02-18,325.68886337823085,156.71116740446115,80.46910031872277,371.66276050461016
2020-02-19,332.1704377075546,159.16741424213956,80.6700740836873,379.0863838563688
2020-02-20,329.8228454500725,156.16420983043793,80.51687151451881,375.9892781874784
2020-02-21,326.9974781162659,154.66340132996723,80.97262278114782,374.1756963259729
2020-02-22,327.9461076157908,154.55316807311598,80.59268440259152,375.61681297310986
2020-02-23,334.68404903008616,156.71086308651127,79.8745301903733,383.84198005742167
2020-02-24,338.5524194074977,156.57998976066347,79.75514917314496,388.5795488367635
2020-02-25,338.42691178837987,155.77559705127652,79.96396309164929,388.1747393358214
2020-02-26,332.91585294975874,151.9266765168411,80.13805208569103,382.2493170842613
2020-02-27,333.39678481247586,151.6728352595374,79.9478212933581,382.19516996544485
2020-02-28,331.9267798802566,149.22689953737563,79.54164429821206,380.40872959105525
2020-02-29,334.35857624504615,149.99925904923336,79.75236607037117,383.9962046958238
2020-03-01,338.49739087048647,151.80672775124245,79.78929202579428,388.1506216799439
2020-03-02,341.473486402516,154.3179739387509,80.04244172173921,392.7267919379582
2020-03-03,335.7574010796515,151.2757658955637,80.19262525698181,386.3382602627589
2020-03-04,340.88073256182196,152.9905597570896,79.9312627843896,392.1465480258172
2020-03-05,335.14724713129306,149.98855549030603,80.1166057309301,386.11155991774723
2020-03-06,336.6701905637207,148.94475660933776,79.84302310992285,387.16837586794435
2020-03-07,341.2867070396039,149.95372607710547,79.46792630513654,392.5599132063294
2020-03-08,338.97922115731717,150.49090173549902,79.42220705068954,389.0715573448569
2020-03-09,330.90833363302903,147.7257214711071,79.29782590406002,378.9947551560387
2020-03-10,335.4931776419521,149.84452375078328,79.34082855280089,385.0715970234567
2020-03-11,338.15018888329615,149.98785836760484,78.96505850585143,388.6955511295921
2020-03-12,339.81391749857875,150.67809406531222,78.74516925576411,391.0382618538694
2020-03-13,337.0746685515553,149.64446750462312,79.14700614574872,387.44253793690865
2020-03-14,331.252091573161,146.72445189268967,79.34461593636834,380.9200444300912
2020-03-15,330.9210954899444,146.14724590046987,79.43380917456943,380.0325509581154
2020-03-16,332.21099803583456,145.92127473873,79.11114176304706,381.194311049121
2020-03-17,330.9560602151118,145.44040320318683,79.17972238463312,377.526359211201
2020-03-18,328.0937016737393,144.1267333750058,79.57222572067111,373.58232249291524
2020-03-19,328.84432559860215,145.6414773169675,79.35502059128913,374.72787702510027
2020-03-20,326.0201642580672,144.2344832486055,79.09745614493976,371.14413691978115
2020-03-21,336.1685677050217,148.3443760387312,79.44738428348582,382.9206713030122
2020-03-22,330.23560856766596,146.6881206911279,79.81044247908942,375.6303303036054
2020-03-23,333.97785806812976,148.54388112292628,80.3848391960322,379.55811414979286
2020-03-24,329.99800865162763,146.86070811957444,80.77111009889873,373.9050197428883
2020-03-25,322.4553509058327,144.37356079375928,80.68903635494352,365.42734132724013
2020-03-26,326.03670081498575,145.09317635204556,80.09466875326345,370.77459950045363
2020-03-27,322.5203200422654,142.97009174520906,80.31605637975314,366.54876402413373
2020-03-28,322.4360757177865,143.33334232871533,80.67181838801191,366.2283694009937
2020-03-29,328.1053040197527,143.39816684390655,80.6526685959173,372.176576126016
2020-03-30,333.32814307485876,145.2300248697849,80.4596123592413,378.5271010001569
2020-03-31,336.8344505970169,146.9237483108553,80.22369820442789,382.26342562665434
2020-04-01,336.9716349126139,146.91233555948747,80.4325730437034,381.17941425457195
2020-04-02,338.39396535574224,147.1077667953158,80.16598603293775,382.3949704522115
2020-04-03,337.7291607020701,143.70881984566986,79.61821006445396,381.21353876209474
2020-04-04,339.91002985231427,143.70182448791428,79.473923514802,384.65018791145326
2020-04-05,343.87309492400107,145.72506650426672,79.41209896324055,389.48830143391405
2020-04-06,343.1224991967034,145.29304848734705,79.51270142817943,388.2769733578811
2020-04-07,349.05123845748506,147.037158881735,79.649451104658,395.8676161787709
2020-04-08,353.26761754319716,147.12761224211275,79.6218420952675,401.1973151081369
2020-04-09,356.9783937362856,147.3017840016687,79.31900599761968,406.1067997511733
2020-04-10,354.0755914152305,146.1097611309873,79.74016570748515,402.738392001414
2020-04-11,351.33599922489867,144.46749431494806,79.75975148277624,398.7950007514716
2020-04-12,350.5159062232974,144.47865339111013,80.16105398736883,398.25183431869766
2020-04-13,347.8540594383643,144.64191036232575,80.20760597126,394.47068708698595
2020-04-14,347.3372632015741,145.6992331875987,80.40211401829177,393.88999773005884
2020-04-15,353.9033134855302,146.52317950719268,79.8770137622873,400.40014442516093
2020-04-16,355.5499497877588,147.16493447654832,80.3211867405663,402.3646582160067
2020-04-17,354.09165051441687,146.68824611030124,80.36324610896058,399.66338971135673
2020-04-18,365.06765546542306,150.56960148662517,80.43635185866172,412.41669199799037
2020-04-19,368.1517402524648,151.38659368144152,80.23726535715487,416.3421078438457
2020-04-20,369.9188675716973,151.185060270706,80.55157998799474,418.4994988742185
2020-04-21,373.1290148463229,153.4134389866714,80.68850113276751,422.33595822640365
2020-04-22,376.7042962243389,153.84316311501354,80.62204111318971,426.48955223409183
2020-04-23,372.8162325746828,154.74410798549326,80.4742586712314,421.2744553657877
2020-04-24,378.50691293818215,157.17130551465098,80.24017605590058,428.1589351918875
2020-04-25,384.9397596986474,159.14595261947483,80.94649459495228,434.1356251954367
2020-04-26,388.1241028932098,161.22881084077352,81.30785460787693,437.5388817478062
2020-04-27,387.02959426421376,161.28853129528312,81.59148424231842,436.70789634313934
2020-04-28,391.7413905961474,161.77450432175212,81.41078357758887,441.40728470630296
2020-04-29,390.2143130610338,162.2531420499818,81.55252896539602,441.53380812704705
2020-04-30,391.2416673031232,162.61197619546655,81.58875580939119,442.2633464200509
2020-05-01,391.16395761638876,163.65833362132796,81.73891978139231,441.61818888381094
2020-05-02,387.2631936929964,161.95868568520808,81.7313590391106,438.09807195120055
2020-05-03,381.5883741034275,159.82780334856244,81.76340129584948,430.4374242378849
2020-05-04,378.1765243229404,158.0739392199258,81.48279213896056,426.80665025488776
2020-05-05,377.6636131436987,157.36575178306236,81.55387242291845,427.4168628683337
2020-05-06,384.8116548300964,157.79724609550414,81.50217329760245,435.3890840449021
2020-05-07,385.65890218149417,157.66368513433304,81.49598748621348,436.47657374081376
2020-05-08,383.31741130092615,156.07304585559464,81.2894521226089,434.0595643731132
2020-05-09,386.0786950642759,157.69774637604996,81.22886679281595,437.4114408882096
2020-05-10,390.44147427126,160.12277298436888,81.31776855462488,442.1969073982789
2020-05-11,391.4593848870775,159.3189117963285,81.14701031634783,443.92655250273225
2020-05-12,394.4688025429586,159.96830435317835,81.17476457127253,446.7648844451835
2020-05-13,397.7749553780325,160.88804993010618,81.0809772428634,450.28269540508916
2020-05-14,397.6732774648522,160.40456033846934,81.22620672464514,449.8839583628271
2020-05-15,404.99257646847735,164.02184064427158,81.09949597798737,458.2400449698481
2020-05-16,402.20643338362754,162.8238465284566,81.646556520899,454.7994529962319
2020-05-17,404.02150760514405,163.8836789236056,81.41335681976912,456.2952729558573
2020-05-18,398.7133662945138,161.3624348576655,80.53471628834873,450.90380601053084
2020-05-19,408.1242780722203,164.3694652602793,80.12323150604618,461.1511663529648
2020-05-20,406.19866505558554,162.76097698208963,80.27265428142134,459.5771751352504
2020-05-21,401.0934172660905,161.8910766639149,80.7928374204048,455.14904702578167
2020-05-22,414.22645297733186,165.01618220998694,81.4594781286661,469.64806370230406
2020-05-23,411.6484325441337,164.53628450231108,81.33869061328566,467.086250749401
2020-05-24,405.7109715663958,162.47973397053087,81.70266573822886,460.2889095753789
2020-05-25,406.5422361210727,163.16981443955504,82.08555013268811,459.97094457302137
2020-05-26,409.40451732583546,163.75692205757332,82.10007126103808,464.0019393478631
2020-05-27,404.0802607510891,161.13048068868852,81.46322808984016,457.7244555950271
2020-05-28,410.32195483065885,162.878897692105,81.05252970238816,464.519096715569
2020-05-29,403.62776049426435,159.74854453508374,81.07491859713649,456.116979494918
2020-05-30,408.8717583344973,161.23182964863886,81.07814588981157,461.8474372979718
2020-05-31,412.61820612335083,163.08222928620611,81.2428866109791,466.4809400974006
2020-06-01,411.8189647514386,163.3471731909184,81.20761722584466,465.6183017354866
2020-06-02,410.7309547888963,162.55167636231812,80.97319269622037,464.81126992006807
2020-06-03,416.98360754474317,165.54013051174755,80.71839663051944,472.89908155975587
2020-06-04,415.67746585728855,165.71683217080994,80.53056229683953,471.5960503827837
2020-06-05,417.33548777460436,164.72750075093387,80.55177888843238,474.50584484607543
2020-06-06,416.70320573291946,165.85135383363357,80.63952165900356,474.44821604746005
2020-06-07,406.4734288119895,165.13368556818307,81.33826180011633,462.5243341141364
2020-06-08,397.6238681021388,162.66853658210348,80.98968986016848,452.91020194169175
2020-06-09,399.64831928343625,162.3603380867157,81.20905912717363,455.77664773263706
2020-06-10,404.2244336169123,163.7555328695549,80.79661382388322,461.7930653504078
2020-06-11,403.1759506535442,162.0533134984362,81.04603562538101,462.12605784126185
2020-06-12,403.17124277195376,164.11574269871772,81.29203012014439,461.82703309714316
2020-06-13,400.4894018294718,164.86732110912425,81.24767760761361,459.34748373532193
2020-06-14,398.1471792464192,163.66061356909444,81.50503095012624,456.37080548305465
2020-06-15,396.51130242275616,164.2334704195175,82.0830894308363,454.89646062381155
2020-06-16,393.7651263985503,162.84798415493427,82.0669763284023,452.0191488761283
2020-06-17,389.5598253913237,162.20880261649543,82.18289560267421,445.97770083505895
2020-06-18,385.65819165034765,160.46671839546013,82.12774964554194,442.9073455041172
2020-06-19,386.86810924658477,160.02126942100708,82.10481381163159,444.0725078473409
2020-06-20,388.45932999761044,161.05182147929528,82.5085589616193,445.83273684037283
2020-06-21,395.8104065074061,164.21184003588877,82.37527741440886,455.86719973752946
2020-06-22,397.448382886233,163.8861429698399,82.76358106753757,459.21584776092806
2020-06-23,397.48057292507144,163.38095657799286,82.66557108653562,459.8217041420543
2020-06-24,403.38481294266035,165.7537421687899,82.73665518385492,467.74547017042505
2020-06-25,402.14546149207837,166.36344184668482,82.76674377614515,466.66037547081345
2020-06-26,401.8130340994075,166.18041613110907,82.65659095809147,467.3266967051224
2020-06-27,398.6762249941532,164.43997442676516,83.20731923186129,464.34565798931703
2020-06-28,388.1407274096795,160.5681310807612,82.66223683192058,451.53719574178865
2020-06-29,374.58811154985267,156.16398923489047,82.36956648628414,435.9462999882584
2020-06-30,367.89745915539675,154.10465138471204,82.28639531970846,429.2724491709559
2020-07-01,373.9157683616058,156.7159459124594,82.25389966989638,437.6655601482085
2020-07-02,367.5408877829174,153.3566104419108,82.1134898870675,431.8522817188776
2020-07-03,366.86934935108263,152.95506783566887,81.68730003620863,431.81730701038106
2020-07-04,370.97649886588044,154.95152902505146,81.57602406234601,436.1952167131186
2020-07-05,365.7383668882636,153.34859075148944,81.29911237372627,429.31176201731137
2020-07-06,364.1577672578134,152.37730217649764,81.10637216025465,427.8408058452218
2020-07-07,364.64720073454407,152.24932018546474,81.13095442887183,427.7577780374216
2020-07-08,365.24508608235595,152.55393762340728,80.72144596058908,429.23377327468256
2020-07-09,361.7824653070253,151.51824674882636,81.07481598995811,425.77767073844814
2020-07-10,362.08639859567234,151.2659262015472,81.30908425719745,426.578008783078
2020-07-11,359.72719678628334,149.78043405999696,80.65272698293138,424.0496069228802
2020-07-12,359.5549596669992,150.71991611390493,80.87141943856071,424.7413430775474
2020-07-13,356.89214249112615,150.87553653332105,80.84930378231681,422.16566188735766
2020-07-14,351.18668327373376,149.23735111722684,80.33712937011472,415.37266008044946
2020-07-15,353.0886421837995,149.36548858625588,79.98683327556833,418.25936064210396
2020-07-16,352.83695570422236,148.82771586786413,79.9544127690595,419.75334780106994
2020-07-17,357.58357856872016,151.3565265200041,80.17684792784043,425.48269161634533
2020-07-18,348.0898018254605,147.67590896965083,80.01333721614293,413.0030022708881
2020-07-19,343.70718222386125,144.50111475233345,79.82639345222934,408.41329744757405
2020-07-20,348.14998448862593,146.25431680235312,79.58521117106689,412.4807602058495
2020-07-21,341.4146385410121,142.98190967033085,79.24183973710201,404.50308784943377
2020-07-22,337.66724014375615,142.06109308334442,79.22851896412996,400.1124179609677
2020-07-23,342.1593586716723,142.47403544727806,79.21464555067195,405.43301964704455
2020-07-24,341.0284891566513,142.84920463678407,79.55237271287398,403.45474253679754
2020-07-25,340.48294256527646,142.89546878011174,79.5097130643441,403.2206021760265
2020-07-26,341.71620842388796,144.8294504718121,79.26381197739956,404.66615104021423
2020-07-27,338.3724051962124,144.2564748352833,78.89154761526639,401.031232353594
2020-07-28,336.12316097043293,142.87766525803283,78.43326245494197,398.1756496014487
2020-07-29,340.38355763869566,144.20909551118632,78.58975737693167,404.2624535020557
2020-07-30,341.549577350179,144.08279607480537,78.66257040815704,405.3026718994231
2020-07-31,339.7627649030707,142.18515400388264,78.77916460258798,402.9418246846773
2020-08-01,340.6139917227318,141.55682853321082,78.79818995071517,403.47713703553626
2020-08-02,340.2243866160015,142.15525103923906,79.10632349686051,402.9777734280997
2020-08-03,333.5991879996406,142.57383520091295,79.91057759969839,395.5184280880252
2020-08-04,330.9186646838509,141.58873061331704,79.76165441536274,393.1972057520707
2020-08-05,332.0475896932912,141.27291853874203,79.55199871507719,395.2943448444408
2020-08-06,338.18572262808976,144.52055101848654,79.89207611405182,402.38955961226657
2020-08-07,325.9848199341348,140.80356822784432,79.97182591827452,388.0228245780259
2020-08-08,326.3305523730369,139.78336016861132,79.99822299472747,388.84178486226324
2020-08-09,328.9878253537479,141.41573674926764,80.25346064700476,391.7278651203691
2020-08-10,328.8742813837537,141.4357318187743,80.29659306906058,392.23473778778515
2020-08-11,331.408945128868,143.99443632135225,81.11518597693971,395.1947946625455
2020-08-12,317.22976091128555,140.3657273440506,81.14690884975275,377.85865301274816
2020-08-13,315.9490534555557,139.54253303684254,81.28443028801856,375.39868872226674
2020-08-14,312.2548662305436,138.57157380977722,81.51494656686957,371.3974193534974
2020-08-15,309.6267914217351,136.85951613525927,81.28674815537546,368.4791590871928
2020-08-16,314.9505054410521,136.9532209646777,80.99848369405831,374.0709993275494
2020-08-17,309.2287974904467,135.83750871176258,81.27722516557185,367.5489507364959
2020-08-18,312.5786127217729,136.5454063680718,81.09511469572824,372.84855569190063
2020-08-19,311.85168221741355,136.8841142071708,81.17730948442346,370.8956256804684
2020-08-20,304.8072459684273,134.0480852662756,81.45221217614225,362.9929693632853
2020-08-21,308.0852942208893,134.33313861646187,81.8014342010568,366.294100428199
2020-08-22,308.9638392139863,134.59639914771617,81.75036724223777,368.14790625665495
2020-08-23,306.64872137965995,132.72960059907055,81.63305063698715,365.20084260244477
2020-08-24,318.459317312404,137.12203912301916,81.53645067042879,378.64119083927875
2020-08-25,311.8554263846492,134.10870855042668,81.49700510525048,371.7058299874602
2020-08-26,315.93892627194515,135.60440208780997,81.4140524625052,376.7517290185678
2020-08-27,314.2354817488643,136.42069445764471,81.54418055340196,374.6816256676284
2020-08-28,306.5309468566359,133.70677197375403,81.79909058818491,364.87122052476406
2020-08-29,304.07650027922057,133.5084308869145,81.47177216881035,362.6469858802249
2020-08-30,302.39073183377303,132.61918544077454,81.12368500921721,360.9341706815993
2020-08-31,310.9106052334286,136.05140384006657,80.92313589048977,371.7764996151291
2020-09-01,309.9419041394421,136.82613412499032,81.29646759676419,368.84386735200246
2020-09-02,306.57517815198685,136.45074845254214,81.45260484716145,364.2487513976361
2020-09-03,304.52506346195867,134.188659652081,81.24766765924997,363.1558328325215
2020-09-04,307.42550777180793,136.89163041652884,81.70915919516119,367.1575779937936
2020-09-05,314.40416890488007,139.53624958049852,81.66685560651065,376.09901399221883
2020-09-06,319.6979276300149,140.89842053260753,81.39335958142122,382.55696921281617
2020-09-07,322.8385978961532,142.59861125333836,81.05923760026789,387.5463943085096
2020-09-08,320.65216581387944,141.62102332810943,80.78958048855482,386.665617746504
2020-09-09,321.6722322057728,141.2239900673798,80.94746185132577,388.3638677767104
2020-09-10,321.13747093661726,141.73413443234884,80.804056660644,387.46237595258015
2020-09-11,314.00781932023614,138.20961378176955,81.2147493579751,379.8615538967474
2020-09-12,314.3829296183582,139.68600824075295,81.33843837971455,380.17342954301205
2020-09-13,314.72561622535915,139.67776787255713,81.26674143735943,381.31448937670444
2020-09-14,315.40074971736493,140.47879766628992,81.63178979030275,382.3347515448734
2020-09-15,312.09489737859684,138.20943039469083,81.55504849022138,378.2687926828791
2020-09-16,312.54370376285505,138.32747320367596,82.29091850587696,377.9191050884552
2020-09-17,305.676241944509,136.27797267306164,82.24987802496138,369.8634603234632
2020-09-18,307.82616275043534,138.02908942321142,81.94165242867375,372.19734092919856
2020-09-19,309.45307325378496,139.19697162743384,82.64396500274832,374.64587701062027
2020-09-20,309.3952635612783,138.41855431682737,82.3937548087131,374.2798261238098
2020-09-21,311.82012486026264,139.43371036973124,82.03194705892079,377.019789352113
2020-09-22,315.04522435605634,140.7998676866969,82.22013328829924,381.13214091600764
2020-09-23,320.9625501335275,142.9832050639879,82.11140263303551,387.749581102042
2020-09-24,322.01087272319506,141.23601322120663,81.80950828878547,388.95007554757217
2020-09-25,317.20520768256824,138.83636711194026,81.9704304906345,383.30518292603654
2020-09-26,317.71282881383706,139.23895902981428,82.02938897275034,384.6922135610557
2020-09-27,318.2987475476944,138.20323710955793,82.34934820899996,385.59865492347177
2020-09-28,316.32927302037405,136.50250363960154,82.3473347819161,383.17014741378796
2020-09-29,322.0843284462137,138.08449422333246,82.05008080610767,390.73394408560415
2020-09-30,325.58885364948395,139.3430416106012,82.24985796687638,394.9408049490536
2020-10-01,326.59451630736095,140.61786051951398,82.5474750861313,396.02946998731085
2020-10-02,331.72003009459144,140.28803125870616,82.87962362596262,401.11280491045306
2020-10-03,329.5260549727194,139.53067627206448,82.84559097157181,399.14313676112727
2020-10-04,325.7469631755814,138.51494536855085,82.72421302117618,394.81299597553
2020-10-05,325.656801142012,138.54320314720604,82.57875548195129,394.42941240042984
2020-10-06,326.85868075532005,139.69110104289507,82.50120226258926,395.37094020954555
2020-10-07,329.266534339661,140.42456201628676,82.73071905171244,397.6900507360414
2020-10-08,322.8127579017175,137.87184855461976,82.48491105291525,389.93298286286387
2020-10-09,320.6422158750543,137.75896412538717,82.49023343835265,387.4379199604146
2020-10-10,321.357138818308,138.13264870942535,82.50369436980294,388.6367155299531
2020-10-11,318.62124139679656,138.374495584978,82.5935791122664,384.53758711162834
2020-10-12,319.4409562771011,137.92255672784947,82.69850368757253,386.88638083002684
2020-10-13,316.75407122943557,137.29708073342394,82.24045659423383,384.0176263462886
2020-10-14,313.7358795274405,135.77440054202472,81.87691083876979,380.8974073780319
2020-10-15,317.4395732465716,136.98941874906274,81.6196682693491,386.4080608394206
2020-10-16,314.8988891442178,134.3727007611357,81.54609847811678,382.6750288918765
2020-10-17,318.5499655786372,135.22955058636194,81.66748955729331,387.9576023540505
2020-10-18,314.354589118173,133.40394639214554,81.60987822537619,383.849297966461
2020-10-19,312.1646183600085,132.2076783380641,81.69894650251507,380.83898460943186
2020-10-20,312.8426669137704,131.1835446385492,82.1744389359149,380.79195740558566
2020-10-21,311.85006006424305,130.82416641403353,82.7279100039991,378.72167633858965
2020-10-22,318.96298804443717,133.6587276618921,82.89846331217254,386.7344852074072
2020-10-23,321.16055729223746,133.76141728385238,83.18510058844983,388.7690251423837
2020-10-24,320.89653730916234,133.21633402325986,82.8456746245412,388.9851752706435
2020-10-25,322.97838642204835,134.81333641191085,82.44936424536537,392.2479924124734
2020-10-26,332.2442111493074,137.36342941747208,82.91360163109826,403.2496466217081
2020-10-27,327.25609921971886,135.53031030920977,83.20981949070946,396.65302205692836
2020-10-28,325.1903191845862,135.34241726565764,83.28406555400275,394.54160698104977
2020-10-29,326.209279660832,136.03204347793258,83.20703874749246,395.95660238258836
2020-10-30,322.94784385976095,136.0270920025551,83.17269827266284,392.75671299131665
2020-10-31,322.2439816457632,135.94709857836747,83.05625472617405,391.3086231686888
2020-11-01,316.05378816279216,133.09259655314614,82.88358174285825,383.9977223426858
2020-11-02,319.795797517619,133.91474982514097,82.56990830334352,387.7143447014507
2020-11-03,321.67086232268286,135.5958509181402,83.0720851002966,390.36881183444655
2020-11-04,324.1314283732179,137.73591336283644,83.33614300229762,393.7341060527451
2020-11-05,323.1065428626864,136.2676233081584,83.00445630896935,392.56017351286005
2020-11-06,323.4743039935381,137.93146101500307,83.22798475770638,393.73748019137673
2020-11-07,322.0348467088829,137.19039307160128,82.81918935876942,391.6110153333655
2020-11-08,324.09331455563034,137.84213844761163,83.08755300438328,394.2016962095281
2020-11-09,322.95287804477846,139.22103377219705,83.28967644446867,393.5480306892652
2020-11-10,321.63900594395443,139.36124238557917,83.64196393909728,392.05434126565865
2020-11-11,313.25033839363806,136.60131637824836,84.04280928668274,382.1562351215365
2020-11-12,314.96620425447304,135.74639638961187,83.64812864464838,384.5723512593649
2020-11-13,316.56561734334275,137.23324783512848,83.72819266412084,386.78156496533313
2020-11-14,316.7674932719421,136.47261313514784,82.96889424691604,387.4298481123799
2020-11-15,317.5320107120677,136.20005010439658,82.43642421501231,388.8550224353747
2020-11-16,316.72432070233197,136.3705977680657,83.03695639592338,386.47180506209105
2020-11-17,314.37071847436744,135.41291123751063,83.4510782139937,382.5599127016726
2020-11-18,321.371638942459,137.789800008866,83.41011098210161,390.9596134837974
2020-11-19,319.9372438666839,138.16546703257958,83.21675959776444,389.4914477100241
2020-11-20,318.6970344205277,137.11206216630262,83.89872871698908,388.16551842483375
2020-11-21,321.04406500977467,138.788667600369,83.59383108072572,392.1725294963187
2020-11-22,312.1120183388979,135.20551101058746,83.42209912742734,381.7111298380841
2020-11-23,313.02277708801313,135.35113246018105,83.40093448686925,382.2512560269616
2020-11-24,307.882912871391,134.23364515075792,83.7041431124333,376.94210178593653
2020-11-25,305.28129171953424,133.90948668192019,83.70822622872072,374.50777819098346
2020-11-26,308.9356088858233,135.2745793754725,83.61793391268418,379.5868461128319
2020-11-27,311.327869119898,135.49757354842106,83.15219875009909,382.4323941539867
2020-11-28,316.7858650339869,138.20585540576062,82.92674332046236,388.46061148517424
2020-11-29,321.48012583673784,138.80308589518614,82.94097196167537,393.8350190822796
2020-11-30,327.4843104573045,140.11121177683341,83.17112373919439,401.2691617280993
2020-12-01,328.5634760544813,138.79525515238626,82.32733321553694,402.5993083956395
2020-12-02,329.6266145535913,138.18489908745343,81.89872165504049,404.34943991193126
2020-12-03,331.8668698791467,138.763982064641,82.10227245979269,406.32178783671833
2020-12-04,330.6860596705893,139.73385969048365,82.29770180206656,404.9592268598142
2020-12-05,339.4295194939273,141.3491187543572,82.3517419322483,416.720109784042
2020-12-06,338.3406779613252,141.71014485239385,82.1648036858907,414.9887837604175
2020-12-07,339.9618737911994,142.8798987978253,82.56476509352234,417.97172743218243
2020-12-08,339.8575313743758,143.84364210137502,82.59202207219002,418.4693082721313
2020-12-09,340.8062432670715,144.51017699483435,82.75950620769554,418.55994412827835
2020-12-10,336.6432013338768,143.23999907971609,82.30247450681021,414.12093551444747
2020-12-11,340.10231027669107,144.61519600055217,82.003130946621,419.3496516398988
2020-12-12,348.0647197721878,147.28851201490693,82.13619351913425,429.273324512305
2020-12-13,350.30286112775985,147.88083626103597,82.10893809394982,432.67588568365454
2020-12-14,359.7216349578851,149.6397586277992,81.90399925722315,443.5137423997568
2020-12-15,366.3386148624352,151.18105281930715,81.41024318616662,452.20983438737045
2020-12-16,373.7060266194414,154.06310369309904,81.51189715540576,461.57981373532493
2020-12-17,379.8340283440354,155.15354325378775,81.3733097110174,468.8416544395932
2020-12-18,375.0070033889087,153.33311430333384,81.67556118393806,463.29867661766065
2020-12-19,377.8999283306555,154.34228060655624,81.83278516789252,466.2679452320111
2020-12-20,376.7530433883742,154.1422266351969,81.93914817028582,465.1050956477432
2020-12-21,376.33642447722286,153.64442056811959,82.80958393332853,465.13231548659394
2020-12-22,378.25920186530453,154.00429419781494,82.65174314070576,467.460461763448
2020-12-23,379.67890338796144,152.69385672465253,82.00468249278507,468.8774674614226
2020-12-24,380.7372817312243,152.777227485084,82.40349819294133,469.0238695683116
2020-12-25,377.6859698183208,153.2124974442735,82.61072541343295,465.933774239007
2020-12-26,386.5880245948549,155.29480523008337,82.48258423790504,476.72690307854475
2020-12-27,378.24762522139423,152.4455372908609,82.73753227292711,466.868039345349
2020-12-28,381.05801244800233,152.94145705543434,82.50288432615618,471.3424041909903
2020-12-29,379.09502602933213,152.590914945009,82.59051764297475,470.0357067951693
2020-12-30,383.41695302697747,152.70967779645227,82.10352674539301,475.9272645513777
2020-12-31,383.31270672466377,152.2422388106082,82.35238294909516,475.9217128752879
2021-01-01,383.7130195437599,153.0494164843524,82.32611075946069,477.6448623240212
2021-01-02,380.4791480051375,152.64964135982493,82.82030666568977,472.5193493180907
2021-01-03,379.1793971942441,153.27267295994304,83.28039037120082,470.72688840376964
2021-01-04,376.21182371182044,153.21552093718674,83.73752017927981,466.1262099854669
2021-01-05,371.27799387812036,151.87650321729288,83.96660618529982,459.7983441840013
2021-01-06,374.28852818136534,152.14561939712243,83.26497734269121,463.35481731235984
2021-01-07,374.7248655787813,152.00844806803227,82.90155485315466,462.6433998164199
2021-01-08,372.72367684564796,152.18541119517326,83.36826615597091,461.00360211450004
2021-01-09,369.4653888176359,150.10838722243363,83.40935237087974,457.47280496711323
2021-01-10,371.29902421467824,148.8491425125534,82.94555828947068,459.8205113115929
2021-01-11,373.50600653017307,150.1801144228216,83.06158410758012,462.7961304917161
2021-01-12,374.0324923152469,150.9335668582253,83.22448768446833,463.49498568832155
2021-01-13,373.070763012691,150.6913311327808,83.3808090145546,462.50522525824937
2021-01-14,374.84096569236885,152.4189011790505,83.59370690927504,464.205728578329
2021-01-15,378.7434745711055,152.35870549515786,83.12580980163436,469.3815358116888
2021-01-16,381.11924887780657,151.93060487291856,82.88149160598577,471.9326331181948
2021-01-17,379.201650161295,152.1846861699598,83.19325617379984,469.5245944827377
2021-01-18,377.0403447938965,150.28083447078268,83.4782648387777,467.2745583924276
2021-01-19,374.20849569934467,150.04894411000456,83.5460594241542,463.5801852555173
2021-01-20,376.213449495212,149.97384947165733,83.36525173348375,466.204988482776
2021-01-21,374.266371501206,149.96277051449732,83.98920536017582,463.154731049646
2021-01-22,367.41273489037076,146.0696171585426,83.76581155934956,454.27532279611444
2021-01-23,368.43990617861965,146.47420693291554,83.31023517152441,454.3331447113897
2021-01-24,369.8356434560298,146.99260821077493,83.19866830189578,454.8940907531727
2021-01-25,371.96796220761695,148.7294296310406,83.4061326018886,456.88589889629645
2021-01-26,372.3232888817897,147.6045717871338,83.57551129738447,457.37526131375796
2021-01-27,365.0729188925024,145.14007264814046,83.71000534839206,448.25841397317106
2021-01-28,364.10325928181965,143.76765203875027,83.75598542648933,446.6243375318358
2021-01-29,355.4196914743111,140.8297596601033,84.04097385998126,435.709240590178
2021-01-30,362.54217447222135,143.3098123234197,84.16091851491306,444.3293379759848
2021-01-31,362.42747105033106,143.03018695866828,84.04865426006002,444.61179108090016
2021-02-01,358.76937927784115,140.9979390350696,83.62452554950156,441.6896588888129
2021-02-02,361.07624792959376,141.92149833765586,83.3419007990071,445.0361448010618
2021-02-03,360.76552644084904,141.99024949540313,83.08446060229493,444.84079967582477
2021-02-04,359.2058371053342,140.85663589339305,83.22820022373989,441.83216726351884
2021-02-05,361.654902567337,142.13990704008754,83.03724770165343,444.31717495418764
2021-02-06,360.90980497385516,142.13701342932362,83.02828093899149,443.74171142907954
2021-02-07,368.243969281338,143.87646356858403,82.45446728325476,453.44030267227356
2021-02-08,375.3965652486874,146.31190624392667,82.15846535106685,462.21016791486244
2021-02-09,370.83467742174804,145.50433748661666,81.8560458619561,456.4756653187415
2021-02-10,366.8054281755487,144.39540261855817,81.78230434306505,451.7028605577643
2021-02-11,367.06404703032985,143.60268782416975,81.86400899585081,451.9958322760969
2021-02-12,363.14116303184016,144.33813002577548,82.24528067117407,447.03444148061
2021-02-13,369.09741206511154,147.6980563708566,82.37239607712421,454.59878459883436
2021-02-14,365.15498584064136,146.35165842409458,82.31811983528982,449.9306915239795
2021-02-15,366.6898292450813,147.28608205335482,82.44133078827683,450.9523078396896
2021-02-16,362.97782352344416,145.65512280236717,82.32155064647387,447.2069777326765
2021-02-17,358.3851631486221,143.92704538008508,82.57980515288271,441.3341062150325
2021-02-18,360.40713408943554,144.4026789931477,82.63546434425723,443.6716516509113
2021-02-19,363.2798538690591,143.92446818427769,82.36521200913121,447.4775338799135
2021-02-20,365.6294492583505,145.89138088596692,82.39972895500442,451.44352366653004
2021-02-21,363.0796273077055,146.25554388596808,82.78353502025553,447.6090161628208
2021-02-22,364.5005018464016,146.62423880555917,82.95737416949818,449.19177081103084
2021-02-23,363.4035813379803,147.46627891447503,83.07705405453272,448.4464425829766
2021-02-24,362.64535587691216,148.67802526743318,83.058068457134,447.1083241179776
2021-02-25,369.0402206848402,150.25026724293264,83.45622549469577,455.5594030293747
2021-02-26,368.5642798362424,148.45750517207722,83.26856482978746,455.1051083075624
2021-02-27,373.57944422230315,151.37446333955836,83.21802450613244,461.8995829201909
2021-02-28,376.9711652328066,153.36412506254874,83.46469714043681,464.63219948918226
2021-03-01,376.4817132723075,152.13462416917585,83.29155391559208,464.8153368655852
2021-03-02,377.9470233520418,153.6037949587249,83.50760256660482,465.6462436378871
2021-03-03,367.3811872277165,150.4630725523091,83.50259525559022,451.9754264150442
2021-03-04,360.50664631037057,147.64816736641467,83.3992003369991,444.07107420699606
2021-03-05,361.4363854230942,149.33204068350705,83.26361555591136,445.8912764317857
2021-03-06,361.792839206973,150.04136786313146,83.21049499143336,447.1305576830063
2021-03-07,363.16050715052313,149.84234978261688,83.13538006792204,448.68314467950654
2021-03-08,365.32713684671995,149.44480339179515,83.0008085831929,451.6828694621894
2021-03-09,365.6286542690239,150.7177610981244,83.36604376335896,452.0145786118106
2021-03-10,366.6872160879671,151.29316234623212,83.51358670230158,452.0031909529236
2021-03-11,365.6073521535636,149.59481069391086,83.74057585010559,450.6169417648538
2021-03-12,364.9764204627856,150.17814668379137,83.96304401304795,449.0200954561293
2021-03-13,364.85017389391714,149.81750594978297,83.42066601313773,448.4916730318823
2021-03-14,364.2608464104588,149.51030975141296,82.98270642076871,448.698410716632
2021-03-15,364.0067780452107,149.44374496914392,83.1071882988703,447.8273152202383
2021-03-16,366.04381182911953,149.72964449033927,82.8050617555058,450.8147923856105
2021-03-17,372.36312010009493,152.31551418521886,83.12632577013576,458.1687199457123
2021-03-18,365.82761645475375,151.62096314921814,83.9037749723111,451.174206507087
2021-03-19,364.60904017108936,150.17276211211953,83.4797114648139,448.5627658039097
2021-03-20,364.33305160209954,151.50349540083198,83.60898244342535,448.4490009255036
2021-03-21,370.146225223946,152.94976151585112,84.14319145674948,456.9399622304223
2021-03-22,369.7670462922875,152.2827197445059,84.29295243160657,456.21995390808837
2021-03-23,365.1150857889092,151.9724611943453,84.80587452314148,450.5528281528498
2021-03-24,360.0842170768184,149.24929396884286,84.7313959926415,444.0436258461344
2021-03-25,358.8632362439637,149.7542817936531,85.06394603605956,443.4925582662943
2021-03-26,355.0195263345886,148.2107457848326,85.27193567784008,439.0665675853345
2021-03-27,361.31137797337,150.5529752291294,85.84553397609922,447.131841915419
2021-03-28,365.80010101047424,151.6593546404862,85.80154718229161,453.3526739152359
2021-03-29,372.615271132306,154.4397162885262,85.8314486292103,462.79195606007295
2021-03-30,363.57948596125266,150.26888969827544,85.9225834668176,451.6264680065527
2021-03-31,366.2252887451181,151.1345343750761,86.094162034795,454.3129314794225
2021-04-01,368.7457785626218,152.79815437054748,86.56111910982631,458.8394475735869
2021-04-02,369.9272681937323,153.3974569265191,86.1291037202389,460.018619194022
2021-04-03,369.2899608264776,154.1364022510344,86.06343290858882,459.8555133716955
2021-04-04,369.4505644527513,154.0027293817482,86.12243615693504,459.7849792860577
2021-04-05,367.83166125436,151.90381890034237,85.87596020493874,457.4918700622658
2021-04-06,365.85944140546565,151.64266782989938,86.12909059985967,455.201550619077
2021-04-07,370.12944041661416,153.4836363005177,86.08884525989063,460.19600277069196
2021-04-08,371.60202586599877,154.45020872532427,86.56836089579164,462.8418426519755
2021-04-09,369.50283426779873,153.67311348867477,86.77207033904214,461.0178065154221
2021-04-10,373.58030659685875,154.8786121511877,86.37309693499748,465.4498849577293
2021-04-11,374.8974223782808,155.5869309618798,86.07692915512611,467.1997581029435
2021-04-12,377.7342135552754,155.38945539964922,86.27940649120235,470.4316215699155
2021-04-13,383.25896267157475,156.59630828272637,85.89596100557098,477.0407344179822
2021-04-14,383.0216830015188,156.13803233127112,85.79439176266358,477.0474203047933
2021-04-15,382.4563600838938,155.87984128226054,85.28094051324884,476.7661672287049
2021-04-16,382.24520037752075,157.28964302134153,85.1755337577643,475.17901906401966
2021-04-17,385.0809186809341,158.47723429131793,84.90531551692824,477.6105635582675
2021-04-18,391.92730444098174,161.92751945127807,84.29509681162014,485.8684834319889
2021-04-19,399.4554523830925,163.803060432301,84.07791530994398,495.01986656525816
2021-04-20,394.59051176848885,160.60233703761523,84.22999182192254,487.55141412157303
2021-04-21,395.8689199289257,161.8233953388257,83.89462258112572,488.50123532426284
2021-04-22,401.4606745812621,164.04785709880775,83.7531792657324,496.37411551081686
2021-04-23,407.1013571225085,166.03546833672985,83.50196879452562,503.0768202031478
2021-04-24,408.59975485872707,166.28872120432513,83.75483055336092,503.6738726895297
2021-04-25,401.90417839045705,164.37892582567702,83.65596958632497,494.9941577495431
2021-04-26,394.07822412207923,161.94839995036816,83.67297382316137,485.93125602872334
2021-04-27,394.5628307704939,161.94857758539723,84.00509776325323,485.47478928936914
2021-04-28,397.1267349150603,161.10967310589243,83.5799042356043,487.7847761063047
2021-04-29,400.8062674163049,162.15589119382784,83.56002072297379,491.460505382066
2021-04-30,399.63420431112195,161.03534164634473,83.60054182507551,489.27078223596266
2021-05-01,405.8043483396132,161.28851475133598,83.17392958445619,498.21747190445143
2021-05-02,403.9982419296049,159.4569331336393,83.11181321398811,495.66871317982617
2021-05-03,400.37567742145654,157.30847160700498,83.81849138863444,490.93008024433766
2021-05-04,391.86878421964735,156.1537405566308,84.1853069037432,479.8964447744033
2021-05-05,387.925509644325,155.56771716626722,84.20044945826736,473.63555120284803
2021-05-06,395.9147295556567,157.57217421365561,84.57009373575917,484.2843434686101
2021-05-07,391.6278269022907,157.2274536710628,84.50454806480812,477.6586653175138
2021-05-08,389.9313366016197,157.06187007447602,84.41921590463998,475.40798003453955
2021-05-09,395.133314269799,158.72807899403824,84.16676854028637,482.33765882033725
2021-05-10,396.1926300243426,156.6414826611062,84.02979754624799,483.97755484676674
2021-05-11,396.4620142713813,157.53321350047898,83.92788234318697,484.61629440054503
2021-05-12,389.6405306778129,155.83865474155476,84.57006439253635,475.445525088237
2021-05-13,386.48073205459525,154.19882249638994,84.54902440851231,470.8269701206829
2021-05-14,388.49061783902977,155.56385381663503,84.7918516226251,471.9242016336751
2021-05-15,393.023664915117,157.7877505644582,85.12345953359713,477.66399439566516
2021-05-16,394.1770435838492,159.0881043626171,85.80368692993578,478.24103810190684
2021-05-17,399.1449595264294,160.50402945882914,85.74153427207143,483.11513388698177
2021-05-18,398.04479638694875,159.19154480415625,85.50430923015007,481.01157331728234
2021-05-19,396.2114571319875,158.22778905574924,85.50035112133418,477.5923462460181
2021-05-20,389.9365391841457,156.64730206623113,85.32647313784713,470.9349922041554
2021-05-21,391.10318385513534,157.5474446105546,85.81044313248375,472.04927084830376
2021-05-22,388.7483186715274,157.62517335545115,86.06794320377868,469.05982517672874
2021-05-23,395.0205418553603,159.33157974177684,86.03599953730965,476.65224747471296
2021-05-24,391.03898650209976,158.16541830613374,86.48194890409067,472.15128472897527
2021-05-25,391.3530878867051,158.08694622248842,86.56712449349952,473.10783909472667
2021-05-26,394.21743140026575,158.629067822048,86.6230269467679,476.93971985044027
2021-05-27,389.92142682676325,157.45540276110356,86.00640851604204,472.26736940143405
2021-05-28,392.99985788326273,159.07767211599446,85.95984432225505,476.2553351761582
2021-05-29,399.4846003068515,162.38652377229946,86.08188392023038,484.20368262355396
2021-05-30,404.667011781709,162.50740076605442,85.81008655680363,491.5728156388304
2021-05-31,409.29775168656226,164.25227354465676,85.38550878286573,497.2502624007085
2021-06-01,406.7621685039403,163.78206134577806,85.19149550612785,493.43361645204277
2021-06-02,397.48102925530634,162.11931171439343,85.2370626692576,482.3606693491447
2021-06-03,397.65113199101785,161.11714250777834,84.75261695921587,481.9084989855622
2021-06-04,394.5905409138137,160.50665075575324,84.56990368114722,479.6199364638052
2021-06-05,399.3369907150503,162.72158247345806,84.60607447050035,486.55406096224584
2021-06-06,398.53685095485105,162.42122391603093,84.65943823462457,486.1473131368952
2021-06-07,401.57804573696626,162.87784138164844,84.44501866951519,490.4101626760304
2021-06-08,404.9969342093502,163.52417378029523,83.92753602113157,494.5360880567702
2021-06-09,408.0263462387347,166.189156841949,83.75723670883164,497.9531309754182
2021-06-10,406.4206550007875,167.01373088902756,83.89662714994509,495.2851384991578
2021-06-11,409.1637788989889,167.44186033558265,83.49008029401834,498.01835463876137
2021-06-12,417.3450922888649,170.34022495802395,83.53731167669861,507.76639533373293
2021-06-13,418.90829467687,171.08468574616873,83.64996725043858,509.7643415364044
2021-06-14,423.1996832899559,172.41294696519054,83.35610978563103,514.5600726443978
2021-06-15,413.95291620630957,171.61674427025832,83.85002491160554,502.6094502368342
2021-06-16,412.8256745692787,170.58654519546667,84.24301075843319,500.0580605366791
2021-06-17,413.5453447560827,170.67764114229072,84.47616508586745,500.8289243868167
2021-06-18,405.5386074352253,167.8928470937417,84.19359736130923,491.31295344847723
2021-06-19,412.27696982380627,168.2426074465208,83.75752463482354,499.1245964160343
2021-06-20,410.6906637970676,168.47081335289806,83.79239825597821,497.5673627328073
2021-06-21,407.98049033104513,167.83532324479884,84.0565738409387,493.69271797029575
2021-06-22,411.7579000435991,169.04226748005826,84.35974331398222,498.06178508714487
2021-06-23,413.7136120833825,169.58629269441082,84.32416613007581,500.6625814827772
2021-06-24,416.40390974953857,169.13479406907896,84.61052117096578,502.39274382585097
2021-06-25,413.3789802643987,168.08448769052615,84.73624354974424,500.02591871496287
2021-06-26,404.9092158458733,164.94108941742638,84.08572128108729,489.9948956947114
2021-06-27,406.3324518931669,166.92223226302423,84.28550220706276,492.52392073554364
2021-06-28,409.1901103128101,167.35551243755253,83.81914728140262,496.31040945320103
2021-06-29,402.4948275543753,166.54870574273278,83.93228299296123,489.1754585768761
2021-06-30,400.4989887169343,166.16625177966768,84.03203545452745,486.7342110732408
2021-07-01,398.7276847543367,165.9746751739591,83.81075023057426,483.72108149372133
2021-07-02,404.4930427147007,168.4905385933145,83.88913367532133,491.994631720854
2021-07-03,403.45574191238927,169.468373246964,84.08509405824506,489.92763002477074
2021-07-04,412.04124926423003,173.17982778805637,84.12683691337077,500.9115330422254
2021-07-05,410.3533560539044,173.4740130515335,83.51989608307143,498.2011419460362
2021-07-06,415.06793862136976,174.70236423898936,83.5423985270017,502.8598522741965
2021-07-07,423.89974247820453,178.73636925040896,83.58129828442385,513.2247957701624
2021-07-08,429.0104667578578,182.45810601730093,84.05187442822482,521.1134946819325
2021-07-09,424.74550490172203,180.16576531443718,83.63491267664132,516.4319609689717
2021-07-10,425.7785554222183,180.30941443280645,83.85580355721764,518.6867100995381
2021-07-11,418.65081267257034,177.35381644578607,84.06072692035819,509.6340783702221
2021-07-12,415.0745630083176,177.25762399125574,83.80355305286864,505.134143515207
2021-07-13,416.7999759551468,177.18477263012494,83.97109555498596,506.76452794519713
2021-07-14,423.60540684654563,179.22030398089322,84.13592021569947,515.6130890494641
2021-07-15,420.8015729290003,176.10106201762133,84.04078109921679,512.3166881047285
2021-07-16,423.6281535775633,176.73522028895707,83.88516713100569,517.4512812510587
2021-07-17,416.7909109739862,175.3214635186996,83.81892100013026,508.8969076856456
2021-07-18,415.4903314470409,174.04206877703373,83.91066125904717,508.4552684765749
2021-07-19,417.87942565397304,174.88362935076495,83.62794460568239,511.87593149400436
2021-07-20,428.2238052580431,177.74406215699778,83.44820325849771,524.1123533793959
2021-07-21,426.05598734474046,174.1269559011843,83.29312972953376,520.8172954641221
2021-07-22,418.51739011928026,172.54887488204957,83.08384814320273,511.42745566086603
2021-07-23,425.62358666882636,173.2956895519818,82.4744665011234,520.4523225362352
2021-07-24,431.3301281774912,173.4058023603928,82.41646528028204,527.9296558598164
2021-07-25,421.51614959933505,171.21605604591218,82.78468213318475,515.6523028300796
2021-07-26,427.65623546732957,174.24320185534597,82.91467580541303,522.7745834285887
2021-07-27,423.16146313819917,172.79132954236383,83.09371394882855,517.0228042828036
2021-07-28,412.8736157383358,170.88964527467368,83.31626075882835,504.1710502088357
2021-07-29,417.04902381739777,173.72963259653162,82.64787175461694,509.76866765188163
2021-07-30,410.5327790323533,172.1644521568584,82.76066799569244,502.35743457352663
2021-07-31,408.4090245575813,169.54178526537808,82.44911936705172,500.181641791497
2021-08-01,413.2675732075468,169.86224163196783,82.61263976705715,505.58996751037915
2021-08-02,415.1429213416021,169.9062470677216,82.61041103914131,508.62673410010234
2021-08-03,409.5904540202781,167.4706724891133,82.61595793125322,503.8255600434135
2021-08-04,405.7916404634498,168.30715389907266,83.41918327871431,498.96581722378414
2021-08-05,404.61204586297754,167.21797826607258,83.33539115269787,496.444539405059
2021-08-06,404.4477686264113,168.63574837568422,83.31609685380187,496.0903412148588
2021-08-07,396.877288062563,166.59521989366826,83.46088554500135,486.88900204205476
2021-08-08,396.0873481329598,166.02959085939892,83.58324506201667,485.90647897528686
2021-08-09,397.6728043628026,166.7229780134389,83.93152892573045,488.3343288274999
2021-08-10,398.71735492747223,168.5412878354186,84.21248770967803,490.6102841145353
2021-08-11,401.62528023172797,167.59818337863746,84.39772000212743,494.2728133945964
2021-08-12,401.57213034793654,167.83904364680674,84.32922049720062,494.4307070412311
2021-08-13,399.07553392329635,168.2998547806583,84.44105272905391,491.0767420723466
2021-08-14,395.096588419384,167.2738476973851,84.54180877155358,486.5129308593838
2021-08-15,390.7016979028642,164.24247841038502,84.5780267495937,482.2918873315691
2021-08-16,386.35964944709366,164.39243470944277,84.84743597276993,476.92733191945445
2021-08-17,384.8037573600383,162.5101293491959,85.00395384749376,474.4197277826938
2021-08-18,381.59643095236817,162.42174439582303,84.56459995808441,469.43557596053756
2021-08-19,381.6913752713458,162.71365941750696,84.74175162145352,469.32294443201556
2021-08-20,392.748795634804,166.0432677583866,84.61274463930387,482.32769459027196
2021-08-21,393.4752080603748,166.861724321421,85.03390786587102,482.0222189784973
2021-08-22,392.5626979446217,166.98944074767454,85.26218011380412,480.90133234946893
2021-08-23,395.14030303111474,166.99164383300925,85.63515313929409,484.7695654915801
2021-08-24,389.3302871204102,164.03605340994824,85.23241514777604,478.2918350366371
2021-08-25,383.8698341748807,161.94503285614013,85.35616935095703,471.5613383004297
2021-08-26,385.1637610721724,161.30681492815353,85.41978780157197,472.6987098463296
2021-08-27,383.9292447800389,161.12089822962866,85.48384542571503,471.2245920852835
2021-08-28,380.8554611813637,159.8325128631479,85.4677153778425,466.4607757137113
2021-08-29,379.0428155130294,159.6028917522025,85.1377567855036,465.1976960277606
2021-08-30,384.6379650279961,160.1814345923024,85.39316184038692,471.91510255487674
2021-08-31,386.62642149776406,160.3123098338585,85.61234053295013,474.6407897081689
2021-09-01,383.25425035489934,158.11578532962503,85.06811924143612,470.78204245169456
2021-09-02,385.9005143042865,159.53508330465982,85.09559925649111,473.17718550439434
2021-09-03,383.1090785052111,159.73415373067127,85.08674611025889,469.90727112132794
2021-09-04,378.63857105601556,158.61925958373735,85.00617223314082,465.27160650810754
2021-09-05,382.1110245041092,159.23090873149712,84.90719455228741,469.15980332172484
2021-09-06,376.17174769948474,156.5180039472154,84.90119324801715,462.1633689576564
2021-09-07,376.9719613459047,156.46681044939348,85.14682320700514,463.17402669469595
2021-09-08,380.130455820041,155.78360658121207,83.78521488415063,467.51775899314293
2021-09-09,374.19911975038207,153.72155262887955,83.69987463808556,461.4759582570146
2021-09-10,376.05551860390733,154.43017261555084,83.95849600930799,464.01122105938543
2021-09-11,374.286297476155,154.8444664797788,83.75454491654813,462.14242923523005
2021-09-12,367.9281535601477,153.01689053123874,83.85915408682344,455.5650796827599
2021-09-13,361.6058531846221,150.45370030940902,84.06503432667357,447.99698599415126
2021-09-14,362.5044971566113,149.85815406673993,83.79219647671914,450.0700533503661
2021-09-15,362.4583447140848,150.15810724401842,83.8011878099309,449.1893285151687
2021-09-16,366.43700740787733,151.83724954648034,84.51669552855745,453.278394765738
2021-09-17,369.9999755226591,151.7475959133439,84.41598431448027,458.4203131093283
2021-09-18,361.5273299347169,148.90645845147483,84.26393839814847,447.4986241033793
2021-09-19,363.26063034296527,150.4219748242657,84.33859057354748,449.8004905216926
2021-09-20,363.8932099269978,150.60106070196937,84.01907809427419,451.4603598423507
2021-09-21,365.26869727267206,151.36613838611078,83.82184742559099,452.89303197479177
2021-09-22,364.70918068363017,149.78427868765647,83.17412528482578,451.90569337312826
2021-09-23,367.0220918707935,149.89997638606522,82.80576939630595,454.26558043032827
2021-09-24,365.30502639551474,149.03094190497117,83.40571931065969,452.8320548157116
2021-09-25,369.68942121314024,151.40463584218264,83.22251597344386,457.42743475223364
2021-09-26,365.2454379574717,151.20853291804016,83.22100066473178,451.06413593553754
2021-09-27,363.636897882233,150.46729394694128,83.28402740111189,449.2809127834611
2021-09-28,360.40775757830033,150.048448049564,83.18453402202253,445.2388283170361
2021-09-29,363.3605320678087,150.38504477396467,82.94534802245278,449.3626756119716
2021-09-30,360.0128296721785,148.96844302110458,83.0829603880392,446.71269951081933
2021-10-01,362.63223472593216,150.18912498116273,83.27921570601717,449.1803152591713
2021-10-02,363.26898368202956,150.34131021178533,83.37084188499094,450.0611797483929
2021-10-03,364.98806461709273,150.5803194850087,83.35282848386137,451.3314031885312
2021-10-04,363.8375983385955,151.4483115706483,83.59707348998417,449.8857854532461
2021-10-05,371.77719060845163,152.70347698711032,83.1058220007463,461.0115378352112
2021-10-06,372.1382375058711,152.57355535255797,82.73499736888044,461.8820450886801
2021-10-07,374.59027187477824,152.31842229579783,82.57690782714644,464.72236113123745
2021-10-08,375.8406336266656,151.6658051443434,82.82255346006511,466.92882485372564
2021-10-09,374.4726926903401,151.03027366693397,82.76940164253371,464.6924919877722
2021-10-10,372.77104547907544,150.24534520286855,83.21770372776372,463.2360113122143
2021-10-11,376.8664563003435,151.8071038920964,82.91956911241398,468.3608121302097
2021-10-12,381.15905223721353,151.95754957871418,82.96274198335347,475.4326663496728
2021-10-13,385.892844392557,154.64837748846801,83.15784761336873,482.04808534676096
2021-10-14,382.945868260239,154.46530587049102,83.44386963144463,478.57937572003726
2021-10-15,388.79885326809887,155.73713302468158,83.31626141302198,485.9943958750775
2021-10-16,384.4636795285588,154.6095575328133,82.85831562691602,481.5234248147394
2021-10-17,384.8399775715925,154.22229857362422,82.56561570836061,481.8964653979533
2021-10-18,387.99936533709445,155.66427509676362,82.41052104228494,485.24854536218635
2021-10-19,391.04756090785145,155.89898292911616,82.3469264622813,489.1840697680956
2021-10-20,392.6000207824086,157.14426109750534,82.06932634127618,489.71233097941223
2021-10-21,390.2672886767038,158.1026215184516,82.8435766963807,488.12758090141244
2021-10-22,389.5953826286819,156.19378514577602,81.98870920358485,487.00141045941336
2021-10-23,388.90227528463663,157.1726932767606,82.37516019183502,486.2725455999617
2021-10-24,385.1785141240941,155.10915194507672,82.36679120441487,482.2023740800308
2021-10-25,387.0541546214299,154.70298387149933,82.44538842778448,484.88264014903245
2021-10-26,382.55935235309437,152.59566538951768,82.58287188876943,479.09042539694263
2021-10-27,389.58401954543467,155.15454128707387,82.47231844173679,487.90168596952
2021-10-28,390.03885213472705,154.59612332606457,82.13700742690474,489.10867875359287
2021-10-29,393.9310892173909,156.3006519103833,82.62315158186547,493.48684653910783
2021-10-30,401.5424699539417,157.72846257888446,82.21599931883672,501.710377380992
2021-10-31,399.7071083011831,156.6859431596992,82.32545311228513,499.62785802774096
2021-11-01,394.514430654921,154.75379243162277,82.1997385351572,491.7962858533482
2021-11-02,390.3318902250713,152.77687310926981,82.55074734581443,486.70986896249406
2021-11-03,393.4215929608778,152.30683225541975,82.73467109812738,491.5516925669099
2021-11-04,384.73977959203444,149.09674933382308,82.83927525973598,481.254548774842
