Date,VTI,VXUS,BND,VOO,VBR,VTV,MTUM,DFUS,DFAX,DFAI,DFAE
2010-01-04 00:00:00+00:00,43.3441042884,,49.3515267678,,40.2527772945,32.5170720081,,,,,
2010-01-05 00:00:00+00:00,43.5104924047,,49.4958557046,,40.2092764545,32.6242343463,,,,,
2010-01-06 00:00:00+00:00,43.5709971743,,49.4770383725,,40.2745277145,32.7313966846,,,,,
2010-01-07 00:00:00+00:00,43.7525114829,,49.4394037085,,40.6297845746,32.9122331303,,,,,
2010-01-08 00:00:00+00:00,43.8962103106,,49.4895832606,,40.7740623607,32.945721361,,,,,
2010-01-11 00:00:00+00:00,43.9567150802,,49.5084005926,,40.7530369547,33.08637193,,,,,
2010-01-12 00:00:00+00:00,43.5029293085,,49.696573913,,40.2745277145,32.7488105645,,,,,
2010-01-13 00:00:00+00:00,43.911336503,,49.5836699208,,40.7530369547,33.0461860531,,,,,
2010-01-14 00:00:00+00:00,43.9869674649,,49.702846357,,40.8835394747,33.1064648684,,,,,
2010-01-15 00:00:00+00:00,43.4878031161,,49.7342085771,,40.3977800946,32.7313966846,,,,,
2010-01-19 00:00:00+00:00,44.0625984269,,49.709118801,,41.0285422748,33.1533483914,,,,,
2010-01-20 00:00:00+00:00,43.6541912324,,49.8282952373,,40.6442848546,32.8921401919,,,,,
2010-01-21 00:00:00+00:00,42.8525030358,,49.8846845089,,39.9410212744,32.1888873472,,,,,
2010-01-22 00:00:00+00:00,41.9071160116,,49.8659299013,,39.1362557341,31.552610964,,,,,
2010-01-25 00:00:00+00:00,42.0886303202,,49.7969330172,,39.3102590942,31.7133544713,,,,,
2010-01-26 00:00:00+00:00,41.8995529154,,49.9161094534,,38.976752654,31.5325180256,,,,,
2010-01-27 00:00:00+00:00,42.1037565126,,49.8471125693,,39.2957588142,31.6597733022,,,,,
2010-01-28 00:00:00+00:00,41.6045921638,,49.8659299013,,38.7012473339,31.4186580412,,,,,
2010-01-29 00:00:00+00:00,41.1129909112,,49.9286543415,,38.3169899138,31.1976357186,,,,,
2010-02-01 00:00:00+00:00,41.7407278953,,49.8963443551,,38.752723328,31.6128897792,,,,,
2010-02-02 00:00:00+00:00,42.2777077251,,49.9278048497,,39.2595081141,32.1085155936,,,,,
2010-02-03 00:00:00+00:00,42.0659410316,,49.8963443551,,38.947752094,31.8540050403,,,,,
2010-02-04 00:00:00+00:00,40.7575253901,,49.9907258388,,37.6644773136,30.8426604732,,,,,
2010-02-05 00:00:00+00:00,40.8255932558,,50.0725231246,,37.8457308136,30.8694510577,,,,,
2010-02-08 00:00:00+00:00,40.5079432156,,50.0788152235,,37.4469731135,30.5747546276,,,,,
2010-02-09 00:00:00+00:00,41.0449230454,,49.9781416409,,37.9298324377,30.9632181037,,,,,
2010-02-10 00:00:00+00:00,40.9844182759,,49.8648838606,,37.9254823537,30.9364275191,,,,,
2010-02-11 00:00:00+00:00,41.4230778551,,49.7830865747,,38.5054935539,31.1976357186,,,,,
2010-02-12 00:00:00+00:00,41.4230778551,,49.8522996627,,38.7157476139,31.1641474879,,,,,
2010-02-16 00:00:00+00:00,42.118882705,,49.9152206518,,39.5205131542,31.6865638868,,,,,
2010-02-17 00:00:00+00:00,42.353338687,,49.8019628715,,39.7742680543,31.793726225,,,,,
2010-02-18 00:00:00+00:00,42.5953577652,,49.7327497835,,40.1802758945,31.9879579631,,,,,
2010-02-19 00:00:00+00:00,42.7466196891,,49.7327497835,,40.3542792545,32.0683297167,,,,,
2010-02-22 00:00:00+00:00,42.6785518234,,49.7138734867,,40.4775316346,32.0951203013,,,,,
2010-02-23 00:00:00+00:00,42.1642612822,,49.902636454,,39.9917722544,31.7321078805,,,,,
2010-02-24 00:00:00+00:00,42.5424160919,,49.9655574431,,40.4050302346,32.0415391322,,,,,
2010-02-25 00:00:00+00:00,42.5272898995,,50.0347705311,,40.4630313546,31.9477720862,,,,,
2010-02-26 00:00:00+00:00,42.5272898995,,50.0913994213,,40.2382770145,32.0137439007,,,,,
2010-03-01 00:00:00+00:00,43.0340173445,,50.1439516606,,41.0067918548,32.2558638086,,,,,
2010-03-02 00:00:00+00:00,43.170153076,,50.1818152033,,41.3112977349,32.3563954772,,,,,
2010-03-03 00:00:00+00:00,43.2230947493,,50.1881257937,,41.4345501149,32.3295379162,,,,,
2010-03-04 00:00:00+00:00,43.3365411922,,50.2259893364,,41.608553475,32.4500955467,,,,,
2010-03-05 00:00:00+00:00,44.0247829459,,50.1502622511,,42.3480677553,32.9256284226,,,,,
2010-03-08 00:00:00+00:00,44.0323460421,,50.0682245753,,42.4858204153,32.9859072379,,,,,
2010-03-09 00:00:00+00:00,44.1231031964,,50.102112446,,42.6018226553,33.039488407,,,,,
2010-03-10 00:00:00+00:00,44.3575591784,,50.0619139849,,42.8918282555,33.1935342682,,,,,
2010-03-11 00:00:00+00:00,44.5239472947,,50.0556033944,,42.9934027169,33.3207895449,,,,,
2010-03-12 00:00:00+00:00,44.5239472947,,50.0745351657,,43.0440811955,33.2873013142,,,,,
2010-03-15 00:00:00+00:00,44.5088211023,,50.1439516606,,42.9860800755,33.3006966064,,,,,
2010-03-16 00:00:00+00:00,44.8718497196,,50.2322999268,,43.4138383356,33.6221836211,,,,,
2010-03-17 00:00:00+00:00,45.159247375,,50.2449211077,,43.7328444958,33.8499035899,,,,,
2010-03-18 00:00:00+00:00,45.1063057017,,50.1565728415,,43.6748433757,33.7829271285,,,,,
2010-03-19 00:00:00+00:00,44.8113449501,,50.1944363842,,43.2253346956,33.6422765596,,,,,
2010-03-22 00:00:00+00:00,45.1289949902,,50.2449211077,,43.7400946358,33.7695318362,,,,,
2010-03-23 00:00:00+00:00,45.4466450304,,50.2449211077,,44.1743780219,34.0776235586,,,,,
2010-03-24 00:00:00+00:00,45.1819366636,,49.99249749,,43.8189519919,33.9369729897,,,,,
2010-03-25 00:00:00+00:00,45.1032804632,,49.8347327289,,43.5360618863,33.8365082976,,,,,
2010-03-26 00:00:00+00:00,45.0956873183,,49.9420127664,,43.5505690712,33.8424338951,,,,,
2010-03-29 00:00:00+00:00,45.3614473884,,49.8347327289,,43.7899376221,34.0789191033,,,,,
2010-03-30 00:00:00+00:00,45.384226823,,49.935702176,,43.8116983994,34.0385173024,,,,,
2010-03-31 00:00:00+00:00,45.2475502155,,49.9798763091,,43.5360618863,33.9846482344,,,,,
2010-04-01 00:00:00+00:00,45.5740554445,,49.9639307092,,43.9712774333,34.2809281081,,,,,
2010-04-05 00:00:00+00:00,46.0144578463,,49.6726805458,,44.7619190104,34.5772079817,,,,,
2010-04-06 00:00:00+00:00,46.1435413089,,49.7106614408,,45.1536130027,34.6647452171,,,,,
2010-04-07 00:00:00+00:00,45.8975234155,,49.900565916,,45.0230483386,34.4425353119,,,,,
2010-04-08 00:00:00+00:00,46.0068647014,,49.8752453193,,45.0375555235,34.5368061808,,,,,
2010-04-09 00:00:00+00:00,46.3181836406,,49.9701975568,,45.3494599989,34.78595062,,,,,
2010-04-12 00:00:00+00:00,46.4244876687,,50.0208387502,,45.4582638856,34.8667542219,,,,,
2010-04-13 00:00:00+00:00,46.4700465378,,50.122121137,,45.6613644742,34.8667542219,,,,,
2010-04-14 00:00:00+00:00,47.0395324023,,50.0841402419,,46.5100347909,35.2775058649,,,,,
2010-04-15 00:00:00+00:00,47.1002775611,,50.160102032,,46.5753171229,35.3044403989,,,,,
2010-04-16 00:00:00+00:00,46.3637425098,,50.2677145679,,45.9050851805,34.6378106832,,,,,
2010-04-19 00:00:00+00:00,46.4852328275,,50.2044130762,,45.7774219534,34.7926842535,,,,,
2010-04-20 00:00:00+00:00,46.9256352294,,50.2550542695,,46.4737668286,35.1495668286,,,,,
2010-04-21 00:00:00+00:00,46.8876695051,,50.2930351646,,46.8508811001,35.0485623262,,,,,
2010-04-22 00:00:00+00:00,47.1154638509,,50.2613844187,,47.3732122925,35.1226322946,,,,,
2010-04-23 00:00:00+00:00,47.4343759349,,50.2234035237,,47.9099781338,35.3852440008,,,,,
2010-04-26 00:00:00+00:00,47.267326748,,50.198082927,,47.6851167678,35.2169031635,,,,,
2010-04-27 00:00:00+00:00,46.1283550192,,50.381657253,,46.4592596437,34.3525739684,,,,,
2010-04-28 00:00:00+00:00,46.4320808135,,50.3500065071,,46.5825707154,34.6849461176,,,,,
2010-04-29 00:00:00+00:00,47.0395324023,,50.3689969546,,47.6270880282,35.1427658587,,,,,
2010-04-30 00:00:00+00:00,46.2346590472,,50.5145903856,,46.2489054627,34.5906752487,,,,,
2010-05-03 00:00:00+00:00,46.8572969256,,50.487066897,,47.1701117039,35.0620295932,,,,,
2010-05-04 00:00:00+00:00,45.7183251968,,50.6324584754,,45.6976324365,34.2809281081,,,,,
2010-05-05 00:00:00+00:00,45.3462610987,,50.6584892821,,45.1028378555,34.0452509359,,,,,
2010-05-06 00:00:00+00:00,43.820038982,,50.8552440863,,43.4562723693,36.1730791194,,,,,
2010-05-07 00:00:00+00:00,42.9923861923,,50.7283280315,,42.3029511698,32.4628470652,,,,,
2010-05-10 00:00:00+00:00,44.9666038557,,50.6711872365,,44.6531876596,33.8701764651,,,,,
2010-05-11 00:00:00+00:00,44.9286381314,,50.741025986,,44.9142444518,33.7961064967,,,,,
2010-05-12 00:00:00+00:00,45.649986893,,50.601348487,,46.0748192439,34.2203254067,,,,,
2010-05-13 00:00:00+00:00,45.1032804632,,50.6965831454,,45.6468572893,33.8163073971,,,,,
2010-05-14 00:00:00+00:00,44.2908139633,,50.8680055305,,44.674875901,33.2170140163,,,,,
2010-05-17 00:00:00+00:00,44.3211865427,,50.8743545077,,44.6893830859,33.2190341064,,,,,
2010-05-18 00:00:00+00:00,43.6947520918,,51.0648238245,,43.8479663617,32.7321924049,,,,,
2010-05-19 00:00:00+00:00,43.3796365802,,51.0775217789,,43.3692292599,32.5773188346,,,,,
2010-05-20 00:00:00+00:00,41.6939584214,,51.1664074601,,41.1496299702,31.2911948376,,,,,
2010-05-21 00:00:00+00:00,42.3014100102,,51.2362462096,,41.8169604756,31.7962173495,,,,,
2010-05-24 00:00:00+00:00,41.76988987,,51.2298972323,,41.2221658947,31.3113957381,,,,,
2010-05-25 00:00:00+00:00,41.76988987,,51.2425951868,,41.2294194871,31.351797539,,,,,
2010-05-26 00:00:00+00:00,41.5952475383,,51.1791054145,,41.2729410418,31.2238585027,,,,,
2010-05-27 00:00:00+00:00,43.0493347788,,50.9822871206,,43.0790855619,32.2810389609,,,,,
2010-05-28 00:00:00+00:00,42.5899495148,,51.0838707562,,42.5713340904,31.9039554854,,,,,
2010-06-01 00:00:00+00:00,41.7091447112,,51.1245696049,,41.2186841703,31.2911948376,,,,,
2010-06-02 00:00:00+00:00,42.794964426,,51.0799916294,,42.2376688377,32.0924972232,,,,,
2010-06-03 00:00:00+00:00,43.0227587718,,51.0226770895,,42.5930948678,32.1733008251,,,,,
2010-06-04 00:00:00+00:00,41.5109636303,,51.1627792981,,40.4750458723,31.0555176654,,,,,
2010-06-07 00:00:00+00:00,40.8359330524,,51.3219863535,,39.6140444485,30.658233289400002,,,,,
2010-06-08 00:00:00+00:00,41.1852177159,,51.3028815068,,39.7837785118,31.0959194663,,,,,
2010-06-09 00:00:00+00:00,40.9953890944,,51.3028815068,,39.8102541242,30.9208449955,,,,,
2010-06-10 00:00:00+00:00,42.255851141,,51.0927281938,,41.1713907475,31.8500864174,,,,,
2010-06-11 00:00:00+00:00,42.5140180662,,51.1755158626,,41.7081565888,31.9712918203,,,,,
2010-06-14 00:00:00+00:00,42.5216112111,,51.188252427,,41.9547787321,31.9308900194,,,,,
2010-06-15 00:00:00+00:00,43.4783474633,,51.099096476,,42.9702816752,32.624454269,,,,,
2010-06-16 00:00:00+00:00,43.4327885942,,51.2200938381,,42.7606528534,32.5773188346,,,,,
2010-06-17 00:00:00+00:00,43.5087200428,,51.3601960467,,42.7164059394,32.6581224365,,,,,
2010-06-18 00:00:00+00:00,43.5390926222,,51.3410912001,,42.7526739017,32.7119915044,,,,,
2010-06-21 00:00:00+00:00,43.3720434353,,51.3538277645,,42.419008649,32.5975197351,,,,,
2010-06-22 00:00:00+00:00,42.6279152391,,51.4748251266,,41.4615344455,32.0318945217,,,,,
2010-06-23 00:00:00+00:00,42.4608660522,,51.6021907708,,41.3672377437,31.9039554854,,,,,
2010-06-24 00:00:00+00:00,41.7919099901,,51.5321396665,,40.598356944,31.3888325232,,,,,
2010-06-25 00:00:00+00:00,42.0055622596,,51.5958224886,,41.3200893927,31.5799798579,,,,,
2010-06-28 00:00:00+00:00,41.864399153,,51.6913467218,,41.0480796759,31.485084018,,,,,
2010-06-29 00:00:00+00:00,40.5481485645,,51.8123440839,,39.6046147783,30.5632387163,,,,,
2010-06-30 00:00:00+00:00,40.1055831492,,51.8250806483,,39.0968633068,30.2582163738,,,,,
2010-07-01 00:00:00+00:00,39.9300830707,,51.8502041584,,38.8139732012,30.1023160654,,,,,
2010-07-02 00:00:00+00:00,39.7393221159,,51.8182727604,,38.4331595976,29.9396374828,,,,,
2010-07-06 00:00:00+00:00,39.861409127,,51.9459983526,,37.9653028845,30.1090943397,,,,,
2010-07-07 00:00:00+00:00,41.15858362,,51.8821355565,,39.357992635,31.0716092871,,,,,
2010-07-08 00:00:00+00:00,41.5629968443,,51.8438178788,,39.938280031,31.3901881781,,,,,
2010-07-09 00:00:00+00:00,41.8834752485,,51.7863413623,,40.5548353892,31.6613191492,,,,,
2010-07-12 00:00:00+00:00,41.8987361248,,51.8055002012,,40.1776485818,31.6409843264,,,,,
2010-07-13 00:00:00+00:00,42.5854755623,,51.7160922866,,41.4760416304,32.1493548972,,,,,
2010-07-14 00:00:00+00:00,42.5778451241,,51.8502041584,,41.2294194871,32.0409025087,,,,,
2010-07-15 00:00:00+00:00,42.6159973151,,51.9012943953,,41.0154385098,32.0951287029,,,,,
2010-07-16 00:00:00+00:00,41.3798663276,,52.0737239448,,39.5610932236,31.1326137556,,,,,
2010-07-19 00:00:00+00:00,41.6164099117,,52.0162474283,,39.7641938122,31.3359619839,,,,,
2010-07-20 00:00:00+00:00,42.0971275179,,52.0098611487,,40.4097635402,31.5935364064,,,,,
2010-07-21 00:00:00+00:00,41.5706272825,,52.1950632574,,39.7641938122,31.1800616755,,,,,
2010-07-22 00:00:00+00:00,42.493910304,,52.1375867409,,41.1206156004,31.8782239261,,,,,
2010-07-23 00:00:00+00:00,42.9288452811,,52.0481788264,,41.9185107699,32.1493548972,,,,,
2010-07-26 00:00:00+00:00,43.4553455165,,52.0737239448,,42.8107026413,32.5967209995,,,,,
2010-07-27 00:00:00+00:00,43.4019324491,,52.0481788264,,42.6438700149,32.610277548,,,,,
2010-07-28 00:00:00+00:00,43.0967149213,,52.1375867409,,41.9983002868,32.3594813997,,,,,
2010-07-29 00:00:00+00:00,42.8754322137,,52.1950632574,,42.0091806755,32.2713638341,,,,,
2010-07-30 00:00:00+00:00,42.9212148429,,52.2716986127,,42.0128074717,32.2645855599,,,,,
2010-08-02 00:00:00+00:00,43.8444978644,,52.260480474,,42.854224196,33.0034174561,,,,,
2010-08-03 00:00:00+00:00,43.6079542804,,52.4045810635,,42.3682335018,32.8339605992,,,,,
2010-08-04 00:00:00+00:00,43.9513239991,,52.2989072979,,42.7889418639,33.0440871018,,,,,
2010-08-05 00:00:00+00:00,43.8597587408,,52.3821654163,,42.3682335018,33.0101957304,,,,,
2010-08-06 00:00:00+00:00,43.6995195387,,52.5358727118,,42.1796400981,32.8475171477,,,,,
2010-08-09 00:00:00+00:00,43.9284326845,,52.4718280053,,42.6511236074,33.0373088275,,,,,
2010-08-10 00:00:00+00:00,43.6537369095,,52.5807040063,,41.9475251397,32.854295422,,,,,
2010-08-11 00:00:00+00:00,42.3641928547,,52.6191308302,,40.3662419855,31.9188935717,,,,,
2010-08-12 00:00:00+00:00,42.1276492707,,52.5230637705,,40.1703949894,31.8239977318,,,,,
2010-08-13 00:00:00+00:00,41.9674100686,,52.6703665953,,39.8004617744,31.7223236177,,,,,
2010-08-16 00:00:00+00:00,41.9292578776,,52.8689051854,,39.9890551781,31.6884322463,,,,,
2010-08-17 00:00:00+00:00,42.5244320568,,52.7920515376,,40.6781464609,32.0544590573,,,,,
2010-08-18 00:00:00+00:00,42.6236277533,,52.7600291844,,40.8449790873,32.0951287029,,,,,
2010-08-19 00:00:00+00:00,41.8758448103,,52.8817141267,,39.8004617744,31.5121971151,,,,,
2010-08-20 00:00:00+00:00,41.7308664846,,52.8112649496,,39.7569402197,31.3427402582,,,,,
2010-08-23 00:00:00+00:00,41.5095837769,,52.8432873028,,39.2491887482,31.2749575154,,,,,
2010-08-24 00:00:00+00:00,40.9144095978,,53.0290169515,,38.8574947559,30.875039333,,,,,
2010-08-25 00:00:00+00:00,41.0441270471,,52.9585677744,,39.3072174878,30.9563786244,,,,,
2010-08-26 00:00:00+00:00,40.7923225867,,53.0033990689,,39.0098201973,30.753030396,,,,,
2010-08-27 00:00:00+00:00,41.4943229005,,52.7600291844,,39.9922467588,31.2817357897,,,,,
2010-08-30 00:00:00+00:00,40.8877030641,,52.9969945983,,39.1258776766,30.8140348645,,,,,
2010-08-31 00:00:00+00:00,40.8991487214,,53.0866571874,,39.212920786,30.8953741559,,,,,
2010-09-01 00:00:00+00:00,42.0971275179,,52.9175676342,,40.6273713138,31.803662909,,,,,
2010-09-02 00:00:00+00:00,42.5396929332,,52.8148150757,,41.0263188985,32.0680156058,,,,,
2010-09-03 00:00:00+00:00,43.1043453595,,52.7184845521,,41.7009029964,32.4814903367,,,,,
2010-09-07 00:00:00+00:00,42.6388886297,,52.9432557739,,40.9247686042,32.0544590573,,,,,
2010-09-08 00:00:00+00:00,42.8601713373,,52.795548971,,41.1351227853,32.2578072856,,,,,
2010-09-09 00:00:00+00:00,43.0738236068,,52.5964658889,76.6313116031,41.2294194871,32.5086034338,,,,,
2010-09-10 00:00:00+00:00,43.2569541234,,52.5322455398,76.9792232033,41.3092090041,32.6441689194,,,,,
2010-09-13 00:00:00+00:00,43.8063456734,,52.6671082729,77.9473250475,42.1723865057,33.0237522789,,,,,
2010-09-14 00:00:00+00:00,43.7987152352,,52.7441726918,77.9306857971,42.0780898038,32.962069983,,,,,
2010-09-15 00:00:00+00:00,43.9436935609,,52.6927964125,78.1288441433,42.2594296151,33.0305305532,,,,,
2010-09-16 00:00:00+00:00,43.9284326845,,52.6093099587,78.0985909607,41.969285917,32.9559695362,,,,,
2010-09-17 00:00:00+00:00,43.9513239991,,52.660686238,78.1742239172,42.0925969887,32.9356347133,,,,,
2010-09-20 00:00:00+00:00,44.6762156276,,52.6992184474,79.4448575877,43.0863391544,33.4593919667,,,,,
2010-09-21 00:00:00+00:00,44.5693894928,,52.8918794946,79.2026808608,42.774434679,33.3626659928,,,,,
2010-09-22 00:00:00+00:00,44.3328459088,,52.936833739,78.7792875699,42.3102047622,33.1389829416,,,,,
2010-09-23 00:00:00+00:00,43.9513239991,,52.9496778088,78.1335333866,41.7371709586,32.7661778564,,,,,
2010-09-24 00:00:00+00:00,44.8799483274,,52.8276591455,79.7156235723,43.0138032299,33.4148587047,,,,,
2010-09-27 00:00:00+00:00,44.6882192248,,53.0524303673,79.3354460467,42.8614777884,33.2374467533,,,,,
2010-09-28 00:00:00+00:00,44.9397678074,,53.1680269956,79.8524874815,43.2604253732,33.4080351681,,,,,
2010-09-29 00:00:00+00:00,44.8646099991,,53.1102286815,79.4723099559,43.2984341976,33.2783879728,,,,,
2010-09-30 00:00:00+00:00,44.7649108658,,53.0845405418,79.3506531477,43.3039469279,33.2306232167,,,,,
2010-10-01 00:00:00+00:00,44.9643091325,,53.0415989632,79.6243809661,43.4780331467,33.4421528511,,,,,
2010-10-04 00:00:00+00:00,44.5655125992,,53.176827029,78.955268521,42.9702816752,33.2169761435,,,,,
2010-10-05 00:00:00+00:00,45.4934814555,,53.1897058925,80.6858366177,44.0365597654,33.8822709615,,,,,
2010-10-06 00:00:00+00:00,45.4474664709,,53.3120550949,80.5489727084,43.9930382107,33.9129768761,,,,,
2010-10-07 00:00:00+00:00,45.3868800745,,53.4022071388,80.5063928256,43.8552199541,33.8856827298,,,,,
2010-10-08 00:00:00+00:00,45.6928797222,,53.3378128217,81.1145247955,44.3694996588,34.0289769983,,,,,
2010-10-11 00:00:00+00:00,45.7619021991,,53.3184945266,80.9778129573,44.3702250181,34.0562711446,,,,,
2010-10-12 00:00:00+00:00,45.9229546453,,53.2669790729,81.4492330891,44.4862824973,34.1859183399,,,,,
2010-10-13 00:00:00+00:00,46.2834053581,,53.3506916851,81.9358603219,45.0883306706,34.3633302914,,,,,
2010-10-14 00:00:00+00:00,46.1606987325,,53.1446298705,81.6317183014,45.0230483386,34.1859183399,,,,,
2010-10-15 00:00:00+00:00,46.199044553,,53.0222806681,81.7837893117,44.8344549349,34.0016828519,,,,,
2010-10-18 00:00:00+00:00,46.4521269683,,53.221903051,82.3768662516,45.2769240744,34.336036145,,,,,
2010-10-19 00:00:00+00:00,45.7772405273,,53.2991762315,81.0692076345,44.529804052,33.8297979651,,,,,
2010-10-20 00:00:00+00:00,46.2373903735,,53.2798579363,81.9358603219,45.0593163008,34.1893301082,,,,,
2010-10-21 00:00:00+00:00,46.3140820145,,53.2347819144,82.0575171301,44.9577660065,34.1927418765,,,,,
2010-10-22 00:00:00+00:00,46.4521269683,,53.2025847559,82.2552094434,45.1028378555,34.1995654131,,,,,
2010-10-25 00:00:00+00:00,46.6055102504,,53.2347819144,82.4985230598,45.2261489272,34.2609772425,,,,,
2010-10-26 00:00:00+00:00,46.5978410863,,53.0866749852,82.4833159588,45.1463594102,34.209800718,,,,,
2010-10-27 00:00:00+00:00,46.5058111171,,52.9772046462,82.2247952414,44.9505124141,34.1074476691,,,,,
2010-10-28 00:00:00+00:00,46.5058111171,,53.1575087339,82.2856236455,44.7981869726,34.1449771204,,,,,
2010-10-29 00:00:00+00:00,46.567164429900004,,53.2541002095,82.3464520496,44.8634693047,34.1347418155,,,,,
2010-11-01 00:00:00+00:00,46.574833594,,53.2528702781,82.3920733526,44.7038902708,34.0972123642,,,,,
2010-11-02 00:00:00+00:00,46.9429534709,,53.3432716584,83.0307715957,45.3929815536,34.3292126084,,,,,
2010-11-03 00:00:00+00:00,47.1346825735,,53.4013868315,83.3805349193,45.5235462177,34.4588598037,,,,,
2010-11-04 00:00:00+00:00,48.0549822658,,53.5692751093,84.9468663248,46.7131353795,35.1889782194,,,,,
2010-11-05 00:00:00+00:00,48.2697188606,,53.3432716584,85.2814225474,47.0395470398,35.3970960855,,,,,
2010-11-08 00:00:00+00:00,48.2083655478,,53.3561861413,85.1749728402,46.9089823757,35.2913312683,,,,,
2010-11-09 00:00:00+00:00,47.8325765068,,53.0849820002,84.5058603951,46.2343982778,34.96721328,,,,,
2010-11-10 00:00:00+00:00,48.0396439375,,53.0656102759,84.8252095166,46.6841210097,35.1343899266,,,,,
2010-11-11 00:00:00+00:00,47.9092681478,,53.0849820002,84.5514816982,46.5172883833,35.0627427924,,,,,
2010-11-12 00:00:00+00:00,47.3034041837,,52.8460640664,83.5020396565,45.7919291383,34.6976835845,,,,,
2010-11-15 00:00:00+00:00,47.2343817068,,52.5942316497,83.4261562223,45.8209435081,34.6840365114,,,,,
2010-11-16 00:00:00+00:00,46.4828036248,,52.7685771689,82.0879313321,44.9142444518,34.1313300472,,,,,
2010-11-17 00:00:00+00:00,46.5594952658,,52.7814916519,82.1487597362,45.0593163008,34.1245065106,,,,,
2010-11-18 00:00:00+00:00,47.2152087965,,52.7814916519,83.3653278182,45.7484075836,34.5816834624,,,,,
2010-11-19 00:00:00+00:00,47.403103317,,52.7944061348,83.5630201316,45.9224938024,34.6294482186,,,,,
2010-11-22 00:00:00+00:00,47.4107724811,,52.9493799297,83.4869846264,46.060312059,34.4793304135,,,,,
2010-11-23 00:00:00+00:00,46.7358860401,,52.9622944126,82.3160378475,45.5888285497,33.9812122421,,,,,
2010-11-24 00:00:00+00:00,47.4874641222,,52.7104619959,83.3797745642,46.5027811984,34.4315656573,,,,,
2010-11-26 00:00:00+00:00,47.1653592299,,52.8331495835,82.9091147875,46.2924270174,34.1245065106,,,,,
2010-11-29 00:00:00+00:00,47.096336753,,52.8718930322,82.8285171521,46.2198910929,34.151800657,,,,,
2010-11-30 00:00:00+00:00,46.8049085171,,52.8912647566,82.2552094434,45.8862258402,33.9266239493,,,,,
2010-12-01 00:00:00+00:00,47.8095690145,,52.5681947607,84.1104757685,46.8582072285,34.6635659016,,,,,
2010-12-02 00:00:00+00:00,48.4231021427,,52.522871769700004,85.2053870422,47.4312410321,35.1412134632,,,,,
2010-12-03 00:00:00+00:00,48.5764854247,,52.6070430386,85.4182864566,47.6923703603,35.2435665121,,,,,
2010-12-06 00:00:00+00:00,48.5611470965,,52.7818602893,85.3118367494,47.8156814319,35.195801756,,,,,
2010-12-07 00:00:00+00:00,48.6148312452,,52.399852223,85.3422509515,48.0332892054,35.2435665121,,,,,
2010-12-08 00:00:00+00:00,48.7528761991,,52.1279142774,85.692014275,48.0623035752,35.4209784636,,,,,
2010-12-09 00:00:00+00:00,48.9292669734,,52.1732372683,86.0113633966,48.2146290167,35.6188610248,,,,,
2010-12-10 00:00:00+00:00,49.2437027016,,52.0048947306,86.5284048314,48.7223804882,35.884978952,,,,,
2010-12-13 00:00:00+00:00,49.2590410298,,52.1408637034,86.5740261345,48.5729564837,35.919096635,,,,,
2010-12-14 00:00:00+00:00,49.274379358,,51.810653340900004,86.6196474376,48.541040677,35.953214318,,,,,
2010-12-15 00:00:00+00:00,49.0596427632,,51.6487855162,86.2394699119,48.236389794,35.7621552933,,,,,
2010-12-16 00:00:00+00:00,49.3518379155,,51.76533035,86.7413042458,48.5773086392,35.9736849278,,,,,
2010-12-17 00:00:00+00:00,49.4469355503,,52.0825912865,86.862961054,48.6747969217,36.0078026107,,,,,
2010-12-20 00:00:00+00:00,49.573476758,,52.1149648514,87.0454462663,48.831184375,36.1169791963,,,,,
2010-12-21 00:00:00+00:00,49.872574158,,52.1732372683,87.5776948021,49.3606966238,36.3762735869,,,,,
2010-12-22 00:00:00+00:00,50.0612355949,,52.1149648514,87.8970439236,49.5783043973,36.6014502945,,,,,
2010-12-23 00:00:00+00:00,49.99184531,,52.0566924345,87.7601800144,49.5057684728,36.5332149285,,,,,
2010-12-27 00:00:00+00:00,50.0226854366,,52.2009684641,87.8255705488,49.6798546916,36.5898502823,,,,,
2010-12-28 00:00:00+00:00,50.0689456266,,51.8618317374,87.9172305633,49.6207296042,36.658537818,,,,,
2010-12-29 00:00:00+00:00,50.1460459433,,52.1683591634,87.9936139087,49.7315891431,36.6722753252,,,,,
2010-12-30 00:00:00+00:00,50.0843656899,,52.1748810235,87.856123887,49.7094172353,36.6173252966,,,,,
2010-12-31 00:00:00+00:00,50.0612355949,,52.350971247,87.9477839015,49.4137917983,36.6310628037,,,,,
2011-01-03 00:00:00+00:00,50.5778077164,,52.2857526457,88.7727240319,50.2341523861,37.0569255252,,,,,
2011-01-04 00:00:00+00:00,50.4775773048,,52.2922745058,88.6963406865,49.5689951528,37.1187443074,,,,,
2011-01-05 00:00:00+00:00,50.7551384447,,52.0640094014,89.169917428,49.9828707646,37.2835943931,,,,,
2011-01-06 00:00:00+00:00,50.6394879698,,52.1096624223,89.0171507372,49.7759329587,37.1805630895,,,,,
2011-01-07 00:00:00+00:00,50.5238374948,,52.3069486911,88.8384137089,49.5246513372,37.0912692931,,,,,
2011-01-10 00:00:00+00:00,50.562387653100004,,52.4292335685,88.7574473628,49.7020265994,36.9882379895,,,,,
2011-01-11 00:00:00+00:00,50.7628484764,,52.3248838065,89.0477040753,49.8941831335,37.1393505681,,,,,
2011-01-12 00:00:00+00:00,51.2177403446,,52.2922745058,89.8420908676,50.3006681094,37.4827882467,,,,,
2011-01-13 00:00:00+00:00,51.1406400279,,52.455321009,89.7198775149,50.241543022,37.414100711,,,,,
2011-01-14 00:00:00+00:00,51.4721713895,,52.3835805476,90.3614976163,50.640637362,37.7095258022,,,,,
2011-01-18 00:00:00+00:00,51.6032419278,,52.3314056666,90.5142643071,50.832793896,37.7231946218,,,,,
2011-01-19 00:00:00+00:00,50.9864393946,,52.3966242679,89.6129408313,49.7537610509,37.3316756681,,,,,
2011-01-20 00:00:00+00:00,50.8322387614,,52.2009684641,89.502948814,49.4064011624,37.3454131753,,,,,
2011-01-21 00:00:00+00:00,50.9170491097,,52.3053182261,89.7046008458,49.1920727206,37.5858195503,,,,,
2011-01-24 00:00:00+00:00,51.2023202812,,52.298796366,90.2545609328,49.6281202402,37.7300633754,,,,,
2011-01-25 00:00:00+00:00,51.2331604079,,52.4357554287,90.2240075946,49.8128861383,37.7506696361,,,,,
2011-01-26 00:00:00+00:00,51.5261416111,,52.2531433451,90.6975843361,50.337621289,37.8537009397,,,,,
2011-01-27 00:00:00+00:00,51.6803422444,,52.3574931071,90.8197976888,50.6110748183,37.9910760111,,,,,
2011-01-28 00:00:00+00:00,50.7551384447,31.8730942206,52.4683647293,89.218802769,49.4581356139,37.3866256967,,,,,
2011-01-31 00:00:00+00:00,51.0866698063,32.2284601606,52.3966242679,89.9031975439,49.7094172353,37.6751133468,,,,,
2011-02-01 00:00:00+00:00,51.9270632577,32.9198084439,52.2956326116,91.3086510994,50.7219343571,38.3688574576,,,,,
2011-02-02 00:00:00+00:00,51.8653830043,32.7518172723,52.2367705939,91.1558844086,50.4780433716,38.2452198933,,,,,
2011-02-03 00:00:00+00:00,51.9810334793,32.8099680624,52.0601845408,91.3850344448,50.6110748183,38.3551199505,,,,,
2011-02-04 00:00:00+00:00,52.1275240809,32.7905844657,51.8835984877,91.6294611501,50.6628092697,38.3757262112,,,,,
2011-02-07 00:00:00+00:00,52.4744755058,32.8810412505,51.8901387119,92.208599675,51.135809969,38.6573451077,,,,,
2011-02-08 00:00:00+00:00,52.7366165824,32.9327308417,51.7266331072,92.6377213095,51.431435406,38.829063947,,,,,
2011-02-09 00:00:00+00:00,52.6016910283,32.7324336755,51.8508973668,92.4085712732,51.2540601438,38.6916888756,,,,,
2011-02-10 00:00:00+00:00,52.6595162657,32.4287573268,51.6873917621,92.4391246114,51.3797009545,38.7397701506,,,,,
2011-02-11 00:00:00+00:00,53.0064676906,32.5515201061,51.8639778152,93.0196380365,51.9044361052,38.9527015113,,,,,
2011-02-14 00:00:00+00:00,53.1452482606,32.629054493,51.9228398329,93.2487880727,52.0840285582,39.0832078292,,,,,
2011-02-15 00:00:00+00:00,52.975627564,32.5256753104,51.994782299,92.9188120206,51.8674829256,38.9458327578,,,,,
2011-02-16 00:00:00+00:00,53.3225789889,32.9327308417,52.0144029715,93.5084914471,52.325702353,39.1862391328,,,,,
2011-02-17 00:00:00+00:00,53.5153297805,33.0684160188,52.0928856618,93.859854836,52.6952341493,39.3854329864,,,,,
2011-02-18 00:00:00+00:00,53.6155601921,33.126566809,52.0928856618,94.0126215268,52.7100154211,39.4953330436,,,,,
2011-02-22 00:00:00+00:00,52.4667654741,32.2995333486,52.2890923874,92.0877612225,51.4831698575,38.7947201791,,,,,
2011-02-23 00:00:00+00:00,52.0272936693,32.2672273541,52.2825521633,91.5683544738,50.6849811775,38.6023950791,,,,,
2011-02-24 00:00:00+00:00,52.035003701,32.3124557464,52.3348739568,91.4766944593,50.7958407164,38.506232529100004,,,,,
2011-02-25 00:00:00+00:00,52.6884288845,32.6807440843,52.4787588889,92.4696779496,51.8453110178,38.8840139756,,,,,
2011-02-28 00:00:00+00:00,52.975627564,32.9779592341,52.550701355,93.0196380365,52.0448581878,39.1931078864,,,,,
2011-03-01 00:00:00+00:00,52.0812638909,32.6032096973,52.5255326102,91.430864452,51.0848145811,38.5611825577,,,,,
2011-03-02 00:00:00+00:00,52.1892043342,32.842274057,52.4206126949,91.6905678264,51.2097163282,38.5955263255,,,,,
2011-03-03 00:00:00+00:00,53.1375382289,33.2229678967,52.2107728643,93.2640647418,52.2370147219,39.2411891614,,,,,
2011-03-04 00:00:00+00:00,52.7828767724,33.0037394177,52.3878252214,92.5766146331,51.9044361052,38.903933361,,,,,
2011-03-07 00:00:00+00:00,52.3048548092,32.7867723584,52.3812677267,91.7669511718,51.2097163282,38.6573451077,,,,,
2011-03-08 00:00:00+00:00,52.7751667407,32.9004248472,52.3353652637,92.6224446404,51.9857331004,39.0626015685,,,,,
2011-03-09 00:00:00+00:00,52.6980664241,32.8616576537,52.4271701896,92.5155079568,51.9192173771,39.0832078292,,,,,
2011-03-10 00:00:00+00:00,51.6880522761,32.0474819791,52.6697974938,90.8197976888,50.7441062649,38.3001699219,,,,,
2011-03-11 00:00:00+00:00,52.035003701,32.1638481715,52.6763549885,91.430864452,50.8697470757,38.5474450505,,,,,
2011-03-14 00:00:00+00:00,51.7188924027,31.69864185,52.7288149462,90.8961810342,50.5889029105,38.3139074291,,,,,
2011-03-15 00:00:00+00:00,51.1714801546,31.1429787438,52.7616024197,89.8863932079,50.1750272987,37.8880447075,,,,,
2011-03-16 00:00:00+00:00,50.2848265132,30.2771780899,53.0107872186,88.1769339377,49.5911670605,37.1943005967,,,,,
2011-03-17 00:00:00+00:00,50.863078888,31.0544603187,52.9321628571,89.2768541116,49.8276674102,37.7025883611,,,,,
2011-03-18 00:00:00+00:00,51.1020898696,31.5306506784,52.9255397874,89.6587708386,50.3154493812,37.9636009968,,,,,
2011-03-21 00:00:00+00:00,51.9039331627,32.2090765639,52.7747174091,91.0183943868,51.3575290467,38.4856262684,,,,,
2011-03-22 00:00:00+00:00,51.7343124661,32.131542177,52.755044925,90.6975843361,51.1284193331,38.3482511969,,,,,
2011-03-23 00:00:00+00:00,51.8576729727,32.2711686854,52.7353724409,90.9878410487,51.0530348466,38.3688574576,,,,,
2011-03-24 00:00:00+00:00,52.3511149992,32.5967484984,52.6501250097,91.8363072495,51.3967392219,38.6573451077,,,,,
2011-03-25 00:00:00+00:00,52.5384687686,32.3899901333,52.5779925679,92.1152592269,51.770009565,38.7926595531,,,,,
2011-03-28 00:00:00+00:00,52.4145938054,32.2413825584,52.5320901049,91.9157759069,51.6000052504,38.7235843046,,,,,
2011-03-29 00:00:00+00:00,52.8017030654,32.4998305148,52.440285179,92.517294841,51.9769713394,38.9273562876,,,,,
2011-03-30 00:00:00+00:00,53.1965545106,32.9327308417,52.5320901049,93.1433655684,52.5535077109,39.255463718,,,,,
2011-03-31 00:00:00+00:00,53.1965545106,32.8939636483,52.4730726526,93.0206066023,52.8122099289,39.1794809446,,,,,
2011-04-01 00:00:00+00:00,53.4520466222,33.1847175992,52.5372154428,93.4502629838,53.1300440824,39.4005217398,,,,,
2011-04-04 00:00:00+00:00,53.4984997334,33.3591699698,52.6029773848,93.4962975961,53.189176018,39.4350593641,,,,,
2011-04-05 00:00:00+00:00,53.5294684742,33.2300106036,52.4846058892,93.4962975961,53.4109207763,39.4626894634,,,,,
2011-04-06 00:00:00+00:00,53.6688278078,33.4754715501,52.4068752738,93.7725052699,53.6030995668,39.621562535,,,,,
2011-04-07 00:00:00+00:00,53.5139841038,33.3074803785,52.3925391705,93.6037116915,53.3665718246,39.5110421374,,,,,
2011-04-08 00:00:00+00:00,53.289460733,33.559467136,52.3596581995,93.2507796638,52.8122099289,39.4005217398,,,,,
2011-04-11 00:00:00+00:00,53.095906103,33.3527087708,52.3662343937,92.9346753259,52.3317629527,39.2623712428,,,,,
2011-04-12 00:00:00+00:00,52.6468593614,33.0367561442,52.5503678312,92.2533630638,51.7921840409,38.9377175749,,,,,
2011-04-13 00:00:00+00:00,52.6778281022,33.1737335611,52.6490107442,92.2840528053,51.7034861375,38.8479197519,,,,,
2011-04-14 00:00:00+00:00,52.708796843,33.2493295883,52.6227059674,92.2993976761,51.9178394039,38.8686423264,,,,,
2011-04-15 00:00:00+00:00,52.9642889546,33.2299459916,52.7871108223,92.6216399623,52.3908948882,39.0965906464,,,,,
2011-04-18 00:00:00+00:00,52.3294297682,32.6355156919,52.8462965701,91.6088784915,51.6369627101,38.5854338076,,,,,
2011-04-19 00:00:00+00:00,52.631374991,32.9327308417,52.9317870946,92.17663871,51.6922510698,38.8202896525,,,,,
2011-04-20 00:00:00+00:00,53.3978513258,33.7080747109,52.8594489585,93.4195732422,52.546116219,39.2900013422,,,,,
2011-04-21 00:00:00+00:00,53.6610856226,33.8502210869,52.8989061237,93.8326571634,52.8196014209,39.4005217398,,,,,
2011-04-25 00:00:00+00:00,53.6068903262,33.8243762912,52.9317870946,93.7418155284,52.8639503725,39.3728916404,,,,,
2011-04-26 00:00:00+00:00,54.0791636235,34.0886393266,53.0961919496,94.5604643839,53.4257037601,39.7807809828,,,,,
2011-04-27 00:00:00+00:00,54.4352267208,34.3800393975,53.0698871728,95.1688885099,53.7509294056,40.0567366005,,,,,
2011-04-28 00:00:00+00:00,54.5978900319,34.4446513866,53.1685300858,95.4757859253,53.9800656558,40.2363322466,,,,,
2011-04-29 00:00:00+00:00,54.7372493655,34.5997201604,53.2408682219,95.7519935992,54.0465890833,40.3399451193,,,,,
2011-05-02 00:00:00+00:00,54.6443431431,34.5415693702,53.2557060889,95.5371654084,53.6400570265,40.2777773957,,,,,
2011-05-03 00:00:00+00:00,54.3423979203,34.1926646291,53.3150549441,95.230267993,53.1670015422,40.1672569981,,,,,
2011-05-04 00:00:00+00:00,53.9398042899,33.8327112378,53.3809981166,94.5842489336,52.5978566626,39.8771409544,,,,,
2011-05-05 00:00:00+00:00,53.5062419186,33.2299459916,53.499695827,93.7602293733,52.413069364,39.483412038,,,,,
2011-05-06 00:00:00+00:00,53.7385074747,33.3591699698,53.5392617305,94.2021616515,52.4278523479,39.621562535,,,,,
2011-05-09 00:00:00+00:00,54.0249683271,33.5465447381,53.5854219513,94.585629972,52.9082993242,39.7528055071,,,,,
2011-05-10 00:00:00+00:00,54.5049838095,33.8566822858,53.4469412891,95.3606993945,53.6400570265,40.0843666999,,,,,
2011-05-11 00:00:00+00:00,53.9475464751,33.2428683894,53.5128844615,94.3556103592,52.8712679495,39.6630076841,,,,,
2011-05-12 00:00:00+00:00,54.2030385867,33.3656311687,53.4607893553,94.8619910945,53.2165984531,39.8218807556,,,,,
2011-05-13 00:00:00+00:00,53.7075387338,32.8099680624,53.5392617305,94.0395060213,52.5165502512,39.517880587,,,,,
2011-05-16 00:00:00+00:00,53.3359138442,32.7195112777,53.6645537582,93.4502629838,52.028711783,39.3797991653,,,,,
2011-05-17 00:00:00+00:00,53.289460733,32.7841232668,53.7502798824,93.434918113,51.7404435973,39.3791084128,,,,,
2011-05-18 00:00:00+00:00,53.8004449563,33.1259206891,53.5986105858,94.3095757469,52.3687204124,39.7251754077,,,,,
2011-05-19 00:00:00+00:00,53.9320621047,33.1795486401,53.578827634,94.432334713,52.5535077109,39.7790541015,,,,,
2011-05-20 00:00:00+00:00,53.5294684742,32.8228904603,53.6249878547,93.7947553326,52.1100181944,39.4281518392,,,,,
2011-05-23 00:00:00+00:00,52.8481561766,32.2090765639,53.657959441,92.6830194453,51.2526051291,38.9748800586,,,,,
2011-05-24 00:00:00+00:00,52.7939608802,32.3770677355,53.6909310272,92.6062950915,51.0530348466,38.9722551992,,,,,
2011-05-25 00:00:00+00:00,53.0107420658,32.5385977082,53.710713979,92.9131925069,51.4447839196,39.0680625688,,,,,
2011-05-26 00:00:00+00:00,53.328171659,32.8228904603,53.7832514687,93.2814694053,51.9474053716,39.1932959943,,,,,
2011-05-27 00:00:00+00:00,53.5759215854,33.0684160188,53.8030344204,93.6896429678,52.2948054929,39.393614215,,,,,
2011-05-31 00:00:00+00:00,54.1565854755,33.559467136,53.8689775929,94.631818033,52.9009078322,39.7873431314,,,,,
2011-06-01 00:00:00+00:00,52.9255780286,32.9198084439,54.1287475322,92.5295707376,51.4152179518,38.8823883009,,,,,
2011-06-02 00:00:00+00:00,52.824929621,33.0877996156,53.9105397789,92.4221566423,51.3117370646,38.7995670779,,,,,
2011-06-03 00:00:00+00:00,52.282976657,33.0231876265,54.0031127652,91.5321541377,50.6834602495,38.4472833106,,,,,
2011-06-06 00:00:00+00:00,51.6790862114,32.6096708963,53.9700509844,90.5654272792,50.0108344827,38.0121092451,,,,,
2011-06-07 00:00:00+00:00,51.6558596558,32.8810412505,54.036174546,90.442668313,50.2030132732,37.970664096,,,,,
2011-06-08 00:00:00+00:00,51.3848831738,32.5450589072,54.1419722445,90.0743914146,49.8186556922,37.8532361736,,,,,
2011-06-09 00:00:00+00:00,51.7487658782,32.8358128581,54.0163374775,90.7627623173,50.0330089586,38.1364446924,,,,,
2011-06-10 00:00:00+00:00,51.0132582842,32.0927749835,54.0824610391,89.4912863254,49.2569023046,37.6805480524,,,,,
2011-06-13 00:00:00+00:00,51.005516099,32.1121585802,54.0295621898,89.5526658084,49.1903788771,37.7841609251,,,,,
2011-06-14 00:00:00+00:00,51.7100549522,32.6161320952,53.8047420803,90.7035311161,50.1660558135,38.198612416,,,,,
2011-06-15 00:00:00+00:00,50.7887349134,31.7561465203,54.0229498336,89.1230094269,49.3529916998,37.5216749808,,,,,
2011-06-16 00:00:00+00:00,50.8738989506,31.5694178718,54.0560116144,89.2918030054,49.4490810951,37.6667330027,,,,,
2011-06-17 00:00:00+00:00,51.0364848398,31.7955598337,54.1089104637,89.5373209377,49.6190854098,37.8463286487,,,,,
2011-06-20 00:00:00+00:00,51.276492581,31.7244866457,54.0427869021,90.043701673,50.0847494021,38.0052017203,,,,,
2011-06-21 00:00:00+00:00,52.0584532862,32.3770677355,54.0560116144,91.2712913346,50.8904220239,38.4265607361,,,,,
2011-06-22 00:00:00+00:00,51.7719924338,31.9377062097,54.0692363268,90.7342208577,50.6243283139,38.198612416,,,,,
2011-06-23 00:00:00+00:00,51.6868283966,31.7632538391,54.20148345,90.4303924164,50.4410193138,38.0052017203,,,,,
2011-06-24 00:00:00+00:00,51.1007449769,31.5241894795,54.2543822993,89.4375792777,50.1217068619,37.6114728039,,,,,
2011-06-27 00:00:00+00:00,51.5361743316,31.7761762369,54.0956857514,90.1931726198,50.4173665396,37.8824588448,,,,,
2011-06-28 00:00:00+00:00,52.2515225571,32.1509257737,53.8973150666,91.3496930415,51.0530348466,38.2437735659,,,,,
2011-06-29 00:00:00+00:00,52.7102784843,32.6213010543,53.7782926557,92.1669674729,51.4004349679,38.6189155236,,,,,
2011-06-30 00:00:00+00:00,53.1845854599,33.1524116047,53.665882601,93.0459229934,51.7995755328,38.9455579283,,,,,
2011-07-01 00:00:00+00:00,53.9465868305,33.481932749,53.6905056928,94.4491677717,52.6274226304,39.5153234501,,,,,
2011-07-05 00:00:00+00:00,53.9388113063,33.3010191796,53.8695182458,94.2949650488,52.6348141223,39.3624595296,,,,,
2011-07-06 00:00:00+00:00,54.047668645,33.126566809,53.9026687185,94.4337474994,52.9009078322,39.3555111696,,,,,
2011-07-07 00:00:00+00:00,54.6308329592,33.4367043567,53.7899571111,95.4669057428,53.6326655345,39.7376709709,,,,,
2011-07-08 00:00:00+00:00,54.2420567497,33.1007220134,54.0684210824,94.8192543066,53.2556994455,39.4180464098,,,,,
2011-07-11 00:00:00+00:00,53.2390141292,32.2155377628,54.2275433516,93.0613432656,52.1957595009,38.7371071276,,,,,
2011-07-12 00:00:00+00:00,53.0057484035,31.982934602,54.2805841081,92.6449959138,52.0139287991,38.5981399271,,,,,
2011-07-13 00:00:00+00:00,53.2079120324,32.4610633213,54.3535151482,92.9688216319,52.2726310171,38.6954169674,,,,,
2011-07-14 00:00:00+00:00,52.7569316294,32.2543049562,54.147982217,92.3674310126,51.5334818229,38.4730694467,,,,,
2011-07-15 00:00:00+00:00,53.0912791696,32.3770677355,54.2474336353,92.8762999982,51.7847925489,38.549501407,,,,,
2011-07-18 00:00:00+00:00,52.6014211456,31.982934602,54.1745025952,92.0898661114,51.0456433547,38.1603932457,,,,,
2011-07-19 00:00:00+00:00,53.4878309033,32.4029125312,54.3203646754,93.5856325235,52.0065373072,38.6259333672,,,,,
2011-07-20 00:00:00+00:00,53.4567288065,32.6742828853,54.2341734462,93.5856325235,52.0804522266,38.7093136875,,,,,
2011-07-21 00:00:00+00:00,54.1098728385,33.2622519861,54.1148317442,94.8346745789,52.6422056142,39.2860275694,,,,,
2011-07-22 00:00:00+00:00,54.2031791288,33.3204027763,54.2606938244,94.9117759404,52.6052481545,39.2443374092,,,,,
2011-07-25 00:00:00+00:00,53.8532805402,33.1422675224,54.0816812715,94.3720664102,52.1248011783,38.9733513684,,,,,
2011-07-26 00:00:00+00:00,53.6277903387,33.2557907872,54.2142831625,93.9711393307,51.7108776295,38.7996423678,,,,,
2011-07-27 00:00:00+00:00,52.4459106618,32.6484380897,54.1015715551,92.1052863837,50.4025835557,38.0770129254,,,,,
2011-07-28 00:00:00+00:00,52.2670736054,32.4739857192,54.2606938244,91.8431417548,50.1143153699,37.8546654047,,,,,
2011-07-29 00:00:00+00:00,51.9793792104,32.5709037028,54.5391577957,91.1338092295,50.0773579102,37.5836793638,,,,,
2011-08-01 00:00:00+00:00,51.7461134847,32.3253781442,54.7120792807,90.8099835114,49.8630046439,37.4864023235,,,,,
2011-08-02 00:00:00+00:00,50.3776212273,31.4660386893,54.944755195,88.5447455121,48.3773147634,36.5414253603,,,,,
2011-08-03 00:00:00+00:00,50.6575400981,31.5048058827,54.9846424946,88.9903913813,48.4512296829,36.6595474807,,,,,
2011-08-04 00:00:00+00:00,48.114943688,29.4761832611,55.3170366579,84.8269178632,45.6942031883,34.9016123949,,,,,
2011-08-05 00:00:00+00:00,47.912780059,29.6892089892,54.9580509616,84.6418745957,44.9180965344,34.8043353546,,,,,
2011-08-08 00:00:00+00:00,44.5926312299,27.5763969458,55.217318409,79.2139387499,41.0961038808,32.4071511467,,,,,
2011-08-09 00:00:00+00:00,46.8242066724,29.0495502971,55.4101070237,82.7606013764,43.8758961705,33.998325592,,,,,
2011-08-10 00:00:00+00:00,44.8336724798,27.7831553109,55.8488673192,79.167677933,41.8580188702,32.4002027867,,,,,
2011-08-11 00:00:00+00:00,46.8864108659,28.984938308,55.3103887747,82.6372391981,43.942419598,33.9288419917,,,,,
2011-08-12 00:00:00+00:00,47.1974318335,29.2627698611,55.4898816229,83.3040117719,44.0237260093,34.0330673921,,,,,
2011-08-15 00:00:00+00:00,48.2238010266,29.9605793434,55.3968112571,85.0119611307,45.3394115751,34.9502509151,,,,,
2011-08-16 00:00:00+00:00,47.7650450994,29.6245970001,55.5630083388,84.2872083331,44.7554837116,34.5958845539,,,,,
2011-08-17 00:00:00+00:00,47.7728206236,29.6892089892,55.6604663075,84.3797299668,44.7407007277,34.7001099543,,,,,
2011-08-18 00:00:00+00:00,45.6423269955,28.3711244116,55.7823884866,80.8793281571,42.4419467336,33.3104379497,,,,,
2011-08-19 00:00:00+00:00,44.8258969556,27.918840488,55.8355715527,79.3373009282,41.6362741119,32.7545691479,,,,,
2011-08-22 00:00:00+00:00,44.8336724798,28.0739092618,55.7092617707,79.3989820174,41.5549677005,32.7476207878,,,,,
2011-08-23 00:00:00+00:00,46.3732262694,28.9009427222,55.543064689,82.1437904849,43.2106618957,33.7342879111,,,,,
2011-08-24 00:00:00+00:00,47.0341458255,28.8686367277,55.2239662922,83.269470362,43.8980706463,34.2484665528,,,,,
2011-08-25 00:00:00+00:00,46.2488178824,28.2871288258,55.3768676073,82.0204283065,42.8780447582,33.7829264313,,,,,
2011-08-26 00:00:00+00:00,47.0185947772,28.6748007604,55.44334644,83.0998473668,43.7206748397,34.1164477124,,,,,
2011-08-29 00:00:00+00:00,48.4881688491,29.3661490437,55.3103887747,85.5208301162,45.7503785271,35.1912200407,,,,,
2011-08-30 00:00:00+00:00,48.6203527603,29.4242998339,55.5164731559,85.6750328391,45.8568160111,35.2003918759,,,,,
2011-08-31 00:00:00+00:00,48.8147408651,29.8184329673,55.44334644,86.1068004632,45.9750798821,35.3671525165,,,,,
2011-09-01 00:00:00+00:00,48.2626786476,29.6245970001,55.6780599305,85.2741057596,44.9180965344,34.9433025551,,,,,
2011-09-02 00:00:00+00:00,46.9408395353,28.8815591255,55.8313512136,83.0690068222,43.3806662103,34.0330673921,,,,,
2011-09-06 00:00:00+00:00,46.645369616,28.060986864,55.9113292743,82.4984567475,43.1515299601,33.6717526709,,,,,
2011-09-07 00:00:00+00:00,48.0371884461,28.9978607058,55.7846973448,84.8269178632,44.8885305666,34.6931615943,,,,,
2011-09-08 00:00:00+00:00,47.461799656,28.4551199974,55.8580105671,83.9325420704,44.1050324207,34.304053433,,,,,
2011-09-09 00:00:00+00:00,46.2254913098,27.5311685534,55.9046644359,81.727443133,42.9593511696,33.40771499,,,,,
2011-09-12 00:00:00+00:00,46.5520633258,27.3114877905,55.7380434761,82.3132592773,43.2476193554,33.6022690707,,,,,
2011-09-13 00:00:00+00:00,47.0185947772,27.5763969458,55.6780599305,82.9919054608,43.9202451221,33.8593583915,,,,,
2011-09-14 00:00:00+00:00,47.6872898575,27.7896165098,55.7980270216,84.1638461547,44.6150453647,34.2832083529,,,,,
2011-09-15 00:00:00+00:00,48.5192709458,28.3258960193,55.6913896073,85.6133517499,45.2728881476,34.8807673149,,,,,
2011-09-16 00:00:00+00:00,48.7525366715,28.2548228313,55.6713950922,86.1222207355,45.3615860509,35.0614246755,,,,,
2011-09-19 00:00:00+00:00,48.239352075,27.6151641392,55.8446808904,85.3203665764,44.5337389534,34.5751089575,,,,,
2011-09-20 00:00:00+00:00,48.0682905428,27.6746071692,55.9179941127,85.1815841258,43.935028106,34.5611427538,,,,,
2011-09-21 00:00:00+00:00,46.5054101806,26.8592038668,56.0712853957,82.6063986535,42.1832445157,33.40771499,,,,,
2011-09-22 00:00:00+00:00,45.0747137297,25.6509596707,56.2045821635,80.0157929089,40.978431329,32.4349445868,,,,,
2011-09-23 00:00:00+00:00,45.3359713424,25.8641792347,56.0179666886,80.3858794439,41.4071378617,32.6142122754,,,,,
2011-09-26 00:00:00+00:00,46.4068382517,26.2324675726,55.8446808904,82.3397029026,42.2571594351,33.4474220781,,,,,
2011-09-27 00:00:00+00:00,46.9930792605,26.9431994526,55.7313786377,83.2856015612,42.9889171374,33.8605260979,,,,,
2011-09-28 00:00:00+00:00,45.9222123512,26.413381142,55.6114115466,81.6264022748,41.4514868133,33.1883568453,,,,,
2011-09-29 00:00:00+00:00,46.2583238629,26.9625830493,55.6047467082,82.2156506195,42.3236828626,33.6994855478,,,,,
2011-09-30 00:00:00+00:00,45.1171080325,26.0450928042,55.8113566984,80.2618271608,41.0819122162,32.9432951386,,,,,
2011-10-03 00:00:00+00:00,43.6241475969,25.2632877362,56.1270434337,77.7962880343,38.9531625368,31.8650236293,,,,,
2011-10-04 00:00:00+00:00,44.7184641466,25.5540416871,55.9065443345,79.5020069268,41.111478184,32.5792034602,,,,,
2011-10-05 00:00:00+00:00,45.6330001202,25.9934032129,55.6659998626,81.0836735363,41.7619294749,33.146346267,,,,,
2011-10-06 00:00:00+00:00,46.5162699067,26.8204366733,55.6325909082,82.64983361029999,42.7449979033,33.7688030019,,,,,
2011-10-07 00:00:00+00:00,46.0941763804,26.6007559104,55.5123186723,82.0140656595,41.6880145555,33.440420315,,,,,
2011-10-10 00:00:00+00:00,47.6809353774,27.5763969458,55.4321371817,84.7897354937,43.4397981459,34.5747059287,,,,,
2011-10-11 00:00:00+00:00,47.7200181113,27.4471729676,55.4054100181,84.75872242290001,43.5432790331,34.4906847721,,,,,
2011-10-12 00:00:00+00:00,48.1733778247,28.1514436487,55.3920464363,85.5340491922,44.193730324,34.9184924944,,,,,
2011-10-13 00:00:00+00:00,48.1108454505,28.060922252,55.4588643452,85.4099969091,44.0163345174,34.7077394266,,,,,
2011-10-14 00:00:00+00:00,48.9862986902,28.4745035942,55.3586374819,86.8210916293,44.836790123,35.211866366,,,,,
2011-10-17 00:00:00+00:00,47.9935972487,27.6474701338,55.5524094176,85.1929054137,43.5432790331,34.46267772,,,,,
2011-10-18 00:00:00+00:00,48.9628490498,28.2225168367,55.4922732996,86.8986243062,44.8959220585,35.3729069161,,,,,
2011-10-19 00:00:00+00:00,48.3140756668,27.6603925316,55.6392726991,85.8131668292,44.2898197193,35.0368222899,,,,,
2011-10-20 00:00:00+00:00,48.5329389768,27.6539313327,55.6125455355,86.2008302138,44.44504105,35.2608787074,,,,,
2011-10-21 00:00:00+00:00,49.4474749504,28.3178195206,55.525682254,87.8600295002,45.4281094784,35.9050409077,,,,,
2011-10-24 00:00:00+00:00,50.2760289094,28.9074039211,55.5657729994,88.976500048,46.7807525039,36.3461519797,,,,,
2011-10-25 00:00:00+00:00,49.2489346621,28.403430406200002,55.8530900074,87.2552746201,45.6202882689,35.6109668598,,,,,
2011-10-26 00:00:00+00:00,49.7835864621,28.7846411418,55.7127723988,88.092627531,46.248565084,36.1150937992,,,,,
2011-10-27 00:00:00+00:00,51.5032267544,30.2061695139,55.6392726991,91.1319084668,48.5399275862,37.3824129108,,,,,
2011-10-28 00:00:00+00:00,51.5501260351,29.9670405423,55.6259091173,91.2249476791,48.2516594004,37.3684093847,,,,,
2011-10-31 00:00:00+00:00,50.2447627223,28.7135679538,55.8731353801,88.8834608357,47.0098887541,36.3251466906,,,,,
2011-11-01 00:00:00+00:00,48.9081332224,27.7443881174,56.2874338103,86.526467457,45.3689775429,35.2608787074,,,,,
2011-11-02 00:00:00+00:00,49.713237541,28.2929439048,56.253941347,87.891042571,46.3890034309,35.8840356186,,,,,
2011-11-03 00:00:00+00:00,50.6824893421,28.9526323135,56.1132730011,89.5192287866,47.5494676659,36.5141942929,,,,,
2011-11-04 00:00:00+00:00,50.4089102047,28.55849918,56.1936549131,89.0044118117,47.2242420204,36.2551290601,,,,,
2011-11-07 00:00:00+00:00,50.6668562486,28.7911023407,56.2070518984,89.5192287866,47.3572888754,36.5422013451,,,,,
2011-11-08 00:00:00+00:00,51.2765468977,29.065315622500002,56.0328910892,90.5891797282,47.9264337549,37.0043177062,,,,,
2011-11-09 00:00:00+00:00,49.3224102019,27.5376297523,56.0998760158,87.3173007617,45.7755095997,35.6039650967,,,,,
2011-11-10 00:00:00+00:00,49.7601368217,27.8865344934,56.0328910892,88.1081340664,46.1450841968,35.9820603013,,,,,
2011-11-11 00:00:00+00:00,50.7450217164,28.55849918,55.9927001333,89.8324608014,47.2693301213,36.6472277908,,,,,
2011-11-14 00:00:00+00:00,50.2447627223,28.1255988531,55.9967192289,88.9609935126,46.5294417778,36.2201202449,,,,,
2011-11-15 00:00:00+00:00,50.5496080468,28.2095944389,55.9659061627,89.4261895742,47.0098887541,36.3461519797,,,,,
2011-11-16 00:00:00+00:00,49.7054209942,27.485940161,56.0730820452,87.9840817833,46.3076970195,35.7369985946,,,,,
2011-11-17 00:00:00+00:00,48.8925001288,27.0853458286,56.0462880746,86.5729870631,45.479849922,35.2398734182,,,,,
2011-11-18 00:00:00+00:00,48.8221512077,27.1564190166,56.0127956113,86.44893478,45.7681181077,35.2678804704,,,,,
2011-11-21 00:00:00+00:00,47.9154317809,26.561988717,55.999398626,84.8982812414,44.836790123,34.5466988765,,,,,
2011-11-22 00:00:00+00:00,47.6887519242,26.2970795617,56.0596850599,84.4485917152,44.4672155259,34.3296442221,,,,,
2011-11-23 00:00:00+00:00,46.6241382523,25.6341605536,56.1199714938,82.6653401457,43.166312944,33.5384449977,,,,,
2011-11-25 00:00:00+00:00,46.4771871728,25.4829684991,56.0409292804,82.4172355795,42.8115213308,33.5244414716,,,,,
2011-11-28 00:00:00+00:00,47.876349047,26.6395231039,56.0395895819,84.882774706,44.4302580662,34.4136653786,,,,,
2011-11-29 00:00:00+00:00,48.0248634359,26.7034889731,55.95920767,85.1308792722,44.4302580662,34.5677041657,,,,,
2011-11-30 00:00:00+00:00,50.0571655995,28.1062152563,55.8386348021,88.6198497341,46.9433653266,36.1220955622,,,,,
2011-12-01 00:00:00+00:00,50.0571655995,27.8348449021,55.820810783,88.5578235926,46.5663992375,36.0100673535,,,,,
2011-12-02 00:00:00+00:00,50.0337159591,27.8993922792,56.0021125864,88.5113039864,46.7253163143,36.1010902731,,,,,
2011-12-05 00:00:00+00:00,50.580874234,28.1902108422,56.008827468,89.4727091804,47.3351143996,36.4861872407,,,,,
2011-12-06 00:00:00+00:00,50.6043238743,28.0480644661,55.9349637703,89.5502418573,47.3617237705,36.5982154495,,,,,
2011-12-07 00:00:00+00:00,50.7372051696,28.2160556378,56.008827468,89.8448660297,47.4829442384,36.7522542365,,,,,
2011-12-08 00:00:00+00:00,49.5881727925,27.2274922046,56.136410218500004,87.9065491064,45.9381224224,35.889637029,,,,,
2011-12-09 00:00:00+00:00,50.471442579,27.8606896978,56.0021125864,89.3951765035,47.1872845607,36.4931890037,,,,,
2011-12-12 00:00:00+00:00,49.6976044475,27.0588549131,56.0625465208,88.1081340664,46.4703098423,35.9190444338,,,,,
2011-12-13 00:00:00+00:00,49.1660792662,26.6072171093,56.2035590345,87.2707811555,45.6720287125,35.6319721489,,,,,
2011-12-14 00:00:00+00:00,48.6032878978,26.3810751475,56.3109971402,86.2938694262,45.095492341,35.3729069161,,,,,
2011-12-15 00:00:00+00:00,48.7830684738,26.4650707333,56.2841376138,86.6195066693,45.6424627447,35.5899615706,,,,,
2011-12-16 00:00:00+00:00,48.9472159563,26.4650707333,56.4385798907,86.6815328108,45.9381224224,35.6599792011,,,,,
2011-12-19 00:00:00+00:00,48.3766080411,26.1484719868,56.4184352459,85.7976602938,45.1250583088,35.204864603,,,,,
2011-12-20 00:00:00+00:00,49.893018117,26.9755054472,56.3042822586,88.3562386326,46.8251014555,36.241125534,,,,,
2011-12-21 00:00:00+00:00,49.9875983331,26.9309231747,56.1498399817,88.6198497341,47.1798930688,36.535199582,,,,,
2011-12-22 00:00:00+00:00,50.5064191367,27.1909642749,56.2572780874,89.457202645,47.6159910934,36.9903141801,,,,,
2011-12-23 00:00:00+00:00,50.8916042788,27.3509228902,56.3285397684,90.159648698,47.8244311661,37.2829878755,,,,,
2011-12-27 00:00:00+00:00,50.8994652,27.2909800827,56.1932809384,90.2532400288,47.8999474004,37.254764569,,,,,
2011-12-28 00:00:00+00:00,50.27845242,26.7375592797,56.4096950664,89.145742614,47.0315107063,36.8173033184,,,,,
2011-12-29 00:00:00+00:00,50.7736904598,27.1442902313,56.4570356569,89.9568674812,47.628088957,37.2053737827,,,,,
2011-12-30 00:00:00+00:00,50.545723743,27.2709769211,56.4976133059,89.6136992682,47.3260240199,37.0360339437,,,,,
2012-01-03 00:00:00+00:00,51.2610675783,28.0651024349,56.3217768269,90.9395764549,48.1189444798,37.6075559002,,,,,
2012-01-04 00:00:00+00:00,51.2846503421,27.937748973,56.3488285929,91.0955620063,47.945257141,37.6005000735,,,,,
2012-01-05 00:00:00+00:00,51.5126170588,27.6310338291,56.3285397684,91.3919345539,48.2473220781,37.7345607794,,,,,
2012-01-06 00:00:00+00:00,51.3947032398,27.2709769211,56.3623544759,91.2047518923,48.2171155844,37.6216675534,,,,,
2012-01-09 00:00:00+00:00,51.5126170588,27.4376699341,56.4096950664,91.3451388885,48.3832512998,37.741616606,,,,,
2012-01-10 00:00:00+00:00,52.0235769411,27.8644040473,56.3826433004,92.1250666454,49.0704490317,38.115575417,,,,,
2012-01-11 00:00:00+00:00,52.1179079963,27.8043945626,56.5179021304,92.2186579762,49.2818944876,38.1931895099,,,,,
2012-01-12 00:00:00+00:00,52.2436827366,27.9177458114,56.4367468324,92.421439193,49.4178237093,38.2637477761,,,,,
2012-01-13 00:00:00+00:00,51.9999941773,27.6510369907,56.60582037,92.0314753146,49.0326909145,38.0732404573,,,,,
2012-01-17 00:00:00+00:00,52.1179079963,27.9644198551,56.5584797795,92.2810521968,49.0326909145,38.0944079371,,,,,
2012-01-18 00:00:00+00:00,52.7467816976,28.5311760992,56.5449538965,93.3105568359,49.8407146213,38.5248133611,,,,,
2012-01-19 00:00:00+00:00,53.0690794695,28.837891243,56.4908503644,93.8097106003,50.1276763115,38.6659298936,,,,,
2012-01-20 00:00:00+00:00,53.0848013121,28.9779133739,56.3826433004,93.8097106003,50.3089152738,38.7999905994,,,,,
2012-01-23 00:00:00+00:00,53.0995012348,29.1512741074,56.3150138854,93.9033019312,50.2560539098,38.7823510329,,,,,
2012-01-24 00:00:00+00:00,53.0926622333,28.9845810944,56.3285397684,93.7629149349,50.4826026126,38.6941532001,,,,,
2012-01-25 00:00:00+00:00,53.5800393519,29.351305723,56.4908503644,94.5896383572,50.9508032651,38.8776046923,,,,,
2012-01-26 00:00:00+00:00,53.3049071075,29.3246348409,56.6396350775,94.106083148,50.7393578091,38.602427454,,,,,
2012-01-27 00:00:00+00:00,53.3442117139,29.3979797666,56.7410792,93.9812947068,51.1018357337,38.5671483209,,,,,
2012-01-30 00:00:00+00:00,53.1319668397,29.0929315529,56.808708615,93.6693236041,50.7091513154,38.3836968287,,,,,
2012-01-31 00:00:00+00:00,53.1083840759,29.2712930767,56.8560492055,93.6225279387,50.6260834577,38.3201943891,,,,,
2012-02-01 00:00:00+00:00,53.7215359347,29.7046949104,56.7980164045,94.5116455815,51.6682074907,38.7223765066,,,,,
2012-02-02 00:00:00+00:00,53.8158669899,29.8047107182,56.8861489198,94.6988282432,51.8192399593,38.7858789462,,,,,
2012-02-03 00:00:00+00:00,54.617680959,30.2381125519,56.811575253,96.0403039851,52.8311574986,39.3574009026,,,,,
2012-02-06 00:00:00+00:00,54.586237274,30.071419539,56.83869295,95.8999169888,52.6574701597,39.3291775961,,,,,
2012-02-07 00:00:00+00:00,54.7120120142,30.2047739493,56.7641192832,96.1962895365,52.7178831471,39.4209033422,,,,,
2012-02-08 00:00:00+00:00,54.8299258332,30.3381283597,56.6963250407,96.3990707532,52.8009510048,39.5337965682,,,,,
2012-02-09 00:00:00+00:00,54.9163959672,30.3314606392,56.7031044649,96.5082606392,52.6876766534,39.5267407416,,,,,
2012-02-10 00:00:00+00:00,54.4840452975,29.7980429977,56.7403912983,95.8531213234,52.0155821684,39.2162843702,,,,,
2012-02-13 00:00:00+00:00,54.9006741246,30.1330292766,56.7370015862,96.5862534149,52.5517474317,39.463238302,,,,,
2012-02-14 00:00:00+00:00,54.822064912,29.9247296876,56.811575253,96.4521058407,52.3100954821,39.3427247833,,,,,
2012-02-15 00:00:00+00:00,54.586237274,30.0447486569,56.7370015862,96.0247054299,51.9476175575,39.1668935838,,,,,
2012-02-16 00:00:00+00:00,55.2386937391,30.3381283597,56.7437810105,97.0698086242,52.9670867202,39.6890247539,,,,,
2012-02-17 00:00:00+00:00,55.3173029517,30.5248245342,56.6149719496,97.3037869513,53.0350513311,39.8583645929,,,,,
2012-02-21 00:00:00+00:00,55.2937201879,30.5248245342,56.5810748284,97.3661811718,52.7843374333,39.8513087662,,,,,
2012-02-22 00:00:00+00:00,55.1207799201,30.458147329,56.7708987075,97.0386115139,52.2647857415,39.6325781409,,,,,
2012-02-23 00:00:00+00:00,55.4273558495,30.6448435036,56.7980164045,97.506568168,52.838709122,39.7948621533,,,,,
2012-02-24 00:00:00+00:00,55.5059650621,30.8448751191,56.83869295,97.6469551643,52.7103315237,39.8230854598,,,,,
2012-02-27 00:00:00+00:00,55.5531305897,30.5648308573,56.9403843139,97.8185392708,52.6876766534,39.9557350003,,,,,
2012-02-28 00:00:00+00:00,55.7103490151,30.9382232064,56.9336048896,98.1617074838,52.5019067171,40.0135927786,,,,,
2012-02-29 00:00:00+00:00,55.3487466368,30.6048371805,56.8793694956,97.6313566092,51.9174110638,39.8089738065,,,,,
2012-03-01 00:00:00+00:00,55.7732363852,31.0182358526,56.7881252245,98.2708973698,52.1590630135,40.0488719117,,,,,
2012-03-02 00:00:00+00:00,55.4981041409,30.6848498267,56.903644924,98.0057219325,51.5549331393,39.9289228591,,,,,
2012-03-05 00:00:00+00:00,55.2465546603,30.444811888,56.7881252245,97.5845609437,51.5247266456,39.8230854598,,,,,
2012-03-06 00:00:00+00:00,54.3582705572,29.544669618,56.8832590947,96.0559025402,50.5581188469,39.1668935838,,,,,
2012-03-07 00:00:00+00:00,54.8299258332,29.8980588055,56.8968496476,96.820231742,51.0338711228,39.4773499552,,,,,
2012-03-08 00:00:00+00:00,55.3959121644,30.5581631368,56.8085110538,97.7561450503,51.5931443539,39.7948621533,,,,,
2012-03-09 00:00:00+00:00,55.6710444087,30.4781504906,56.7541488423,98.1305103736,52.2270276244,39.9289228591,,,,,
2012-03-12 00:00:00+00:00,55.6317398024,30.3314606392,56.794920501,98.177306039,52.060891909,39.9853694721,,,,,
2012-03-13 00:00:00+00:00,56.6615204883,30.8515428396,56.6250385899,99.9399427696,53.2011870465,40.7685662272,,,,,
2012-03-14 00:00:00+00:00,56.5436066693,30.5248245342,56.2920700443,99.8619499939,52.8085026283,40.6486171746,,,,,
2012-03-15 00:00:00+00:00,56.8737653625,30.7841988624,56.3056605971,100.3767023135,53.3295646448,40.9167385863,,,,,
2012-03-16 00:00:00+00:00,56.9602354964,30.9248877653,56.2988653207,100.5170893097,53.3144613979,40.9802410259,,,,,
2012-03-19 00:00:00+00:00,57.1724803706,30.9915649705,56.149369239,100.9382502984,53.6844909459,41.069850024,,,,,
2012-03-20 00:00:00+00:00,56.975957339,30.6048371805,56.1629597919,100.6574763059,53.2540484105,40.9520177194,,,,,
2012-03-21 00:00:00+00:00,56.9130699688,30.5314922547,56.3260464265,100.5014907546,53.1256708122,40.8673477999,,,,,
2012-03-22 00:00:00+00:00,56.4571365354,30.1781030673,56.4075897438,99.7215629977,52.5213143893,40.4933889889,,,,,
2012-03-23 00:00:00+00:00,56.6851032521,30.3781346828,56.5095188904,100.1115268761,52.9740719668,40.6853780313,,,,,
2012-03-26 00:00:00+00:00,57.4696231945,30.8375406266,56.502723614,101.4608018955,53.7899875076,41.2074386432,,,,,
2012-03-27 00:00:00+00:00,57.2801628982,30.6581789446,56.5978574841,101.1787922547,53.5180156607,41.0300039263,,,,,
2012-03-28 00:00:00+00:00,56.9959724539,30.4048055649,56.5842669313,100.6931089844,53.3291463225,40.8243925764,,,,,
2012-03-29 00:00:00+00:00,56.8933481267,30.2247771109,56.7065819072,100.5207697594,53.2384890402,40.7461083793,,,,,
2012-03-30 00:00:00+00:00,57.0433375279,30.4360104969,56.5910622077,100.849781007,53.1704960784,40.9377378735,,,,,
2012-04-02 00:00:00+00:00,57.5248824476,30.8448751191,56.5623793458,101.664475525,53.6615563577,41.1932438658,,,,,
2012-04-03 00:00:00+00:00,57.3354221513,30.3848024033,56.3511222664,101.2727954683,53.4500226989,40.9661274282,,,,,
2012-04-04 00:00:00+00:00,56.6959936515,29.724698072,56.5078613898,100.207425714,52.6794357992,40.5793197455,,,,,
2012-04-05 00:00:00+00:00,56.6565227564,29.6913594694,56.6168973018,100.1760913095,52.3999091788,40.4125311116,,,,,
2012-04-09 00:00:00+00:00,55.9934117196,29.4397863742,56.8145248923,99.0637199484,51.6293222791,39.9370060705,,,,,
2012-04-10 00:00:00+00:00,54.9434859112,28.8979007277,56.9780787603,97.3403276987,50.465887156,39.2201698144,,,,,
2012-04-11 00:00:00+00:00,55.4013482938,29.2646253562,56.8963018263,98.1393550145,51.1155976793,39.5679418594,,,,,
2012-04-12 00:00:00+00:00,56.2381312689,29.8313816003,56.9031165708,99.4867344096,51.9692870878,40.0860512326,,,,,
2012-04-13 00:00:00+00:00,55.551337695,29.2979639588,57.0462262053,98.2960270372,51.1533715469,39.5679418594,,,,,
2012-04-16 00:00:00+00:00,55.4960784419,29.4179829281,57.0462262053,98.1863566213,51.4404529409,39.7524739649,,,,,
2012-04-17 00:00:00+00:00,56.340755596,29.8447170413,57.0394114608,99.6904080391,52.2110398406,40.2634859495,,,,,
2012-04-18 00:00:00+00:00,56.1434011208,29.6513531463,57.0802999278,99.3457295892,51.7350891084,40.0860512326,,,,,
2012-04-19 00:00:00+00:00,55.8197397813,29.5713405001,57.0666704388,98.7033742962,51.5613293173,39.9299086818,,,,,
2012-04-20 00:00:00+00:00,55.9065757505,29.7180303515,57.0598556943,98.8600463189,51.8937393525,40.0150773459,,,,,
2012-04-23 00:00:00+00:00,55.4250308308,29.2379544741,57.1280031393,98.0140173963,51.214414117,39.7311817989,,,,,
2012-04-24 00:00:00+00:00,55.6065969481,29.3979797666,57.0598556943,98.3743630485,51.6745753725,40.0647590666,,,,,
2012-04-25 00:00:00+00:00,56.4275915651,29.7913752772,57.0462262053,99.7530768482,52.3696900846,40.3912389456,,,,,
2012-04-26 00:00:00+00:00,56.8380888737,29.8647202029,57.1211883948,100.442433748,52.762538308,40.6964266586,,,,,
2012-04-27 00:00:00+00:00,56.9722899168,29.9580682901,57.1552621173,100.6461073775,53.1478317579,40.7035240473,,,,,
2012-04-30 00:00:00+00:00,56.6802052935,29.8047107182,57.1893358398,100.207425714,52.6416619316,40.5615762738,,,,,
2012-05-01 00:00:00+00:00,57.0433375279,29.9714037312,57.1068849276,100.8654482093,52.7172096669,40.8951535415,,,,,
2012-05-02 00:00:00+00:00,56.9170306638,29.7313657925,57.1964293734,100.5521041639,52.7700930815,40.6893292699,,,,,
2012-05-03 00:00:00+00:00,56.4196973861,29.4513215307,57.2715620129,99.8157456573,52.1506016524,40.4125311116,,,,,
2012-05-04 00:00:00+00:00,55.4802900839,29.0579260201,57.3330341724,98.1863566213,51.2969122439,39.858934795,,,,,
2012-05-07 00:00:00+00:00,55.519760979,29.2046158715,57.3125434526,98.2646926326,51.3951242998,39.9086165158,,,,,
2012-05-08 00:00:00+00:00,55.3145123247,28.8045526404,57.3671853722,97.8416781714,51.455562488,39.7524739649,,,,,
2012-05-09 00:00:00+00:00,54.9829568063,28.4311602914,57.3330341724,97.2933260919,51.1080429057,39.4472862519,,,,,
2012-05-10 00:00:00+00:00,55.1250520284,28.5645147018,57.2988829727,97.4656653169,51.2742479233,39.6885974669,,,,,
2012-05-11 00:00:00+00:00,54.9750626273,28.3911539683,57.3398644124,97.1523212715,51.1458167734,39.5182601387,,,,,
2012-05-14 00:00:00+00:00,54.3514224854,27.8043945626,57.4423180117,96.1182859217,50.5263253442,39.0569298748,,,,,
2012-05-15 00:00:00+00:00,54.0593378621,27.4776762572,57.4559784916,95.5856010446,50.3374560061,38.7943264939,,,,,
2012-05-16 00:00:00+00:00,53.8067241337,27.1976319954,57.4218272918,95.1782537856,49.9446077827,38.6452813317,,,,,
2012-05-17 00:00:00+00:00,52.8752110105,26.857578249,57.4696389715,93.7368711768,48.7660631126,38.1058797925,,,,,
2012-05-18 00:00:00+00:00,52.433136986,26.6442111924,57.4354877718,93.0005126702,48.2523385128,37.8290816342,,,,,
2012-05-21 00:00:00+00:00,53.4041210042,27.1576256723,57.4423180117,94.5672328971,49.2170075444,38.2406592034,,,,,
2012-05-22 00:00:00+00:00,53.4199093622,27.0776130261,57.3466946524,94.7709065266,49.0984731477,38.3258988414,,,,,
2012-05-23 00:00:00+00:00,53.5146395104,26.8642459695,57.3876760921,94.7709065266,49.4006640888,38.2549249546,,,,,
2012-05-24 00:00:00+00:00,53.6172638375,26.7442270002,57.3262039325,94.9432457515,49.6121977475,38.4110675055,,,,,
2012-05-25 00:00:00+00:00,53.4909569733,26.6175403103,57.394506332,94.7239049198,49.5593143328,38.3542883961,,,,,
2012-05-29 00:00:00+00:00,54.1382796522,27.0309389825,57.394506332,95.8049418764,50.2619082708,38.7233526072,,,,,
2012-05-30 00:00:00+00:00,53.2857083191,26.4841858999,57.6130740106,94.4262280767,49.3251163535,38.1839510679,,,,,
2012-05-31 00:00:00+00:00,53.1515072759,26.5775339872,57.7223578498,94.1912200426,49.3160506253,38.1626589019,,,,,
2012-06-01 00:00:00+00:00,51.7858143071,25.9374328174,57.9245575413,91.888141309,47.9274832512,37.2612905402,,,,,
2012-06-04 00:00:00+00:00,51.7384492331,26.1241289919,57.7808071622,91.8568069045,47.6630661777,37.1193427668,,,,,
2012-06-05 00:00:00+00:00,52.1331581836,26.2974897254,57.6644378076,92.3894917817,48.1843455511,37.4387252571,,,,,
2012-06-06 00:00:00+00:00,53.3488617511,27.050942144,57.5549137092,94.5985673016,49.3553354476,38.290411898,,,,,
2012-06-07 00:00:00+00:00,53.2857083191,27.050942144,57.5754494777,94.5829000994,49.1664661095,38.3400936187,,,,,
2012-06-08 00:00:00+00:00,53.7514648807,26.870913690000002,57.6096757584,95.3662602128,49.6605482981,38.6452813317,,,,,
2012-06-11 00:00:00+00:00,53.0015178747,26.6442111924,57.6575925515,94.2068872449,48.6225224156,38.2123406226,,,,,
2012-06-12 00:00:00+00:00,53.5777929424,27.1109516287,57.5686042215,95.3035914037,49.2042399771,38.6381839431,,,,,
2012-06-13 00:00:00+00:00,53.1830839919,26.8975845721,57.6918188322,94.676903313,48.7282892449,38.4820413922,,,,,
2012-06-14 00:00:00+00:00,53.7356765226,27.0642775851,57.6575925515,95.726605865,49.2571233918,38.9291768787,,,,,
2012-06-15 00:00:00+00:00,54.2882690534,27.449005059,57.7876524183,96.5726347875,49.748183671,39.3053384784,,,,,
2012-06-18 00:00:00+00:00,54.4461526336,27.4376699341,57.7944976745,96.776308417,49.8161766327,39.2414619804,,,,,
2012-06-19 00:00:00+00:00,55.0224277013,27.9310812525,57.7191998568,97.76334216,50.5640992119,39.6602079122,,,,,
2012-06-20 00:00:00+00:00,54.9198033742,27.951084414,57.6096757584,97.6066701373,50.5112157972,39.5963314141,,,,,
2012-06-21 00:00:00+00:00,53.6804172696,27.1776288339,57.7055093445,95.4602634264,49.3553354476,38.8156186599,,,,,
2012-06-22 00:00:00+00:00,54.1145971151,27.4710085367,57.58913999,96.1496203263,49.8388409533,39.0498324862,,,,,
2012-06-25 00:00:00+00:00,53.2351855734,26.7442270002,57.7397356253,94.6299017062,49.0758088272,38.4238428051,,,,,
2012-06-26 00:00:00+00:00,53.4891020942,26.9829313947,57.6781283199,95.0866705393,49.2873424859,38.6168555969,,,,,
2012-06-27 00:00:00+00:00,54.0048700272,27.1709611134,57.7397356253,95.9372056079,50.0126007444,39.0243270461,,,,,
2012-06-28 00:00:00+00:00,53.8937815493,27.1376225108,57.8013429306,95.716696516,50.2467987237,39.0529215338,,,,,
2012-06-29 00:00:00+00:00,55.3061921965,28.1644514706,57.7602713937,98.0950445782,51.5235554497,39.989391005,,,,,
2012-07-02 00:00:00+00:00,55.4569551308,28.3154753404,57.8816124578,98.3628056183,51.9617323142,40.0465799803,,,,,
2012-07-03 00:00:00+00:00,55.9092439335,28.5578469812,57.7992870638,99.0085822445,52.5887785169,40.2753358817,,,,,
2012-07-05 00:00:00+00:00,55.6791320865,28.2177932348,57.9639378518,98.5833147102,52.5736689699,39.9679451392,,,,,
2012-07-06 00:00:00+00:00,55.1554292623,27.9110780909,58.0188214479,97.6697770439,52.173265973,39.6748516406,,,,,
2012-07-09 00:00:00+00:00,55.0205361106,27.8043945626,58.1285886399,97.5437718486,51.9315132201,39.574770933799996,,,,,
2012-07-10 00:00:00+00:00,54.5285728515,27.6243661086,58.1834722359,96.6459848317,51.4857815821,39.2602315694,,,,,
2012-07-11 00:00:00+00:00,54.4888983951,27.7243819164,58.1011468419,96.6617354811,51.4328981674,39.3889067639,,,,,
2012-07-12 00:00:00+00:00,54.2746563306,27.3709927289,58.210914034,96.1577146998,51.183590641,39.2316370817,,,,,
2012-07-13 00:00:00+00:00,55.1236896972,27.814596175,58.2177744835,97.7957822393,51.9215409191,39.8750130543,,,,,
2012-07-16 00:00:00+00:00,54.9887965455,27.7777236806,58.252076731,97.5752731474,51.8030820702,39.810675457,,,,,
2012-07-17 00:00:00+00:00,55.3538015442,27.9710875756,58.2314953825,98.2683017218,52.0070609554,40.1538093091,,,,,
2012-07-18 00:00:00+00:00,55.750546108,28.0577679423,58.3275416755,98.9770809457,52.2337041612,40.3611193447,,,,,
2012-07-19 00:00:00+00:00,55.8457648033,28.3244767631,58.3138207765,99.2290913364,51.9541775407,40.2824845036,,,,,
2012-07-20 00:00:00+00:00,55.3379317616,27.8043945626,58.4235879685,98.3155536701,51.4328981674,39.9536478954,,,,,
2012-07-23 00:00:00+00:00,54.7269451334,27.2509737596,58.4510297666,97.3390134061,50.7605233235,39.6176626653,,,,,
2012-07-24 00:00:00+00:00,54.2349818742,27.0109358209,58.5196342616,96.5672315846,50.1485866679,39.2316370817,,,,,
2012-07-25 00:00:00+00:00,54.2429167655,27.1242870697,58.5607969586,96.504228987,50.1108128003,39.2888260571,,,,,
2012-07-26 00:00:00+00:00,55.0681454582,27.8310654447,58.5196342616,98.0792939288,50.5716539854,39.8821616762,,,,,
2012-07-27 00:00:00+00:00,56.1552255631,28.477834335,58.3000998775,99.969371859,51.5839936379,40.6041724899,,,,,
2012-07-30 00:00:00+00:00,56.0996813242,28.3978216888,58.4098670695,99.9221199108,51.4782268085,40.5827266241,,,,,
2012-07-31 00:00:00+00:00,55.7902205644,28.2511318374,58.4716111151,99.2763432846,51.3044670174,40.4612000515,,,,,
2012-08-01 00:00:00+00:00,55.5680436087,28.2311286758,58.4011083337,99.1660887387,50.6925303618,40.3468221008,,,,,
2012-08-02 00:00:00+00:00,55.1871688274,27.9110780909,58.5111174852,98.4730601643,50.4356680619,39.9600816551,,,,,
2012-08-03 00:00:00+00:00,56.3059884974,28.7378754352,58.2979747541,100.3946393933,51.5084459026,40.7399963063,,,,,
2012-08-06 00:00:00+00:00,56.4488165403,28.9245716098,58.3529793299,100.6624004334,51.7501986555,40.8043339035,,,,,
2012-08-07 00:00:00+00:00,56.7900168652,29.1446063869,58.2017167465,101.1191692666,52.1052730112,40.9616035857,,,,,
2012-08-08 00:00:00+00:00,56.8614308867,29.1046000638,58.1879656025,101.2294238125,52.1959302935,41.0688329145,,,,,
2012-08-09 00:00:00+00:00,56.9090402344,29.1512741074,58.1535877427,101.3396783584,52.3696900846,41.111724646,,,,,
2012-08-10 00:00:00+00:00,57.0201287122,29.2512899152,58.2223434624,101.4971848526,52.2790328023,41.2118053528,,,,,
2012-08-13 00:00:00+00:00,56.9725193646,29.0979323432,58.2292190344,101.4184316055,52.1657111994,41.1188732679,,,,,
2012-08-14 00:00:00+00:00,56.956649582,29.18461271,58.0848320229,101.4656835538,52.0221705024,41.1188732679,,,,,
2012-08-15 00:00:00+00:00,57.0836078425,29.1512741074,57.8785648638,101.5759380997,52.3923544052,41.1260218898,,,,,
2012-08-16 00:00:00+00:00,57.5200268627,29.4579892512,57.816684716,102.2689666741,52.8078669492,41.3476291692,,,,,
2012-08-17 00:00:00+00:00,57.6311153405,29.4713246923,57.9129427236,102.5052264154,53.1327222108,41.3619264131,,,,,
2012-08-20 00:00:00+00:00,57.6231804492,29.4179829281,57.8854404357,102.4737251166,53.049619702,41.3976695227,,,,,
2012-08-21 00:00:00+00:00,57.5041570801,29.544669618,57.9885740153,102.1587121282,53.0949483432,41.3118860597,,,,,
2012-08-22 00:00:00+00:00,57.4327430586,29.544669618,58.2223434624,102.1744627776,52.8456408168,41.2403998405,,,,,
2012-08-23 00:00:00+00:00,57.0042589297,29.351305723,58.2498457503,101.3711796573,52.475456914,40.9115632323,,,,,
2012-08-24 00:00:00+00:00,57.329589472,29.3379702819,58.2498457503,102.001205634,52.6114428375,41.1546163775,,,,,
2012-08-27 00:00:00+00:00,57.3216545807,29.2979639588,58.3392281859,102.001205634,52.6341071581,41.0974274021,,,,,
2012-08-28 00:00:00+00:00,57.3137196895,29.1246032253,58.3598549018,101.9067017375,52.8607503639,41.0902787802,,,,,
2012-08-29 00:00:00+00:00,57.385133711,29.0112519765,58.311725898,102.001205634,53.049619702,41.111724646,,,,,
2012-08-30 00:00:00+00:00,56.956649582,28.6845336711,58.3598549018,101.2294238125,52.6416619316,40.8686715008,,,,,
2012-08-31 00:00:00+00:00,57.2978499069,28.9845810944,58.566122061,101.7649458927,52.8380860433,41.0616842926,,,,,
2012-09-04 00:00:00+00:00,57.2581754505,28.7845494789,58.5274545318,101.4971848526,53.3669201901,40.9759008295,,,,,
2012-09-05 00:00:00+00:00,57.2581754505,28.711204553199998,58.5274545318,101.4971848526,53.321591549,41.0116439391,,,,,
2012-09-06 00:00:00+00:00,58.4007997943,29.3979797666,58.3896455972,103.6077718747,54.2508286927,41.8408840815,,,,,
2012-09-07 00:00:00+00:00,58.6864558803,29.8580524824,58.3896455972,104.033039409,54.6738960102,42.0839372267,,,,,
2012-09-10 00:00:00+00:00,58.3373206641,29.6246822642,58.4034264906,103.4187640817,54.4925814456,41.883775813,,,,,
2012-09-11 00:00:00+00:00,58.4642789245,29.8713879234,58.3276315766,103.7022757712,54.6890055572,42.0481941171,,,,,
2012-09-12 00:00:00+00:00,58.7102605541,30.0447486569,58.2449462158,104.033039409,54.9911964983,42.1411262021,,,,,
2012-09-13 00:00:00+00:00,59.5910334858,30.638175783,58.3620838102,105.6868575979,55.5729896076,42.8273939061,,,,,
2012-09-14 00:00:00+00:00,59.9084291369,30.9915649705,58.0726850475,106.1278757816,56.3208366389,42.9417718568,,,,,
2012-09-17 00:00:00+00:00,59.6624475073,30.7448593113,58.1553704083,105.8128627933,55.761783398,42.6987187116,,,,,
2012-09-18 00:00:00+00:00,59.5592939207,30.6181726215,58.2242748756,105.7026082473,55.5653592863,42.6415297363,,,,,
2012-09-19 00:00:00+00:00,59.6069032683,30.7315238703,58.3000697897,105.7813614944,55.5502497392,42.6772728458,,,,,
2012-09-20 00:00:00+00:00,59.5275543556,30.5114890932,58.3138506831,105.765610845,55.2933874393,42.7273131993,,,,,
2012-09-21 00:00:00+00:00,59.5434241381,30.5915017394,58.3793099271,105.7026082473,55.3840447217,42.7273131993,,,,,
2012-09-24 00:00:00+00:00,59.411704943,30.496153336,58.4378787243,105.5655775974,55.3009422129,42.718734853,,,,,
2012-09-25 00:00:00+00:00,58.8057071473,30.2385157578,58.5550163187,104.4890240166,54.4774718985,42.3301864814,,,,,
2012-09-26 00:00:00+00:00,58.4149980421,29.967318307,58.6514825729,103.8240938638,54.2055000516,42.1359122956,,,,,
2012-09-27 00:00:00+00:00,58.9970748722,30.4080141645,58.6170303393,104.8373207634,54.6814507837,42.4381165846,,,,,
2012-09-28 00:00:00+00:00,58.7259705952,29.9740982433,58.6721539131,104.3623706542,54.3188216544,42.251037739,,,,,
2012-10-01 00:00:00+00:00,58.8296281129,30.1774963314,58.7165848917,104.5523506979,54.3943693897,42.3733585227,,,,,
2012-10-02 00:00:00+00:00,58.9173383202,30.3130950567,58.7165848917,104.6948357306,54.5379100867,42.4668979455,,,,,
2012-10-03 00:00:00+00:00,59.1326270107,30.1842762676,58.6958711388,105.1222908289,54.4774718985,42.5892187291,,,,,
2012-10-04 00:00:00+00:00,59.5791517023,30.4893733997,58.5992069586,105.9297060144,54.9685321777,42.9849624409,,,,,
2012-10-05 00:00:00+00:00,59.5632043919,30.5436128899,58.5370656999,105.8980426738,54.9685321777,43.0497205028,,,,,
2012-10-08 00:00:00+00:00,59.3319683909,30.2859753117,58.6130161272,105.5814092677,54.756998519,42.9705717605,,,,,
2012-10-09 00:00:00+00:00,58.7339442504,29.9266386894,58.5094473627,104.5523506979,54.2206095986,42.6467814508,,,,,
2012-10-10 00:00:00+00:00,58.3910770765,29.8045998366,58.5992069586,103.8399255341,54.1223975428,42.3661631825,,,,,
2012-10-11 00:00:00+00:00,58.4787872838,30.0012179884,58.6475390487,103.9032522153,54.4019241632,42.416530564,,,,,
2012-10-12 00:00:00+00:00,58.2236303172,29.9605383708,58.6889665545,103.5391237983,53.8806447899,42.1646936565,,,,,
2012-10-15 00:00:00+00:00,58.7020496296,30.2724154391,58.6682528016,104.4098656651,54.1601714104,42.5100699867,,,,,
2012-10-16 00:00:00+00:00,59.3080474253,30.6927714878,58.5508748685,105.4705875756,54.5228005397,42.8914230181,,,,,
2012-10-17 00:00:00+00:00,59.5871253575,30.9368491935,58.4058785982,105.961369355,55.1120728747,43.265580709299996,,,,,
2012-10-18 00:00:00+00:00,59.4675205294,30.882609703299998,58.378260261,105.6922309599,55.0516346865,43.3591201321,,,,,
2012-10-19 00:00:00+00:00,58.4389190078,30.414794100800002,58.4680198569,103.887420545,54.1903905045,42.7115395128,,,,,
2012-10-22 00:00:00+00:00,58.4389190078,30.672431679,58.3851648453,103.9507472262,54.1601714104,42.653976791,,,,,
2012-10-23 00:00:00+00:00,57.6973690736,30.0283377335,58.516351947,102.4309068769,53.8353161488,42.013591512,,,,,
2012-10-24 00:00:00+00:00,57.5378959694,30.1096969687,58.4852813177,102.2092634926,53.7219945459,41.9200520892,,,,,
2012-10-25 00:00:00+00:00,57.6973690736,30.3266549293,58.3920694296,102.4942335581,53.8730900164,42.1071309347,,,,,
2012-10-26 00:00:00+00:00,57.6335798319,30.2046160764,58.5128996549,102.4150752066,53.6691111312,41.9992008315,,,,,
2012-10-31 00:00:00+00:00,57.6654744527,30.218175949,58.6130161272,102.3200851848,53.9410829781,42.0855449141,,,,,
2012-11-01 00:00:00+00:00,58.3910770765,30.5639526987,58.645067898,103.523292128,54.7192246513,42.4884839661,,,,,
2012-11-02 00:00:00+00:00,57.7850792808,30.3402148018,58.6672782959,102.58922358,54.1526166369,42.1215216152,,,,,
2012-11-05 00:00:00+00:00,57.9684733506,30.3334348656,58.7572269476,102.8266986345,54.3519871102,42.1574983162,,,,,
2012-11-06 00:00:00+00:00,58.4070243869,30.5571727624,58.5704105171,103.5866188092,54.8706223128,42.5316560074,,,,,
2012-11-07 00:00:00+00:00,57.0993449331,30.1029170324,58.7087930582,101.3226899555,53.4726870195,41.4667456557,,,,,
2012-11-08 00:00:00+00:00,56.3737423093,29.8045998366,58.7987417099,99.9769979795,52.8531955903,41.0278299026,,,,,
2012-11-09 00:00:00+00:00,56.4295578958,29.8520593905,58.7433886935,100.0878196717,52.8154217227,41.042220583,,,,,
2012-11-12 00:00:00+00:00,56.4614525166,29.8520593905,58.8333373452,100.2303047044,52.6794357992,41.0134392222,,,,,
2012-11-13 00:00:00+00:00,56.246163826,29.6690011112,58.8264182181,99.8661762874,52.3772448582,40.8047743559,,,,,
2012-11-14 00:00:00+00:00,55.4567719606,29.3503441066,58.812579964,98.6471376739,51.3375569255,40.2579284996,,,,,
2012-11-15 00:00:00+00:00,55.3132461669,29.411363533,58.805660837,98.2671775865,51.1155976793,40.1428030562,,,,,
2012-11-16 00:00:00+00:00,55.6162450647,29.411363533,58.7779843287,98.7737910363,51.576438864400004,40.3514679224,,,,,
2012-11-19 00:00:00+00:00,56.7644514144,30.0215577972,58.7779843287,100.7844131651,52.6114428375,41.0494159232,,,,,
2012-11-20 00:00:00+00:00,56.8282406561,29.9808781796,58.688035677,100.8952348573,52.762538308,41.0853926243,,,,,
2012-11-21 00:00:00+00:00,56.9717664498,30.0622374148,58.6257635335,101.1168782415,52.9589624197,41.1789320471,,,,,
2012-11-23 00:00:00+00:00,57.713316384,30.6453119339,58.6396017876,102.3992435363,53.5482347548,41.6826058621,,,,,
2012-11-26 00:00:00+00:00,57.6415534871,30.5571727624,58.6257635335,102.2725901739,53.7219945459,41.5746757589,,,,,
2012-11-27 00:00:00+00:00,57.3385545893,30.3537746744,58.7433886935,101.7818083944,53.6464468106,41.3300341916,,,,,
2012-11-28 00:00:00+00:00,57.793052936,30.5503928261,58.7779843287,102.541728569,53.9335282046,41.6682151817,,,,,
2012-11-29 00:00:00+00:00,58.1279464547,30.8283702132,58.812579964,103.0008470079,54.4321432573,41.812121986,,,,,
2012-11-30 00:00:00+00:00,58.1119991443,30.8419300857,58.7710652017,102.9058569861,54.485026672000004,41.7761452849,,,,,
2012-12-03 00:00:00+00:00,57.8568421777,30.8215902769,58.817565887,102.541728569,54.4019241632,41.6394338208,,,,,
2012-12-04 00:00:00+00:00,57.7771056256,30.9165093846,58.8660952318,102.3517485254,54.4321432573,41.5962617795,,,,,
2012-12-05 00:00:00+00:00,57.8887367985,31.0656679826,58.907691813,102.5733919097,54.4925814456,41.912856749,,,,,
2012-12-06 00:00:00+00:00,58.0721308683,31.1402472815,58.907691813,102.8900253158,54.6210125955,42.0423728728,,,,,
2012-12-07 00:00:00+00:00,58.2395776276,31.1741469629,58.7967675963,103.2066587219,54.7116698778,42.2654284195,,,,,
2012-12-10 00:00:00+00:00,58.3113405245,31.2622861343,58.831431414,103.2699854031,54.9987512718,42.315795801,,,,,
2012-12-11 00:00:00+00:00,58.678128664,31.3775450509,58.7829020693,103.9349155559,55.3689351746,42.5604373683,,,,,
2012-12-12 00:00:00+00:00,58.701969893,31.5267036488,58.6927761432,104.0140739075,55.1649562894,42.6611721313,,,,,
2012-12-13 00:00:00+00:00,58.3671561109,31.4317845411,58.574919163,103.3808070952,54.8401010278,42.3877492031,,,,,
2012-12-14 00:00:00+00:00,58.1199727995,31.5334835851,58.6095829807,103.0483420188,54.7796628396,42.2965842426,,,,,
2012-12-17 00:00:00+00:00,58.8455754233,31.6894221193,58.5069780803,104.2832123027,55.4520376834,42.7762975747,,,,,
2012-12-18 00:00:00+00:00,59.531309771,31.9334998249,58.3738690203,105.3439342131,56.1848507155,43.2439946886,,,,,
2012-12-19 00:00:00+00:00,59.1645216316,31.9945192514,58.498658764,104.5681823682,56.2679532242,42.95618108,,,,,
2012-12-20 00:00:00+00:00,59.4874546674,32.2019853012,58.5125242911,105.2172808507,56.6910205417,43.2439946886,,,,,
2012-12-21 00:00:00+00:00,58.9814177184,31.9133631538,58.5957174536,104.2357172917,56.3661652801,42.8482509768,,,,,
2012-12-24 00:00:00+00:00,58.7806094054,31.8102838154,58.6114825579,103.9349155559,56.1047701161,42.6827581519,,,,,
2012-12-26 00:00:00+00:00,58.499477767,31.8446435949,58.6565844254,103.4405948468,55.7947561909,42.566673819,,,,,
2012-12-27 00:00:00+00:00,58.4512837719,32.0095705362,58.7092265431,103.3449198708,55.7250030577,42.4723552985,,,,,
2012-12-28 00:00:00+00:00,57.8167295026,31.7827959919,58.7231899696,102.1968201592,55.3142346068,41.9935074253,,,,,
2012-12-31 00:00:00+00:00,58.8609327306,32.3462963749,58.6673362638,103.9508613853,56.3062791675,42.6609923395,,,,,
2013-01-02 00:00:00+00:00,60.3549465799,32.841077199,58.5765739918,106.518139907,57.9106012305,43.7202618772,,,,,
2013-01-03 00:00:00+00:00,60.2665909222,32.5661989633,58.4020311611,106.422464931,58.0191061043,43.6694749815,,,,,
2013-01-04 00:00:00+00:00,60.5878842231,32.6692783017,58.492793433,106.8689481522,58.4221242071,43.9669410846,,,,,
2013-01-07 00:00:00+00:00,60.4111729076,32.5318391839,58.4509031537,106.5819232243,58.150939526,43.8290909392,,,,,
2013-01-08 00:00:00+00:00,60.2505262571,32.339424419,58.5067568595,106.2630066377,57.9881047118,43.6767302523,,,,,
2013-01-09 00:00:00+00:00,60.4352699052,32.524967228,58.4858117198,106.5819232243,58.1353613262,43.8073251268,,,,,
2013-01-10 00:00:00+00:00,60.8529511964,32.9304126255,58.4858117198,107.3632688613,58.298118637,44.1918544796,,,,,
2013-01-11 00:00:00+00:00,60.8609835289,32.9235406696,58.5277019992,107.4111063493,58.1973641113,44.1555781255,,,,,
2013-01-14 00:00:00+00:00,60.7967248687,32.9441565373,58.5277019992,107.3154313733,58.298118637,44.1991097504,,,,,
2013-01-15 00:00:00+00:00,60.909177524,32.841077199,58.6045008447,107.3632688613,58.5151283846,44.3079388124,,,,,
2013-01-16 00:00:00+00:00,60.8609835289,32.6898941694,58.5975191315,107.3632688613,58.4066235108,44.2716624584,,,,,
2013-01-17 00:00:00+00:00,61.2786648201,32.9785163168,58.4997751463,108.0250207784,58.9103961393,44.5401074782,,,,,
2013-01-18 00:00:00+00:00,61.4473438031,32.9922602285,58.5905374182,108.3359644503,59.0886541463,44.6707023527,,,,,
2013-01-22 00:00:00+00:00,61.768637104,32.9853882726,58.5346837124,108.8621768181,59.607927470999996,44.9391473726,,,,,
2013-01-23 00:00:00+00:00,61.8409280967,32.8891808902,58.6254459844,109.0216351114,59.4857819845,44.9173815602,,,,,
2013-01-24 00:00:00+00:00,61.9132190894,33.0128760962,58.5416654256,109.0854184287,59.6001771229,45.1132738719,,,,,
2013-01-25 00:00:00+00:00,62.2586093879,33.1874237758,58.3531591684,109.6913599431,59.8404379149,45.3889741625,,,,,
2013-01-28 00:00:00+00:00,62.2023830603,32.9235406696,58.2833420362,109.5637933085,60.0031952257,45.3236767253,,,,,
2013-01-29 00:00:00+00:00,62.4112237059,33.2465225965,58.2205066171,110.0102765297,60.1194504476,45.6429086408,,,,,
2013-01-30 00:00:00+00:00,62.1622213977,33.1984189052,58.157671198,109.5797391378,59.607927470999996,45.4905479538,,,,,
2013-01-31 00:00:00+00:00,62.0497687423,33.1228273904,58.2623968965,109.3246058686,59.9411924406,45.3744636209,,,,,
2013-02-01 00:00:00+00:00,62.6521936816,33.4458093173,58.0993452675,110.3770306042,60.4759664616,45.8097798693,,,,,
2013-02-04 00:00:00+00:00,61.9935424147,32.8823089343,58.3022207658,109.1651475753,59.8094365224,45.3744636209,,,,,
2013-02-05 00:00:00+00:00,62.5799026889,33.0060041403,58.2042808701,110.2813556282,60.2667070621,45.7735035153,,,,,
2013-02-06 00:00:00+00:00,62.6923553442,33.0815956551,58.3441950068,110.3770306042,60.5922216836,45.8678220357,,,,,
2013-02-07 00:00:00+00:00,62.5799026889,32.7998454636,58.3511907136,110.2335181403,60.4759664616,45.7154613488,,,,,
2013-02-08 00:00:00+00:00,62.9574223175,32.9579691686,58.3371993,110.8394596547,60.8944852607,45.896843119,,,,,
2013-02-11 00:00:00+00:00,62.9252929874,32.9441565373,58.2672422316,110.7916221667,60.9332370013,45.9326841567,,,,,
2013-02-12 00:00:00+00:00,63.0297133102,33.0609797874,58.2812336453,110.9670262893,61.3052537116,46.121756514,,,,,
2013-02-13 00:00:00+00:00,63.1180689679,33.1846749935,58.2042808701,111.0627012653,61.5380741694,46.1797986804,,,,,
2013-02-14 00:00:00+00:00,63.1983922932,33.0334919639,58.2882293521,111.2221595586,61.7315228588,46.2523513885,,,,,
2013-02-15 00:00:00+00:00,63.1261013005,32.964772405,58.2392594043,111.0786470946,61.7547739031,46.1290117848,,,,,
2013-02-19 00:00:00+00:00,63.5678795892,33.2533945524,58.2182722838,111.8440469023,62.2662968798,46.5498174915,,,,,
2013-02-20 00:00:00+00:00,62.7244846743,33.0403639198,58.2602465248,110.4567597508,61.1734977934,45.9766510978,,,,,
2013-02-21 00:00:00+00:00,62.2987710506,32.4768635368,58.3162121794,109.930547383,60.5689706392,45.7154613488,,,,,
2013-02-22 00:00:00+00:00,62.9011959898,32.8479491548,58.3441950068,110.8872971427,61.2199998822,46.1072459723,,,,,
2013-02-25 00:00:00+00:00,61.7445401065,32.1951133453,58.5330790913,108.7983935008,59.9411924406,45.2003371216,,,,,
2013-02-26 00:00:00+00:00,62.1381244001,32.4562476691,58.5610619187,109.5319016498,60.2744574102,45.4978032246,,,,,
2013-02-27 00:00:00+00:00,62.9011959898,32.8204613313,58.547070505,110.903242972,60.9254866532,46.0999907015,,,,,
2013-02-28 00:00:00+00:00,62.8449696621,32.7448698165,58.5750533324,110.7756763374,60.9099859569,45.969395827,,,,,
2013-03-01 00:00:00+00:00,62.9895516476,32.7174507125,58.6071272491,111.0627012653,60.9952397864,46.158032868,,,,,
2013-03-04 00:00:00+00:00,63.2787156184,32.7517417724,58.5931097587,111.684588609,61.1657474452,46.3684357214,,,,,
2013-03-05 00:00:00+00:00,63.9132698877,33.0678517433,58.5580660327,112.6413383687,61.8400277326,46.7457098033,,,,,
2013-03-06 00:00:00+00:00,64.009657878,33.1571871699,58.4599436001,112.8486341499,61.9795339989,46.9125810318,,,,,
2013-03-07 00:00:00+00:00,64.162272196,33.2533945524,58.3758386579,113.0559299312,62.2352954872,47.0286653647,,,,,
2013-03-08 00:00:00+00:00,64.4755331644,33.3427299789,58.2146375186,113.5024131524,62.7003163751,47.1882813224,,,,,
2013-03-11 00:00:00+00:00,64.6602768124,33.3839617143,58.1866025379,113.9170047149,62.8010709008,47.3841736342,,,,,
2013-03-12 00:00:00+00:00,64.5478241571,33.212162817,58.2987424608,113.6618714456,62.625913033,47.3478972802,,,,,
2013-03-13 00:00:00+00:00,64.6683091449,33.1022115228,58.228655009,113.8213297389,62.8863247302,47.3986841758,,,,,
2013-03-14 00:00:00+00:00,65.0297641085,33.3633458466,58.2496812445,114.4272712534,63.4986022325,47.6888950081,,,,,
2013-03-15 00:00:00+00:00,64.9574731158,33.3221141113,58.3197686964,114.2678129601,63.5606050175,47.6671291956,,,,,
2013-03-18 00:00:00+00:00,64.6040504847,33.0197480521,58.4319086194,113.6459256163,63.289342833,47.391428905,,,,,
2013-03-19 00:00:00+00:00,64.4273391692,32.8754369784,58.4669523453,113.3748465178,63.1265855222,47.2825998429,,,,,
2013-03-20 00:00:00+00:00,64.9092791206,33.1365713022,58.4108823838,114.1561921548,63.6156324893,47.5945764876,,,,,
2013-03-21 00:00:00+00:00,64.3871775066,32.8342052431,58.4248998742,113.2313340538,63.1659972608,47.2753445721,,,,,
2013-03-22 00:00:00+00:00,64.7839747333,33.0712877213,58.4809698357,114.0525442642,63.2977868968,47.4915516421,,,,,
2013-03-25 00:00:00+00:00,64.5661185472,32.7819139537,58.4739610905,113.7321269464,63.3055392283,47.3455809901,,,,,
2013-03-26 00:00:00+00:00,65.0502434051,32.9817196504,58.4949873261,114.5812328385,63.6078801577,47.7178061528,,,,,
2013-03-27 00:00:00+00:00,65.0986558909,32.9128211343,58.6141359942,114.5171493749,63.6698988099,47.6813134898,,,,,
2013-03-28 00:00:00+00:00,65.3245808246,33.0506181664,58.6211447394,114.7734832292,63.685403473,47.8272841418,,,,,
2013-04-01 00:00:00+00:00,64.9776246764,32.7474646957,58.6746186617,114.4530659114,63.1039786087,47.7542988158,,,,,
2013-04-02 00:00:00+00:00,65.1712746196,32.8921515794,58.6816531442,115.0137962175,62.7783806846,47.8199856092,,,,,
2013-04-03 00:00:00+00:00,64.461224828,32.671676328,58.7168255568,113.8602938735,61.9101195539,47.3601780553,,,,,
2013-04-04 00:00:00+00:00,64.7436309951,32.8714820246,58.8856531372,114.3088781184,62.3675071138,47.6375222942,,,,,
2013-04-05 00:00:00+00:00,64.5177060614,32.706125586,59.047446235,113.8602938735,62.2434698094,47.4988501747,,,,,
2013-04-08 00:00:00+00:00,64.9130746954,32.7405748441,59.019308305,114.5652119726,62.8093900107,47.7542988158,,,,,
2013-04-09 00:00:00+00:00,65.0986558909,32.9403805407,58.9559979623,114.9817544857,62.7628760216,48.0024489243,,,,,
2013-04-10 00:00:00+00:00,65.9378056446,33.4020005985,58.8434462421,116.391590684,63.6233848208,48.520644739,,,,,
2013-04-11 00:00:00+00:00,66.1879368211,33.5466874823,58.8715841721,116.7760914653,63.7784314513,48.6739139237,,,,,
2013-04-12 00:00:00+00:00,65.9539431398,33.3813310437,59.0122738224,116.5197576111,63.4404297968,48.5002088478,,,,,
2013-04-15 00:00:00+00:00,64.3482623612,32.5752184055,59.0755841651,113.8602938735,61.2589237058,47.4112677835,,,,,
2013-04-16 00:00:00+00:00,65.3003745817,33.181525347,59.0608117518,115.4623804624,62.1969558203,48.0389415873,,,,,
2013-04-17 00:00:00+00:00,64.3240561183,32.4443112249,59.0896531301,113.7641686782,61.1891527221,47.3966707183,,,,,
2013-04-18 00:00:00+00:00,63.9206187367,32.4236416701,59.1248255427,112.8349584566,60.9023164557,47.2288044685,43.7770792209,,,,
2013-04-19 00:00:00+00:00,64.5338435567,32.7681342505,59.0755841651,114.0365233983,61.5535123038,47.732403218,44.3101072868,,,,
2013-04-22 00:00:00+00:00,64.8081809762,32.8439226182,59.1529634728,114.5491911067,61.6930542712,47.9002694679,43.7770792209,,,,
2013-04-23 00:00:00+00:00,65.5101620201,33.2159746051,59.1388945077,115.7667769143,62.5070490813,48.4257638152,44.8946327417,,,,
2013-04-24 00:00:00+00:00,65.6069869917,33.4571194114,59.1248255427,115.7988186461,62.9799413043,48.4403608804,44.3273017406,,,,
2013-04-25 00:00:00+00:00,65.8732556635,33.6362555532,59.0896531301,116.3114863545,63.2590252391,48.6374212607,44.5422324123,,,,
2013-04-26 00:00:00+00:00,65.752224449,33.656925108,59.1670324378,116.0551525003,62.902417989,48.5863315325,44.5078435048,,,,
2013-04-29 00:00:00+00:00,66.1717993259,34.0151973916,59.2162738154,116.8081331971,63.375310212,48.8855713691,44.7657603109,,,,
2013-04-30 00:00:00+00:00,66.3735180167,34.2081132367,59.2162738154,117.1766131125,63.7396697937,48.8855713691,44.5680240929,,,,
2013-05-01 00:00:00+00:00,65.6957432156,33.939409024,59.3161318119,116.1192359639,62.5613154019,48.3965696848,44.5336351854,,,,
2013-05-02 00:00:00+00:00,66.3815867643,34.1047654626,59.3302278509,117.1605922466,63.2745299022,48.7906904453,44.7313714034,,,,
2013-05-03 00:00:00+00:00,67.0028803319,34.4285884882,59.0483070723,118.266031993,64.158295696,49.2140053362,45.2386077888,,,,
2013-05-06 00:00:00+00:00,67.2610802561,34.393450245,59.0412590528,118.6345119084,64.5614169352,49.3307818579,45.1698299738,,,,
2013-05-07 00:00:00+00:00,67.6322426472,34.5250464107,58.9848748971,119.2433048122,65.2126127833,49.5935290316,45.1870244275,,,,
2013-05-08 00:00:00+00:00,67.9469238048,34.9177679524,59.0412590528,119.8681185819,65.3831640768,49.8343806074,45.4096926035,,,,
2013-05-09 00:00:00+00:00,67.7209988711,34.5457159655,58.9496347998,119.5156595323,65.0885754789,49.5789319663,45.419149553,,,,
2013-05-10 00:00:00+00:00,68.0195425335,34.6008347784,58.801626391,119.9322020454,65.5227060443,49.7249026184,45.5223162755,,,,
2013-05-13 00:00:00+00:00,68.0356800288,34.5181565591,58.7381942159,119.9161811796,65.3909164084,49.7467982162,45.6463742592,,,,
2013-05-14 00:00:00+00:00,68.7376610727,34.6008347784,58.6254259044,121.1818295848,66.1739018923,50.337979357,46.0415887784,,,,
2013-05-15 00:00:00+00:00,69.0362047351,34.6628434429,58.6923820893,121.870726818,66.5072521479,50.7029059871,46.1928999713,,,,
2013-05-16 00:00:00+00:00,68.753798568,34.4148087849,58.7804823326,121.3099965119,66.1506448977,50.5058456068,45.9951637533,,,,
2013-05-17 00:00:00+00:00,69.4557796119,34.6052442834,58.6536179823,122.4634988559,66.9026210556,51.0021458238,45.9005942577,,,,
2013-05-20 00:00:00+00:00,69.4477108643,34.8764288427,58.6395219434,122.4634988559,67.02665836,51.0386384868,45.8403276974,,,,
2013-05-21 00:00:00+00:00,69.5606733311,34.8970983975,58.6959060991,122.6237075148,67.0731723491,51.1116238128,46.0380639154,,,,
2013-05-22 00:00:00+00:00,68.8748297824,34.528698032,58.4985615541,121.8066433545,66.0238942773,50.7393986501,45.791581421000004,,,,
2013-05-23 00:00:00+00:00,68.7457298203,34.166774127,58.4915135346,121.3740799755,65.9335796151,50.6810103893,45.6830844179,,,,
2013-05-24 00:00:00+00:00,68.6569735964,33.8636206563,58.4985615541,121.2138713166,65.7862853161,50.6372191937,45.7114552666,,,,
2013-05-28 00:00:00+00:00,69.1007547161,33.9049597659,58.1743526587,122.0789980746,66.390967175,50.9656531608,45.9169289888,,,,
2013-05-29 00:00:00+00:00,68.6327673535,33.656925108,58.223688795,121.149787853,65.8250469737,50.6810103893,45.2987883768,,,,
2013-05-30 00:00:00+00:00,68.9151735206,33.7947221402,58.1743526587,121.6784764274,66.2979391967,50.9145634325,45.3331772843,,,,
2013-05-31 00:00:00+00:00,67.9953362906,33.0782464714,58.0756803862,119.9001603137,65.7242666639,50.1482175093,44.7055797228,,,,
2013-06-03 00:00:00+00:00,68.2696737101,33.4020005985,58.0225834268,120.5249740833,65.8172946422,50.4620544112,44.4562601436,,,,
2013-06-04 00:00:00+00:00,67.9388550572,33.2917629727,58.0013969917,120.1564941679,65.3599070823,50.2139043027,44.430468463,,,,
2013-06-05 00:00:00+00:00,66.978674089,32.6854560312,57.9802105567,118.3140945907,64.4296272993,49.535140770699996,43.8200653552,,,,
2013-06-06 00:00:00+00:00,67.6080364043,32.8852617278,58.0578941518,119.2433048122,65.0343091582,50.0241424551,44.1467599763,,,,
2013-06-07 00:00:00+00:00,68.447186158,33.0850674245,57.9095891066,120.9094748647,65.6544956802,50.6372191937,44.8861214871,,,,
2013-06-10 00:00:00+00:00,68.4713924009,33.0575080181,57.7612840613,120.861412267,65.7784554613,50.6883089219,44.8001492184,,,,
2013-06-11 00:00:00+00:00,67.7774801045,32.5958879603,57.7895326413,119.6278055936,65.0730708158,50.1847101723,44.5938157735,,,,
2013-06-12 00:00:00+00:00,67.2045990227,32.5407691474,57.6765383211,118.698595372,64.4373796308,49.8562762052,44.1295655226,,,,
2013-06-13 00:00:00+00:00,68.2454674672,33.0368384632,57.9307755416,120.4128280221,65.6777526748,50.5788309328,44.6883852691,,,,
2013-06-14 00:00:00+00:00,67.8581675809,32.6303372183,57.9943348467,119.6758681912,65.2281174463,50.2430984331,44.7313714034,,,,
2013-06-17 00:00:00+00:00,68.3342236911,33.0643978697,57.9519619766,120.6371201446,65.5304583758,50.6153235959,44.834538125899996,,,,
2013-06-18 00:00:00+00:00,68.8506235395,33.2366441599,57.9025269616,121.5663303661,66.2128961199,50.9729516934,45.0253965624,,,,
2013-06-19 00:00:00+00:00,67.9711300477,32.5889981087,57.5635440009,119.9482229113,65.3133930931,50.2795910962,44.5938157735,,,,
2013-06-20 00:00:00+00:00,66.2847617927,31.5141812577,57.04094527,116.9042583924,63.7319174621,49.0789824831,43.1494816594,,,,
2013-06-21 00:00:00+00:00,66.454205493,31.5830797738,56.8078944845,117.2727383079,63.700908136,49.2723935971,43.3644123311,,,,
2013-06-24 00:00:00+00:00,65.6037594926,30.9623041439,56.532470829,115.7972165595,62.8791609944,48.6527481791,43.0893870436,,,,
2013-06-25 00:00:00+00:00,66.2604456665,31.3673139861,56.6652391553,116.9566380019,63.6931558045,49.1446350251,43.4761762804,,,,
2013-06-26 00:00:00+00:00,66.8765956568,31.5698189072,56.8643916446,118.0516471419,64.0730200492,49.6291802763,43.8630514896,,,,
2013-06-27 00:00:00+00:00,67.3711370964,31.9329311795,57.0903802851,118.8406978458,65.0730708158,50.0036016068,44.3332252299,,,,
2013-06-28 00:00:00+00:00,67.0225259176,31.8980165379,57.1186288651,118.0999563687,64.8870148593,49.636521871,44.3332252299,,,,
2013-07-01 00:00:00+00:00,67.5819252509,32.1494019572,57.2153181049,118.9856255261,65.7785329846,49.9522104438,44.4229790828,,,,
2013-07-02 00:00:00+00:00,67.5089601205,31.9678458211,57.229471554,118.8084916946,65.6544956802,49.8494281177,44.3349512655,,,,
2013-07-03 00:00:00+00:00,67.6062469611,31.8910336096,57.1870112067,118.9212132237,65.6327891519,49.8494281177,44.3858693167,,,,
2013-07-05 00:00:00+00:00,68.3277910286,32.0167263193,56.5501059958,120.241665422,66.4219765011,50.4073893161,44.8251453852,,,,
2013-07-08 00:00:00+00:00,68.6926166808,32.1563848856,56.8048680802,120.86968537,66.7398220936,50.7744690519,45.0745575342,,,,
2013-07-09 00:00:00+00:00,69.1790508837,32.3728556633,56.8685586013,121.7875606785,67.4530365938,51.1929399507,45.3861069659,,,,
2013-07-10 00:00:00+00:00,69.2114798305,32.3868215199,56.72702411,121.8197668297,67.4065226047,51.1342071929,45.4016412866,,,,
2013-07-11 00:00:00+00:00,70.2167771831,33.3644314839,57.1091672364,123.5427959177,68.1584987626,51.7655843385,46.2391137757,,,,
2013-07-12 00:00:00+00:00,70.2816350768,33.1479607061,57.0313232662,123.5750020689,68.3833163768,51.8610250698,46.3439704404,,,,
2013-07-15 00:00:00+00:00,70.5491738884,33.3504656272,57.1870112067,124.0258881854,68.6934096377,52.0739313165,46.4476188801,,,,
2013-07-16 00:00:00+00:00,70.2329916565,33.3644314839,57.2719319014,123.5588989933,68.3523070507,51.8610250698,46.2663851387,,,,
2013-07-17 00:00:00+00:00,70.4599942845,33.5180559068,57.3993129436,123.8648574295,68.66937741,51.9931737747,46.4821395928,,,,
2013-07-18 00:00:00+00:00,70.8572488835,33.6367656881,57.3073155243,124.5733927554,69.3135961597,52.3896198893,46.6978940469,,,,
2013-07-19 00:00:00+00:00,70.9626429608,33.6158169032,57.4559267401,124.7988358137,69.2980914967,52.5144269994,46.9032922872,,,,
2013-07-22 00:00:00+00:00,71.1166804584,33.811338896,57.4913103629,125.0242788719,69.4841474532,52.6612588938,46.9645665522,,,,
2013-07-23 00:00:00+00:00,70.986964671,33.9649633189,57.4771569138,124.7666296625,69.5849277631,52.6759420832,46.8877579665,,,,
2013-07-24 00:00:00+00:00,70.703211386,33.8253047526,57.2931620751,124.2996404704,69.1139736229,52.3675951051,46.7237845814,,,,
2013-07-25 00:00:00+00:00,70.9626429608,33.8951340357,57.2719319014,124.5250835286,69.4316641688,52.4189862681,47.0776218861,,,,
2013-07-26 00:00:00+00:00,70.9707501975,33.7345266845,57.3143922488,124.6861142845,69.2670821706,52.4777190259,47.1898142022,,,,
2013-07-29 00:00:00+00:00,70.7275330961,33.4272778387,57.3073155243,124.3237950838,68.8949702574,52.3162039421,47.1207727769,,,,
2013-07-30 00:00:00+00:00,70.8004982265,33.3574485555,57.2719319014,124.3318466216,69.1120355401,52.2574711844,47.0222161423,,,,
2013-07-31 00:00:00+00:00,70.873463357,33.3714144122,57.3356224225,124.3640527728,69.3291008227,52.3088623474,46.9826899263,,,,
2013-08-01 00:00:00+00:00,71.7733666323,33.7973730393,57.0567548913,125.8777418781,70.3213992579,52.9255563035,47.3831301931,,,,
2013-08-02 00:00:00+00:00,71.8057955791,33.9649633189,57.2411291925,126.0709787852,70.2283712796,52.9549226824,47.6040627541,,,,
2013-08-05 00:00:00+00:00,71.8139028158,33.8602193942,57.2624031503,125.9904634072,70.2981422633,52.8447987616,47.4659799035,,,,
2013-08-06 00:00:00+00:00,71.3436830864,33.7694413261,57.2269465539,125.2336188546,69.5926800946,52.5291101889,47.2933763402,,,,
2013-08-07 00:00:00+00:00,71.0599298014,33.5320217634,57.3120423852,124.7988358137,69.0422645563,52.3749366999,47.1207727769,,,,
2013-08-08 00:00:00+00:00,71.3517903231,33.9789291755,57.3404076623,125.2336188546,69.406624138,52.6245509202,47.1725538459,,,,
2013-08-09 00:00:00+00:00,71.1734311154,34.0417755303,57.4113208551,124.8793511916,69.4453857956,52.4556942417,47.0534573872,,,,
2013-08-12 00:00:00+00:00,71.1247876951,34.034792602,57.304951066,124.7183204357,69.6624510783,52.3896198893,46.9212430578,,,,
2013-08-13 00:00:00+00:00,71.2788251927,34.2512633797,57.1063941262,125.2014127034,69.4841474532,52.4850606206,46.96542957,,,,
2013-08-14 00:00:00+00:00,70.9058923038,34.2372975231,57.0780288491,124.4928773775,69.3058438282,52.2134216161,46.5770715526,,,,
2013-08-15 00:00:00+00:00,69.8519515309,34.0068608887,56.8723805901,122.6732298359,68.1197371049,51.4645789551,45.7727389477,,,,
2013-08-16 00:00:00+00:00,69.6249489029,33.9789291755,56.7234628854,122.318962173,67.8484055016,51.3030638714,45.5587105292,,,,
2013-08-19 00:00:00+00:00,69.1547291735,33.678663258,56.560362542,121.5460145447,67.1662003274,50.8699097832,45.4810389257,,,,
2013-08-20 00:00:00+00:00,69.6087344295,33.6158169032,56.7234628854,122.0291068124,68.0422137897,51.1121824088,45.705423558,,,,
2013-08-21 00:00:00+00:00,69.2033725938,33.1339948495,56.5036319878,121.4010868644,67.5228075776,50.745102673,45.398707026,,,,
2013-08-22 00:00:00+00:00,69.8195225841,33.5739193333,56.560362542,122.4638898533,68.3368023876,51.1562319771,45.7485744488,,,,
2013-08-23 00:00:00+00:00,70.1113831058,33.7764242544,56.7234628854,122.866466743,68.4298303659,51.4645789551,45.8780271213,,,,
2013-08-26 00:00:00+00:00,69.9330238981,33.5739193333,56.8227413552,122.4799929289,68.3600593822,51.1562319771,45.7830951615,,,,
2013-08-27 00:00:00+00:00,68.6926166808,32.9873533549,56.9645677407,120.4671084803,66.8948687241,50.3266317743,45.127201621,,,,
2013-08-28 00:00:00+00:00,68.9439410189,32.96640457,56.8652892709,120.86968537,66.9336303817,50.4587804791,45.2221335808,,,,
2013-08-29 00:00:00+00:00,69.1304074634,32.9733874983,56.9220198251,121.062922277,67.3134946264,50.539538021,45.4551483912,,,,
2013-08-30 00:00:00+00:00,68.7250456277,32.722002079,56.844015313,120.5315207826,66.4374811641,50.385364532,45.3052421965,,,,
2013-09-03 00:00:00+00:00,69.0736568064,33.2527046308,56.7173629325,121.2400561085,66.4994998163,50.5028300474,45.5673407074,,,,
2013-09-04 00:00:00+00:00,69.6898067967,33.5739193333,56.6462974483,122.2545498706,67.0576676861,50.8699097832,45.7399442706,,,,
2013-09-05 00:00:00+00:00,69.7708791638,33.6367656881,56.2554372853,122.2223437194,67.2747329688,50.9213009462,45.6881632017,,,,
2013-09-06 00:00:00+00:00,69.8276298208,33.8462535375,56.4686337378,122.4316837021,67.3445039525,50.8699097832,45.7313140925,,,,
2013-09-09 00:00:00+00:00,70.6140317821,34.4467853725,56.6107647062,123.6394143713,68.2902883985,51.3471134397,46.0592608627,,,,
2013-09-10 00:00:00+00:00,71.1653238787,34.7610171466,56.4899533831,124.5733927554,68.8872179259,51.8096339068,46.3785774548,,,,
2013-09-11 00:00:00+00:00,71.3517903231,34.8448122864,56.6462974483,124.9598665695,68.9647412411,52.0151985588,46.4907697709,,,,
2013-09-12 00:00:00+00:00,71.1328949318,34.6108841879,56.6320843515,124.6539081334,68.5616200018,51.8022923121,46.5943319089,,,,
2013-09-13 00:00:00+00:00,71.2788251927,34.7610171466,56.7244694809,124.9115573428,68.8484562682,51.9784905852,46.8155233753,,,,
2013-09-16 00:00:00+00:00,71.6922942651,35.0822318491,56.7955349651,125.6684018955,69.1973111868,52.3675951051,47.146835915,,,,
2013-09-17 00:00:00+00:00,72.0733343907,35.0822318491,56.8452808041,126.1837003143,69.6546987468,52.5731597572,47.2588556276,,,,
2013-09-18 00:00:00+00:00,72.916487009,36.0877735263,57.3000999029,127.6973894196,70.3989225731,53.1090961714,47.8284473864,,,,
2013-09-19 00:00:00+00:00,72.802985695,35.8224222504,57.2361409671,127.488049437,70.2826376002,52.9549226824,47.8198172082,,,,
2013-09-20 00:00:00+00:00,72.3165514921,35.480258763,57.2290344187,126.4896587505,69.9027733556,52.5217685942,47.5177609725,,,,
2013-09-23 00:00:00+00:00,71.9914512999,35.5081904762,57.2716737092,126.0275004811,69.7864883827,52.2405855166,47.1984443804,,,,
2013-09-24 00:00:00+00:00,71.8773989837,35.4731171945,57.3924850323,125.7523666031,69.9337826817,52.0928880738,47.0289701197,,,,
2013-09-25 00:00:00+00:00,71.7470534795,35.4380439127,57.5132963554,125.3477579589,69.9958013338,52.0338090967,46.7950813385,,,,
2013-09-26 00:00:00+00:00,72.0240376759,35.5853516962,57.4280177744,125.8494726777,70.2748852687,52.0654163494,46.983924873,,,,
2013-09-27 00:00:00+00:00,71.7389068854,35.4590878817,57.4422308713,125.3153892674,69.9802966708,51.8491872932,46.9596697401,,,,
2013-09-30 00:00:00+00:00,71.4048965309,35.1785016275,57.4777636134,124.6194623994,69.9570396762,51.5390226633,46.6738056742,,,,
2013-10-01 00:00:00+00:00,72.0240376759,35.4238743068,57.4083653254,125.5743387996,70.8020438124,51.8713419096,47.072282857,,,,
2013-10-02 00:00:00+00:00,71.9018387657,35.4731171945,57.4724610068,125.412495342,70.6307172857,51.8344175489,47.0982704993,,,,
2013-10-03 00:00:00+00:00,71.2908442147,35.3047654419,57.5009479764,124.2957754841,70.0655723176,51.4430193255,46.6478180318,,,,
2013-10-04 00:00:00+00:00,71.8122262316,35.3959559745,57.4368522949,125.202098847,70.4299318992,51.790108316,46.9856573825,,,,
2013-10-07 00:00:00+00:00,71.1686453045,35.0873110948,57.4795827492,124.1339320264,69.6236894207,51.3839403484,46.6824682216,,,,
2013-10-08 00:00:00+00:00,70.2236403989,34.7997101842,57.4582175221,122.6935252533,68.6934096377,50.889153915,46.0760898999,,,,
2013-10-09 00:00:00+00:00,70.1747608348,35.0487304849,57.4226088102,122.6935252533,68.4685920235,51.0146967414,45.9028389509,,,,
2013-10-10 00:00:00+00:00,71.7552000735,35.641468947,57.4368522949,125.4610483793,69.9802966708,52.107657818,46.7517686012,,,,
2013-10-11 00:00:00+00:00,72.2602889023,35.7747474178,57.4582175221,126.2055282845,70.8330531385,52.4399770643,47.2845152696,,,,
2013-10-14 00:00:00+00:00,72.5780060689,35.5993810089,57.344269644,126.7557960406,71.1121370734,52.6098291236,47.43610985,,,,
2013-10-15 00:00:00+00:00,72.0240376759,35.7747474178,57.3300261592,125.8171039861,70.5539692036,52.211046028,47.2541963535,,,,
2013-10-16 00:00:00+00:00,73.0342153336,36.0202603903,57.5721654002,127.5326446373,71.3602116821,52.949533242,48.0248165749,,,,
2013-10-17 00:00:00+00:00,73.5718905385,36.3920371771,57.7715741868,128.4065993087,72.0269121932,53.4147801868,48.622878851,,,,
2013-10-18 00:00:00+00:00,74.0932725554,36.5814328988,57.8356698682,129.2643696343,72.6393463837,53.6067868624,48.8827552746,,,,
2013-10-21 00:00:00+00:00,74.0525395854,36.6305354933,57.7644524444,129.3291070174,72.6315940521,53.5994019903,48.6835166832,,,,
2013-10-22 00:00:00+00:00,74.4761624741,37.0023122802,57.9496177463,130.0250338853,73.0037059653,53.9095666201,49.2812324574,,,,
2013-10-23 00:00:00+00:00,74.1258589315,36.5253156479,57.9781047158,129.426213092,72.7788883511,53.6584809674,49.1408991887,,,,
2013-10-24 00:00:00+00:00,74.410989722,36.6936674005,57.9781047158,129.8470060819,73.0967339436,53.7323296888,49.2160901005,,,,
2013-10-25 00:00:00+00:00,74.6798273244,36.665608775,58.0422003972,130.4458268752,73.236275911,53.9612607251,49.2425108703,,,,
2013-10-28 00:00:00+00:00,74.7368534825,36.6094915242,57.9923482006,130.6076703329,73.236275911,54.0498791908,49.4111706692,,,,
2013-10-29 00:00:00+00:00,75.1115968071,36.742769995,58.0315177837,131.4087954483,73.4921028514,54.3674286928,49.7082960468,,,,
2013-10-30 00:00:00+00:00,74.6716807304,36.6165061805,57.9709829734,130.672407716,72.8331546718,54.1089581679,49.4284957641,,,,
2013-10-31 00:00:00+00:00,74.447649395,36.4691983971,57.9709829734,130.186877343,72.7013650359,53.902181748,49.2725699099,,,,
2013-11-01 00:00:00+00:00,74.5494818202,36.1114509229,57.8148088604,130.5591172956,72.6548510467,54.0720338072,49.4025081217,,,,
2013-11-04 00:00:00+00:00,74.8875654718,36.4130811462,57.8504970141,131.1498459161,73.3758178785,54.32311946,49.2841777235,,,,
2013-11-05 00:00:00+00:00,74.6716807304,36.034289703,57.6791938767,130.7533294448,72.9571919762,54.1828068893,49.3591953845,,,,
2013-11-06 00:00:00+00:00,74.8671989867,36.3780078644,57.7791207068,131.360242411,72.8098976772,54.588974857,49.2344547011,,,,
2013-11-07 00:00:00+00:00,73.8733145171,35.9922017648,57.8933227984,129.6770704514,71.639295617,53.953875853,48.7528170628,,,,
2013-11-08 00:00:00+00:00,74.8590523927,35.7537034487,57.5150283701,131.4573484856,72.7556313565,54.6997479391,48.9953683914,,,,
2013-11-11 00:00:00+00:00,74.9079319568,35.9290698576,57.465064955,131.433071967,72.8719163294,54.7366722998,49.081993866,,,,
2013-11-12 00:00:00+00:00,74.7938796406,35.7607181051,57.4365144321,131.1983989534,72.8564116664,54.5594353684,49.0300185813,,,,
2013-11-13 00:00:00+00:00,75.4293139737,35.6975861979,57.593542308,132.2099205638,73.5773784981,54.958218464,49.5497714284,,,,
2013-11-14 00:00:00+00:00,75.7877641103,36.1044362665,57.7577078147,132.9463082961,73.841965573,55.2277662971,49.9215679651,,,,
2013-11-15 00:00:00+00:00,76.1217744649,36.4832277098,57.7791207068,133.5208525708,74.0735277157,55.4603897695,50.078186823,,,,
2013-11-18 00:00:00+00:00,75.7633243283,36.5533742733,57.8861851677,133.0272300249,73.6704064764,55.3126923267,49.9395860638,,,,
2013-11-19 00:00:00+00:00,75.5433662899,36.4200958026,57.7719830761,132.7682804927,73.2471291752,55.2388436053,49.809647852,,,,
2013-11-20 00:00:00+00:00,75.3071150635,36.1395095483,57.6149552002,132.3474875028,73.1742572589,55.0542218018,49.782447453,,,,
2013-11-21 00:00:00+00:00,75.9832823666,36.3148759572,57.6149552002,133.3832856318,73.9960044004,55.4973141302,50.1041744654,,,,
2013-11-22 00:00:00+00:00,76.3580256913,36.4200958026,57.7434325532,134.063028154,74.3758686451,55.8000938879,50.6239273125,,,,
2013-11-25 00:00:00+00:00,76.2765597511,36.3078613009,57.7862583375,133.9821064252,74.3138499929,55.7557846551,50.6585775023,,,,
2013-11-26 00:00:00+00:00,76.3498790972,36.2236854246,57.7933959683,133.9173690421,74.5619246017,55.645011573,50.5719520278,,,,
2013-11-27 00:00:00+00:00,76.5698371356,36.3990518335,57.7719830761,134.2815168218,74.9262841834,55.7410149108,50.6499149549,,,,
2013-11-29 00:00:00+00:00,76.4639314134,36.5183009916,57.800533599,134.0873046726,74.8332562051,55.6154720844,50.8231659039,,,,
2013-12-02 00:00:00+00:00,76.3009995332,36.1886121428,57.5830628386,133.8769081777,74.47657143160001,55.5342384909,50.5113141956,,,,
2013-12-03 00:00:00+00:00,76.0077221487,35.9501138267,57.6402882426,133.3590091132,74.0502707211,55.2683830939,50.3207381517,,,,
2013-12-04 00:00:00+00:00,75.9018164265,35.7607181051,57.5544501366,133.2052578284,73.8874717591,55.2299817587,50.1089388665,,,,
2013-12-05 00:00:00+00:00,75.6818583881,35.5923663525,57.4543056794,132.6954509367,73.8254531069,54.8400605098,50.078186823,,,,
2013-12-06 00:00:00+00:00,76.4639314134,36.0904069538,57.5401437855,134.200595093,74.5619246017,55.5637779795,50.6499149549,,,,
2013-12-09 00:00:00+00:00,76.6350098877,36.0904069538,57.5973691896,134.5080976626,74.6472002485,55.7262451665,50.7365404294,,,,
2013-12-10 00:00:00+00:00,76.3824654733,36.0132457339,57.7189731732,134.0468438082,74.4146303028,55.5046990023,50.7192153345,,,,
2013-12-11 00:00:00+00:00,75.4374605677,35.6835568851,57.6188287161,132.5255153062,73.1820095904,54.8179058933,50.0045551697,,,,
2013-12-12 00:00:00+00:00,75.2989684695,35.3889413182,57.4686120305,132.0885379705,73.2672852371,54.6258992177,50.0521991807,,,,
2013-12-13 00:00:00+00:00,75.3234082515,35.4169999436,57.53299061,132.0480771061,73.5328025919,54.640668962,50.3207381517,,,,
2013-12-16 00:00:00+00:00,75.8529368624,35.6625129161,57.5544501366,132.8896630859,74.1572528961,54.9360638476,50.5026516482,,,,
2013-12-17 00:00:00+00:00,75.62483223,35.5081904762,57.6617477692,132.4203170587,74.1510510309,54.7219025555,50.5191104883,,,,
2013-12-18 00:00:00+00:00,76.8468213321,36.0202603903,57.6402882426,134.7265863304,75.0425691562,55.7040905501,51.2043179918,,,,
2013-12-19 00:00:00+00:00,76.7409156099,35.8939965758,57.53299061,134.6052037371,74.6084385909,55.6597813173,51.3862314883,,,,
2013-12-20 00:00:00+00:00,77.2492630764,36.018857459,57.6402882426,135.2849462593,75.5464707053,55.9477913307,51.7067457441,,,,
2013-12-23 00:00:00+00:00,77.707861479,36.3090467213,57.5687564876,136.7172608596,76.1899142218,56.1028736457,51.9313491407,,,,
2013-12-24 00:00:00+00:00,77.920782166,36.3939801639,57.448175408,136.4049029863,76.4511677942,56.259432935,52.0009793387,,,,
2013-12-26 00:00:00+00:00,78.2892987395,36.5213803278,57.3620784797,137.0395336116,76.5301299588,56.5270164448,52.2732412365,,,,
2013-12-27 00:00:00+00:00,78.2401631964,36.7337139344,57.3620784797,137.0476699017,76.5775072576,56.6087780728,52.0270580645,,,,
2013-12-30 00:00:00+00:00,78.264730968,36.9177363934,57.4553501521,136.9907158712,76.5932996906,56.5567479459,51.9401289784,,,,
2013-12-31 00:00:00+00:00,78.5513549696,37.0734477049,57.43382592,137.6253464965,76.8854596997,56.7797342041,52.1835304196,,,,
2014-01-02 00:00:00+00:00,77.8634573656,36.4222913114,57.4840491282,136.3886304062,76.0484607546,56.259432935,51.6445700855,,,,
2014-01-03 00:00:00+00:00,77.8470788513,36.4081357377,57.4912238722,136.2665860552,76.3090358979,56.3114630619,51.7314991716,,,,
2014-01-06 00:00:00+00:00,77.6423474215,36.3019689344,57.5414470804,135.9248618723,75.8194704772,56.259432935,51.6184913596,,,,
2014-01-07 00:00:00+00:00,78.1418921101,36.4789136065,57.6131945206,136.7710360394,76.3406207637,56.5418821954,52.0444438818,,,,
2014-01-08 00:00:00+00:00,78.1992169104,36.4576802459,57.426651176,136.8279900699,76.395894279,56.4972849437,52.4269318609,,,,
2014-01-09 00:00:00+00:00,78.264730968,36.3515134426,57.5342723363,136.9093529705,76.5222337424,56.6236438234,52.5225538556,,,,
2014-01-10 00:00:00+00:00,78.4858409121,36.7266361475,57.8140873533,137.2266682832,76.9881105137,56.6905397008,52.626868759,,,,
2014-01-13 00:00:00+00:00,77.4949407921,36.4435246721,57.8930095376,135.4855022087,76.0879418369,56.0587453027,51.703681864,,,,
2014-01-14 00:00:00+00:00,78.3466235399,36.7337139344,57.8069126093,136.8930803904,76.8854596997,56.5418821954,52.4964751298,,,,
2014-01-15 00:00:00+00:00,78.739707885,36.8115695901,57.7710388892,137.6660279469,77.2881667393,56.8466300815,52.4964751298,,,,
2014-01-16 00:00:00+00:00,78.6823830847,36.818647377,57.9001842816,137.4544844051,77.2249970076,56.7054054513,52.5312467643,,,,
2014-01-17 00:00:00+00:00,78.3793805686,36.6841694262,57.9647569778,136.8605352301,76.9723180808,56.4452548168,52.2530736886,,,,
2014-01-21 00:00:00+00:00,78.6414367987,36.818647377,57.9647569778,137.2917586037,77.2881667393,56.5195835695,52.6616403935,,,,
2014-01-22 00:00:00+00:00,78.7888434282,36.9318919672,57.8643105615,137.3731215044,77.6119116143,56.5121506943,52.9050418347,,,,
2014-01-23 00:00:00+00:00,78.1091350814,36.5426136885,58.02215493,136.2665860552,77.0117991631,55.9695507994,52.3052311402,,,,
2014-01-24 00:00:00+00:00,76.4221481001,35.5941902459,58.1728245546,133.3375216308,75.0998882709,54.8769181344,51.0012079188,,,,
2014-01-27 00:00:00+00:00,75.9307926687,35.3747788524,58.0652033942,132.6866184254,74.3902552974,54.6687976268,50.4819804872,,,,
2014-01-28 00:00:00+00:00,76.4630943861,35.7357459836,58.1154266024,133.5083837222,75.0219526144,55.0627400162,51.0360664824,,,,
2014-01-29 00:00:00+00:00,75.6769256958,35.3040009836,58.2445719948,132.1170781206,74.1770574529,54.6390661257,50.3232479759,,,,
2014-01-30 00:00:00+00:00,76.5613654724,35.5092568032,58.2445719948,133.597882913,75.0693299132,55.0776057667,51.4272473701,,,,
2014-01-31 00:00:00+00:00,76.0618207838,35.0704340164,58.3234941791,132.767981326,74.7455850382,54.6836633773,50.9752161221,,,,
2014-02-03 00:00:00+00:00,74.2765627163,34.42302885,58.5110018093,129.8633257718,72.3688238829,53.4795375832,49.6104294694,,,,
2014-02-04 00:00:00+00:00,74.8416214624,34.7377780328,58.4175337553,130.7420450992,72.9373514682,53.7099567167,50.140696895,,,,
2014-02-05 00:00:00+00:00,74.7269718617,34.8156336885,58.2953063001,130.5223652673,72.7083611908,53.6430608392,49.9842245399,,,,
2014-02-06 00:00:00+00:00,75.6359794099,35.4455567213,58.2737367492,132.2716676319,73.5216714865,54.2451237363,50.5657801263,,,,
2014-02-07 00:00:00+00:00,76.6105010155,35.8206794262,58.3456352522,133.9802885461,74.2086423187,54.9140825108,51.6445700855,,,,
2014-02-10 00:00:00+00:00,76.7005828446,35.6932792623,58.3815845038,134.1918320879,74.3507742151,54.921515386,51.7161127234,,,,
2014-02-11 00:00:00+00:00,77.576833364,36.2381980746,58.2593570485,135.6726368802,74.9745753156,55.5681755347,52.4112846254,,,,
2014-02-12 00:00:00+00:00,77.6832937075,36.26658,58.1586991442,135.7946812313,75.2904239742,55.5830412852,52.4312783152,,,,
2014-02-13 00:00:00+00:00,78.1582706245,36.3585912295,58.3024961504,136.4618570168,76.1037342698,55.8357590445,52.9832780123,,,,
2014-02-14 00:00:00+00:00,78.5349764552,36.5921581967,58.2809265995,137.1859868329,76.4274791448,56.1999699328,53.1571361846,,,,
2014-02-18 00:00:00+00:00,78.7642756566,36.7478695082,58.3600149529,137.3893940845,76.8380824009,56.1999699328,53.5309312551,,,,
2014-02-19 00:00:00+00:00,78.2401631964,36.5143025409,58.3096860007,136.4455844367,76.1826964345,55.813460418700004,53.1832149104,,,,
2014-02-20 00:00:00+00:00,78.7642756566,36.634624918,58.3024961504,137.2185319931,76.7749126692,56.2520000597,53.6960965187,,,,
2014-02-21 00:00:00+00:00,78.6987615991,36.7620250819,58.3456352522,137.1534416726,76.9960067302,56.1925370576,53.5917816154,,,,
2014-02-24 00:00:00+00:00,79.1491707445,37.0097476229,58.3312555516,137.804344878,77.4302986356,56.4972849437,54.1307419495,,,,
2014-02-25 00:00:00+00:00,79.1164137158,36.9602031147,58.4462931566,137.7555271376,77.4776759344,56.3337616877,54.0611117515,,,,
2014-02-26 00:00:00+00:00,79.1983062877,36.7761806557,58.5685206118,137.7555271376,77.8816463686,56.4006575652,54.0264270461,,,,
2014-02-27 00:00:00+00:00,79.6159584044,36.9531253278,58.6404191149,138.520338404,78.2988824465,56.6608081997,54.3654504822,,,,
2014-02-28 00:00:00+00:00,79.7633650338,37.0309809836,58.597280013,138.8295174265,78.4568067758,56.8540629568,54.4002221166,,,,
2014-03-03 00:00:00+00:00,79.1819277733,36.3090467213,58.7210008002,137.8775714886,77.9672413551,56.4749863179,53.9347168602,,,,
2014-03-04 00:00:00+00:00,80.4266948662,36.9602031147,58.5192599385,139.846553685,79.4359376172,57.2777368473,55.0261115369,,,,
2014-03-05 00:00:00+00:00,80.4430733806,36.9602031147,58.598515277,139.8709625552,79.3727678855,57.270303972,55.1130406231,,,,
2014-03-06 00:00:00+00:00,80.59048001,37.3707147541,58.4544146616,140.3184585089,79.5306922148,57.4561258538,55.0087257197,,,,
2014-03-07 00:00:00+00:00,80.5659122385,37.0805254918,58.281493923,140.2859133487,79.5938619465,57.6122162345,54.8522533646,,,,
2014-03-10 00:00:00+00:00,80.5085874381,36.818647377,58.3175190769,140.3103222189,79.380664102,57.5676189829,54.8870249991,,,,
2014-03-11 00:00:00+00:00,80.0581782927,36.6275471311,58.3103140461,139.5373746624,78.7252781355,57.2331395957,54.4888897845,,,,
2014-03-12 00:00:00+00:00,80.115503093,36.5355359016,58.4327995693,139.6350101433,78.9147873307,57.2257067204,54.5566944717,,,,
2014-03-13 00:00:00+00:00,79.1901170305,35.9410018032,58.6057203078,138.0891150304,78.085684602,56.7202712019,53.7656397877,,,,
2014-03-14 00:00:00+00:00,79.0918459442,35.9126906557,58.5696951539,137.6904368171,78.3146748795,56.5939123223,53.5222383464,,,,
2014-03-17 00:00:00+00:00,79.7224187478,36.323202295,58.4904398154,138.9271529074,78.9068911142,57.1142135913,54.052505772,,,,
2014-03-18 00:00:00+00:00,80.4021270946,36.5780026229,58.5552850924,139.9116440056,79.704408977,57.515588856,54.5306157458,,,,
2014-03-19 00:00:00+00:00,79.943528692,36.1037909016,58.281493923,139.1468327392,79.3253905867,57.2331395957,54.0785844978,,,,
2014-03-20 00:00:00+00:00,80.3448022943,36.0330130328,58.2310587076,139.9360528758,79.5701732971,57.6939778625,54.1133561323,,,,
2014-03-21 00:00:00+00:00,80.0499890355,36.0259352459,58.3967744154,139.4722843419,79.6017581629,57.6270819851,53.5135454378,,,,
2014-03-24 00:00:00+00:00,79.5832013756,36.139179836,58.4039794462,138.885657828,78.9779570624,57.515588856,52.7920340227,,,,
2014-03-25 00:00:00+00:00,79.8640928972,36.4838680573,58.3895693846,139.5640658788,79.1153512288,57.8723668691,52.9043272776,,,,
2014-03-26 00:00:00+00:00,79.1978733787,36.4909965974,58.5480800616,138.5341934161,78.1596801198,57.5883490541,52.2443075259,,,,
2014-03-27 00:00:00+00:00,79.0333747322,36.7547525798,58.6057203078,138.256291323,77.8042652446,57.4986592178,51.9435544622,,,,
2014-03-28 00:00:00+00:00,79.3870468223,36.9757373219,58.4976448462,138.8693106461,78.1912725532,57.834996104,52.0179155266,,,,
2014-03-31 00:00:00+00:00,80.1684153933,37.2109791441,58.4976448462,140.0544813373,79.4865623207,58.3806092747,52.5403586019,,,,
2014-04-01 00:00:00+00:00,80.7935102502,37.4676065864,58.4326338535,140.9944442993,80.2447807213,58.5599889473,53.1546645845,,,,
2014-04-02 00:00:00+00:00,81.0484831524,37.5388919871,58.3170829771,141.4766861667,80.6870747882,58.776739385,53.5417078295,,,,
2014-04-03 00:00:00+00:00,80.8264099795,37.4343163043,58.3676364855,141.2559992104,80.3158636963,58.8066359971,53.0375502618,,,,
2014-04-04 00:00:00+00:00,79.7160441154,37.3464214053,58.5409628003,139.5558922879,79.1785360955,58.3282902036,51.8960121424,,,,
2014-04-07 00:00:00+00:00,78.7619519654,37.2181076841,58.649291747,138.0519515487,78.0017179531,57.7154096556,51.2255435291,,,,
2014-04-08 00:00:00+00:00,79.1073991231,37.3179072451,58.6926233256,138.6241029168,78.44401202,57.857418563,51.3801866794,,,,
2014-04-09 00:00:00+00:00,80.0532663408,37.752748189100004,58.6781794661,140.1198700651,79.2496190706,58.3507126626,52.4794069098,,,,
2014-04-10 00:00:00+00:00,78.2931308227,37.1111795831,58.8587277106,137.1283357686,77.6620992945,57.3043312392,50.870282238,,,,
2014-04-11 00:00:00+00:00,77.519987184,36.9757373219,58.8948373595,135.8941235316,76.6748357522,56.8708303638,50.2079985662,,,,
2014-04-14 00:00:00+00:00,78.0463828529,37.1325652033,58.8876154297,136.9893847221,76.9670657607,57.2669604741,50.4854158392,,,,
2014-04-15 00:00:00+00:00,78.5810034542,36.8901948411,58.9165031488,137.937521275,77.3619711776,57.6630905844,50.9381998377,,,,
2014-04-16 00:00:00+00:00,79.4034966869,37.2680074646,58.8803934999,139.3924204684,78.1122914698,58.1862812961,51.6608256847,,,,
2014-04-17 00:00:00+00:00,79.5597704011,37.4676065864,58.7287329745,139.5558922879,78.4282158033,58.3058677445,51.8698899886,,,,
2014-04-21 00:00:00+00:00,79.8805427619,37.5674061474,58.7431768341,140.0708285192,78.7125477035,58.4404024989,52.2443075259,,,,
2014-04-22 00:00:00+00:00,80.2917893783,37.5959203076,58.7431768341,140.6838478423,79.352294479,58.5973597125,52.6709693707,,,,
2014-04-23 00:00:00+00:00,80.0861660701,37.4818636666,58.8334509564,140.3487306123,79.1706379872,58.6123080185,52.4010404485,,,,
2014-04-24 00:00:00+00:00,80.1930901903,37.5103778268,58.8515057808,140.6593270693,79.0600644704,58.5824114064,52.2181853721,,,,
2014-04-25 00:00:00+00:00,79.4117216192,37.2822645447,58.8731715702,139.5313715149,78.2307630949,58.2834452854,51.3300321442,,,,
2014-04-28 00:00:00+00:00,79.5268706718,37.3963211858,58.8081742021,139.9563982456,77.9385330863,58.5076698762,51.1907139908,,,,
2014-04-29 00:00:00+00:00,79.9216674235,37.5460205272,58.8370619213,140.6266327054,78.0649028198,58.7094720078,51.6174629094,,,,
2014-04-30 00:00:00+00:00,80.2177649873,37.6814627884,58.9670566573,141.068006618,78.5861779701,58.8813775274,52.0179155266,,,,
2014-05-01 00:00:00+00:00,80.2424397843,37.7384911089,59.1102985791,141.076180209,78.6809552702,58.7468427729,52.1398189108,,,,
2014-05-02 00:00:00+00:00,80.1766403257,37.7883908894,59.1754378821,140.8473196617,78.862611762,58.6496787836,52.1398189108,,,,
2014-05-05 00:00:00+00:00,80.3082392429,37.7509660541,59.1102985791,141.1415689368,78.6572609452,58.5749372534,52.5229438327,,,,
2014-05-06 00:00:00+00:00,79.5679953335,37.7256597368,59.1682001818,139.9155302907,77.930634978,58.156384684,51.756693989,,,,
2014-05-07 00:00:00+00:00,79.9381172882,37.8240335897,59.1971509831,140.7410629791,78.44401202,58.7169461608,51.7418914352,,,,
2014-05-08 00:00:00+00:00,79.7242690477,37.8311621298,59.2261017844,140.5694175686,77.9622274114,58.6496787836,51.6609127585,,,,
2014-05-09 00:00:00+00:00,79.9216674235,37.752748189100004,59.1537247811,140.8146252978,78.2228649865,58.6721012427,51.9627977822,,,,
2014-05-12 00:00:00+00:00,80.8264099795,38.0806610321,59.0958231785,142.1469206266,79.5655434041,59.1205504242,52.8277022933,,,,
2014-05-13 00:00:00+00:00,80.7770603856,38.1163037324,59.2043886834,142.2776980822,79.1469436622,59.2326627195,52.8877832469,,,,
2014-05-14 00:00:00+00:00,80.3329140399,38.1376893526,59.356380390300004,141.5911164404,78.2149668782,58.9860156697,52.4794069098,,,,
2014-05-15 00:00:00+00:00,79.5926701304,37.9024475305,59.4649458952,140.3160362484,77.5910163194,58.4329283459,51.8960121424,,,,
2014-05-16 00:00:00+00:00,79.9298923559,38.0236327116,59.4649458952,140.8636668437,77.954329303,58.5300923352,52.1049893725,,,,
2014-05-19 00:00:00+00:00,80.3000143106,38.0022470914,59.4432327942,141.3459087111,78.5071968867,58.6870495487,52.5664807556,,,,
2014-05-20 00:00:00+00:00,79.6995942507,37.745619649,59.4721835955,140.4141193401,77.66999740279999,58.2983935915,52.1398189108,,,,
2014-05-21 00:00:00+00:00,80.3164641752,38.0236327116,59.4215196933,141.6319843952,78.0096160614,58.761791079,52.7667506012,,,,
2014-05-22 00:00:00+00:00,80.587886942,38.1376893526,59.3853311916,142.016143171,78.44401202,58.8589550683,53.1063386001,,,,
2014-05-23 00:00:00+00:00,81.0073584907,38.2446174536,59.4432327942,142.6046417211,79.0916569038,59.0009639758,53.3849749069,,,,
2014-05-27 00:00:00+00:00,81.541979092,38.3871882549,59.5011343969,143.4465215914,79.8340790876,59.2625593316,53.9248327513,,,,
2014-05-28 00:00:00+00:00,81.4515048364,38.3087743142,59.6965523057,143.2993969539,79.6919131375,59.2775076377,53.9596622897,,,,
2014-05-29 00:00:00+00:00,81.8874262497,38.5155019761,59.6458884034,144.1167560513,79.9525507127,59.5540512996,54.1686395198,,,,
2014-05-30 00:00:00+00:00,81.9038761144,38.4085738751,59.5879868008,144.3047486437,79.8735696293,59.6960602071,54.1338099814,,,,
2014-06-02 00:00:00+00:00,82.0025753023,38.5796588367,59.4421840515,144.5009148271,79.9446526044,59.7857500434,54.290542904,,,,
2014-06-03 00:00:00+00:00,81.969675573,38.5155019761,59.2971146578,144.4110053263,79.8814677377,59.7782758903,54.1860542889,,,,
2014-06-04 00:00:00+00:00,82.1423991519,38.5084447215,59.3043681275,144.6725602375,80.2368826129,59.8679657266,54.2992502886,,,,
2014-06-05 00:00:00+00:00,82.8086186704,38.7650008784,59.3696493546,145.6533911544,81.4215988637,60.2454104544,54.5692662846,,,,
2014-06-06 00:00:00+00:00,83.2363151514,39.0002427006,59.3623958849,146.3481463872,81.9744664474,60.5406394988,54.6997899796,,,,
2014-06-09 00:00:00+00:00,83.376139001,39.0287568609,59.3116215972,146.4952710247,82.3930661894,60.578010264,54.6475456721,,,,
2014-06-10 00:00:00+00:00,83.3596891363,39.0002427006,59.1955660822,146.5279653886,82.2587983476,60.6228551821,54.6562530567,,,,
2014-06-11 00:00:00+00:00,83.0800414372,38.8576718993,59.2173264913,146.0538971121,81.871791039,60.3313632142,54.6301309029,,,,
2014-06-12 00:00:00+00:00,82.4878463096,38.8434148192,59.3696493546,144.9668095126,81.3505158887,59.9427072569,54.1685524459,,,,
2014-06-13 00:00:00+00:00,82.7592690764,38.893314599600004,59.3551424153,145.4245306071,81.5637648138,60.2117767658,54.2557133656,,,,
2014-06-16 00:00:00+00:00,82.825068535,38.8576718993,59.3406354759,145.5471344717,81.5953572472,60.27156999,54.2823579625,,,,
2014-06-17 00:00:00+00:00,83.1211660988,38.8077721188,59.2028195519,145.9312932475,82.266696456,60.4509496625,54.4559832112,,,,
2014-06-18 00:00:00+00:00,83.7380360234,39.1713276622,59.3551424153,147.018380847,82.6537037646,60.9218213031,54.9777296956,,,,
2014-06-19 00:00:00+00:00,83.8367352113,39.263998683,59.3043681275,147.1981998484,82.7721753896,61.0115111394,54.9958410556,,,,
2014-06-20 00:00:00+00:00,84.0341335871,39.2354845228,59.3406354759,147.4924491235,82.9933224231,61.2282615771,55.3528438237,,,,
2014-06-23 00:00:00+00:00,84.0094587902,39.1570705821,59.3188750668,147.4262430366,82.827462148,61.213313271,55.2657699778,,,,
2014-06-24 00:00:00+00:00,83.4246661017,38.931808716,59.4276771121,146.5559388619,82.1403267225,60.7902762099,54.9348893635,,,,
2014-06-25 00:00:00+00:00,83.8467077453,38.9462252347,59.5074652786,147.1799305343,82.7010924146,60.9330822494,55.3155588029,,,,
2014-06-26 00:00:00+00:00,83.7971529535,38.9894747907,59.5872534451,147.1060367836,82.5826207895,60.8654372833,55.2718863263,,,,
2014-06-27 00:00:00+00:00,84.0201495166,39.0903904215,59.5872534451,147.3605597027,83.0723035065,60.9105339274,55.3216729496,,,,
2014-06-30 00:00:00+00:00,84.0531860445,39.1336399776,59.6380277329,147.319507619,83.3250429733,60.8428889613,55.2544173357,,,,
2014-07-01 00:00:00+00:00,84.6561026782,39.4724281668,59.5235991712,148.3540201286,83.9252992071,61.2036621139,55.7348145778,,,,
2014-07-02 00:00:00+00:00,84.6065478864,39.5300942415,59.363687194,148.4607555462,83.6488654152,61.2186943285,55.6212661388,,,,
2014-07-03 00:00:00+00:00,85.0525410127,39.6814676877,59.2909999316,149.2079034698,84.1859367823,61.4967903003,55.9007699887,,,,
2014-07-07 00:00:00+00:00,84.6065478864,39.414762092,59.363687194,148.723488882,83.2381637816,61.3239198314,55.402903756,,,,
2014-07-08 00:00:00+00:00,83.9623355928,39.0975986809,59.4727180875,147.7628701231,82.6458056562,61.0082433229,54.9574444951,,,,
2014-07-09 00:00:00+00:00,84.3257373995,39.2417638678,59.5308678975,148.3786513788,82.7405829563,61.2111782212,55.3068243076,,,,
2014-07-10 00:00:00+00:00,83.9540764609,38.8308930852,59.5454053499,147.8121326235,82.2272059143,61.0533399669,55.123399906,,,,
2014-07-11 00:00:00+00:00,84.0284086486,38.881278818,59.6326300648,148.0091826254,82.0455494225,61.1059527184,55.3330277935,,,,
2014-07-14 00:00:00+00:00,84.4331061151,39.1408482369,59.5454053499,148.7399097155,82.3456775393,61.3314359387,55.6037971481,,,,
2014-07-15 00:00:00+00:00,84.2183686839,39.0183078281,59.5017929925,148.4853867965,82.0139569891,61.3690164755,55.3417622888,,,,
2014-07-16 00:00:00+00:00,84.4331061151,39.2561803864,59.5235991712,149.0519055517,81.9981607724,61.7824023795,55.3854347654,,,,
2014-07-17 00:00:00+00:00,83.4585285428,38.722769195,59.6835111485,147.3030867855,80.9240970195,61.1660815771,54.616799178,,,,
2014-07-18 00:00:00+00:00,84.3587739273,39.1048069402,59.6835111485,148.8548555499,82.0455494225,61.6696607693,55.4216829209,,,,
2014-07-21 00:00:00+00:00,84.1605547601,39.0399326061,59.6835111485,148.5346492969,81.6506440055,61.5494030517,55.4378417372,,,,
2014-07-22 00:00:00+00:00,84.5900296225,39.2705969051,59.7634671371,149.1996930531,82.1719191559,61.812466808799996,55.8134250356,,,,
2014-07-23 00:00:00+00:00,84.7882487897,39.3498877579,59.7343922322,149.552740973,82.0771418558,61.8801117749,56.0754598949,,,,
2014-07-24 00:00:00+00:00,84.8047670536,39.4003455733,59.6180926123,149.552740973,82.0455494225,61.902660097,56.2588842964,,,,
2014-07-25 00:00:00+00:00,84.3587739273,39.2633886458,59.7271235059,148.8384347164,81.4215988637,61.6997251987,56.0754598949,,,,
2014-07-28 00:00:00+00:00,84.3339965314,39.3498877579,59.7125860534,148.9041180503,81.1925537219,61.684692984,55.9793804465,,,,
2014-07-29 00:00:00+00:00,84.0284086486,39.1985143117,59.7634671371,148.2719159611,80.8845274967,61.4065970122,55.795956045,,,,
2014-07-30 00:00:00+00:00,84.0862225724,39.1696812743,59.5381366237,148.2719159611,80.9398142551,61.2637909726,55.8833009981,,,,
2014-07-31 00:00:00+00:00,82.3765822549,38.4560635993,59.4727180875,145.2915346834,79.3364982623,60.1138265488,54.6780279902,,,,
2014-08-01 00:00:00+00:00,82.1701039557,38.3263149311,59.9172893755,144.9384867635,83.5303937902,59.9259238651,54.6898195588,,,,
2014-08-04 00:00:00+00:00,82.7317249295,38.5641874894,59.7497598769,145.9565784396,79.5892377291,60.3393097691,55.1059309154,,,,
2014-08-05 00:00:00+00:00,82.0049213163,38.0163597793,59.6696370732,144.4787034259,79.2891096123,59.7004406448,54.4857817484,,,,
2014-08-06 00:00:00+00:00,82.0214395802,37.9731102232,59.7351920944,144.5690180101,79.4786642124,62.1807560688,54.249950375,,,,
2014-08-07 00:00:00+00:00,81.5919647179,37.6559468121,59.8663021368,143.7890284195,79.2022304205,59.3396674922,53.9703591801,,,,
2014-08-08 00:00:00+00:00,82.5335057623,37.8794028518,59.8225987893,145.4557430183,80.0473280128,60.0161171533,54.5555703659,,,,
2014-08-11 00:00:00+00:00,82.8308345131,38.1100671508,59.8517343543,145.8662638554,80.5299814134,60.1363748708,54.756551103,,,,
2014-08-12 00:00:00+00:00,82.6821701377,38.0740258541,59.8007471156,145.6938451038,80.2052901796,60.1063104414,54.7041441311,,,,
2014-08-13 00:00:00+00:00,83.2685685075,38.3263149311,59.9100054843,146.7201471967,80.86873128,60.489631916,55.1670723826,,,,
2014-08-14 00:00:00+00:00,83.6319703141,38.470480118,59.9682766142,147.3605597027,81.1925537219,60.7602117805,55.4640452232,,,,
2014-08-15 00:00:00+00:00,83.6402294461,38.4344388213,60.0775349829,147.319507619,81.1530631802,60.6399540629,55.5863281575,,,,
2014-08-18 00:00:00+00:00,84.3918104552,38.7083526763,59.9537088317,148.5428597137,82.1008361808,61.098436611,55.9444424653,,,,
2014-08-19 00:00:00+00:00,84.8130261856,38.7876435291,59.9464249405,149.331059721,82.4799453811,61.3239198314,56.3431721762,,,,
2014-08-20 00:00:00+00:00,85.0112453529,38.7299774543,59.8590182456,149.7415805581,82.4483529477,61.5193386224,56.5733261276,,,,
2014-08-21 00:00:00+00:00,85.2012053881,38.7948517884,59.9245732668,150.1685222288,82.6694999812,61.7899184868,56.6781400714,,,,
2014-08-22 00:00:00+00:00,85.0773184086,38.6434783422,59.9245732668,149.9304201432,82.6458056562,61.6020158032,56.7043435573,,,,
2014-08-25 00:00:00+00:00,85.771085494,38.9390169753,59.9464249405,150.7104097338,82.9696280981,61.9402406337,56.9925819025,,,,
2014-08-26 00:00:00+00:00,85.6802350423,38.975058272,59.9755605055,150.8335659849,83.3566354067,61.9703050631,57.0449888744,,,,
2014-08-27 00:00:00+00:00,85.6306802505,39.1120151996,60.0702510917,150.8089347347,83.2302656733,62.0229178145,56.9663784166,,,,
2014-08-28 00:00:00+00:00,85.5398297989,38.8885591599,60.1503738953,150.6939889003,82.9775262064,61.9703050631,56.9139714447,,,,
2014-08-29 00:00:00+00:00,85.7958628899,38.9029756786,60.1503738953,151.0634576537,83.3961259484,62.1807560688,57.1934752947,,,,
2014-09-02 00:00:00+00:00,85.8619359456,38.9029756786,59.9454831334,151.02240557,83.7752351487,62.0604983512,57.3639726432,,,,
2014-09-03 00:00:00+00:00,85.771085494,39.2489721271,60.0476795245,150.9567222361,83.5303937902,62.1807560688,57.3667676817,,,,
2014-09-04 00:00:00+00:00,85.5893845907,39.0110995688,59.9454831334,150.7104097338,83.29345054,62.1506916394,57.2633512572,,,,
2014-09-05 00:00:00+00:00,85.9858229252,39.0975986809,59.9235839067,151.4329264072,83.5540881152,62.4137553965,57.6039965743,,,,
2014-09-08 00:00:00+00:00,85.8123811538,38.7083526763,59.8797854534,151.0470368203,83.4830051401,62.2183366055,57.6039965743,,,,
2014-09-09 00:00:00+00:00,85.2094645201,38.5065214147,59.7775890622,150.0699972278,82.6694999812,61.8650795603,57.1934752947,,,,
2014-09-10 00:00:00+00:00,85.5315706669,38.6362700829,59.6680929289,150.6611472333,82.8906470147,62.0078855998,57.4904481353,,,,
2014-09-11 00:00:00+00:00,85.6884941743,38.4416470806,59.6242944756,150.800724318,83.3566354067,62.1356594247,57.3856341915,,,,
2014-09-12 00:00:00+00:00,85.1351323324,38.2470240783,59.5293978267,149.905788893,82.5273340311,61.8199829162,57.0275198838,,,,
2014-09-15 00:00:00+00:00,84.9121357692,38.1749414849,59.5585967956,149.8072638921,82.0218550975,61.902660097,56.7218125479,,,,
2014-09-16 00:00:00+00:00,85.5150524029,38.4200223026,59.5366975689,150.9238805691,82.4246586227,62.338594323,57.3506962103,,,,
2014-09-17 00:00:00+00:00,85.6059028546,38.1389001882,59.4637001467,151.1373514044,82.4483529477,62.4137553965,57.4380411634,,,,
2014-09-18 00:00:00+00:00,86.0436368489,38.3623562278,59.4709998889,151.9255514118,82.7010924146,62.7369480123,57.7524829946,,,,
2014-09-19 00:00:00+00:00,85.8784542096,38.1389001882,59.5950955067,151.7777639104,82.0218550975,62.7745285491,57.6826070321,,,,
2014-09-22 00:00:00+00:00,85.0855775406,37.8938193705,59.6680929289,150.6086005662,80.9240180384,62.316046001,57.0275198838,,,,
2014-09-23 00:00:00+00:00,84.5376667258,37.6343220341,59.6972918978,149.7588697457,80.1736977462,61.8650795603,56.8266264916,,,,
2014-09-24 00:00:00+00:00,85.1970758222,37.8462448588,59.6607931867,150.9633425592,80.5212145131,62.267942914,57.4325917118,,,,
2014-09-25 00:00:00+00:00,83.8613343471,37.230328563,59.8067880311,148.5378973047,79.4391736707,61.3683574816,56.6531619066,,,,
2014-09-26 00:00:00+00:00,84.541649881,37.440464711,59.7483900933,149.7341203043,79.9604488211,61.7236559297,57.1260743727,,,,
2014-09-29 00:00:00+00:00,84.3923123248,37.0346845631,59.8213875156,149.4371270079,79.6919131375,61.5422269349,57.0822861813,,,,
2014-09-30 00:00:00+00:00,83.9940788415,36.9549777484,59.8067880311,148.9833872494,78.7757325703,61.3834765645,56.8107993953,,,,
2014-10-01 00:00:00+00:00,82.8906402317,36.5056486954,60.0631338087,147.0281813809,77.7331822695,60.5897247123,55.9744449414,,,,
2014-10-02 00:00:00+00:00,82.9321228862,36.2521085638,60.0192493953,147.0199315672,78.0649028198,60.5519270051,55.9350355692,,,,
2014-10-03 00:00:00+00:00,83.8613343471,36.3028310822,59.9826790508,148.6616445115,78.6572609452,61.2700834427,56.7494959275,,,,
2014-10-06 00:00:00+00:00,83.6954037291,36.5781818968,60.1216463599,148.4801486081,78.3808271533,61.1869284868,56.6093737153,,,,
2014-10-07 00:00:00+00:00,82.4011449085,36.0564645639,60.2752418068,146.2032000019,77.1645184692,60.2495453471,55.6285182301,,,,
2014-10-08 00:00:00+00:00,83.7700725072,36.5636897487,60.4361513227,148.760642277,78.372929045,61.2776429842,56.7433655807,,,,
2014-10-09 00:00:00+00:00,82.0443940798,35.6941608605,60.3410684269,145.7577100571,76.5405679104,60.0227591037,55.3920619971,,,,
2014-10-10 00:00:00+00:00,81.023920779,35.0999827869,60.3922669093,144.1242469266,75.505915718,59.4784721194,54.5854835133,,,,
2014-10-13 00:00:00+00:00,79.7296619584,35.1433867706,60.5678045629,141.7565503686,74.8898632676,58.5713271455,53.3077440911,,,,
2014-10-14 00:00:00+00:00,79.9785578854,35.2086738979,60.6482593208,141.9875451547,75.5612024764,58.64692256,53.0713754345,,,,
2014-10-15 00:00:00+00:00,79.5305452168,34.9043387871,60.7872266299,140.9315689895,75.5691005847,58.0119210783,52.799801072,,,,
2014-10-16 00:00:00+00:00,79.7047723657,34.7086947872,60.6848296653,140.8408210378,76.390503852,57.9892424539,53.1431004918,,,,
2014-10-17 00:00:00+00:00,80.5759081103,35.1869356757,60.6409452519,142.5815317477,76.7064281855,58.7603156817,54.043385705,,,,
2014-10-20 00:00:00+00:00,81.3806716077,35.433302194,60.6921437342,143.9840000921,77.464646586,59.16853092,54.4725099797,,,,
2014-10-21 00:00:00+00:00,82.9901986025,35.7956058975,60.6043749074,146.7806869672,79.0758606871,60.2268667228,55.8281923825,,,,
2014-10-22 00:00:00+00:00,82.3430691922,35.5275011569,60.5897467696,145.7824594985,78.3097441783,59.8715682747,55.4270925501,,,,
2014-10-23 00:00:00+00:00,83.3386529003,35.8100980456,60.4068950471,147.4571716981,79.4786642124,60.4007361761,56.2923472103,,,,
2014-10-24 00:00:00+00:00,83.9194100634,36.0129881195,60.4580935294,148.562646746,79.6919131375,60.937463619,56.8896181396,,,,
2014-10-27 00:00:00+00:00,83.8032586308,35.7883598234,60.4361513227,148.3729010289,79.5655434041,60.8316300387,56.7407382892,,,,
2014-10-28 00:00:00+00:00,84.8901041788,36.3607996748,60.3995809782,150.0806124836,81.287331022,61.4893101447,57.4150764352,,,,
2014-10-29 00:00:00+00:00,84.7656562153,36.1216792305,60.2971840135,149.907366394,81.1688593969,61.4741910618,57.0647709048,,,,
2014-10-30 00:00:00+00:00,85.2883376621,36.3535536007,60.3410684269,150.8560949799,81.4847837304,61.8219299685,57.5026528178,,,,
2014-10-31 00:00:00+00:00,86.300514432,36.9259934521,60.1124306331,152.5638064346,82.5984170062,62.487169616,58.1148117323,,,,
2014-11-03 00:00:00+00:00,86.3502936174,36.592674045,60.2113387869,152.6545543863,82.6773980896,62.4796100745,58.2032638787,,,,
2014-11-04 00:00:00+00:00,86.0350254432,36.4042761192,60.1966799095,152.1100666761,82.2824926726,62.3813360357,58.1069298578,,,,
2014-11-05 00:00:00+00:00,86.4415554573,36.4405064895,60.2699742963,153.1082941448,82.7168886313,62.8727062299,58.3959319204,,,,
2014-11-06 00:00:00+00:00,86.8646785333,36.1868938972,60.1307149613,153.7270301791,83.0644053982,63.0994924733,58.7024492595,,,,
2014-11-07 00:00:00+00:00,86.9310507805,36.2593546378,60.3359392445,153.8590271998,83.1749789149,63.1826474293,58.4528565691,,,,
2014-11-10 00:00:00+00:00,87.1965397693,36.3535536007,60.2113387869,154.3210167721,83.3882278401,63.4018741313,58.6674187065,,,,
2014-11-11 00:00:00+00:00,87.2795050783,36.5274593784,60.2406565416,154.4695134203,83.3250429733,63.4018741313,58.6936916213,,,,
2014-11-12 00:00:00+00:00,87.2629120165,36.3245693045,60.2333271029,154.3457662134,83.7041521736,63.3036000925,58.719964536,,,,
2014-11-13 00:00:00+00:00,87.2463189547,36.3970300451,60.277303735,154.4860130479,83.2065713483,63.3262787168,58.6061152387,,,,
2014-11-14 00:00:00+00:00,87.2546154856,36.5202133043,60.2919626124,154.5437617444,83.1196921565,63.3413977997,58.5360541326,,,,
2014-11-17 00:00:00+00:00,87.2463189547,36.3245693045,60.2919626124,154.6262598823,82.8669526897,63.5001481701,58.6411457917,,,,
2014-11-18 00:00:00+00:00,87.7607038706,36.6723808597,60.3799158766,155.5172397718,83.3013486483,63.7798512037,59.3505144908,,,,
2014-11-19 00:00:00+00:00,87.5366975362,36.599920119000004,60.2259976642,155.2367461029,82.7879716063,63.6815771649,59.0991702727,,,,
2014-11-20 00:00:00+00:00,87.7855934633,36.4767368599,60.2992920511,155.5172397718,83.3803297317,63.8327679939,59.0527547899,,,,
2014-11-21 00:00:00+00:00,88.2501991937,36.9187473781,60.4312219474,156.3917200336,83.5619862235,64.104911486,59.3767874056,,,,
2014-11-24 00:00:00+00:00,88.5737638989,36.9187473781,60.4385513861,156.7959609093,84.2649178657,64.188066442,59.6745471064,,,,
2014-11-25 00:00:00+00:00,88.5571708371,36.9984541928,60.5484929663,156.7464620266,84.3360008407,64.1200305689,59.7708811273,,,,
2014-11-26 00:00:00+00:00,88.7562875787,37.1868521186,60.6364462305,157.1094538334,84.4465743574,64.2712213979,60.1912477638,,,,
2014-11-28 00:00:00+00:00,88.4410194044,36.7375955263,60.7390583721,156.771211468,83.5066994651,64.0293160715,60.2963394229,,,,
2014-12-01 00:00:00+00:00,87.6943316233,36.5709358228,60.6484877653,155.6987356752,82.4641491644,63.7874107452,59.8759727864,,,,
2014-12-02 00:00:00+00:00,88.2419026628,36.6506426375,60.5162919819,156.6804635163,83.1196921565,64.2409832321,60.2700665081,,,,
2014-12-03 00:00:00+00:00,88.6401361461,36.701365156,60.4979314564,157.282699923,83.9647897488,64.4602099341,60.3839158055,,,,
2014-12-04 00:00:00+00:00,88.5322812443,36.592674045,60.6044225042,157.125953461,83.7041521736,64.4148526854,60.4101887203,,,,
2014-12-05 00:00:00+00:00,88.731397986,36.6216583413,60.4281614596,157.4064471299,84.0753632655,64.5811625973,60.6117019767,,,,
2014-12-08 00:00:00+00:00,88.1008616375,36.1868938972,60.5530130328,156.333971337,83.2618581066,64.2258641492,60.401431082,,,,
2014-12-09 00:00:00+00:00,88.1506408229,35.9840038232,60.5750456634,156.2102241302,83.9410954238,64.0595542373,60.3839158055,,,,
2014-12-10 00:00:00+00:00,86.7070444461,35.4985168607,60.7366182876,153.7599469362,82.266696456,63.0012184345,59.4731214264,,,,
2014-12-11 00:00:00+00:00,87.1052779294,35.4115639718,60.6778646061,154.4777632341,82.6221113312,63.3262787168,59.7960155491,,,,
2014-12-12 00:00:00+00:00,85.7363503307,34.7666633798,60.8835024915,151.9698198417,81.3900064304,62.2603833725,59.122815896,,,,
2014-12-15 00:00:00+00:00,85.1141105131,34.2521921209,60.7733393386,150.9138436764,80.6791766799,61.7614536369,58.7112068978,,,,
2014-12-16 00:00:00+00:00,84.4835741647,34.4188518245,60.9128793322,149.7506199319,80.5607050548,61.4061551888,58.0631416665,,,,
2014-12-17 00:00:00+00:00,86.2922179011,34.8826005649,60.7659951284,152.7700517794,82.4878434894,62.6156818206,59.0527547899,,,,
2014-12-18 00:00:00+00:00,88.3331645027,35.4622864903,60.6705203959,156.3966699219,83.7515408236,64.1805069005,60.602856762,,,,
2014-12-19 00:00:00+00:00,88.6982118624,35.4985168607,60.8027161794,157.1183092898,84.1919393446,64.5131267243,60.6291296768,,,,
2014-12-22 00:00:00+00:00,89.0474958133,35.6796687124,60.7733393386,157.8150645417,84.7111609868,64.8026571618,60.6377997387,,,,
2014-12-23 00:00:00+00:00,89.247658771,35.5627820008,60.5098900339,158.0556109977,85.1370875148,65.0232037006,60.3217365739,,,,
2014-12-24 00:00:00+00:00,89.2726791407,35.6723632929,60.5320250991,158.0390215869,85.2254873603,65.0308087537,60.4078548097,,,,
2014-12-26 00:00:00+00:00,89.5395630843,35.9499692329,60.5836735847,158.5532933204,85.6031957908,65.1372794966,60.6890668193,,,,
2014-12-29 00:00:00+00:00,89.7313859188,35.7161958097,60.6869705558,158.7772503656,86.0934131156,65.1981199211,60.6714910687,,,,
2014-12-30 00:00:00+00:00,89.2893593872,35.4239790308,60.7312406863,157.9146010062,85.755886433,64.9395481169,60.1969458025,,,,
2014-12-31 00:00:00+00:00,88.405306324,35.3143977387,60.7755108168,156.2722493412,85.0004695719,64.2550933411,59.8102792893,,,,
2015-01-02 00:00:00+00:00,88.3385853381,35.2194272855,60.9821047592,156.2722493412,84.7111609868,64.2703034473,59.713612661,,,,
2015-01-05 00:00:00+00:00,86.8206829087,34.4450528212,61.1591852811,153.5267018607,83.232472663,63.0839151692,58.9402796347,,,,
2015-01-06 00:00:00+00:00,85.9699903384,34.1820577201,61.3362658031,152.0170654817,82.0511292738,62.5287462955,58.4393707426,,,,
2015-01-07 00:00:00+00:00,86.9958254967,34.5838557912,61.3731575785,153.9165530135,82.8708369316,63.2284111774,59.4060370255,,,,
2015-01-08 00:00:00+00:00,88.5304081725,35.0221809597,61.2772389625,156.6206269671,84.220943662,64.3919842963,60.6187638169,,,,
2015-01-09 00:00:00+00:00,87.7964773276,34.8760725702,61.3805359336,155.3017688118,83.3851633051,63.8063952103,60.3024003061,,,,
2015-01-12 00:00:00+00:00,87.1709680847,34.7372696002,61.4616978395,154.1488047641,82.7985097853,63.3729071857,59.9508852941,,,,
2015-01-13 00:00:00+00:00,86.970805127,34.919905087000004,61.5207246802,153.7423642006,82.8065461349,63.1219404345,59.7487641622,,,,
2015-01-14 00:00:00+00:00,86.4954181024,34.7737966976,61.6609134268,152.8382413142,82.4127650052,62.6960574629,59.5466430303,,,,
2015-01-15 00:00:00+00:00,85.6197051624,35.0221809597,61.9339125648,151.4115519891,81.4564394044,62.2473593321,59.1511886419,,,,
2015-01-16 00:00:00+00:00,86.7538785216,35.365535675,61.7494536878,153.2861554047,82.5976010457,63.06110001,59.8717944164,,,,
2015-01-20 00:00:00+00:00,86.8790637714,35.4093681918,61.683048492,153.6677118522,82.0832746721,63.0763101161,60.1969458025,,,,
2015-01-21 00:00:00+00:00,87.2710495636,35.7454174876,61.5649948107,154.4722982739,82.396692306,63.410932451,60.4342184356,,,,
2015-01-22 00:00:00+00:00,88.5971291584,35.9864963303,61.5797515209,156.8362893069,84.0200349224,64.3463539779,61.471187721,,,,
2015-01-23 00:00:00+00:00,88.196803243,35.7381120682,61.7789671081,155.9736399475,83.6744718902,63.8140002634,61.348157466800004,,,,
2015-01-26 00:00:00+00:00,88.5637686655,36.1179938808,61.7051835573,156.2805440466,84.4620341496,63.9661013247,61.4096725939,,,,
2015-01-27 00:00:00+00:00,87.529593384,36.0814667835,61.7420753327,154.231834765,83.9235987274,63.1295454876,60.6275516922,,,,
2015-01-28 00:00:00+00:00,86.3452958842,35.6139199371,61.9634259852,152.1995490001,82.6860008911,62.0800481647,59.9333095435,,,,
2015-01-29 00:00:00+00:00,87.1709680847,35.9572746524,61.8970207894,153.6760065575,83.425345053,62.6656372507,60.504521438,,,,
2015-01-30 00:00:00+00:00,85.9866705849,35.4093681918,62.2364251232,151.7848137311,82.1957835663,61.6237449808,59.3972491503,,,,
2015-02-02 00:00:00+00:00,86.9541248805,35.935358394,62.1626910074,153.5267018607,83.0154912241,62.6047968261,59.8366429152,,,,
2015-02-03 00:00:00+00:00,88.2885445986,36.490570274,61.9704657497,155.7662723131,84.7352700355,63.5858486715,60.4078548097,,,,
2015-02-04 00:00:00+00:00,87.9799600388,36.198353495,61.9926455872,155.2354111688,84.3093435075,63.3424869734,60.3111881814,,,,
2015-02-05 00:00:00+00:00,88.9474143344,36.6147624051,61.8595665626,156.8114051908,85.3540689537,64.0117316431,60.9658848912,,,,
2015-02-06 00:00:00+00:00,88.6805303908,36.1179938808,61.4603294891,156.3717858057,85.1210148157,63.9584962716,60.3814911838,,,,
2015-02-09 00:00:00+00:00,88.2385038592,36.0376342666,61.4381496517,155.6584411431,84.6950882876,63.6771093082,60.0036125459,,,,
2015-02-10 00:00:00+00:00,89.1392371689,36.2202697535,61.3272504646,157.3173822189,85.1210148157,64.2626983942,60.8384606994,,,,
2015-02-11 00:00:00+00:00,89.1809377851,36.0449396861,61.3272504646,157.4252133889,85.0406513198,64.1714377574,61.1548242102,,,,
2015-02-12 00:00:00+00:00,90.0399704786,36.629373244,61.3568235811,158.8850815356,85.8844680264,64.7646318964,61.5502785987,,,,
2015-02-13 00:00:00+00:00,90.4653167638,36.8704520867,61.2163512775,159.5818367874,86.3345036032,64.9395481169,61.6293694764,,,,
2015-02-17 00:00:00+00:00,90.6070988588,36.9873387983,60.9723730659,159.8389726542,86.4711215461,65.0916491782,61.8930057353,,,,
2015-02-18 00:00:00+00:00,90.6571395983,37.1334471878,61.1424184861,159.8721514757,86.6318485379,65.0003885414,62.0775511166,,,,
2015-02-19 00:00:00+00:00,90.6321192285,37.0896146709,61.0906655321,159.7643203058,86.6318485379,64.8102622148,62.116217768,,,,
2015-02-20 00:00:00+00:00,91.1408667461,37.3672206109,61.1054520904,160.7348008351,87.0095569684,65.1753047619,62.6223993852,,,,
2015-02-23 00:00:00+00:00,91.1325266228,37.213806802,61.2311378358,160.6933273082,87.0095569684,65.0992542313,62.8420962677,,,,
2015-02-24 00:00:00+00:00,91.3410297038,37.4475802251,61.4825093265,161.1661255148,87.2667201552,65.4110614069,62.9123992701,,,,
2015-02-25 00:00:00+00:00,91.3076692108,37.5279398394,61.5416555596,160.9919367018,87.2024293585,65.2741704518,62.763005390000004,,,,
2015-02-26 00:00:00+00:00,91.2492883482,37.4621910641,61.3716101394,160.8094531835,87.2104657081,65.1144643374,62.8596720183,,,,
2015-02-27 00:00:00+00:00,90.9240235419,37.4548856446,61.4233630934,160.2537079231,86.8488299767,64.8939177985,62.6223993852,,,,
2015-03-02 00:00:00+00:00,91.4828117988,37.4548856446,61.2251699808,161.3071355063,87.4354834965,65.1676997089,63.0090658984,,,,
2015-03-03 00:00:00+00:00,91.1075062531,37.2649447383,61.1510923402,160.6186749598,87.0336660172,64.8787076924,62.587247884,,,,
2015-03-04 00:00:00+00:00,90.7405408306,37.0823092514,61.1510923402,159.9468038241,86.7041756841,64.6277409413,62.5081570063,,,,
2015-03-05 00:00:00+00:00,90.8823229257,37.1042255099,61.1881311605,160.120992637,86.5997031395,64.711396525,62.6487630111,,,,
2015-03-06 00:00:00+00:00,89.6229643167,36.5928461467,60.8325584855,157.8565380686,85.5549776933,63.7911851042,61.646945227,,,,
2015-03-09 00:00:00+00:00,89.9565692463,36.6147624051,60.9066361261,158.5284092043,85.8282135793,64.0649670145,62.0248238648,,,,
2015-03-10 00:00:00+00:00,88.5887890352,35.8476933603,61.1436845761,155.9238717153,84.7031246372,63.0154696916,61.0669454572,,,,
2015-03-11 00:00:00+00:00,88.5220680493,35.9426638134,61.2103544527,155.5589046786,85.1853056124,63.0154696916,60.9351273277,,,,
2015-03-12 00:00:00+00:00,89.63130444,36.3371564651,61.2548010371,157.5662233803,86.5273759932,63.768369945,61.6205816011,,,,
2015-03-13 00:00:00+00:00,89.1308970457,36.0887722029,61.1955389246,156.6040375563,86.0050132701,63.3729071857,61.3569453421,,,,
2015-03-16 00:00:00+00:00,90.2484735596,36.4686540156,61.3140631496,158.7440715441,86.6639939362,64.2170680758,62.2972479991,,,,
2015-03-17 00:00:00+00:00,90.0733309716,36.4540431766,61.365917498,158.2049156945,86.9050844238,63.9052609002,62.337496468,,,,
2015-03-18 00:00:00+00:00,91.1075062531,37.2284176409,61.7437134653,160.0878138155,87.8051555774,64.7037914719,63.0090658984,,,,
2015-03-19 00:00:00+00:00,90.7822414468,36.7754816335,61.5585193637,159.3495850368,87.5560287403,64.2246731289,63.0969446514,,,,
2015-03-20 00:00:00+00:00,91.5411926615,37.4987181615,61.7214901731,160.7928637728,88.4721725931,64.7874470556,63.5714020388,,,,
2015-03-23 00:00:00+00:00,91.38273032,37.6740482288,61.7511212293,160.5058669666,88.512354341,64.7874470556,63.2463385315,,,,
2015-03-24 00:00:00+00:00,90.8990031722,37.6886590678,61.8548299262,159.5721116633,88.2873365526,64.3159337656,62.9299750207,,,,
2015-03-25 00:00:00+00:00,89.4878543203,37.3146215907,61.7585289934,157.2460605058,86.8456154368,63.6010587776,61.6323222025,,,,
2015-03-26 00:00:00+00:00,89.311878579,37.102107053,61.5585193637,156.8542167624,86.5561032454,63.4250904927,61.6474834717,,,,
2015-03-27 00:00:00+00:00,89.5548926979,37.131419403,61.6177814762,157.1793636984,86.8938674688,63.5704555976,62.1083155375,,,,
2015-03-30 00:00:00+00:00,90.6945451174,37.2853092407,61.6918591168,159.1385824153,88.1484202985,64.3890906619,62.6812704779,,,,
2015-03-31 00:00:00+00:00,89.8733249916,36.8969206028,61.7585289934,157.7379494603,87.9795381868,64.0371540922,61.9671923284,,,,
2015-04-01 00:00:00+00:00,89.7057290475,37.1900441031,62.0034059685,157.229386304,87.7865300591,63.6316619576,61.4560283746,,,,
2015-04-02 00:00:00+00:00,89.9906421524,37.5271361284,61.9217346158,157.6962639556,88.1966723304,63.8535350124,61.6058781283,,,,
2015-04-06 00:00:00+00:00,90.6107471453,37.9521652039,61.9737072948,158.8050983784,88.7837387187,64.281979532,61.9108664504,,,,
2015-04-07 00:00:00+00:00,90.3090744461,37.9301809414,62.0108306369,158.3799062313,88.1162522772,64.1366144271,61.8967629442,,,,
2015-04-08 00:00:00+00:00,90.6945451174,38.2086482667,61.9662826264,158.955166195,88.5103105378,64.197820787,62.1083155375,,,,
2015-04-09 00:00:00+00:00,91.012977411,38.3552100169,61.8326385948,159.6471455716,88.3414284261,64.5344557667,62.3207496001,,,,
2015-04-10 00:00:00+00:00,91.4403470683,38.3991785419,61.8029399211,160.5225411685,88.6228986123,64.9782018763,62.6724557865,,,,
2015-04-13 00:00:00+00:00,91.0800157887,38.1866640042,61.817789258,159.7972133882,88.4781425165,64.7104240516,62.3463122051,,,,
2015-04-14 00:00:00+00:00,91.2140925439,38.4797875045,61.9291592843,160.0890119205,88.5746465804,64.8940431314,62.275794674,,,,
2015-04-15 00:00:00+00:00,91.67498139,38.7069582172,61.9885566316,160.8226768017,89.145628958,65.2383289061,62.4785325759,,,,
2015-04-16 00:00:00+00:00,91.633082404,38.8535199674,61.9737072948,160.7643170952,88.9365368197,65.1771225462,62.5137913415,,,,
2015-04-17 00:00:00+00:00,90.5688481593,38.3332257543,62.0776526526,158.8968064885,87.7784880538,64.5115033818,61.7557278819,,,,
2015-04-20 00:00:00+00:00,91.3062703131,38.3552100169,62.0108306369,160.3474620491,88.4781425165,65.0623606213,62.4256444276,,,,
2015-04-21 00:00:00+00:00,91.2811309215,38.6410054297,61.9365839527,160.1890571316,88.3012183995,64.8098843865,62.6063456011,,,,
2015-04-22 00:00:00+00:00,91.6666015928,38.7509267423,61.706419231699996,160.9810817192,88.5666045751,65.1006145962,62.8223055402,,,,
2015-04-23 00:00:00+00:00,91.9515146977,38.948785105,61.8252139264,161.3979367654,88.9847888516,65.2918844711,62.9104524541,,,,
2015-04-24 00:00:00+00:00,92.0520722641,39.1173311177,61.9217346158,161.7230837014,88.7354866867,65.4142971909,63.0162287508,,,,
2015-04-27 00:00:00+00:00,91.5744238236,39.3225175679,61.8771866053,161.0811269303,88.0680002453,65.1388685712,62.5268370848,,,,
2015-04-28 00:00:00+00:00,91.8174379424,39.366486093,61.6841452264,161.5813529857,88.590730591,65.5826146808,62.5843088726,,,,
2015-04-29 00:00:00+00:00,91.4152076767,39.0660345051,61.4911038475,160.9227220128,88.0921262613,65.406646396,62.1788330687,,,,
2015-04-30 00:00:00+00:00,90.4263916069,38.6703177797,61.5579258633,159.3219986356,86.8375734315,64.8557891565,61.3194006581,,,,
2015-05-01 00:00:00+00:00,91.2559915299,38.9707693675,61.3714167077,160.9894188202,87.4487658358,65.4755035509,62.2580771443,,,,
2015-05-04 00:00:00+00:00,91.5744238236,39.0440502426,61.2821491925,161.4896448755,87.7784880538,65.7356305807,62.4080150448,,,,
2015-05-05 00:00:00+00:00,90.4850501873,38.5090998545,61.1854427177,159.605460067,86.6928173358,65.0241066463,61.4807095105,,,,
2015-05-06 00:00:00+00:00,90.2336562712,38.487115592,61.0143466468,158.9635032959,86.6847753305,64.7869320015,61.2356610899,,,,
2015-05-07 00:00:00+00:00,90.5772279565,38.3332257543,61.1408089601,159.605460067,86.7973634049,64.9629002864,61.7557278819,,,,
2015-05-08 00:00:00+00:00,91.716880376,39.0880187676,61.3044660713,161.6980723986,87.4970178677,65.8580433005,62.5490501071,,,,
2015-05-11 00:00:00+00:00,91.3314097047,38.7729110048,60.9845908084,160.9227220128,87.505059873,65.5290591158,62.3463122051,,,,
2015-05-12 00:00:00+00:00,91.0632561942,38.7435986548,60.9102012124,160.4558443611,87.3763877879,65.322487651,62.1259449203,,,,
2015-05-13 00:00:00+00:00,91.1135349775,38.9561131925,60.880445374,160.5058669666,87.4648498464,65.375966708,62.1964624515,,,,
2015-05-14 00:00:00+00:00,92.0185530753,39.4177827055,60.999468727600004,162.1816242521,88.2851343889,65.9498528405,63.0691168991,,,,
2015-05-15 00:00:00+00:00,92.1274904389,39.5277040181,61.2449543945,162.3483662706,88.3173024102,66.0187099954,63.20133727,,,,
2015-05-18 00:00:00+00:00,92.4710621242,39.3371737429,61.0217856064,162.848592326,89.0249988782,66.1870274853,63.5362955428,,,,
2015-05-19 00:00:00+00:00,92.4291631382,39.2272524303,60.8878843336,162.7652213167,88.8722007772,66.2023290752,63.51866616,,,,
2015-05-20 00:00:00+00:00,92.3705045578,39.2785490429,60.8878843336,162.6568390047,88.9928308569,66.1640751003,63.5010367772,,,,
2015-05-21 00:00:00+00:00,92.6051388794,39.439766968,61.0812972832,163.1487279592,89.0169568729,66.3170910001,63.5891836912,,,,
2015-05-22 00:00:00+00:00,92.4291631382,39.2565647803,61.0441024852,162.7902326195,88.7435286921,66.0646147654,63.4922220859,,,,
2015-05-26 00:00:00+00:00,91.4654864599,38.589782098,61.1928816773,161.0394414257,87.7382780272,65.4142971909,62.8487496143,,,,
2015-05-27 00:00:00+00:00,92.3034661801,38.8828323174,61.2226375157,162.52344539,88.5666045751,65.9345512505,63.6782120742,,,,
2015-05-28 00:00:00+00:00,92.2196682081,38.6996301297,61.2300764753,162.3733775734,88.4540165006,65.9422020455,63.5887429566,,,,
2015-05-29 00:00:00+00:00,91.5995632152,38.3185695793,61.2523933541,161.3145657562,88.0277902187,65.6170432583,63.3864457892,,,,
2015-06-01 00:00:00+00:00,91.8258177396,38.2013201792,61.0487741519,161.6897352977,88.1001682666,65.6744242207,63.4393339375,,,,
2015-06-02 00:00:00+00:00,91.758779362,38.4138347169,60.877330708,161.5229932792,88.2851343889,65.5673130908,63.1660785044,,,,
2015-06-03 00:00:00+00:00,92.0772116557,38.5384122046,60.608984448,161.9648596281,88.7596127027,65.7279797857,63.2630401097,,,,
2015-06-04 00:00:00+00:00,91.3397895019,38.0840707791,60.7580657035,160.6475976823,87.8267400857,65.1388685712,62.7694173918,,,,
2015-06-05 00:00:00+00:00,91.2643713271,37.7543068412,60.5195356946,160.3224507463,88.1242942825,64.9935034663,62.5843088726,,,,
2015-06-08 00:00:00+00:00,90.7029249146,37.6736978786,60.5940763224,159.3303357365,87.5452698996,64.6951224616,62.2140918342,,,,
2015-06-09 00:00:00+00:00,90.6275067397,37.4978237784,60.4151788157,159.2886502319,87.3763877879,64.7792812065,62.2669799826,,,,
2015-06-10 00:00:00+00:00,91.7336399704,38.1939920917,60.2884597485,161.1811721414,88.5263945485,65.5596622958,63.0250434422,,,,
2015-06-11 00:00:00+00:00,91.9934136837,38.2452887042,60.5717141341,161.6813981968,88.767654708,65.7662337606,63.20133727,,,,
2015-06-12 00:00:00+00:00,91.3900682851,37.996133729,60.5269897574,160.4975298657,88.413806474,65.2689320861,62.8575643057,,,,
2015-06-15 00:00:00+00:00,90.971078425,37.7396506662,60.5344438202,159.7555278836,87.9554121708,64.94759869640001,62.8134908488,,,,
2015-06-16 00:00:00+00:00,91.4738662571,37.7469787537,60.6909791385,160.6892831869,88.4781425165,65.330138446,63.2277813441,,,,
2015-06-17 00:00:00+00:00,91.6247026068,37.7176664037,60.7133413269,160.9644075174,88.3816384527,65.4449003709,63.3247429494,,,,
2015-06-18 00:00:00+00:00,92.5297207046,38.0620865165,60.6686169502,162.5567937937,89.1617129686,66.0416623804,64.2264858787,,,,
2015-06-19 00:00:00+00:00,92.1274904389,37.8862124163,60.8400603941,161.6147013894,89.0732509101,65.6667734257,64.1709533229,,,,
2015-06-22 00:00:00+00:00,92.6889368514,38.5384122046,60.5493519457,162.7168661314,89.4753511761,66.0340115854,64.4618381388,,,,
2015-06-23 00:00:00+00:00,92.7811146207,38.6923020422,60.407724753,162.8341274752,89.7326953463,66.0878854876,64.5852438183,,,,
2015-06-24 00:00:00+00:00,92.0772116557,38.3918504544,60.5195356946,161.6698898475,88.9606628357,65.5568427371,64.0186610183,,,,
2015-06-25 00:00:00+00:00,91.7922985508,38.3478819293,60.4375410041,161.1673412313,88.6872346548,65.3413471282,64.3723552781,,,,
2015-06-26 00:00:00+00:00,91.7403438082,38.3163711531,60.3257300624,161.1673412313,88.7435286921,65.3952210304,64.1778234352,,,,
2015-06-29 00:00:00+00:00,89.8215475153,37.2573759704,60.6313466363,157.758386451,86.6767333252,64.0945511053,62.9841053085,,,,
2015-06-30 00:00:00+00:00,90.0656049385,37.2721870919,60.5717141341,158.1688011543,86.7008593411,64.1561212792,63.1697947949,,,,
2015-07-01 00:00:00+00:00,90.6547090635,37.4573261098,60.4251933491,159.366542023,87.1190436177,64.6563789428,63.76223268,,,,
2015-07-02 00:00:00+00:00,90.5368882385,37.5461928384,60.5745757801,159.2492806793,86.8536574422,64.5717199535,63.6207549761,,,,
2015-07-06 00:00:00+00:00,90.3012465885,36.7537978416,60.7837111835,158.7886111144,86.6204392879,64.2792616272,63.4881196286,,,,
2015-07-07 00:00:00+00:00,90.7977772082,36.6427144309,60.843464156,159.768580916,86.8214894209,64.7487342037,63.8859372473,,,,
2015-07-08 00:00:00+00:00,89.2829380296,35.6725859769,61.0152539516,157.0548183883,85.5508525805,63.7097375179,62.9487358825,,,,
2015-07-09 00:00:00+00:00,89.4680850403,36.2280030307,60.8135876697,157.3395959375,85.639314639,63.8559666811,63.2051642208,,,,
2015-07-10 00:00:00+00:00,90.553719785,37.2277537276,60.5297610508,159.3414145922,86.6284812932,64.5717199535,64.1866657917,,,,
2015-07-13 00:00:00+00:00,91.5804441171,37.3906760634,60.3878477413,161.1254621799,87.4085558092,65.1874216933,64.8675272418,,,,
2015-07-14 00:00:00+00:00,91.9928170046,37.6424651278,60.4998845646,161.8374060529,87.8106560751,65.4567912044,65.2389062145,,,,
2015-07-15 00:00:00+00:00,91.8749961796,37.4187431385,60.6716743603,161.7703995708,87.30400974,65.4106135739,65.1151132236,,,,
2015-07-16 00:00:00+00:00,92.5145949439,37.7017096135,60.6716743603,163.0100194909,87.6498159687,65.8262122482,65.4864921963,,,,
2015-07-17 00:00:00+00:00,92.5398422635,37.6276540063,60.6791434818,163.2026631271,87.127085623,65.6261091828,65.4864921963,,,,
2015-07-20 00:00:00+00:00,92.5482580367,37.6646818099,60.5969831448,163.2780454195,86.7169433517,65.5568427371,65.6986203286,,,,
2015-07-21 00:00:00+00:00,92.1443009225,37.5980317634,60.709019968,162.6331080287,86.2585490486,65.164332878,65.3273297795,,,,
2015-07-22 00:00:00+00:00,92.009648551,37.2647815312,60.7314273327,162.3148272384,86.3550531124,65.1258515193,65.3538568489,,,,
2015-07-23 00:00:00+00:00,91.4794548385,37.1314814382,60.8733406422,161.3851122983,85.5347685699,64.7795192907,65.0289886713,,,,
2015-07-24 00:00:00+00:00,90.5200566921,36.664931113,60.9106862499,159.7015744339,84.553643921,64.0637660183,64.8763695982,,,,
2015-07-27 00:00:00+00:00,89.9225367939,36.3613031236,61.0301921947,158.7969869246,83.8379054476,63.7020412462,64.3723552781,,,,
2015-07-28 00:00:00+00:00,90.9913399921,36.7834200845,60.925624493,160.7234232869,84.6421059795,64.4485796056,65.1938101964,,,,
2015-07-29 00:00:00+00:00,91.61410721,36.9241257381,60.8733406422,161.8625334838,85.5508525805,64.9873186279,65.6191275438,,,,
2015-07-30 00:00:00+00:00,91.6898491689,36.8648812524,60.8957480068,161.8876609146,85.6071466178,65.0181037148,65.5572310483,,,,
2015-07-31 00:00:00+00:00,91.5972756635,37.0648313918,61.1048834102,161.6112591756,85.8805747986,64.8026081059,65.5664270991,,,,
2015-08-03 00:00:00+00:00,91.2690605082,36.8648812524,61.2458817523,161.1087105594,85.5106425539,64.5948087688,65.4953345528,,,,
2015-08-04 00:00:00+00:00,91.1175765903,36.8870979346,61.0363150055,160.7904297691,85.4141384901,64.4639721491,65.247748571,,,,
2015-08-05 00:00:00+00:00,91.4289601992,37.1018591954,60.9165625788,161.3516090572,85.6795246656,64.7333416602,65.5130192658,,,,
2015-08-06 00:00:00+00:00,90.67154061,36.9093146167,60.9764387922,160.1203649474,85.1005002827,64.4485796056,64.3369858521,,,,
2015-08-07 00:00:00+00:00,90.4106516403,36.8796923738,61.1036757456,159.7015744339,84.7144840274,64.194602638,64.2927740696,,,,
2015-08-10 00:00:00+00:00,91.538365251,37.3536482598,60.9764387922,161.7285205194,85.9127428199,65.0719776171,64.7763625463,,,,
2015-08-11 00:00:00+00:00,90.713619476,36.716770038,61.208459119,160.2460021015,85.2372143731,64.5024535078,64.3900399911,,,,
2015-08-12 00:00:00+00:00,90.8061929814,36.4797920951,61.186005539,160.3883908761,85.0763742667,64.5255423231,64.1866657917,,,,
2015-08-13 00:00:00+00:00,90.6799563832,36.3835198058,61.0587685855,160.2124988604,84.9396601763,64.4331870621,64.4165670605,,,,
2015-08-14 00:00:00+00:00,91.025003085,36.4205476093,61.0363150055,160.8323088204,85.5267265646,64.7179491167,64.5757294774,,,,
2015-08-17 00:00:00+00:00,91.6056914367,36.3538975629,61.1485829056,161.7285205194,86.1861710007,64.9796223561,65.2282953867,,,,
2015-08-18 00:00:00+00:00,91.3700497867,36.0724862556,61.0363150055,161.2343477134,85.7679867241,64.8410894647,65.1416402931,,,,
2015-08-19 00:00:00+00:00,90.553719785,35.7096137804,61.253366279,159.9612245523,84.931618171,64.2099951815,64.8852119547,,,,
2015-08-20 00:00:00+00:00,88.5844288528,34.9124051692,61.3057579657,156.6025246337,83.1221669743,63.009376789,63.2935877858,,,,
2015-08-21 00:00:00+00:00,86.0344495689,34.0729848619,61.4030568124,151.6356691431,81.4735558839,61.216145472,61.1891069401,,,,
2015-08-24 00:00:00+00:00,82.5755667779,32.836256222,61.3880877591,145.4543211632,78.5703919639,58.5917168065,58.7663012607,,,,
2015-08-25 00:00:00+00:00,81.5909213118,33.0880452864,61.186005539,143.6870251961,77.6536033576,57.7143418274,58.6071388438,,,,
2015-08-26 00:00:00+00:00,84.5532734832,33.9544958904,60.9240471055,149.3909519905,79.5676006234,59.8539053729,60.9326786018,,,,
2015-08-27 00:00:00+00:00,86.5983063743,34.5913741121,61.0063768988,153.0428052686,81.3770518201,61.308500733,62.4270368493,,,,
2015-08-28 00:00:00+00:00,86.66563256,34.5617518692,61.0363150055,153.0428052686,81.8756561499,61.33928582,62.3120862149,,,,
2015-08-31 00:00:00+00:00,86.0176180225,34.3099628048,60.9539852121,151.694299815,81.7228580488,61.0160424066,61.6312247649,,,,
2015-09-01 00:00:00+00:00,83.4928860582,33.1621008936,61.1025298645,147.0624767352,79.4469705436,59.1612409157,59.9600193874,,,,
2015-09-02 00:00:00+00:00,85.0666356493,33.6508679009,61.0575298425,150.0275135711,80.4361371978,60.123274884,61.3128999311,,,,
2015-09-03 00:00:00+00:00,85.1676249279,33.6878957045,61.1025298645,150.1531507251,80.7417333999,60.3310742212,61.3040575746,,,,
2015-09-04 00:00:00+00:00,83.955753585,32.8732840256,61.2525299378,147.8246754698,79.808860783,59.3151663507,60.6938465529,,,,
2015-09-08 00:00:00+00:00,86.076528435,33.8360069189,61.1025298645,151.6105417123,81.6746060169,60.792850526,62.170608511,,,,
2015-09-09 00:00:00+00:00,84.898320185,33.6953012653,61.0875298572,149.5668440062,80.9427835329,59.9308680904,61.3305846441,,,,
2015-09-10 00:00:00+00:00,85.3359403922,33.9100625261,60.9600297949,150.4044250333,81.0473296021,60.215630145,61.6665941908,,,,
2015-09-11 00:00:00+00:00,85.72306596,33.8952514046,61.0875298572,151.0326108036,81.3287997882,60.3926443952,62.4005097799,,,,
2015-09-14 00:00:00+00:00,85.3948508047,33.7249235081,61.1025298645,150.4630557052,81.0151615808,60.1617562428,62.0433670011,,,,
2015-09-15 00:00:00+00:00,86.4720697761,33.9470903297,60.8475297399,152.4229953085,81.9239081818,60.9775610479,62.8427160281,,,,
2015-09-16 00:00:00+00:00,87.2042420457,34.5173185049,60.8100297216,153.7547491416,82.7844027509,61.5163000702,63.2759030728,,,,
2015-09-17 00:00:00+00:00,87.0864212207,34.5469407478,61.1550298902,153.3527102486,82.6637726711,61.3008044613,63.4439078462,,,,
2015-09-18 00:00:00+00:00,85.7062344136,33.7397346296,61.3275299745,150.8734704084,81.3931358308,60.2233264167,62.5242143472,,,,
2015-09-21 00:00:00+00:00,86.0512811154,33.7693568724,61.1025298645,151.6465576964,81.5620179425,60.5273291507,62.957578239,,,,
2015-09-22 00:00:00+00:00,84.898320185,32.9769618756,61.2150299195,149.6678269325,80.4039691766,59.8067657085,62.241347363,,,,
2015-09-23 00:00:00+00:00,84.7300047207,32.7770117363,61.2150299195,149.3983827433,80.1144569851,59.6518058284,62.3209285714,,,,
2015-09-24 00:00:00+00:00,84.427036885,32.6807394469,61.2375299305,148.9352755433,80.0259949266,59.5045939423,61.8522836772,,,,
2015-09-25 00:00:00+00:00,84.2570382661,32.898462932,61.1250298755,148.8342339723,79.8353994005,59.6440578344,61.4916773474,,,,
2015-09-28 00:00:00+00:00,81.9985673076,32.1988123629,61.2825299525,145.0872757172,77.874701219,58.2959068779,59.5723285313,,,,
2015-09-29 00:00:00+00:00,81.9816499222,32.2658001833,61.3275299745,145.1630568954,77.720123354,58.505102716,59.1291700291,,,,
2015-09-30 00:00:00+00:00,83.5042146133,32.987780026,61.4475300332,147.9501202268,78.7940327315,59.4658539723,60.4677764271,,,,
2015-10-01 00:00:00+00:00,83.6733884678,33.0622109376,61.4807055494,148.3627066414,78.7370829918,59.5355859184,60.981943123,,,,
2015-10-02 00:00:00+00:00,84.8914402207,33.7246460509,61.7136724082,150.5098400235,79.713364244,60.3103853187,61.8684374263,,,,
2015-10-05 00:00:00+00:00,86.4562983754,34.4168535289,61.4731904894,153.2127020458,81.6252483629,61.5733083411,62.5111457962,,,,
2015-10-06 00:00:00+00:00,86.1771615154,34.4094104377,61.555856149,152.6990740602,81.6089770087,61.4725844191,61.7177333947,,,,
2015-10-07 00:00:00+00:00,86.9553612464,34.9825284571,61.555856149,153.9789339586,82.7154290946,62.0149439993,61.9038971984,,,,
2015-10-08 00:00:00+00:00,87.7081848992,35.2281504655,61.4581603695,155.3345750352,83.8056098262,62.6115395375,62.3205495209,,,,
2015-10-09 00:00:00+00:00,87.8266065974,35.3249106506,61.4506453095,155.4187763443,83.789338472,62.5263116035,62.6574173562,,,,
2015-10-12 00:00:00+00:00,87.8435239829,35.0867317334,61.555856149,155.6040192243,83.707981701,62.4953196275,62.8967708181,,,,
2015-10-13 00:00:00+00:00,87.2006633355,34.5954877168,61.5934314488,154.5683431223,82.9188210221,62.1621558853,62.5421730968,,,,
2015-10-14 00:00:00+00:00,86.7523526209,34.789008087,61.8188832477,153.844211864,82.3167809166,61.8522361252,62.0457362869,,,,
2015-10-15 00:00:00+00:00,88.0634499938,35.4067846533,61.6986422883,156.1513277335,83.4395043566,62.7510034296,62.9056357611,,,,
2015-10-16 00:00:00+00:00,88.4017977029,35.391898471,61.6760971084,156.7828375518,83.3662832627,63.0299312137,63.4286674001,,,,
2015-10-19 00:00:00+00:00,88.5033020157,35.1537195538,61.6760971084,156.9680804318,83.390690294,62.9214592976,63.7212105201,,,,
2015-10-20 00:00:00+00:00,88.4017977029,35.1313902804,61.5784013289,156.7659972899,83.7323887323,62.9447032796,63.1804489951,,,,
2015-10-21 00:00:00+00:00,87.7081848992,34.9676422748,61.6911272283,155.7471614498,82.6747507091,62.5418075915,62.6751472423,,,,
2015-10-22 00:00:00+00:00,88.9939061939,35.4886586561,61.7963380678,158.4416033411,83.3256048772,63.6032827699,63.0917995648,,,,
2015-10-23 00:00:00+00:00,89.924362394,35.7491668467,61.6385218086,160.1677301778,84.0496801393,64.2386182781,63.9251042099,,,,
2015-10-26 00:00:00+00:00,89.7128950758,35.5556464765,61.7061573482,159.7888242868,83.6428962842,63.998430464,64.2797019312,,,,
2015-10-27 00:00:00+00:00,89.4168408303,35.2281504655,61.7211874682,159.4772794431,82.7642431572,63.804730614,64.501325507,,,,
2015-10-28 00:00:00+00:00,90.5925991195,35.4142277445,61.548341089,161.3297082434,84.6761272761,64.6570099543,65.024357146,,,,
2015-10-29 00:00:00+00:00,90.4572600359,35.1016179157,61.3304043501,161.270767327,84.1635796187,64.4090741462,65.1307364624,,,,
2015-10-30 00:00:00+00:00,90.110453634,35.0495162776,61.4656754294,160.4540146287,84.0171374309,64.013926452,64.8913830005,,,,
2015-11-02 00:00:00+00:00,91.294670616,35.4291139268,61.3450369234,162.3569642145,85.5059663405,64.8352138164,65.2193858927,,,,
2015-11-03 00:00:00+00:00,91.5230553197,35.5556464765,61.2396072012,162.8705922,85.6605442055,64.9746777084,65.0864117472,,,,
2015-11-04 00:00:00+00:00,91.3031293087,35.347239924,61.2772606734,162.4074849999,85.3676598298,64.7732298643,65.1041416333,,,,
2015-11-05 00:00:00+00:00,91.201624996,35.205821192,61.1643002568,162.2054018581,85.4978306634,64.6880019303,65.5340913704,,,,
2015-11-06 00:00:00+00:00,91.2185423814,34.9974146395,60.9233180346,162.1380408108,85.6361371741,64.7344898943,65.1307364624,,,,
2015-11-09 00:00:00+00:00,90.3050035668,34.6252600814,60.8706031735,160.6224172469,84.6517202448,64.1223983681,64.5456502222,,,,
2015-11-10 00:00:00+00:00,90.5080121923,34.5359429875,60.9383794235,160.9255419597,84.903926235,64.2928542361,64.9977623169,,,,
2015-11-11 00:00:00+00:00,90.1189123268,34.6475893549,60.945910118,160.3108724032,84.4076499318,64.0836583981,64.9091128865,,,,
2015-11-12 00:00:00+00:00,88.773980183,34.2679917057,60.9534408124,158.1637390211,82.6340723236,63.0919151657,64.0314835263,,,,
2015-11-13 00:00:00+00:00,87.8350652901,33.9330526034,61.066401229,156.3365706135,81.9669468012,62.6425315135,62.9854202484,,,,
2015-11-16 00:00:00+00:00,89.1123278921,34.4019673466,61.066401229,158.736307923,82.8862783137,63.6497707339,63.8009950074,,,,
2015-11-17 00:00:00+00:00,89.0023648866,34.4763982582,61.134177479,158.542644912,82.5445798754,63.5180548359,64.0580783554,,,,
2015-11-18 00:00:00+00:00,90.423425265,34.7964511781,61.1040547012,161.0939445779,83.870695243,64.4478141162,65.157242642,,,,
2015-11-19 00:00:00+00:00,90.3050035668,34.975085366,61.1868923401,161.0097432688,83.7161173781,64.3935781582,64.758408855,,,,
2015-11-20 00:00:00+00:00,90.6941034323,34.975085366,61.1718309512,161.6075725634,84.1147655561,64.4400661222,65.3966847533,,,,
2015-11-23 00:00:00+00:00,90.6010578123,34.6550324461,61.1944230345,161.4223296834,84.4320569631,64.3238462122,65.5385238419,,,,
2015-11-24 00:00:00+00:00,90.8379012087,34.7220202665,61.2170151179,161.6833537416,84.8795192037,64.5020500742,65.4676042976,,,,
2015-11-25 00:00:00+00:00,90.9055707505,34.7220202665,61.2245458123,161.6328329562,85.1886749335,64.4245701342,65.6892278734,,,,
2015-11-27 00:00:00+00:00,91.0409098341,34.5731584433,61.2546685901,161.7928154435,85.4164738924,64.5097980682,65.831066962,,,,
2015-11-30 00:00:00+00:00,90.6518099686,34.5880446256,61.2245458123,161.1360452324,85.1235895167,64.3625861822,65.2371157788,,,,
2015-12-01 00:00:00+00:00,91.5061379342,34.9453130013,61.4556937006,162.6937694509,85.7907150391,65.0521576484,65.9906359365,,,,
2015-12-02 00:00:00+00:00,90.5503056559,34.5657153521,61.3802323871,160.9760627452,84.667991599,64.2851062421,65.6449031583,,,,
2015-12-03 00:00:00+00:00,89.1969148194,34.4094104377,60.9048261122,158.6857871375,83.4801827422,63.4173309138,64.5722450513,,,,
2015-12-04 00:00:00+00:00,90.8379012087,34.6885263563,61.1463023153,161.8012355744,84.2368007126,64.6570099543,65.9906359365,,,,
2015-12-07 00:00:00+00:00,90.1273710195,34.3349795261,61.2519481542,160.7823997342,83.1222129497,64.2386182781,65.7158227025,,,,
2015-12-08 00:00:00+00:00,89.5860146849,33.821406236,61.2670404169,159.7551437631,82.3900020105,63.5955347759,65.7867422468,,,,
2015-12-09 00:00:00+00:00,88.8162736466,33.7246460509,61.2444020228,158.5594851739,81.63338404,63.3321029798,64.8647881714,,,,
2015-12-10 00:00:00+00:00,89.0784931212,33.6725444128,61.2368558915,158.921550803,81.7554191966,63.4715668718,64.9179778296,,,,
2015-12-11 00:00:00+00:00,87.3275437264,32.9654507525,61.4028707811,155.7555815807,80.2503189327,62.2938717834,63.8009950074,,,,
2015-12-14 00:00:00+00:00,87.6405153574,33.0845402111,61.1161177899,156.6902161118,79.6401431501,62.5960435495,64.4658657349,,,,
2015-12-15 00:00:00+00:00,88.5794302502,33.3450484017,61.0482026078,158.3237215084,80.6082887252,63.4560708838,64.8470582853,,,,
2015-12-16 00:00:00+00:00,89.8651515449,34.0223696974,60.9802874256,160.5466360687,81.5845699774,64.3858301642,65.8665267341,,,,
2015-12-17 00:00:00+00:00,88.5455954793,33.5385687719,61.1085716586,158.2058396756,80.592017371,63.4638188778,65.1130065763,,,,
2015-12-18 00:00:00+00:00,87.0399481737,33.2929467636,61.245156636,155.2672139879,79.4448868996,62.3481077414,64.1201329566,,,,
2015-12-21 00:00:00+00:00,87.7276398925,33.5214496622,61.1764868407,156.6329592216,79.9899772655,62.8191857768,64.6874893107,,,,
2015-12-22 00:00:00+00:00,88.5187453429,33.7464761759,61.0934793959,158.0474243808,80.8686303925,63.5137947387,65.0598169181,,,,
2015-12-23 00:00:00+00:00,89.6245916714,34.3165433441,61.1009628943,159.9446710615,82.0596935202,64.4269323627,65.4498744115,,,,
2015-12-24 00:00:00+00:00,89.5140070386,34.2565362737,61.1463686136,159.6651659701,82.174439396,64.3098634365,65.2922096267,,,,
2015-12-28 00:00:00+00:00,89.3183573035,34.1290212493,61.1463686136,159.3179020688,81.7154558925,64.0835301793,65.4611071057,,,,
2015-12-29 00:00:00+00:00,90.2710864481,34.4290566009,60.9571781166,161.0965708319,82.4531079517,64.6766794052,66.2522584544,,,,
2015-12-30 00:00:00+00:00,89.5905656305,34.1515239007,60.995016216,159.9107916565,81.7318481605,64.2240128907,65.8966848145,,,,
2015-12-31 00:00:00+00:00,88.7229015882,33.8364867814,61.1160981341,158.3269294722,80.9532154314,63.6230590698,65.1499801708,,,,
2016-01-04 00:00:00+00:00,87.3958859939,33.2514178457,61.0896114645,156.1078284439,79.7647760026,62.8504041571,63.8343577031,,,,
2016-01-05 00:00:00+00:00,87.591535729,33.1914107754,61.1615038533,156.3873335352,79.9450909504,63.0533236291,64.136595297,,,,
2016-01-06 00:00:00+00:00,86.4176373187,32.6288444911,61.4339381689,154.405388342,78.6992785838,62.1557951952,63.7988003391,,,,
2016-01-07 00:00:00+00:00,84.2995162741,31.9537649499,61.4415057888,150.6447743857,76.7076180239,60.7041405109,62.3765057795,,,,
2016-01-08 00:00:00+00:00,83.3382806193,31.5787207603,61.5171819876,149.0439724989,75.6257283371,59.9861177638,61.7809199327,,,,
2016-01-11 00:00:00+00:00,83.287241558,31.6462287145,61.2598829118,149.0609122014,75.4372172553,59.9470947884,62.1542722546,,,,
2016-01-12 00:00:00+00:00,83.8571777427,31.7212375524,61.4188029292,150.2975104843,75.5437669971,60.313910757,62.8209728294,,,,
2016-01-13 00:00:00+00:00,81.6965241469,31.2861862925,61.5701553268,146.6215950405,73.4701450974,59.0573709496,60.8830964919,,,,
2016-01-14 00:00:00+00:00,82.9469811492,31.7062357848,61.494479128,149.0016232426,74.3061507645,60.0173361441,61.5675757488,,,,
2016-01-15 00:00:00+00:00,81.2031465542,30.4835917268,61.6004258063,145.8084893202,73.1013190678,58.7217733612,60.4030720781,,,,
2016-01-19 00:00:00+00:00,81.118081452,30.8436341488,61.5247496075,145.969416494,72.4456283485,58.7295779563,60.829760446,,,,
2016-01-20 00:00:00+00:00,80.3184694914,30.0860448859,61.5928581864,144.2585065409,72.1095868548,57.8320495224,60.2608426221,,,,
2016-01-21 00:00:00+00:00,80.6332103695,30.3410749348,61.555020087,144.9615041949,72.0849984528,58.0974057551,60.4652974651,,,,
2016-01-22 00:00:00+00:00,82.3515254338,31.2486818735,61.5323172274,147.9344219847,73.773402055,59.1276123053,61.6564691587,,,,
2016-01-25 00:00:00+00:00,80.998990309,30.7236200082,61.5323172274,145.7407305102,72.1177829888,58.0974057551,60.9986579249,,,,
2016-01-26 00:00:00+00:00,82.2324342908,31.3161898276,61.6231286659,147.7142058522,73.8963440649,59.0963939249,61.5320183848,,,,
2016-01-27 00:00:00+00:00,81.2967181666,31.1661721518,61.6231286659,146.0371753041,73.2324572116,58.7920147169,60.616416262,,,,
2016-01-28 00:00:00+00:00,81.619965555,31.3686960142,61.6685343852,146.8333413219,73.4537528294,59.0417617594,61.4964610208,,,,
2016-01-29 00:00:00+00:00,83.6445149872,31.9912693688,61.8501572622,150.5516060219,75.7978471509,60.5948761798,62.6698540324,,,,
2016-02-01 00:00:00+00:00,83.6615280076,31.8562534606,61.724879099,150.4160884019,75.674905141,60.4934164438,63.0076489904,,,,
2016-02-02 00:00:00+00:00,82.0452910659,31.1286677329,61.9372266373,147.6887962984,74.1012474147,59.299313397,62.1098255496,,,,
2016-02-03 00:00:00+00:00,82.5386686587,31.5262145738,61.9827296813,148.5527211262,74.6421922581,59.7831982917,61.4609036568,,,,
2016-02-04 00:00:00+00:00,82.7343183937,31.6762322496,62.0282327252,148.7390578538,75.2323139055,59.9783131687,60.838649787,,,,
2016-02-05 00:00:00+00:00,81.0330163498,31.2486818735,61.967562,145.9440069403,73.838971127,59.3149225871,59.0163348825,,,,
2016-02-08 00:00:00+00:00,79.7740528374,30.693616473,62.2329964229,143.9366521933,72.7734737081,58.6749457908,57.6740443918,,,,
2016-02-09 00:00:00+00:00,79.6719747147,30.2735669807,62.2254125823,143.9790014496,72.4292360805,58.6047044351,57.9851713268,,,,
2016-02-10 00:00:00+00:00,79.7230137761,30.2660660969,62.3543378734,143.8858330858,72.4046476785,58.4564171286,58.6163145376,,,,
2016-02-11 00:00:00+00:00,78.7362585906,29.8010113019,62.3922570767,142.0394055127,71.3063657237,57.4964519341,58.1629581467,,,,
2016-02-12 00:00:00+00:00,80.2674304301,30.2960696321,62.187493379,144.9530343437,72.6751201002,58.7842101219,58.9541094955,,,,
2016-02-16 00:00:00+00:00,81.7305501878,30.9261438705,62.0964872911,147.3838816533,74.0930512807,59.6895431508,59.9674943692,,,,
2016-02-17 00:00:00+00:00,83.0830853127,31.5262145738,62.0813196098,149.7977892604,75.1503525656,60.5792669896,60.9275431969,,,,
2016-02-18 00:00:00+00:00,82.7513314142,31.3911986656,62.2936671482,149.1625504164,75.0356066897,60.4934164438,60.4208507601,,,,
2016-02-19 00:00:00+00:00,82.7683444346,31.2786854087,62.2102449009,149.1286710114,74.99462601970001,60.3685429225,60.767535059,,,,
2016-02-22 00:00:00+00:00,83.9762688857,31.6312269469,62.2254125823,151.2630735272,76.0519273046,61.2114391909,61.6831371817,,,,
2016-02-23 00:00:00+00:00,82.9639941696,31.158671268,62.2633317855,149.3658268465,75.3060791114,60.4309796832,61.3808995878,,,,
2016-02-24 00:00:00+00:00,83.3893196806,31.0836624301,62.3088348295,150.0688245005,75.8962007588,60.618289965,61.7364732277,,,,
2016-02-25 00:00:00+00:00,84.3760748661,31.4062004331,62.3998409173,151.8729028174,76.633852818,61.3363127121,62.6698540324,,,,
2016-02-26 00:00:00+00:00,84.3080227843,31.3161898276,62.3391701921,151.593397726,77.0354633835,61.1880254056,62.4565098485,,,,
2016-02-29 00:00:00+00:00,83.636008477,31.2036765708,62.3770893954,150.2382215256,76.9371097757,60.6573129404,61.8698133427,,,,
2016-03-01 00:00:00+00:00,85.6265318683,32.0887808581,62.1688750502,153.9395465231,78.4124138941,61.9918986986,63.2921079023,,,,
2016-03-02 00:00:00+00:00,86.1028964406,32.3963170936,62.1308791603,154.5917250696,79.3549693031,62.4991973786,63.1676571283,,,,
2016-03-03 00:00:00+00:00,86.5282219516,32.7413577479,62.1612758722,155.1592051035,80.35489765,62.8269903719,63.1232104233,,,,
2016-03-04 00:00:00+00:00,86.8259498092,33.0863984023,62.1308791603,155.6589263275,80.9614115653,63.0689328193,63.0343170133,,,,
2016-03-07 00:00:00+00:00,87.0045865238,33.0413930996,62.1156808043,155.8283233525,81.6252984186,63.2952660765,62.3676164385,,,,
2016-03-08 00:00:00+00:00,85.924259726,32.5838391883,62.3208586098,154.0750641432,79.8959141465,62.5616341392,62.1364935726,,,,
2016-03-09 00:00:00+00:00,86.3410787267,32.8163665859,62.214470118,154.9220492685,80.330309248,62.9128409177,62.4476205075,,,,
2016-03-10 00:00:00+00:00,86.3155591961,32.7563595155,62.1840734061,155.006747781,80.1336020322,62.9128409177,62.5186463421,,,,
2016-03-11 00:00:00+00:00,87.7786789538,33.5964585001,62.1004824484,157.5222936031,81.6580829546,63.9118290876,63.5143414272,,,,
2016-03-14 00:00:00+00:00,87.6766008312,33.4164372891,62.237267652,157.285137768,81.3466298629,63.747932591,63.6476815422,,,,
2016-03-15 00:00:00+00:00,87.3788729735,33.0511442485,62.1764742281,157.081861338,80.6393034995,63.5684269042,63.6121241782,,,,
2016-03-16 00:00:00+00:00,87.9258455743,33.5026626126,62.4196479235,158.0220148271,81.4866661051,63.8884153024,63.9588084771,,,,
2016-03-17 00:00:00+00:00,88.6010148783,33.8638773038,62.5564331271,159.0214572749,82.7618234243,64.4035185775,63.9232511131,,,,
2016-03-18 00:00:00+00:00,88.9941514352,33.8112001613,62.609627373,159.6143468626,83.1896181378,64.6922885953,64.0477018871,,,,
2016-03-21 00:00:00+00:00,89.079615904,33.8488266917,62.4956397033,159.8565846085,83.0662158166,64.7359943278,64.16326332,,,,
2016-03-22 00:00:00+00:00,89.0539765634,33.7810989371,62.4804413473,159.7714322169,83.0826694594,64.6417300477,64.189931343,,,,
2016-03-23 00:00:00+00:00,88.327528578,33.3446311852,62.617226551,158.7496035186,81.7992853189,64.1861193608,64.1104286329,,,,
2016-03-24 00:00:00+00:00,88.3018892373,33.1640238395,62.5412347712,158.6389054097,81.9885022114,64.1468425774,64.0926028499,,,,
2016-03-28 00:00:00+00:00,88.3617143655,33.3822577155,62.5716314831,158.7496035186,82.1119045326,64.1704086474,64.2797735716,,,,
2016-03-29 00:00:00+00:00,89.3445557575,33.7284217946,62.8300035344,160.2738313269,83.6832274226,64.586742551,65.0106306754,,,,
2016-03-30 00:00:00+00:00,89.686413633,34.0670605676,62.8072060004,160.94653522,83.7161347083,64.8302586078,65.3314947698,,,,
2016-03-31 00:00:00+00:00,89.5838562704,33.8036748553,62.9249932591,160.5633494581,83.8148565653,64.7202836144,65.1532369396,,,,
2016-04-01 00:00:00+00:00,90.1479217649,33.4650360822,62.9993618545,161.5936933955,83.9218052437,65.0109318113,65.8662682604,,,,
2016-04-04 00:00:00+00:00,89.7718781019,33.3220552669,62.9993618545,161.0827790464,83.0826694594,64.7281389711,65.5364912745,,,,
2016-04-05 00:00:00+00:00,88.9001405194,32.7426066998,63.113587701,159.4478531291,82.1448118182,64.1232765074,64.8591115197,,,,
2016-04-06 00:00:00+00:00,89.8744354645,33.2468022063,63.0831274752,161.1849619162,82.7700502457,64.6810068311,65.6612717557,,,,
2016-04-07 00:00:00+00:00,88.7975831568,32.7350813937,63.2887339989,159.2860635852,81.7334707475,63.919037234,65.0284564584,,,,
2016-04-08 00:00:00+00:00,89.0539765634,33.4048336337,63.2354286039,159.720340782,82.3504823536,64.1546979341,64.9215017603,,,,
2016-04-11 00:00:00+00:00,88.8061296036,33.4650360822,63.2278135474,159.3030940635,82.3504823536,64.0997104374,64.5204216423,,,,
2016-04-12 00:00:00+00:00,89.6693207392,34.0219087312,63.1288178138,160.8528675893,83.4199691374,64.7517050411,64.8947630858,,,,
2016-04-13 00:00:00+00:00,90.7205337063,34.5261042378,63.166893096,162.4622477891,84.8761165277,65.4822532115,65.2601916377,,,,
2016-04-14 00:00:00+00:00,90.6863479188,34.4884777074,63.113587701,162.4452173108,84.6622191709,65.4979639249,65.1978013971,,,,
2016-04-15 00:00:00+00:00,90.6436156844,34.4056993407,63.2582737732,162.2663972886,84.9427537811,65.4194103582,65.3493205528,,,,
2016-04-18 00:00:00+00:00,91.2504134133,34.669085053,63.2354286039,163.4415002916,85.3532721697,65.8985871151,65.8217038028,,,,
2016-04-19 00:00:00+00:00,91.50680682,35.3012107627,63.273503886,163.9353841625,85.8139741689,66.4170406554,65.5899686236,,,,
2016-04-20 00:00:00+00:00,91.6008177357,35.225957702,63.0983575881,164.0716279889,85.8057473474,66.5270156488,65.7058362132,,,,
2016-04-21 00:00:00+00:00,91.1478560507,35.00019852,63.0222070238,163.1604973996,84.9830652061,66.0714049619,65.2780174207,,,,
2016-04-22 00:00:00+00:00,91.276052754,34.9776226018,62.9993618545,163.2030735954,85.9456033115,66.2520781653,64.8591115197,,,,
2016-04-25 00:00:00+00:00,91.0538451349,34.8045405622,62.9232112902,162.9391011816,85.3532721697,66.0478388919,64.9749791094,,,,
2016-04-26 00:00:00+00:00,91.3016920947,34.9475213775,62.831830613,163.1775278779,86.3487175608,66.3149210187,64.9036759773,,,,
2016-04-27 00:00:00+00:00,91.5238997137,35.0528756625,63.0222070238,163.518137444,86.8587804884,66.7155442089,64.8947630858,,,,
2016-04-28 00:00:00+00:00,90.7034408126,34.6465091348,63.1364328703,162.0450010706,86.0031910614,66.0792603186,64.636289232,,,,
2016-04-29 00:00:00+00:00,90.1735611056,34.533629543800004,63.1821232089,161.1253552422,85.5753963479,65.7022031983,64.7432439301,,,,
2016-05-02 00:00:00+00:00,90.8743697503,34.7593887258,63.071020297,162.4111563542,86.1019129183,66.1263924586,65.563229949,,,,
2016-05-03 00:00:00+00:00,89.9598999334,34.0595352616,63.2465143046,161.0231723723,84.8267555992,65.4586871415,65.1175853735,,,,
2016-05-04 00:00:00+00:00,89.4300202264,33.6682193461,63.2694048274,160.0779808264,84.4154145285,64.9952210979,65.055195133,,,,
2016-05-05 00:00:00+00:00,89.3958344388,33.6230675096,63.383857441,160.0609503481,84.3084658501,64.9952210979,64.9482404348,,,,
2016-05-06 00:00:00+00:00,89.7205994206,33.7133711825,63.353336744,160.6399866105,84.8761165277,65.1680389447,65.3582334443,,,,
2016-05-09 00:00:00+00:00,89.8146103363,33.5327638368,63.3991177895,160.8102913935,84.6457655281,65.0580639513,65.8217038028,,,,
2016-05-10 00:00:00+00:00,90.8829161972,34.0821111798,63.3991177895,162.8028573552,85.6987986691,65.86716568840001,66.7040800623,,,,
2016-05-11 00:00:00+00:00,90.0539108492,33.8563519977,63.414378138000004,161.2786295469,84.8678897063,65.4665424982,65.98213585,,,,
2016-05-12 00:00:00+00:00,90.0197250616,33.8563519977,63.4220083122,161.3722971776,84.5881777782,65.4979639249,66.1425678972,,,,
2016-05-13 00:00:00+00:00,89.2419983949,33.3973083276,63.4906798804,159.8821303259,83.7654956368,64.8302586078,65.7771393453,,,,
2016-05-16 00:00:00+00:00,90.1308288711,33.886453222,63.353336744,161.4744800474,84.6128582424,65.4429764282,66.2049581378,,,,
2016-05-17 00:00:00+00:00,89.3189164169,33.6305928157,63.3075556986,160.052435109,83.6996810655,64.9166675312,65.2869303122,,,,
2016-05-18 00:00:00+00:00,89.31036997,33.5779156732,63.0099789031,160.0268893915,83.650320137,64.9716550279,65.2691045292,,,,
2016-05-19 00:00:00+00:00,88.9599656476,33.3220552669,63.0786504713,159.5074598032,83.2060717806,64.8066925378,65.0462822414,,,,
2016-05-20 00:00:00+00:00,89.6436813986,33.5929662854,63.0786504713,160.503742784,84.2508781002,65.1444728747,65.3404076613,,,,
2016-05-23 00:00:00+00:00,89.532577589,33.4725613883,63.0939108198,160.2908618052,84.0945684933,64.9716550279,65.073020916,,,,
2016-05-24 00:00:00+00:00,90.7290801532,33.9240797524,63.0633901228,162.3260039627,85.3697258125,65.710058555,66.1158292227,,,,
2016-05-25 00:00:00+00:00,91.3871565635,34.2777691375,63.0404996001,163.4329850525,86.1019129183,66.2992103053,66.1514807887,,,,
2016-05-26 00:00:00+00:00,91.3700636698,34.3605475043,63.1473220395,163.5096222048,85.9785105971,66.212801382,66.2851741614,,,,
2016-05-27 00:00:00+00:00,91.7802931203,34.2852944436,63.1244315167,164.1482651413,86.5626149175,66.5034495788,66.5079964491,,,,
2016-05-31 00:00:00+00:00,91.7375608859,34.1949907708,63.1778427364,163.9524146408,86.7765122743,66.4013299421,66.3297386189,,,,
2016-06-01 00:00:00+00:00,91.9854078456,34.2025160768,63.2001060588,164.2589632503,87.2043069878,66.5584370755,66.5169093406,,,,
2016-06-02 00:00:00+00:00,92.2930799336,34.2702438315,63.3224387103,164.7528471211,87.7225967369,66.7391102789,66.6951671708,,,,
2016-06-03 00:00:00+00:00,92.036686527,34.5787813802,63.7200198275,164.2759937286,87.3194824876,66.5270156488,66.9536410246,,,,
2016-06-06 00:00:00+00:00,92.5152875526,34.8346417865,63.6206245482,165.0679109697,88.2984742359,66.9826263357,66.9179894586,,,,
2016-06-07 00:00:00+00:00,92.6947629373,35.1281287232,63.6282703389,165.3659443401,88.6522275567,67.1711548959,66.9358152416,,,,
2016-06-08 00:00:00+00:00,93.019527919,35.2560589263,63.7047282461,165.9109196458,89.0635686274,67.3753941693,67.3458082511,,,,
2016-06-09 00:00:00+00:00,92.8315060875,34.7894899501,63.7658945718,165.6554624713,88.6604543781,67.2339977492,67.5956366001,,,,
2016-06-10 00:00:00+00:00,91.8743040361,33.8563519977,63.8270608976,164.0631127497,87.3935238803,66.6762674256,67.2032019869,,,,
2016-06-13 00:00:00+00:00,91.1136702631,33.3747324094,63.842352479,162.8284030726,86.3487175608,66.1499585286,66.7753831944,,,,
2016-06-14 00:00:00+00:00,90.9504331276,32.9811589021,63.8347066883,162.4707630282,85.99496424,65.9017292578,66.8466863265,,,,
2016-06-15 00:00:00+00:00,90.8560060616,33.2401931831,63.9799767119,162.232336332,86.1187454955,65.8148189327,66.6951671708,,,,
2016-06-16 00:00:00+00:00,91.1221187022,33.2097185618,64.0487888283,162.7602811594,85.9371996541,66.099252724,66.9625539161,,,,
2016-06-17 00:00:00+00:00,90.8216689467,33.4611341876,63.9570393397,162.1556991796,86.2177704999,66.0913517853,66.5436480152,,,,
2016-06-20 00:00:00+00:00,91.4397370151,34.2306183754,63.8117693161,163.1945583562,87.0347267862,66.4389930858,66.9358152416,,,,
2016-06-21 00:00:00+00:00,91.6371754259,34.4591780351,63.7276656183,163.6569358422,87.0017184514,66.6760212452,67.0713553654,,,,
2016-06-22 00:00:00+00:00,91.4311527364,34.4515593798,63.7506029904,163.3830903105,86.82017261,66.5970118587,66.9104699181,,,,
2016-06-23 00:00:00+00:00,92.6930417095,35.3581793635,63.6359161297,165.4968355078,88.3303039271,67.5451244964,67.5182593857,,,,
2016-06-24 00:00:00+00:00,89.3108358905,32.6230821018,63.9876225026,159.651944942,84.8314204382,65.0642297612,66.0881665207,,,,
2016-06-27 00:00:00+00:00,87.5424744724,32.0364456418,64.3163915034,156.6482017669,82.141241152,63.8237823935,65.7753337065,,,,
2016-06-28 00:00:00+00:00,89.1477345946,32.8364044509,64.3928494105,159.5406951948,83.626616218,64.9062109882,66.5797609431,,,,
2016-06-29 00:00:00+00:00,90.7444104381,33.4839901535,64.3699120384,162.287708184,85.3430496277,66.0676489694,67.3394977776,,,,
2016-06-30 00:00:00+00:00,91.9891308537,33.8877788858,64.4540157363,164.4784724371,86.902693447,67.1500775641,68.2869343006,,,,
2016-07-01 00:00:00+00:00,92.169400707,33.9792027497,64.6332040167,164.8207793516,87.1997684602,67.17378038,68.3495008634,,,,
2016-07-05 00:00:00+00:00,91.4826584088,33.3925662896,64.8553638977,163.665493515,85.8216704823,66.5575071655,68.5729528736,,,,
2016-07-06 00:00:00+00:00,92.0406365261,33.3239983917,64.970274181,164.6325105486,86.2920392532,66.9841578525,68.9930426526,,,,
2016-07-07 00:00:00+00:00,91.9977151325,33.1868625959,64.8630245833,164.5212608014,86.3498038391,66.8182381409,68.626581356,,,,
2016-07-08 00:00:00+00:00,93.4312896801,33.7582617452,65.0315596655,167.0201012775,87.9919684954,67.8058554718,69.4488847533,,,,
2016-07-11 00:00:00+00:00,93.8175822229,34.1696691328,64.8400425266,167.6020230323,88.7264039447,68.0349826926,69.5918940398,,,,
2016-07-12 00:00:00+00:00,94.5987515872,34.6420257629,64.5795792178,168.7829818874,89.931208165,68.5880483979,69.4310085925,,,,
2016-07-13 00:00:00+00:00,94.5472459148,34.6344071076,64.6944895011,168.7230781774,89.8239310769,68.7381662322,69.5382655574,,,,
2016-07-14 00:00:00+00:00,95.0022126874,34.9315346653,64.5949005889,169.7072105567,89.9724685835,69.1095103486,69.6633986831,,,,
2016-07-15 00:00:00+00:00,94.8992013427,34.7867802141,64.3880620789,169.4504803708,90.1870227597,69.0700056554,69.5829559594,,,,
2016-07-18 00:00:00+00:00,95.1653139833,34.9086786993,64.4110441356,169.938267724,90.261291513,69.1648169191,69.7349033263,,,,
2016-07-19 00:00:00+00:00,94.9764598512,34.5886951757,64.5106330478,169.749998921,89.9972248346,69.0937084713,69.8957887736,,,,
2016-07-20 00:00:00+00:00,95.4829322962,34.8629667674,64.4416868778,170.4346127501,90.426333187,69.3307366307,70.0209218993,,,,
2016-07-21 00:00:00+00:00,95.1052240322,34.8324921461,64.5182937334,169.7927872853,90.0302331694,69.0858075327,69.6723367635,,,,
2016-07-22 00:00:00+00:00,95.5601908048,34.8858227334,64.5259544189,170.5800931888,90.5996269447,69.4334488332,70.1549931054,,,,
2016-07-25 00:00:00+00:00,95.3112467216,34.7715429035,64.4876509911,170.1693248913,90.34381235,69.1964206737,69.9672934169,,,,
2016-07-26 00:00:00+00:00,95.4142580664,34.9162973547,64.4799903056,170.1607672185,90.8636936231,69.2596281829,69.7438414067,,,,
2016-07-27 00:00:00+00:00,95.3026624429,35.0839077718,64.6715074444,170.0495174712,90.4840977729,69.0067981462,69.5114513162,,,,
2016-07-28 00:00:00+00:00,95.4228423451,35.0762891165,64.6332040167,170.2377862742,90.6078790284,68.967293453,69.8421602912,,,,
2016-07-29 00:00:00+00:00,95.6460335921,35.4191286061,64.8400425266,170.5373048245,90.9379623764,69.0384019008,70.1192407838,,,,
2016-08-01 00:00:00+00:00,95.5172694111,35.251518189,64.6373898152,170.3404783486,90.5501144425,68.7618690481,70.2264977486,,,,
2016-08-02 00:00:00+00:00,94.7961899979,35.1143823931,64.5759839111,169.2793269135,89.4690914778,68.3826239931,69.9226030148,,,,
2016-08-03 00:00:00+00:00,95.1481454258,35.0534331505,64.5759839111,169.7671142667,90.2282831782,68.6354540298,69.6455225223,,,,
2016-08-04 00:00:00+00:00,95.2597410493,35.2438995336,64.6911199813,169.9297100511,90.1870227597,68.674958723,69.7974698892,,,,
2016-08-05 00:00:00+00:00,96.0494946923,35.4038912955,64.476199317,171.2989377093,91.2680457244,69.3781422626,70.0209218993,,,,
2016-08-08 00:00:00+00:00,95.9894047412,35.533408436,64.483875055,171.2133609807,91.3423144777,69.4176469559,69.8510983716,,,,
2016-08-09 00:00:00+00:00,96.0752475285,35.8076800277,64.6680927673,171.3246107279,91.2845498918,69.4176469559,70.0298599797,,,,
2016-08-10 00:00:00+00:00,95.7919663304,35.8762479256,64.7525258855,170.8881694119,90.838937372,69.1885197351,70.1371169446,,,,
2016-08-11 00:00:00+00:00,96.2726859392,36.165756828,64.5836596491,171.7268213525,91.1607686363,69.5440619742,70.3516308743,,,,
2016-08-12 00:00:00+00:00,96.1782588732,36.0362396874,64.7294986714,171.5556678952,90.9874748786,69.4650525877,70.3248166331,,,,
2016-08-15 00:00:00+00:00,96.5302143011,36.2571806919,64.6220383392,172.0520129213,91.829187416,69.6704769926,70.1281788642,,,,
2016-08-16 00:00:00+00:00,95.9808204625,36.1276635513,64.5913353872,171.1620149435,91.1030040504,69.3544394467,69.4488847533,,,,
2016-08-17 00:00:00+00:00,96.1010003647,36.1276635513,64.6911199813,171.444418148,90.9544665438,69.4966563423,69.6812748439,,,,
2016-08-18 00:00:00+00:00,96.4014501202,36.3181299345,64.7602016235,171.8551864454,91.6476415746,69.7099816858,69.7080890851,,,,
2016-08-19 00:00:00+00:00,96.2641016605,36.0743329641,64.6297140772,171.6155716053,91.5733728213,69.5914676061,69.4756989946,,,,
2016-08-22 00:00:00+00:00,96.2898544967,36.0286210321,64.7218229334,171.5984562595,91.6311374072,69.5361610356,69.574017879,,,,
2016-08-23 00:00:00+00:00,96.5473828585,36.1352822067,64.7525258855,171.9150901555,92.1510186803,69.6467741766,69.6097702006,,,,
2016-08-24 00:00:00+00:00,96.0065732986,36.0514769981,64.7448501474,171.0849958877,91.4413394821,69.4334488332,69.2164946628,,,,
2016-08-25 00:00:00+00:00,95.9464833475,35.9829091002,64.6757685053,170.9480731219,91.7054061605,69.3939441399,69.1807423412,,,,
2016-08-26 00:00:00+00:00,95.7490449368,35.7238748191,64.514578007,170.6228815531,91.3010540592,69.212222551,68.9776691543,,,,
2016-08-29 00:00:00+00:00,96.2726859392,35.861010615,64.7371744094,171.4872065123,91.911708253,69.6862788699,69.4220705121,,,,
2016-08-30 00:00:00+00:00,96.1181689221,35.7619680957,64.6834442433,171.1620149435,91.9034561693,69.6546751153,69.1271138587,,,,
2016-08-31 00:00:00+00:00,95.8434720028,35.5791203679,64.6373898152,170.7426889732,91.5981290724,69.504557281,69.0734853763,,,,
2016-09-01 00:00:00+00:00,95.8949776752,35.8076800277,64.7263562243,170.7084582817,91.4413394821,69.4176469559,69.1896804216,,,,
2016-09-02 00:00:00+00:00,96.3842815627,36.2190874152,64.6340657924,171.4700911666,92.4150853587,69.7889910723,69.5561417182,,,,
2016-09-06 00:00:00+00:00,96.658978482,36.5924015262,64.8263375255,172.009224557,92.4315895261,69.8838023361,69.9583553365,,,,
2016-09-07 00:00:00+00:00,96.7877426629,36.6381134581,64.8340283948,172.0006668841,92.9432187156,69.907505152,69.7706556479,,,,
2016-09-08 00:00:00+00:00,96.5387985798,36.5847828708,64.5879205765,171.5984562595,92.7946812089,69.9391089066,69.4399466729,,,,
2016-09-09 00:00:00+00:00,94.1309083965,35.7695867511,64.3033584115,167.4565425936,89.9642164998,68.3352183612,67.5808259485,,,,
2016-09-12 00:00:00+00:00,95.4485951813,36.0667143087,64.3264310195,169.8526909954,90.8884498742,69.2280244283,68.5997671148,,,,
2016-09-13 00:00:00+00:00,93.9626565334,35.1859977532,64.1418501557,167.4419945497,89.1637643809,68.0808081367,67.6433925114,,,,
2016-09-14 00:00:00+00:00,93.9712832922,35.2166542531,64.2264497183,167.3388369394,88.9079497861,67.8263301715,67.7417113958,,,,
2016-09-15 00:00:00+00:00,94.9374802745,35.5615398769,64.28028580349999,169.0581304454,89.8404352443,68.470477521,68.3763151046,,,,
2016-09-16 00:00:00+00:00,94.5579028886,35.1859977532,64.3341218888,168.3962024456,89.5928727333,68.1603325009,68.2869343006,,,,
2016-09-19 00:00:00+00:00,94.6959310289,35.4235856273,64.2879766728,168.4477812507,90.2117790108,68.2796190471,68.385253185,,,,
2016-09-20 00:00:00+00:00,94.6527972351,35.530883377,64.3033584115,168.4649741858,89.6712675284,68.1921422465,68.4567578283,,,,
2016-09-21 00:00:00+00:00,95.7397688402,36.2283187495,64.4879392752,170.3561970424,91.066024768,68.9635285786,69.4220705121,,,,
2016-09-22 00:00:00+00:00,96.4385363007,36.5885326233,64.6186840537,171.3791766785,92.3113437319,69.3134357808,69.9494172561,,,,
2016-09-23 00:00:00+00:00,95.8864237393,36.2053263746,64.6033023151,170.4593546528,91.5309438479,68.971481015,69.6365844419,,,,
2016-09-26 00:00:00+00:00,95.1272689675,35.8681048758,64.7109744856,169.101112783,90.949794998,68.3591434112,69.2006688976,,,,
2016-09-27 00:00:00+00:00,95.6707547701,36.0903645,64.7878831789,170.1326888866,91.0743268944,68.7567652319,69.6533038964,,,,
2016-09-28 00:00:00+00:00,96.2314940902,36.4045936239,64.7878831789,171.0525109123,92.0871863184,69.2895784716,69.7569299467,,,,
2016-09-29 00:00:00+00:00,95.2911773841,35.9907308754,64.7955740482,169.4449714842,91.066024768,68.6295262493,69.1737530404,,,,
2016-09-30 00:00:00+00:00,96.0417053972,36.1823339997,64.7109744856,170.803213354,91.8713310313,69.1861967982,69.4159957553,,,,
2016-10-03 00:00:00+00:00,95.748395599,36.1593416248,64.6421711996,170.2616358996,91.4313183307,68.9873858879,69.164781088,,,,
2016-10-04 00:00:00+00:00,95.3170576605,36.0290515002,64.4264147574,169.4707608868,90.8584716073,68.6215738129,68.4918846576,,,,
2016-10-05 00:00:00+00:00,95.6880082876,36.2896317493,64.3185365363,170.1756712243,91.4728289629,69.0510053792,68.4470248956,,,,
2016-10-06 00:00:00+00:00,95.7225153227,36.1363492499,64.2954197746,170.3733899775,91.514339595,69.1146248705,68.6533798009,,,,
2016-10-07 00:00:00+00:00,95.3601914543,35.9064255007,64.3493588852,169.7458478478,90.7422418374,68.8760517781,68.3842212288,,,,
2016-10-10 00:00:00+00:00,95.8777969806,36.0673721251,64.2800086002,170.528126393,91.5060374686,69.2180065439,68.6892676105,,,,
2016-10-11 00:00:00+00:00,94.6010366825,35.5002268771,64.1798359663,168.4563777183,90.1527908611,68.3989055933,67.8369321321,,,,
2016-10-12 00:00:00+00:00,94.7131845465,35.4542421272,64.2183639024,168.6712894065,90.3935525275,68.4466202118,68.2855297523,,,,
2016-10-13 00:00:00+00:00,94.3767409544,35.3086237527,64.2954197746,168.1297119521,89.8373100569,68.2159995558,68.2137541331,,,,
2016-10-14 00:00:00+00:00,94.3508606781,35.3699367525,64.1644247918,168.1726942898,89.8041015512,68.239856865,68.1419785139,,,,
2016-10-17 00:00:00+00:00,94.0834311562,35.3009596278,64.3031253618,167.674099173,89.7044760341,68.0649032639,68.0163711802,,,,
2016-10-18 00:00:00+00:00,94.6355437175,35.7224865013,64.3878868213,168.662692939,90.2192078725,68.4466202118,68.3752492764,,,,
2016-10-19 00:00:00+00:00,94.9374802745,35.8451125009,64.4341203446,169.1269021856,90.7256375845,68.6136213764,68.3393614668,,,,
2016-10-20 00:00:00+00:00,94.7563183403,35.8297842509,64.3955924085,168.8518152246,90.4184589068,68.470477521,68.2586138951,,,,
2016-10-21 00:00:00+00:00,94.7218113053,35.7837995011,64.449531519,168.8947975623,90.3354376425,68.3432385384,68.3124456096,,,,
2016-10-24 00:00:00+00:00,95.1962830377,35.822120126,64.3570644724,169.5825149647,90.7173354581,68.5738591944,68.7700151822,,,,
2016-10-25 00:00:00+00:00,94.7908253754,35.7837995011,64.3570644724,169.101112783,90.0697695969,68.5340970123,68.3842212288,,,,
2016-10-26 00:00:00+00:00,94.506142336,35.5845322518,64.2414806641,168.7228682117,89.7542887927,68.6772408677,67.9715114182,,,,
2016-10-27 00:00:00+00:00,94.1869522615,35.5002268771,64.064252158,168.2758519001,88.8659612651,68.60566894,67.5318857503,,,,
2016-10-28 00:00:00+00:00,93.8763889457,35.4619062522,64.0334298091,167.7428709133,88.6335017252,68.3670958476,67.6754369888,,,,
2016-10-31 00:00:00+00:00,93.93677625710001,35.4925627521,64.1027800941,167.7428709133,89.1897441957,68.4307153389,68.0702028946,,,,
2016-11-01 00:00:00+00:00,93.2380087966,35.3546085026,64.0815912703,166.5737513292,88.1851868981,68.0251410818,67.4152503691,,,,
2016-11-02 00:00:00+00:00,92.5910018888,35.0557076286,64.1433566595,165.4734034853,87.2636508648,67.6195668247,66.948708844,,,,
2016-11-03 00:00:00+00:00,92.1855442266,35.0250511287,64.1047532913,164.8286684206,87.2387444856,67.4207559144,66.571886843,,,,
2016-11-04 00:00:00+00:00,92.1251569152,34.6878296299,64.220563396,164.6051602648,87.3134636234,67.317374241,66.5001112238,,,,
2016-11-07 00:00:00+00:00,94.1610719851,35.3469443776,64.1356359859,168.2156766274,89.2312548278,68.7806225411,67.8288573749,,,,
2016-11-08 00:00:00+00:00,94.5665296474,35.4619062522,64.0198258812,168.9893587051,89.3889952299,69.0112431971,68.321417562,,,,
2016-11-09 00:00:00+00:00,95.7570223578,35.224318378,63.3867306421,170.7946168864,91.6139651121,70.1882037863,68.034315085,,,,
2016-11-10 00:00:00+00:00,96.0762124323,34.9943946288,63.1165070645,171.1900543928,92.5936160304,70.9039230636,67.1640357017,,,,
2016-11-11 00:00:00+00:00,96.1107194674,34.6341807551,63.0006969598,170.8719850942,93.98837327,70.7687316445,67.0743161777,,,,
2016-11-14 00:00:00+00:00,96.3608954717,34.4195852558,62.7613560767,170.8977744968,95.6986113138,71.2617827022,66.527027081,,,,
2016-11-15 00:00:00+00:00,97.1114234848,34.7568067546,62.8462834868,172.2818057691,96.1469261408,71.778691069,67.1550637493,,,,
2016-11-16 00:00:00+00:00,96.9733953445,34.3965928809,62.9775349388,171.9895258731,96.014092118,71.3890216848,67.3524467022,,,,
2016-11-17 00:00:00+00:00,97.4651205944,34.6111883801,62.7227527085,172.8061902885,96.4873133243,71.6673569593,67.7202967508,,,,
2016-11-18 00:00:00+00:00,97.2839586602,34.3199516312,62.5683392355,172.4967174574,96.6284494735,71.5639752859,67.5318857503,,,,
2016-11-21 00:00:00+00:00,98.0172331558,34.6265166301,62.5606185619,173.7689946518,97.300921714,72.0252165979,67.989455323,,,,
2016-11-22 00:00:00+00:00,98.3019161952,34.7951273795,62.6146632774,174.0870639504,98.2141556209,72.2319799446,68.2227260855,,,,
2016-11-23 00:00:00+00:00,98.4399443355,34.6341807551,62.4525291308,174.241800366,98.7122832064,72.3194567452,68.366277324,,,,
2016-11-25 00:00:00+00:00,98.8195217215,34.7721350046,62.4756911518,174.9381142359,99.0443682635,72.6932212566,68.4829127052,,,,
2016-11-28 00:00:00+00:00,98.2501556426,34.64184488,62.622383951,174.112853353,98.1228322302,72.3274091816,68.455996848,,,,
2016-11-29 00:00:00+00:00,98.3881837829,34.8104556295,62.6687079929,174.387940314,98.197551368,72.3751238001,68.7251554202,,,,
2016-11-30 00:00:00+00:00,98.1552612961,34.7797991296,62.4525291308,173.9925028076,98.2971768851,72.5341725283,67.6664650364,,,,
2016-12-01 00:00:00+00:00,97.7498036339,34.6878296299,62.221133593,173.3133818727,98.197551368,72.7329834387,66.3924477949,,,,
2016-12-02 00:00:00+00:00,97.7498036339,34.7797991296,62.4454793439,173.4337324181,98.313781138,72.6455066381,66.7872137007,,,,
2016-12-05 00:00:00+00:00,98.4313175768,35.0557076286,62.5228399476,174.4309226516,99.6255171133,73.0431284588,67.280671083,,,,
2016-12-06 00:00:00+00:00,98.9316695855,35.239646628,62.5151038872,175.0412718463,100.6549807902,73.3453210425,67.4511381787,,,,
2016-12-07 00:00:00+00:00,100.156669331,35.745478876199996,62.6620890344,177.259160469,101.800674237,74.3234707214,68.3303895144,,,,
2016-12-08 00:00:00+00:00,100.5189931993,35.7684712511,62.5383120684,177.7233697156,102.9961804423,74.4666145768,68.3034736571,,,,
2016-12-09 00:00:00+00:00,101.0624790019,35.8757690008,62.3526466194,178.8065246244,103.087503833,74.9039985796,68.50085661,,,,
2016-12-12 00:00:00+00:00,100.8036762388,35.6688376265,62.283022076,178.6088058712,102.1493635469,74.9437607617,68.4201090384,,,,
2016-12-13 00:00:00+00:00,101.3902958352,36.0213873753,62.3526466194,179.8295042605,102.248989064,75.3334301459,68.9853420399,,,,
2016-12-14 00:00:00+00:00,100.4758594055,35.3699367525,62.035468144,178.3423153778,100.8708360772,74.6256633051,68.5726322293,,,,
2016-12-15 00:00:00+00:00,100.8899438265,35.3469443776,61.9426354195,179.0042433776,101.4270785478,74.9994278165,68.9225383731,,,,
2016-12-16 00:00:00+00:00,100.7346621686,35.2779672528,61.9967878421,178.6947705465,101.4021721685,74.911951016,68.7341273726,,,,
2016-12-19 00:00:00+00:00,101.0193452081,35.239646628,62.15924511,179.0988045204,102.0082273976,75.1107619263,68.9673981351,,,,
2016-12-20 00:00:00+00:00,101.448095119,35.3469443776,62.1669811704,179.7865219228,102.8799506724,75.3572874552,69.1916969452,,,,
2016-12-21 00:00:00+00:00,101.1616411839,35.2928379681,62.2598138949,179.2965232736,102.4316358453,75.2061911633,69.1109493736,,,,
2016-12-22 00:00:00+00:00,100.9012285157,35.1227892525,62.217628384,179.0695765308,101.7226342486,75.162452763,69.0839375165,,,,
2016-12-23 00:00:00+00:00,101.0574761166,35.2232725845,62.2486518836,179.2252816841,102.0986729031,75.2185321885,69.2101841064,,,,
2016-12-27 00:00:00+00:00,101.3092083626,35.2310020715,62.2021166343,179.666446285,102.4747115575,75.3146683463,69.5167829676,,,,
2016-12-28 00:00:00+00:00,100.467207402,35.2078136103,62.3572341321,178.2477993331,101.3465955941,74.6897833202,68.804391496,,,,
2016-12-29 00:00:00+00:00,100.4758878243,35.4010507871,62.5278633797,178.2131981879,101.5053674704,74.6577379342,68.948673313,,,,
2016-12-30 00:00:00+00:00,100.1026296665,35.4628866837,62.6597132529,177.5990278612,101.1126159868,74.5135336974,68.4076164991,,,,
2017-01-03 00:00:00+00:00,100.8665068266,35.717959757,62.6674691278,178.8360188009,101.8563368813,75.0102371797,68.6060039976,,,,
2017-01-04 00:00:00+00:00,101.639064409,36.1121635977,62.7140043771,179.8913537286,103.4524120592,75.4188158507,69.011796608,,,,
2017-01-05 00:00:00+00:00,101.4394146967,36.3826956452,63.0319952477,179.7529491479,102.4496423139,75.1384187236,69.2372369471,,,,
2017-01-06 00:00:00+00:00,101.7605903209,36.3054007745,62.7838072512,180.4536223375,102.2323755358,75.210520842,69.6340119439,,,,
2017-01-09 00:00:00+00:00,101.3699713185,36.2358353908,62.938924749,179.8827034423,101.2045365468,74.801942171,69.6069591032,,,,
2017-01-10 00:00:00+00:00,101.448095119,36.2976712874,62.9234129992,179.8567525834,102.0234651722,74.7939308245,69.5708886489,,,,
2017-01-11 00:00:00+00:00,101.7692707431,36.5682033349,62.9544364988,180.3671194746,102.4747115575,75.0663166052,69.796328988,,,,
2017-01-12 00:00:00+00:00,101.5001776526,36.6223097444,62.9699482486,179.9692063052,101.6641393467,74.8419989035,69.715170466,,,,
2017-01-13 00:00:00+00:00,101.7519098986,36.7305225634,62.869121875,180.3238680432,102.2073062921,74.9461464078,69.8865051237,,,,
2017-01-17 00:00:00+00:00,101.3005279403,36.6377687185,63.0630187473,179.6837468576,101.3215263504,74.5455790833,69.7241880795,,,,
2017-01-18 00:00:00+00:00,101.5348993417,36.4445315417,62.7372720018,180.0643594544,101.7226342486,74.6737606272,69.9315931915,,,,
2017-01-19 00:00:00+00:00,101.1355999171,36.4136135935,62.6286897533,179.458839414,100.9371312814,74.3533067676,69.8504346694,,,,
2017-01-20 00:00:00+00:00,101.4828168081,36.5604738478,62.6752250027,180.0384085955,101.4301597395,74.6977946666,69.9947164865,,,,
2017-01-23 00:00:00+00:00,101.2137237176,36.7305225634,62.8458542503,179.6231948535,101.0123390123,74.441431579,69.8414170559,,,,
2017-01-24 00:00:00+00:00,102.0036421445,36.8773828177,62.7527837516,180.7650326441,102.4579987285,74.9862031403,70.4095267104,,,,
2017-01-25 00:00:00+00:00,102.8803647942,37.2638571713,62.5666427542,182.2701824589,103.3772043283,75.5469973945,70.9866539785,,,,
2017-01-26 00:00:00+00:00,102.7327976156,37.1479148652,62.5899103789,182.1317778782,103.1933632084,75.5149520086,70.8874602293,,,,
2017-01-27 00:00:00+00:00,102.5678695924,37.0628905075,62.6597132529,181.8722692894,102.5917013612,75.3947818112,70.9956715921,,,,
2017-01-30 00:00:00+00:00,101.8734358104,36.8232764082,62.6442015031,180.7736829303,101.3633084231,74.9221123683,70.562826141,,,,
2017-01-31 00:00:00+00:00,101.9602400332,36.908300766,62.7760513763,180.7650326441,101.7727727358,74.8820556359,70.562826141,,,,
2017-02-01 00:00:00+00:00,101.9515596109,37.0319725592,62.6659357913,180.7909835029,101.6557829322,74.6657492807,70.7251431852,,,,
2017-02-02 00:00:00+00:00,102.0210029891,37.0783494816,62.7047959772,180.8688360796,101.5555059577,74.6897833202,70.8513897751,,,,
2017-02-03 00:00:00+00:00,102.7935605715,37.2483981972,62.7203400516,182.2096304548,102.8674630411,75.3707477717,71.1399534091,,,,
2017-02-06 00:00:00+00:00,102.5505087478,37.0319725592,62.9146409811,181.829017858,102.2992268521,75.2025094955,71.1038829549,,,,
2017-02-07 00:00:00+00:00,102.5418283255,36.9933251238,63.0156774645,181.8722692894,101.898118954,75.0583052587,71.3203056804,,,,
2017-02-08 00:00:00+00:00,102.6546738151,37.1092674299,63.1866622825,182.1058270193,101.8312676376,75.0583052587,71.5006579517,,,,
2017-02-09 00:00:00+00:00,103.3317467525,37.2097507618,63.0156774645,183.1438613744,102.8674630411,75.538986048,71.6359221552,,,,
2017-02-10 00:00:00+00:00,103.7657678662,37.4107174257,63.0001333901,183.8791357092,103.5777582774,75.8354058681,71.8613624943,,,,
2017-02-13 00:00:00+00:00,104.2865932027,37.55757768,62.9301850555,184.8566180602,103.970509761,76.3481320434,72.0777852198,,,,
2017-02-14 00:00:00+00:00,104.6685317827,37.5266597317,62.7980604234,185.6264935402,104.3047663428,76.7086426355,72.0687676063,,,,
2017-02-15 00:00:00+00:00,105.2414396528,37.7353558827,62.69702394,186.569374746,104.6891614118,77.0531305345,72.4114369217,,,,
2017-02-16 00:00:00+00:00,105.1459550078,37.766273831,62.8136044978,186.422319879,104.4718946337,77.0691532275,72.5421923184,,,,
2017-02-17 00:00:00+00:00,105.3022026087,37.603954602499996,62.9612732042,186.7077793267,104.35490483,77.0531305345,72.6278596473,,,,
2017-02-21 00:00:00+00:00,105.9271930125,37.8203802405,62.953501167,187.8063656858,105.3242489172,77.5257999774,73.1418636204,,,,
2017-02-22 00:00:00+00:00,105.7883062561,37.8281097275,62.9923613529,187.7198628228,104.9147846045,77.469720552,73.2140045289,,,,
2017-02-23 00:00:00+00:00,105.7101824556,37.8667571629,63.1089419106,187.8236662583,104.2964099282,77.6379588282,73.0336522577,,,,
2017-02-24 00:00:00+00:00,105.8837909011,37.5653071671,63.3421030261,188.0485737019,104.2964099282,77.6459701747,73.1869516882,,,,
2017-02-27 00:00:00+00:00,106.1181623025,37.5343892188,63.209978394,188.3253828633,104.9816359209,77.7260836396,73.3402511188,,,,
2017-02-28 00:00:00+00:00,105.7275433002,37.4029879386,63.1633461709,187.7717645406,103.8200942992,77.5658567098,73.2410573696,,,,
2017-03-01 00:00:00+00:00,107.1511325532,37.8358392146,62.9056067651,190.4360527185,105.6083670117,78.7034679113,74.0075545226,,,,
2017-03-02 00:00:00+00:00,106.4653791935,37.5112007576,62.7887976414,189.3201657869,104.3716176591,78.1266509641,73.5656914579,,,,
2017-03-03 00:00:00+00:00,106.5521834162,37.6967084473,62.8355212909,189.4239692224,104.2964099282,78.1506850036,73.6829204343,,,,
2017-03-06 00:00:00+00:00,106.1355231471,37.603954602499996,62.7965849163,188.8357497545,103.5944711065,77.8863105694,73.5476562308,,,,
2017-03-07 00:00:00+00:00,105.7969866784,37.5189302447,62.6797757926,188.2648308592,102.8841758702,77.6139247888,73.5476562308,,,,
2017-03-08 00:00:00+00:00,105.501852321,37.2947751196,62.5318175692,187.8669176898,102.1320985612,77.421652473,73.5206033901,,,,
2017-03-09 00:00:00+00:00,105.5539348547,37.341152042,62.3371356963,188.0658742745,101.6892085904,77.4857432449,73.64684998,,,,
2017-03-10 00:00:00+00:00,105.9358734348,37.688978960200004,62.4617320949,188.7232960327,102.1237421467,77.7340949861,74.0887130447,,,,
2017-03-13 00:00:00+00:00,106.0139972352,37.8976751112,62.3371356963,188.8357497545,102.3660781685,77.6700042142,74.350223838,,,,
2017-03-14 00:00:00+00:00,105.6320586552,37.6348725507,62.3293484214,188.1956285689,101.9482574413,77.3735843941,74.0796954311,,,,
2017-03-15 00:00:00+00:00,106.5869051053,38.2455020294,62.7187121671,189.7613303877,103.402273572,78.0305148062,74.7379812213,,,,
2017-03-16 00:00:00+00:00,106.4566987712,38.4696571545,62.6252648682,189.4412697949,103.3939171574,77.9183559554,74.5486113365,,,,
2017-03-17 00:00:00+00:00,106.3959358153,38.4619276674,62.749861266799996,189.0606571981,103.5694018629,77.7180722931,74.724454801,,,,
2017-03-20 00:00:00+00:00,106.1369988189,38.5392225381,62.8775725754,188.8640361907,102.9171001435,77.4917517548,74.7713463915,,,,
2017-03-21 00:00:00+00:00,104.6598513604,38.2686904906,63.0224158888,186.4828718831,100.7031516741,76.3881887759,73.8903255463,,,,
2017-03-22 00:00:00+00:00,104.7987381168,38.3382558742,63.1080759129,186.8617544227,100.6613696014,76.4763135873,74.2780829295,,,,
2017-03-23 00:00:00+00:00,104.7640164277,38.423280232,63.0769268132,186.6705648311,101.0959031577,76.4522795478,74.1338011125,,,,
2017-03-24 00:00:00+00:00,104.7744329345,38.5624109993,63.0613522634,186.6097317793,100.9513371861,76.2984616952,74.2919033241,,,,
2017-03-27 00:00:00+00:00,104.6523588615,38.6166914894,63.193735937,186.30556652,100.7919359224,76.1211733389,74.2014688709,,,,
2017-03-28 00:00:00+00:00,105.3848032994,38.7407611809,63.0769268132,187.6873458407,101.7735121254,76.7577997092,74.4999025665,,,,
2017-03-29 00:00:00+00:00,105.5766339856,38.7872873152,63.2015232119,187.965439792,102.1929891352,76.7255654626,74.7169452542,,,,
2017-03-30 00:00:00+00:00,105.9690149345,38.6322002008,63.100288638,188.4694850788,102.9732163735,77.1043178601,74.7440755902,,,,
2017-03-31 00:00:00+00:00,105.785903825,38.5236392207,63.1392250126,188.0175824079,103.0738908559,76.854502449,74.7440755902,,,,
2017-04-03 00:00:00+00:00,105.5243165257,38.515884865,63.3678609615,187.7829406364,102.0503669519,76.693331216,74.7440755902,,,,
2017-04-04 00:00:00+00:00,105.5766339856,38.5469022879,63.2976256476,187.8872258682,102.1258728136,76.7980925175,74.6988583636,,,,
2017-04-05 00:00:00+00:00,105.1493747301,38.376306462,63.352253114,187.3136570936,101.2533606332,76.4838086131,74.5954013491,,,,
2017-04-06 00:00:00+00:00,105.4807186425,38.376306462,63.3756648853,187.8003215084,102.1678205146,76.7255654626,74.7350321449,,,,
2017-04-07 00:00:00+00:00,105.4022424527,38.3375346834,63.2351942575,187.6352032248,102.0251983313,76.6288627228,74.7079018089,,,,
2017-04-10 00:00:00+00:00,105.5330361023,38.3065172605,63.2976256476,187.7655597645,102.3440008588,76.6369212845,74.6898149183,,,,
2017-04-11 00:00:00+00:00,105.4981577958,38.4150782406,63.5005276655,187.5309179931,103.0151640745,76.6369212845,74.6084239104,,,,
2017-04-12 00:00:00+00:00,104.957544044,38.4228325963,63.648802217,186.7574691909,101.672837643,76.3145788185,74.3280771054,,,,
2017-04-13 00:00:00+00:00,104.2425387593,38.2057106362,63.7424493022,185.5147368459,100.4311856939,75.6779524482,73.9753827378,,,,
2017-04-17 00:00:00+00:00,105.1493747301,38.515884865,63.7034296834,187.139848374,101.5889422411,76.2904031336,74.7531190355,,,,
2017-04-18 00:00:00+00:00,104.9226657374,38.2522367705,63.9297434725,186.6271126512,101.6057213214,75.9600021059,74.7079018089,,,,
2017-04-19 00:00:00+00:00,104.835469971,38.0816409446,63.8126846161,186.2186621602,101.756733045,75.6940695715,74.8254665981,,,,
2017-04-20 00:00:00+00:00,105.6987080586,38.4305869521,63.7268414547,187.7394884566,102.8054255696,76.3387545035,75.2595519736,,,,
2017-04-21 00:00:00+00:00,105.3586445695,38.4150782406,63.7424493022,187.1919909899,102.6040766048,76.0405877224,75.2414650829,,,,
2017-04-24 00:00:00+00:00,106.4747503797,39.2292855913,63.6566061408,189.1907912651,103.7953913128,76.9512051888,76.0101579353,,,,
2017-04-25 00:00:00+00:00,107.1374382045,39.4619162629,63.4615080467,190.3292383783,104.5504499305,77.3541332713,76.4442433108,,,,
2017-04-26 00:00:00+00:00,107.1635969345,39.3688639943,63.5239394368,190.1901914027,104.9531478599,77.2896647781,76.1910268418,,,,
2017-04-27 00:00:00+00:00,107.2682318542,39.3145835042,63.5707629794,190.3379288143,104.6930721138,77.1365521067,76.5527646547,,,,
2017-04-28 00:00:00+00:00,106.9107292118,39.3145835042,63.6409982933,189.9729305032,103.4849783255,76.8303267641,76.6703294439,,,,
2017-05-01 00:00:00+00:00,107.1897556644,39.4929336858,63.5223052952,190.4335236101,103.7702226922,76.8383853257,77.0682410381,,,,
2017-05-02 00:00:00+00:00,107.1897556644,39.7255643574,63.6317860626,190.4943566619,103.4010829235,76.7900339558,76.9325893582,,,,
2017-05-03 00:00:00+00:00,106.9281683651,39.6092490216,63.5614055693,190.3031670704,102.9480477529,76.8303267641,76.7155466705,,,,
2017-05-04 00:00:00+00:00,107.0066445549,39.710055646,63.4910250759,190.47697579,102.5369602833,76.8303267641,76.842154905,,,,
2017-05-05 00:00:00+00:00,107.5385387301,40.0900190763,63.53012535,191.2417341561,103.4346410843,77.15266923,77.2400664992,,,,
2017-05-08 00:00:00+00:00,107.3728667739,39.8806514718,63.4206445825,191.2504245921,102.9816059137,77.0801421752,77.1858058273,,,,
2017-05-09 00:00:00+00:00,107.3379884673,39.8573884047,63.3893643632,191.0070923847,102.5789079843,76.8383853257,77.1586754913,,,,
2017-05-10 00:00:00+00:00,107.5734170367,39.9892124519,63.3815443084,191.3634002598,103.1913444186,77.0317908053,77.710325656,,,,
2017-05-11 00:00:00+00:00,107.2595122775,39.903914539,63.4284646373,190.9723306408,102.5201812029,76.8383853257,77.68319532,,,,
2017-05-12 00:00:00+00:00,107.0502424381,40.1132821435,63.616145953,190.6768558175,101.798680746,76.532159983,77.8188469998,,,,
2017-05-15 00:00:00+00:00,107.6257344965,40.3924389494,63.6005058434,191.6414942112,102.4195067205,76.9753808738,78.4157143911,,,,
2017-05-16 00:00:00+00:00,107.56469746,40.5475260638,63.6630662819,191.6067324673,102.1762100548,76.8706195723,78.5423226256,,,,
2017-05-17 00:00:00+00:00,105.6289514454,40.0124755191,64.0071486939,188.2087719994,99.9865400635,75.5248397769,77.0682410381,,,,
2017-05-18 00:00:00+00:00,105.9428562045,39.9194232504,63.9524083102,188.8953164418,99.9613714429,75.6457182016,77.6379780934,,,,
2017-05-19 00:00:00+00:00,106.7014593724,40.4699825066,63.9915085843,190.068525299,100.8590522439,76.2420517637,78.1082372502,,,,
2017-05-22 00:00:00+00:00,107.2682318542,40.5242629967,63.9367682006,191.1287584884,101.4547095979,76.5643942296,78.8226694306,,,,
2017-05-23 00:00:00+00:00,107.4513429637,40.5242629967,63.8038272686,191.5024472355,101.6980062636,76.8383853257,78.9311907745,,,,
2017-05-24 00:00:00+00:00,107.7652477228,40.6018065539,63.9367682006,191.9630403424,101.8909656881,76.9109123806,79.338145814,,,,
2017-05-25 00:00:00+00:00,108.2186657082,40.6173152653,63.9367682006,192.8581552482,101.8909656881,77.1123764218,79.9711869866,,,,
2017-05-26 00:00:00+00:00,108.2012265549,40.5785434867,63.9680484198,192.8668456842,101.7231748842,77.1284935451,80.0977952211,,,,
2017-05-30 00:00:00+00:00,108.0268350221,40.4932455738,64.0618890777,192.6843465287,101.1526861508,76.9834394354,80.2786641276,,,,
2017-05-31 00:00:00+00:00,107.9919567155,40.4777368623,64.093169297,192.6408943488,101.0016744273,76.878678134,80.3238813542,,,,
2017-06-01 00:00:00+00:00,108.9947080294,40.7801567354,64.1105368567,194.1443397732,102.7466987882,77.5797729974,80.8936184095,,,,
2017-06-02 00:00:00+00:00,109.3522106717,41.1291027429,64.3221227869,194.7526702917,102.9144895921,77.5958901207,81.3186603396,,,,
2017-06-05 00:00:00+00:00,109.2126974454,40.9662612727,64.2202480798,194.622313752,102.3523903989,77.5797729974,81.1739652145,,,,
2017-06-06 00:00:00+00:00,108.9336709929,40.8809633598,64.3377958188,194.0661258493,101.9916401705,77.4266603261,80.9750094174,,,,
2017-06-07 00:00:00+00:00,109.0557450659,40.8964720713,64.2515941435,194.3876719806,101.9245238489,77.5314216276,81.4633554648,,,,
2017-06-08 00:00:00+00:00,109.247575752,40.8577002927,64.2045750479,194.4571954684,102.8725418911,77.612007244,81.7346588245,,,,
2017-06-09 00:00:00+00:00,109.1603799856,40.6715957554,64.1497194364,194.2312441329,103.8876762549,78.232516491,80.9026618548,,,,
2017-06-12 00:00:00+00:00,109.1429408323,40.5320173524,64.1340464045,194.1530302091,104.0302984383,78.3856291624,80.6404019405,,,,
2017-06-13 00:00:00+00:00,109.6835545841,40.865454648400004,64.1497194364,195.1002877309,104.617566252,78.6435031352,81.3096168943,,,,
2017-06-14 00:00:00+00:00,109.5266022045,40.8111741583,64.3848149144,194.8917172674,104.0638565991,78.554858957,81.1468348785,,,,
2017-06-15 00:00:00+00:00,109.2824540586,40.4079476608,64.314286271,194.5006476483,103.6192109686,78.4420390939,80.993096308,,,,
2017-06-16 00:00:00+00:00,109.2126974454,40.6948588225,64.3848149144,194.5527902642,103.3675247627,78.554858957,80.8936184095,,,,
2017-06-19 00:00:00+00:00,110.1020942629,40.8732090041,64.2907767232,196.1431400483,103.9296239559,78.9739041628,82.1054400827,,,,
2017-06-20 00:00:00+00:00,109.3522106717,40.4777368623,64.3848149144,194.8569555234,102.7047510872,78.4662147789,81.4090947929,,,,
2017-06-21 00:00:00+00:00,109.2257768104,40.4126002743,64.4161609781,194.7787415996,101.9413029293,78.1519308745,81.4452685742,,,,
2017-06-22 00:00:00+00:00,109.2695757425,40.5536838284,64.4396705259,194.6657659319,102.1342623538,78.0874623814,81.2553562224,,,,
2017-06-23 00:00:00+00:00,109.5411291213,40.6555775063,64.4553435578,194.9960024991,102.6879720068,78.1011619362,81.1106610972,,,,
2017-06-26 00:00:00+00:00,109.6199671991,40.7731471348,64.5258722012,195.0571106165,103.2165130392,78.3200008083,81.0292700893,,,,
2017-06-27 00:00:00+00:00,108.7177091983,40.679091432,64.306449755,193.5032184893,102.6628033862,77.8985333508,80.3223837596,,,,
2017-06-28 00:00:00+00:00,109.7426042089,41.0709901934,64.306449755,195.2142457754,103.9128448755,78.5064191068,81.383313868,,,,
2017-06-29 00:00:00+00:00,108.8666255674,40.6477395311,64.1732289842,193.5294076824,103.4161778431,78.0768465059,80.6306882356,,,,
2017-06-30 00:00:00+00:00,109.0155419364,40.7339572586,64.1262098886,193.8524077313,103.4666863549,78.2632648044,80.6034848994,,,,
2017-07-03 00:00:00+00:00,109.2783355289,40.7653091595,64.0005693795,194.2801645529,104.4936927608,78.7738888395,80.6034848994,,,,
2017-07-05 00:00:00+00:00,109.4009725387,40.7339572586,64.0398335325,194.6206240639,103.8875906196,78.7657836961,81.3379749745,,,,
2017-07-06 00:00:00+00:00,108.3235188096,40.4909800266,63.8906297512,192.8746778536,102.6080416549,78.0363207888,80.830179367,,,,
2017-07-07 00:00:00+00:00,109.0768604413,40.5380078779,63.87492409,194.0968402008,103.4245959284,78.4091573859,81.6190761143,,,,
2017-07-10 00:00:00+00:00,109.1556985191,40.6634154816,63.9063354124,194.297624015,103.0373640049,78.3605265254,81.9908550411,,,,
2017-07-11 00:00:00+00:00,109.1294191598,40.8044990357,63.9691580572,194.1492185871,103.1383810284,78.1822133703,81.9545839263,,,,
2017-07-12 00:00:00+00:00,109.9090401508,41.1963977971,64.1183618385,195.6070836727,103.8791725343,78.6361014015,82.6981417801,,,,
2017-07-13 00:00:00+00:00,110.0842358791,41.3531573016,64.0948033467,195.9388134527,104.1653874344,78.7819939829,82.7888195671,,,,
2017-07-14 00:00:00+00:00,110.5747839183,41.7215421373,64.1183618385,196.8292460199,104.4600204197,79.0494637156,83.1152596004,,,,
2017-07-17 00:00:00+00:00,110.5747839183,41.564782632800004,64.2047429751,196.8554352131,104.7293991491,79.0413585722,83.097124043,,,,
2017-07-18 00:00:00+00:00,110.6448622096,41.6745142859,64.3539467565,197.003840641,104.384257652,78.919781421,83.0336495921,,,,
2017-07-19 00:00:00+00:00,111.2843266179,41.8939775923,64.3617995871,198.0426786361,105.4533544844,79.2601974443,83.4598351912,,,,
2017-07-20 00:00:00+00:00,111.3544049093,42.0507370969,64.4010637401,198.1037867535,105.5206991668,79.3250385917,83.3782251829,,,,
2017-07-21 00:00:00+00:00,111.2054885402,41.8704636666,64.4717392155,197.9641110566,105.0745406462,79.1791460102,83.3600896254,,,,
2017-07-24 00:00:00+00:00,111.2142483266,41.8704636666,64.4403278931,197.8942732082,105.0745406462,79.057568859,83.405428519,,,,
2017-07-25 00:00:00+00:00,111.5821593561,41.917491518,64.1968901445,198.365678685,106.0510385403,79.430405456,83.650258544,,,,
2017-07-26 00:00:00+00:00,111.5033212783,42.1447927996,64.3539467565,198.4267868024,105.2260661815,79.2683025878,83.6683941014,,,,
2017-07-27 00:00:00+00:00,111.3106059772,42.0272231712,64.2754184505,198.191084064,105.0071959638,79.3979848824,83.1968696088,,,,
2017-07-28 00:00:00+00:00,111.1266504625,42.0272231712,64.3932109095,197.9641110566,104.6452182961,79.3250385917,83.2059373875,,,,
2017-07-31 00:00:00+00:00,111.0653319576,42.1056029235,64.3853580789,197.850624553,104.5189470167,79.4709311731,83.405428519,,,,
2017-08-01 00:00:00+00:00,111.2930864044,42.3720940812,64.5118436213,198.2958408366,104.7714895756,79.665454615,83.6593263227,,,,
2017-08-02 00:00:00+00:00,111.1879689674,42.364256106,64.4724975347,198.4093273403,104.0475342402,79.6573494716,83.6955974375,,,,
2017-08-03 00:00:00+00:00,110.9339351613,42.2937143289,64.6062742292,198.0601380982,103.6097938049,79.624928898,83.5958518717,,,,
2017-08-04 00:00:00+00:00,111.1704493945,42.3720940812,64.503974404,198.3918678782,104.1569693491,79.8194523399,83.9948341347,,,,
2017-08-07 00:00:00+00:00,111.3894440549,42.4191219326,64.527582056,198.7148679271,104.1569693491,79.8356626267,84.4119519551,,,,
2017-08-08 00:00:00+00:00,111.0828515304,42.262362428,64.4410206654,198.3220300298,103.7949916814,79.6897700453,84.3212741681,,,,
2017-08-09 00:00:00+00:00,110.9602145206,42.1369548244,64.4882359694,198.2085435261,102.9784374078,79.6573494716,84.3756808403,,,,
2017-08-10 00:00:00+00:00,109.3308942474,41.4628889548,64.5826665773,195.484867438,101.4295097136,78.7414682659,82.8341584606,,,,
2017-08-11 00:00:00+00:00,109.5323693349,41.47072693,64.6377510985,195.7467593695,101.4126735431,78.6523116883,82.9067006902,,,,
2017-08-14 00:00:00+00:00,110.6536219961,41.7842459391,64.5905357946,197.6673002009,102.5912054843,79.3412488785,84.2668674958,,,,
2017-08-15 00:00:00+00:00,110.5485045591,41.6980282116,64.480366752,197.684759663,101.9766852578,79.3331437351,84.2850030532,,,,
2017-08-16 00:00:00+00:00,110.7499796466,42.0037092455,64.5747973599,197.9990299808,102.1366288784,79.3574591653,84.4210197338,,,,
2017-08-17 00:00:00+00:00,108.9892625772,41.4942408557,64.6928356198,194.9174349196,100.3856671371,78.2065288005,82.7888195671,,,,
2017-08-18 00:00:00+00:00,108.8053070625,41.6353244098,64.6613587505,194.5595159465,100.2341416018,78.0363207888,82.7797517884,,,,
2017-08-21 00:00:00+00:00,108.9629832179,41.7215421373,64.6928356198,194.7952186849,100.2257235165,78.1011619362,82.6981417801,,,,
2017-08-22 00:00:00+00:00,110.0579565198,41.8861396171,64.6141434466,196.7681379026,101.1769671548,78.7819939829,83.9676307986,,,,
2017-08-23 00:00:00+00:00,109.725084636,41.9566813941,64.8030046623,196.0959486116,101.0170235342,78.5793653976,83.5777163143,,,,
2017-08-24 00:00:00+00:00,109.5498889077,41.9645193694,64.7085740544,195.6420025969,101.1601309842,78.4983139634,83.4779707486,,,,
2017-08-25 00:00:00+00:00,109.8126825002,42.2310105271,64.7872662277,196.0697594184,101.7241426989,78.7495734093,83.5142418634,,,,
2017-08-28 00:00:00+00:00,109.8564814323,42.2074966014,64.818743097,196.1395972669,101.7241426989,78.6117859712,83.5777163143,,,,
2017-08-29 00:00:00+00:00,109.9002803644,42.0350611464,64.8895660529,196.2880026947,101.6483799313,78.6198911146,83.6049196505,,,,
2017-08-30 00:00:00+00:00,110.4784262677,42.0115472207,64.8816968356,197.2657325725,102.1787193049,78.7900991263,84.1671219301,,,,
2017-08-31 00:00:00+00:00,111.2317678995,42.3329042051,64.9367813568,198.4267868024,102.9952735784,79.0980945761,84.629578644,,,,
2017-09-01 00:00:00+00:00,111.4858017055,42.4504738335,64.8293814919,198.7672463134,103.6097938049,79.3331437351,84.8472053329,,,,
2017-09-05 00:00:00+00:00,110.6273426368,42.1291168492,65.0974996005,197.3006514967,102.2629001578,78.5550499673,83.7862752245,,,,
2017-09-06 00:00:00+00:00,110.9339351613,42.4269599078,64.9870980263,197.9903002498,102.5575331431,78.8225197,84.0401730282,,,,
2017-09-07 00:00:00+00:00,110.8813764428,42.7483168922,65.1921295211,197.9466515945,102.1113746225,78.5712602542,83.5777163143,,,,
2017-09-08 00:00:00+00:00,110.8025383651,42.709127016,65.1211570806,197.6411110077,102.4312618637,78.587470541,83.6139874292,,,,
2017-09-11 00:00:00+00:00,111.9938693176,43.0775118517,64.9240114126,199.7973545775,103.6097938049,79.5438774638,84.6749175375,,,,
2017-09-12 00:00:00+00:00,112.4230988519,43.1010257774,64.8293814919,200.5306519858,104.4347661638,79.9167140609,85.0829675792,,,,
2017-09-13 00:00:00+00:00,112.4756575704,42.9050763967,64.7505232246,200.6528682205,104.5442012726,80.0707117857,85.1917809236,,,,
2017-09-14 00:00:00+00:00,112.4406184247,42.9991320994,64.7899523583,200.5830303721,104.4010938226,80.1598683633,85.0738998005,,,,
2017-09-15 00:00:00+00:00,112.6508532987,43.1088637526,64.797838185,200.8623817658,104.8809246844,80.3543918052,85.5000853996,,,,
2017-09-18 00:00:00+00:00,112.9224066776,43.1794055297,64.7505232246,201.2115710078,105.4112640579,80.7110181154,86.0713554579,,,,
2017-09-19 00:00:00+00:00,112.9749653961,43.328327059,64.7032082643,201.4560034773,105.3102470344,80.8569106969,86.2708465894,,,,
2017-09-20 00:00:00+00:00,113.1589209108,43.2562176869,64.6480074772,201.5659980885,105.6385523609,81.0028032783,86.252711032,,,,
2017-09-21 00:00:00+00:00,112.8435685998,43.1774124078,64.6322358238,200.9956607267,105.4112640579,80.8731209837,86.007881007,,,,
2017-09-22 00:00:00+00:00,112.9337943999,43.2168150474,64.6953224376,200.9693374638,105.8490044933,80.9339095593,86.0441521218,,,,
2017-09-25 00:00:00+00:00,112.7490464306,42.9409965706,64.8372673186,200.6710071515,106.3035810992,81.0481538358,85.2371198172,,,,
2017-09-26 00:00:00+00:00,112.7754389976,42.822788652,64.8057240117,200.7412025191,106.6571406815,80.9910316975,85.2604711609,,,,
2017-09-27 00:00:00+00:00,113.3912655621,42.7833860124,64.6085783436,201.5221259838,107.7321301736,81.2195202504,86.3789692361,,,,
2017-09-28 00:00:00+00:00,113.5760135314,42.8858328752,64.6243499971,201.7590353494,108.0451082528,81.3092836105,86.4699040389,,,,
2017-09-29 00:00:00+00:00,113.9455094701,43.1301292404,64.6322358238,202.4785378674,108.0958614549,81.4561691088,87.0064193758,,,,
2017-10-02 00:00:00+00:00,114.5437409899,43.1301292404,64.6071352373,203.3296566997,109.2124318995,81.9702683528,87.3610651069,,,,
2017-10-03 00:00:00+00:00,114.7724765709,43.3744256055,64.6387434248,203.7420544844,109.4154447076,82.1579553784,87.6338695155,,,,
2017-10-04 00:00:00+00:00,114.8868443615,43.3429034939,64.6387434248,204.0228359548,109.1363020964,82.2558790439,87.6611499564,,,,
2017-10-05 00:00:00+00:00,115.4938734036,43.3586645497,64.5913311436,205.2337060461,109.4746567766,82.6394134006,88.1976652932,,,,
2017-10-06 00:00:00+00:00,115.4146957025,43.3035008544,64.5202127217,205.0406687852,109.2378085005,82.5088485132,88.2886000961,,,,
2017-10-09 00:00:00+00:00,115.1859601214,43.2956203264,64.5834290967,204.6809175262,108.8740772193,82.2885202658,88.1794783327,,,,
2017-10-10 00:00:00+00:00,115.4586833142,43.673885666,64.6150372842,205.1986083623,109.1955141655,82.5659706514,88.3431609778,,,,
2017-10-11 00:00:00+00:00,115.6170387165,43.8708988637,64.6466454717,205.5320363584,109.1109254954,82.5496500405,88.4613762215,,,,
2017-10-12 00:00:00+00:00,115.4762783589,43.8314962242,64.7019597998,205.2161572042,109.0178779584,82.3619630149,88.1976652932,,,,
2017-10-13 00:00:00+00:00,115.5642535824,44.1230757568,64.8362945967,205.4442921489,109.0263368254,82.3782836259,88.3886283792,,,,
2017-10-16 00:00:00+00:00,115.64343128350001,44.0757925893,64.7730782217,205.7689457241,109.0347956924,82.5170088187,88.8796763147,,,,
2017-10-17 00:00:00+00:00,115.6962164176,43.9575846707,64.7809802685,205.9005620384,108.7979474163,82.6230927897,88.9160502358,,,,
2017-10-18 00:00:00+00:00,115.8457742976,44.0679120614,64.6782536592,206.0848248783,109.1193843624,82.8352607317,89.143387243,,,,
2017-10-19 00:00:00+00:00,115.8721668646,43.8866599195,64.7098618467,206.1901179297,109.1870552985,83.0392683682,89.4161916516,,,,
2017-10-20 00:00:00+00:00,116.4967909514,43.8630183358,64.5518209092,207.216725181,109.6353752497,83.6268103613,90.3437266407,,,,
2017-10-23 00:00:00+00:00,116.0041296999,43.7448104172,64.6071352373,206.4621249792,108.9417481553,83.4309630303,90.1527635547,,,,
2017-10-24 00:00:00+00:00,116.2064727139,43.8236156963,64.4965065811,206.7516808706,109.2631851015,83.5696882231,90.671091931,,,,
2017-10-25 00:00:00+00:00,115.5994436718,43.6660051381,64.441192253,205.7601713031,108.6710644112,83.0963905064,90.1254831139,,,,
2017-10-26 00:00:00+00:00,115.7490015517,43.6029609149,64.3621717843,205.9532085641,109.0517134264,83.3003981429,90.289165759,,,,
2017-10-27 00:00:00+00:00,116.6903364431,43.7763325288,64.504408628,207.7080927543,109.5084922447,83.5044057794,91.3985703539,,,,
2017-10-30 00:00:00+00:00,116.1800801469,43.7999741126,64.6545475186,206.9534925525,108.4765104701,82.9903065354,91.1439529059,,,,
2017-10-31 00:00:00+00:00,116.4176132503,44.0048678382,64.6150372842,207.1904019182,109.0263368254,82.9495050081,91.3894768736,,,,
2017-11-01 00:00:00+00:00,116.5143859961,44.1467173405,64.6568059236,207.5501531772,108.7725708152,83.1943141719,91.180326827,,,,
2017-11-02 00:00:00+00:00,116.5407785632,44.2412836754,64.7201561315,207.6378973867,109.1616786975,83.3820011975,91.5349725582,,,,
2017-11-03 00:00:00+00:00,116.8486918454,44.1545978684,64.7755875634,208.3310766418,108.8994538203,83.4064821139,91.9805530922,,,,
2017-11-06 00:00:00+00:00,117.0686299042,44.3043278987,64.8231002193,208.6469557961,109.1870552985,83.3330393648,92.1260487768,,,,
2017-11-07 00:00:00+00:00,116.8662868901,44.1388368126,64.8468565472,208.5592115865,108.2142855929,83.2432760047,91.8623378485,,,,
2017-11-08 00:00:00+00:00,117.0598323818,44.3043278987,64.8033032793,208.8663163198,108.30733313,83.2514363101,91.816870447,,,,
2017-11-09 00:00:00+00:00,116.5847661749,44.0363899498,64.7359936834,208.111716118,107.9266841148,82.965825619,91.116672465,,,,
2017-11-10 00:00:00+00:00,116.6023612196,43.9181820312,64.4746740759,207.9888742247,107.8082599767,82.876062259,91.3803833933,,,,
2017-11-13 00:00:00+00:00,116.6639438761,43.7211688335,64.4825928519,208.2345580114,107.8843897797,82.9576653136,91.6077204005,,,,
2017-11-14 00:00:00+00:00,116.4528033397,43.673885666,64.5617806117,207.7256415962,107.6390826366,82.7618179825,91.4531312356,,,,
2017-11-15 00:00:00+00:00,115.8545718199,43.4295893009,64.7122373555,206.6639366611,107.1146328823,82.4190851532,91.1439529059,,,,
2017-11-16 00:00:00+00:00,116.9102745019,43.926062559100004,64.6251308196,208.4275952723,108.358086332,83.0147874518,92.007833533,,,,
2017-11-17 00:00:00+00:00,116.6903364431,43.8866599195,64.6884810275,207.8660323314,108.7641119482,82.8434210371,91.6713747625,,,,
2017-11-20 00:00:00+00:00,116.989452203,43.9575846707,64.64888714759999,208.1380393809,109.2039730325,83.0311080627,92.1078618162,,,,
2017-11-21 00:00:00+00:00,117.7988242592,44.3122084266,64.7043185795,209.5243978912,109.8468469249,83.3575202811,92.7989663179,,,,
2017-11-22 00:00:00+00:00,117.7108490357,44.4382968731,64.8389377712,209.375232735,109.8299291908,83.2677569211,92.4170401459,,,,
2017-11-24 00:00:00+00:00,117.9835722285,44.6747127103,64.8231002193,209.8139537825,109.7030461858,83.3411996702,92.5898162713,,,,
2017-11-27 00:00:00+00:00,117.8604069156,44.3437305382,64.7993438913,209.7525328359,109.5677043137,83.3575202811,92.4079466656,,,,
2017-11-28 00:00:00+00:00,119.0304773881,44.6116684871,64.7993438913,211.8320706013,111.2256422466,84.5815661002,93.5355382211,,,,
2017-11-29 00:00:00+00:00,119.0304773881,44.3043278987,64.6409683716,211.7531008127,112.1222821492,85.2017493153,93.0444902856,,,,
2017-11-30 00:00:00+00:00,119.9454197124,44.2806863149,64.5459430598,213.5255338449,112.4775545634,85.870894363,93.9447448339,,,,
2017-12-01 00:00:00+00:00,119.707886609,44.2097615638,64.7189160511,213.1306849021,112.1645764842,85.8137722248,93.3627620956,,,,
2017-12-04 00:00:00+00:00,119.5495312067,44.0521510056,64.7268511806,212.9025499573,112.5959787014,86.1157035269,92.1897031388,,,,
2017-12-05 00:00:00+00:00,119.0392749104,43.9891067824,64.8062024754,212.1479497555,111.5301614588,85.6260851992,92.0987683359,,,,
2017-12-06 00:00:00+00:00,118.9688947316,43.7369298893,64.8776186408,212.1391753346,110.9972528375,85.5363218391,92.3079183825,,,,
2017-12-07 00:00:00+00:00,119.4439609385,43.84725728,64.7903322165,212.8411290107,111.7331742669,85.6995279484,92.9080880813,,,,
2017-12-08 00:00:00+00:00,120.0685850253,44.1151952289,64.766526828,213.9993525762,112.0546112131,86.2789096361,93.4446034182,,,,
2017-12-11 00:00:00+00:00,120.3501057405,44.2097615638,64.7189160511,214.6925318314,111.902351607,86.5155584944,93.5446317014,,,,
2017-12-12 00:00:00+00:00,120.4820685757,44.194000508,64.7109809217,215.0610575113,111.767009735,86.8338104074,93.6173795437,,,,
2017-12-13 00:00:00+00:00,120.4996636204,44.4382968731,64.8934888997,215.0084109856,111.800845203,86.6787646036,93.5537251816,,,,
2017-12-14 00:00:00+00:00,119.9366221901,44.2334031475,64.9172942882,214.1572921533,110.5404740193,86.1565050542,93.0808642068,,,,
2017-12-15 00:00:00+00:00,121.0099199167,44.2097615638,64.9252294177,215.9560484483,111.834680671,86.8501310183,94.1175209594,,,,
2017-12-18 00:00:00+00:00,121.8456845399,44.7141153499,64.8220727344,217.2985348538,113.2303937268,87.339749346,94.8540928625,,,,
2017-12-19 00:00:00+00:00,121.3530232883,44.5801463755,64.6236944974,216.5088369682,112.5283077654,87.0867798767,94.5085406117,,,,
2017-12-20 00:00:00+00:00,121.344225766,44.5722658475,64.4967324257,216.3421229702,112.8159092436,87.1194210985,94.4903536511,,,,
2017-12-21 00:00:00+00:00,121.6195882155,44.7922113815,64.5364080731,216.7808440177,113.2237112219,87.3945865987,94.4157889315,,,,
2017-12-22 00:00:00+00:00,121.575385414,44.9274631743,64.568148591,216.736971913,113.1726290151,87.3863766798,94.3975478594,,,,
2017-12-26 00:00:00+00:00,121.4781392505,44.9513311377,64.6325977126,216.4859357296,113.300334532,87.3206973286,94.1512933867,,,,
2017-12-27 00:00:00+00:00,121.5223420521,45.0308910158,64.8314917233,216.6093699195,113.2747934286,87.3453270853,94.3975478594,,,,
2017-12-28 00:00:00+00:00,121.7875588615,45.1104508939,64.7917129212,217.0149394008,113.7175058869,87.5752048143,94.5890791159,,,,
2017-12-29 00:00:00+00:00,121.3366902855,45.1979667599,64.8951378067,216.2655175332,113.0449234983,87.2878576531,94.0600880265,,,,
2018-01-02 00:00:00+00:00,122.1942246358,45.6514580651,64.7121553169,217.8525285469,113.9473758172,87.5587849765,94.7988514445,,,,
2018-01-03 00:00:00+00:00,122.9014694608,45.9696975776,64.7678456399,219.1485875415,113.930348415,87.895391651,95.7473871911,,,,
2018-01-04 00:00:00+00:00,123.3700191574,46.3515849926,64.7360225982,220.1096108776,114.1942731498,88.4044066223,96.5499943613,,,,
2018-01-05 00:00:00+00:00,124.094945103,46.6618685173,64.6485092335,221.5202873342,114.560362298,88.8395323235,97.3252399234,,,,
2018-01-08 00:00:00+00:00,124.3778430329,46.6380005538,64.6564649939,221.9787571827,114.8498281362,88.9298414313,97.5988560042,,,,
2018-01-09 00:00:00+00:00,124.6076976011,46.6777804929,64.4655267437,222.4460437589,114.6454993092,89.1350894036,97.9636774452,,,,
2018-01-10 00:00:00+00:00,124.4132052742,46.5186607367,64.4734825041,222.0669244612,114.4837389879,89.0858298903,97.8633515489,,,,
2018-01-11 00:00:00+00:00,125.4652319514,46.8130322857,64.4734825041,223.7068358421,116.2545888213,89.7015738071,98.5291506788,,,,
2018-01-12 00:00:00+00:00,126.1989984573,47.266523591,64.4655267437,225.1880461215,116.5951368662,90.3501573996,99.4685658893,,,,
2018-01-16 00:00:00+00:00,125.6420431576,47.2187876641,64.5132613062,224.3680904311,115.5224105248,90.0628102384,99.2496730247,,,,
2018-01-17 00:00:00+00:00,126.8001565585,47.5449831644,64.4416594624,226.5370054832,116.4674313494,90.8591723708,100.9004900453,,,,
2018-01-18 00:00:00+00:00,126.5791425507,47.4892912497,64.3143672955,226.2284200083,115.6330886394,90.7031839119,100.791043613,,,,
2018-01-19 00:00:00+00:00,127.2333440138,47.7041029206,64.1791193683,227.1894433444,116.9612260144,90.9905310731,101.3838784546,,,,
2018-01-22 00:00:00+00:00,128.2411678894,47.9666505184,64.1313848057,229.0145060102,117.5316439896,91.7130039355,102.0040749043,,,,
2018-01-23 00:00:00+00:00,128.5594280606,48.1575942259,64.2984557747,229.5346929536,117.7104317132,91.68016426,102.1317624087,,,,
2018-01-24 00:00:00+00:00,128.4356602163,48.364449909,64.2268539308,229.4200754915,117.3188014616,91.8607824756,101.903749008,,,,
2018-01-25 00:00:00+00:00,128.4887035781,48.1894181772,64.4018806602,229.5258762258,117.3102877604,91.97572134,102.1317624087,,,,
2018-01-26 00:00:00+00:00,129.8324687456,48.6667774459,64.2825442538,232.1973447656,117.6593495064,92.9855413637,103.5728071006,,,,
2018-01-29 00:00:00+00:00,128.9837749556,48.1655502137,64.1950308891,230.5927002961,116.8250067965,92.4929462302,102.7884410025,,,,
2018-01-30 00:00:00+00:00,127.6400097882,47.7120589085,64.0756944827,228.1328332248,115.6416023405,91.3681873421,101.2105882701,,,,
2018-01-31 00:00:00+00:00,127.6842125897,47.7836627988,64.0916060036,228.3444346933,115.2244309855,91.4010270176,101.7943025757,,,,
2018-02-01 00:00:00+00:00,127.6311692279,47.7438828597,63.9138934094,228.1151997691,115.4032187091,91.5159658821,101.6939766795,,,,
2018-02-02 00:00:00+00:00,124.917117212,46.7016484563,63.7225344471,223.2307325379,113.0364097972,89.4470663215,99.349998921,,,,
2018-02-05 00:00:00+00:00,120.0017656784,44.8240353327,64.0015996005,214.0613355697,108.771045535,85.629454037,95.0998291333,,,,
2018-02-06 00:00:00+00:00,121.9643700677,45.9060496751,63.794294058,218.0200463762,109.9799910944,86.9840906541,97.4073247477,,,,
2018-02-07 00:00:00+00:00,121.4250958887,45.0786269427,63.6507748363,216.8297881159,109.9374225888,86.7706327629,97.0789854508,,,,
2018-02-08 00:00:00+00:00,117.0578590944,43.837492844,63.6029350957,208.7712988572,106.8043805758,83.6016040708,92.9747442395,,,,
2018-02-09 00:00:00+00:00,118.6668410712,44.2512042102,63.4434692938,211.989404524,107.7494014004,84.874141499,94.8262130526,,,,
2018-02-12 00:00:00+00:00,120.2493013671,44.8717712596,63.459415874,214.8989247158,108.8221277418,85.9496408738,96.4861506091,,,,
2018-02-13 00:00:00+00:00,120.6294454606,44.8717712596,63.5152289046,215.6218963998,109.0094291665,86.2041483594,96.9056952663,,,,
2018-02-14 00:00:00+00:00,122.3179924802,45.6753260286,63.3079233621,218.4432493132,110.720683092,87.2878576531,98.6841997912,,,,
2018-02-15 00:00:00+00:00,123.812047173,46.081081407,63.3717096829,221.2734189543,111.699758721,88.19915865,99.9063516185,,,,
2018-02-16 00:00:00+00:00,123.8650905348,46.1447293095,63.5072556145,221.2469687708,112.0999026737,88.3058875956,99.8060257223,,,,
2018-02-20 00:00:00+00:00,123.1224834686,45.6435020773,63.4434692938,219.9068261369,111.2740736649,87.517735382,99.7877846502,,,,
2018-02-21 00:00:00+00:00,122.5478470483,45.532118248,63.2042705909,218.7518347881,111.0867722402,86.9594608974,99.3135167769,,,,
2018-02-22 00:00:00+00:00,122.6274120911,45.7389739311,63.2840034919,219.0163366237,110.9505530223,87.0251402485,99.4776864254,,,,
2018-02-23 00:00:00+00:00,124.5281325583,46.2402011632,63.4514425839,222.6135615881,112.2361218917,88.355147109,101.0372980856,,,,
2018-02-26 00:00:00+00:00,125.8365354845,46.590264627,63.4833357443,225.1792293937,112.883163177,89.4388564026,102.2229677689,,,,
2018-02-27 00:00:00+00:00,124.2540751886,45.7946658458,63.3477898126,222.3049761133,111.2996147683,88.4536661356,101.2653114863,,,,
2018-02-28 00:00:00+00:00,122.8837883402,45.277526638,63.4275227136,219.8362923141,109.7671485663,87.3453270853,100.3076552036,,,,
2018-03-01 00:00:00+00:00,121.4250958887,44.8081233571,63.5354372084,216.9355888501,109.4010594181,86.1795186027,98.5109096067,,,,
2018-03-02 00:00:00+00:00,122.2119057564,44.9354191621,63.4155891754,218.090580199,110.4822994606,86.5735947095,98.8301283676,,,,
2018-03-05 00:00:00+00:00,123.5910331652,45.1184068817,63.3756398311,220.5945309096,111.5379983997,87.5752048143,100.0066775148,,,,
2018-03-06 00:00:00+00:00,124.0419017411,45.4605143577,63.3996094377,221.1499847644,112.6532932467,87.6901436787,100.2985346676,,,,
2018-03-07 00:00:00+00:00,124.1479884648,45.4127784308,63.3836297,221.053000758,113.0449234983,87.5505750576,100.5356686043,,,,
2018-03-08 00:00:00+00:00,124.6165381614,45.5082502845,63.4555385198,222.0845579169,112.7639713613,87.8050825432,100.9734543335,,,,
2018-03-09 00:00:00+00:00,126.6852292744,45.9378736264,63.3756398311,225.9286512613,114.4326567812,89.2910778626,102.9526106509,,,,
2018-03-12 00:00:00+00:00,126.6145047919,46.0174335045,63.439558782,225.7082330649,114.5688759991,89.0037307014,102.8887668987,,,,
2018-03-13 00:00:00+00:00,125.8276949242,45.6912380042,63.4555385198,224.2182060576,114.0835950352,88.4536661356,102.1135213366,,,,
2018-03-14 00:00:00+00:00,125.1911745817,45.8105778214,63.5913662904,223.0367645251,113.2747934286,87.8297122999,101.5662891751,,,,
2018-03-15 00:00:00+00:00,125.0232039357,45.7469299189,63.5993561593,222.8251630566,112.9087042803,87.8132924621,101.6574945354,,,,
2018-03-16 00:00:00+00:00,125.2353773832,45.659414053,63.5434270773,223.0543979809,113.7260195881,88.0267503533,101.7760615037,,,,
2018-03-19 00:00:00+00:00,123.6263954064,45.2616146624,63.4954878641,220.0743439662,112.746943959,87.0251402485,100.6177534285,,,,
2018-03-20 00:00:00+00:00,123.812047173,45.404822443,63.4155891754,220.4622799917,112.6532932467,86.9840906541,101.3838784546,,,,
2018-03-21 00:00:00+00:00,123.7059604492,45.532118248,63.4155891754,219.9509097762,113.1130331073,86.9348311407,101.0281775496,,,,
2018-03-22 00:00:00+00:00,120.6878815642,44.5455757593,63.5194574707,214.4845385067,110.4788939801,84.7862132677,97.7301525047,,,,
2018-03-23 00:00:00+00:00,118.1578303508,44.0363925393,63.5354372084,209.9174734782,108.3667974776,82.9694248272,95.2795835609,,,,
2018-03-26 00:00:00+00:00,121.273788161,44.9373285991,63.4954878641,215.6692422284,110.5900569539,85.2569266364,98.516529106,,,,
2018-03-27 00:00:00+00:00,119.1254639728,44.4507867027,63.7112143234,211.9320262706,109.0594283144,84.1833698306,95.8830818828,,,,
2018-03-28 00:00:00+00:00,118.8502654198,44.6023325393,63.7032244545,211.3386768176,109.4955292117,84.1833698306,95.2978713888,,,,
2018-03-29 00:00:00+00:00,120.4837019926,45.1048266291,63.8630218318,214.3851277406,110.6670159358,85.2073778607,96.8523367636,,,,
2018-04-02 00:00:00+00:00,117.740593835,44.4029301227,63.8551701877,209.4257890288,108.10171654,83.3327825153,93.7982694978,,,,
2018-04-03 00:00:00+00:00,119.2053603269,44.8176871492,63.7830808084,212.0825776244,109.8546711271,84.4971787431,94.9046830881,,,,
2018-04-04 00:00:00+00:00,120.5458436014,44.8894720192,63.7830808084,214.5268231323,110.7867299076,85.4798961268,96.0019527644,,,,
2018-04-05 00:00:00+00:00,121.3891940058,45.1845875957,63.6949715671,216.0766164798,111.7102376901,86.0579651761,96.8249050217,,,,
2018-04-06 00:00:00+00:00,118.8413880471,44.7139978926,63.8551701877,211.3209648936,109.6579981735,84.2742092526,94.2920408522,,,,
2018-04-09 00:00:00+00:00,119.2408698176,45.0489939524,63.919249636,212.1799932062,109.4271212278,84.5880181651,94.6852291529,,,,
2018-04-10 00:00:00+00:00,121.1761370615,45.5833924288,63.8071106015,215.6780981904,111.2228308049,85.9093188491,96.8157611077,,,,
2018-04-11 00:00:00+00:00,120.6168625828,45.4477987856,63.8551701877,214.5356790943,111.2057288089,85.3560241877,96.120823646,,,,
2018-04-12 00:00:00+00:00,121.5933735774,45.5754163322,63.7350212222,216.3334393773,111.7444416821,86.1570627274,97.638713365,,,,
2018-04-13 00:00:00+00:00,121.247156043,45.5036314622,63.7830808084,215.7312339623,111.3596467727,85.8515119442,96.6694584842,,,,
2018-04-16 00:00:00+00:00,122.2591765283,45.5913685255,63.7910907394,217.4847144354,112.4370725189,86.6112598375,97.336964204,,,,
2018-04-17 00:00:00+00:00,123.5463955667,45.790770942099996,63.8151205325,219.8226883995,113.0954993639,87.1562963696,98.9554369766,,,,
2018-04-18 00:00:00+00:00,123.7150656476,46.053982132,63.6068623257,219.9466718673,113.5401512591,87.1315219818,99.1840348258,,,,
2018-04-19 00:00:00+00:00,123.040385324,45.8545797154,63.4546736361,218.7422610373,113.009989384,86.9828756549,98.9920126324,,,,
2018-04-20 00:00:00+00:00,122.0638743294,45.5674402355,63.2944750154,216.9710686403,112.4541745149,86.4873878984,98.3427947406,,,,
2018-04-23 00:00:00+00:00,122.019487466,45.4318465922,63.2624352913,216.8736530584,112.5482354927,86.5947435789,98.0776212355,,,,
2018-04-24 00:00:00+00:00,120.554720974,45.2404202723,63.1502962569,213.9157617553,112.0437266116,85.8680282027,96.3037019254,,,,
2018-04-25 00:00:00+00:00,120.6878815642,45.0968505324,63.0621870155,214.4648313984,112.1976445753,85.9588676247,96.4500045489,,,,
2018-04-26 00:00:00+00:00,121.8330626397,45.4238704956,63.190345912,216.6699659328,112.2660525592,86.3800322178,98.0044699237,,,,
2018-04-27 00:00:00+00:00,121.9129589939,45.5355358489,63.2864650844,216.9002209444,112.2831545552,86.5039041569,98.0593334076,,,,
2018-04-30 00:00:00+00:00,121.025221726,45.3122051423,63.3185048085,215.1290285473,111.1116678311,85.5624774195,97.336964204,,,,
2018-05-01 00:00:00+00:00,121.2116465523,45.2085158857,63.2210720075,215.5895385706,111.2399328009,85.4055729633,97.940462526,,,,
2018-05-02 00:00:00+00:00,120.5103341107,45.0888744357,63.2291000801,214.119448881,111.2912387888,84.5467275187,97.0717906989,,,,
2018-05-03 00:00:00+00:00,120.1818713215,45.1845875957,63.2852965886,213.6146590478,110.8038319036,84.224660477,97.2821007202,,,,
2018-05-04 00:00:00+00:00,121.7354115403,45.320181239,63.3254369517,216.4485668831,112.1719915814,85.1330546972,98.3062190847,,,,
2018-05-07 00:00:00+00:00,122.268053901,45.248396369,63.2933246612,217.121619994,112.9073774082,85.2982172827,99.0925956861,,,,
2018-05-08 00:00:00+00:00,122.3124407644,45.3680378189,63.2451562254,217.112764032,113.2579683256,85.2734428949,99.5132157287,,,,
2018-05-09 00:00:00+00:00,123.4664992126,45.4158943989,63.1729035717,219.2204829845,113.9163951705,86.0001582711,100.8207954263,,,,
2018-05-10 00:00:00+00:00,124.5406613067,45.886484102,63.3013527338,221.2750661651,114.5833730134,86.8094549401,101.515732888,,,,
2018-05-11 00:00:00+00:00,124.7892277417,45.9423167787,63.3655773149,221.8152798462,114.6945359873,87.0819732062,101.5888841997,,,,
2018-05-14 00:00:00+00:00,124.8513693504,45.9901733587,63.2852965886,222.0632467818,114.5577200195,87.2388776624,101.6071720277,,,,
2018-05-15 00:00:00+00:00,124.0967926728,45.5594641389,62.988257901,220.5400213204,114.4465570457,86.8342293279,100.9579541358,,,,
2018-05-16 00:00:00+00:00,124.7004540149,45.7827948454,62.9400894652,221.4787532908,115.3957178221,87.1810707575,101.3785741784,,,,
2018-05-17 00:00:00+00:00,124.7359635056,45.6791055888,62.8838929568,221.2927780891,115.8318187194,87.1480382404,101.1225445873,,,,
2018-05-18 00:00:00+00:00,124.4607649526,45.4797031722,63.0524824821,220.743708446,115.7377577416,86.8094549401,100.9579541358,,,,
2018-05-21 00:00:00+00:00,125.3928890838,45.7827948454,63.0524824821,222.3643494893,116.8066324898,87.527912187,101.9546407585,,,,
2018-05-22 00:00:00+00:00,124.9312657045,45.7668426521,63.0685386274,221.7267202264,116.1653076409,87.4205565064,101.5523085439,,,,
2018-05-23 00:00:00+00:00,125.2597284936,45.3760139156,63.2612123707,222.4174852612,116.1311036489,87.3875239893,101.9820725004,,,,
2018-05-24 00:00:00+00:00,125.055548922,45.2164919823,63.3896615328,221.9923990859,116.2508176207,87.1397801111,101.9272090166,,,,
2018-05-25 00:00:00+00:00,124.8158598597,45.0489939524,63.5261387676,221.4344734809,116.0455936691,86.8424874572,101.6346037696,,,,
2018-05-29 00:00:00+00:00,123.5819050574,44.1636472228,63.9676827626,218.8751004671,115.6180437697,85.6120261952,100.3453118999,,,,
2018-05-30 00:00:00+00:00,125.1798321395,44.7379261826,63.7750090193,221.7621440743,117.2427333871,86.8424874572,101.7077550813,,,,
2018-05-31 00:00:00+00:00,124.3187269897,44.5704281526,63.750924801400004,220.3274782327,116.1311036489,86.0827395639,100.6927806307,,,,
2018-06-01 00:00:00+00:00,125.6148234008,44.9772090825,63.6422407541,222.6477402729,116.8066324898,86.9002943621,102.2929655754,,,,
2018-06-04 00:00:00+00:00,126.2007299976,45.1447071124,63.5054449401,223.6307520532,117.4992633267,87.1397801111,103.0244786929,,,,
2018-06-05 00:00:00+00:00,126.3871548238,45.0489939524,63.5617726282,223.9407107227,117.9781192139,87.1315219818,103.5091061333,,,,
2018-06-06 00:00:00+00:00,127.5057037813,45.5116075589,63.3847427513,225.7296150437,118.8588720065,87.916044263,104.505792756,,,,
2018-06-07 00:00:00+00:00,127.3192789551,45.152683209,63.545679003000004,225.6233434999,118.7990150206,88.1390137534,103.600545273,,,,
2018-06-08 00:00:00+00:00,127.7542702163,45.2164919823,63.4652108772,226.3318204587,119.2522179138,88.4363064073,103.9480140038,,,,
2018-06-11 00:00:00+00:00,127.9406950426,45.4158943989,63.4088831891,226.6240672043,119.3206258977,88.5354039586,103.8565748641,,,,
2018-06-12 00:00:00+00:00,128.2070162229,45.224468079,63.4008363765,227.0048735696,119.2949729038,88.428048278,104.1491801112,,,,
2018-06-13 00:00:00+00:00,127.7276380983,45.1925636924,63.3606023135,226.1015654471,118.4740770971,88.0481743314,104.1217483692,,,,
2018-06-14 00:00:00+00:00,128.0916103781,45.0250656624,63.4973981275,226.756906634,118.6707500508,87.9738511679,104.5606562398,,,,
2018-06-15 00:00:00+00:00,127.96732716060001,44.7219739892,63.5054449401,226.5620754704,118.533934083,87.9243023922,104.2680509928,,,,
2018-06-18 00:00:00+00:00,127.8252891977,44.3710257361,63.5054449401,226.0218617893,118.9443819863,87.6022353505,104.3777779604,,,,
2018-06-19 00:00:00+00:00,127.3991753092,43.9084121296,63.6100535037,225.1628334767,118.8417700105,87.3957821186,103.6919844127,,,,
2018-06-20 00:00:00+00:00,127.6921286076,44.0360296762,63.4652108772,225.570207728,119.5172988514,87.3627496015,104.2589070788,,,,
2018-06-21 00:00:00+00:00,126.8132687124,43.6292487464,63.4973981275,224.1621097723,118.6279950608,86.8837781036,103.298796112,,,,
2018-06-22 00:00:00+00:00,126.9938344727,44.0861195633,63.5376321905,224.5606280617,118.809789278,87.1545621625,102.5489951665,,,,
2018-06-25 00:00:00+00:00,125.2108392537,43.4814269943,63.5295853779,221.4521854048,117.3507367477,86.4151897449,100.2447288462,,,,
2018-06-26 00:00:00+00:00,125.4961184887,43.5378649674,63.6341939415,221.939263314,117.6253819299,86.3736519687,100.7112165901,,,,
2018-06-27 00:00:00+00:00,124.3282566203,42.9976729391,63.7870833807,220.0972232211,116.2092427093,85.8502759877,99.307863572,,,,
2018-06-28 00:00:00+00:00,125.1038595405,43.2153622639,63.7388025051,221.4320823711,116.5782971728,86.2158084189,100.4268770897,,,,
2018-06-29 00:00:00+00:00,125.1930093015,43.6184906433,63.72270888,221.9926023482,116.5439665251,86.2573461951,100.6194941706,,,,
2018-07-02 00:00:00+00:00,125.4961184887,43.1589242908,63.6832875451,222.2506194805,116.8271943692,86.3819595239,101.0505895422,,,,
2018-07-03 00:00:00+00:00,125.1751793493,43.2556751019,63.8123316941,221.3520080887,117.1361701991,86.2656537504,100.2250877668,,,,
2018-07-05 00:00:00+00:00,126.2360615046,43.5378649674,63.9010495466,223.2470994397,118.1918376181,86.8721052839,100.903833671,,,,
2018-07-06 00:00:00+00:00,127.2969436599,43.7716794274,63.9736368804,225.1066022208,119.0243558266,87.3871737096,101.8210578658,,,,
2018-07-09 00:00:00+00:00,128.4558905522,44.2393083474,63.9171800652,227.0995621393,119.9427006545,88.2179292349,102.9859325932,,,,
2018-07-10 00:00:00+00:00,128.7857446678,44.2393083474,63.8768537686,227.8914078212,119.8053780634,88.6083843318,103.2427553677,,,,
2018-07-11 00:00:00+00:00,127.86750213,43.5136772646,63.9091148059,226.3344078849,118.8784505736,87.860704359,102.7015930928,,,,
2018-07-12 00:00:00+00:00,128.9194693092,43.8845553736,63.9575063618,228.2739849484,118.9213638833,88.38408034,104.1324628367,,,,
2018-07-13 00:00:00+00:00,128.999704094,44.0216190226,64.013963177,228.4697220833,118.9299465452,88.4339256715,103.9765347236,,,,
2018-07-16 00:00:00+00:00,128.7946596438,43.9329307791,63.9252453245,228.3273678034,118.363490857,88.517001224,104.0407404172,,,,
2018-07-17 00:00:00+00:00,129.3830480661,44.0780569957,63.9010495466,229.3060534776,118.7668759683,88.7828429921,104.6002471761,,,,
2018-07-18 00:00:00+00:00,129.6683273012,44.0699944281,63.8687885093,229.7242191748,119.273253023,89.106837647,104.8662421926,,,,
2018-07-19 00:00:00+00:00,129.3563031378,43.8442425357,63.989767399,228.8522992105,119.7624647537,88.6748447738,104.1508073206,,,,
2018-07-20 00:00:00+00:00,129.1245137594,44.1828703743,63.8445927314,228.6387677906,119.4277409379,88.6000767766,104.2425297401,,,,
2018-07-23 00:00:00+00:00,129.3295582095,44.0377441578,63.6429612485,229.0747277728,119.4534889238,88.8825336552,104.435146821,,,,
2018-07-24 00:00:00+00:00,129.6148374446,44.3683094288,63.7397443603,230.1512820145,118.7239626586,89.3145265284,104.3525966435,,,,
2018-07-25 00:00:00+00:00,130.7202944804,44.8278757812,63.7397443603,232.2599047854,119.1015997841,89.9375931724,105.7467774196,,,,
2018-07-26 00:00:00+00:00,130.5063350541,44.5940613212,63.7397443603,231.5748248134,119.8826220209,90.220050051,105.4257489514,,,,
2018-07-27 00:00:00+00:00,129.463282851,44.6585618619,63.7236138417,230.071207732,118.5952227295,89.9791309486,103.8389510944,,,,
2018-07-30 00:00:00+00:00,128.6163601219,44.6827495647,63.6510265078,228.7455335006,118.3119948853,89.9209780618,102.0136749467,,,,
2018-07-31 00:00:00+00:00,129.3473881617,44.7311249702,63.6994180637,229.9021620247,119.4449062618,90.2698953825,102.3897368666,,,,
2018-08-01 00:00:00+00:00,129.1958335681,44.5295607805,63.664622922,229.6174534649,119.0071905027,89.8379025093,102.6006984314,,,,
2018-08-02 00:00:00+00:00,129.9625215123,44.1909329419,63.6969605082,230.7829791315,119.7367167679,90.0372838354,103.6646784974,,,,
2018-08-03 00:00:00+00:00,130.3993553409,44.2957463205,63.8343952498,231.9129162281,119.8397087112,90.6603504794,103.6921952232,,,,
2018-08-06 00:00:00+00:00,130.9877437632,44.1022446984,63.8909860257,232.7848361925,120.4233297233,90.9178846922,104.2333574981,,,,
2018-08-07 00:00:00+00:00,131.4156626158,44.3521842936,63.7778044739,233.4343275945,120.6550615958,91.2169566814,104.7286585633,,,,
2018-08-08 00:00:00+00:00,131.2908529504,44.3602468612,63.7616356807,233.3097675996,120.5349043286,91.1671113498,104.9121034023,,,,
2018-08-09 00:00:00+00:00,131.2017031895,44.2393083474,63.8829016292,233.0161618973,120.4490777092,90.9677300238,104.9304478862,,,,
2018-08-10 00:00:00+00:00,130.3815253888,43.4008013184,64.0122519741,231.4324705335,119.8139607254,90.3695860455,104.4076300952,,,,
2018-08-13 00:00:00+00:00,129.8822867274,43.0702360474,64.0203363707,230.5605505692,119.1616784177,89.8545176198,103.9306735139,,,,
2018-08-14 00:00:00+00:00,130.7381244325,43.1508617232,63.9799143879,232.0463733655,120.2774244703,90.4443540428,104.6644528697,,,,
2018-08-15 00:00:00+00:00,129.7039872055,42.4494183432,64.052673957,230.3381220068,119.1702610796,89.9043629513,103.2794443355,,,,
2018-08-16 00:00:00+00:00,130.7202944804,42.6993579384,64.0850115432,232.2065219304,120.2173458367,90.8514242502,104.0499126592,,,,
2018-08-17 00:00:00+00:00,131.2017031895,42.9815478039,64.1577711123,232.9805733273,120.9468721019,91.2917246786,104.1232905948,,,,
2018-08-20 00:00:00+00:00,131.4513225201,43.175049426,64.2386150779,233.4966075919,121.4017531848,91.5575664467,104.6736251117,,,,
2018-08-21 00:00:00+00:00,131.9416462054,43.4894895619,64.2062774916,234.003744714,122.4917512516,91.6738722203,105.0129980637,,,,
2018-08-22 00:00:00+00:00,131.9862210858,43.7152414543,64.2466994744,233.9325675741,122.3630113225,91.4412606732,105.4624379192,,,,
2018-08-23 00:00:00+00:00,131.7276867791,43.3040505074,64.2466994744,233.5944761594,121.8480516059,91.2501869024,105.5908493065,,,,
2018-08-24 00:00:00+00:00,132.5478645798,43.7071788867,64.2790370607,235.0625046707,122.2171060694,91.6572571098,106.7648962758,,,,
2018-08-27 00:00:00+00:00,133.501767022,44.2796211854,64.1981930951,236.8330360269,122.5432472233,92.3301690853,107.6362592609,,,,
2018-08-28 00:00:00+00:00,133.5820018068,44.1989955095,64.1011803363,236.9664931643,122.4574206038,92.3384766406,107.7738428901,,,,
2018-08-29 00:00:00+00:00,134.2862849183,44.4005596991,64.0607583535,238.2654759683,122.6805698144,92.5877032982,108.7094115688,,,,
2018-08-30 00:00:00+00:00,133.7335564005,43.8442425357,64.1092647329,237.2956874365,122.0797834783,92.0809424277,108.1774215358,,,,
2018-08-31 00:00:00+00:00,133.787046257,43.6588034812,64.125433526,237.304584579,122.3286806747,91.9812517647,108.3975553426,,,,
2018-09-04 00:00:00+00:00,133.599831759,43.1347365881,64.0265128497,236.9753903068,121.8737995917,91.8981762121,108.7552727786,,,,
2018-09-05 00:00:00+00:00,133.1629979304,42.7396707763,64.0427200419,236.3081046198,122.0454528306,92.0643273172,106.8933076631,,,,
2018-09-06 00:00:00+00:00,132.7618240061,42.6509825329,64.1399631952,235.6141275053,121.4360838326,91.9563290989,106.9575133567,,,,
2018-09-07 00:00:00+00:00,132.4587148189,42.3446049646,63.9373732925,235.0447103857,121.0498640452,91.7071024413,106.6456571305,,,,
2018-09-10 00:00:00+00:00,132.7439940539,42.3929803701,63.977891273,235.4895675104,121.2558479318,91.8981762121,107.0217190504,,,,
2018-09-11 00:00:00+00:00,133.1897428587,42.4574809108,63.8401301392,236.3792817597,121.3330918893,92.0061744304,107.5903980511,,,,
2018-09-12 00:00:00+00:00,133.1986578348,42.618732262500004,63.8887517158,236.4059731872,121.1614386504,92.1307877592,107.7371539223,,,,
2018-09-13 00:00:00+00:00,133.8672810419,42.9976729391,63.9292696964,237.7494417037,121.3502572132,92.5461655219,108.3516941328,,,,
2018-09-14 00:00:00+00:00,133.974260755,42.9896103715,63.823922947,237.8740016986,121.8566342678,92.7206241822,108.5351389718,,,,
2018-09-17 00:00:00+00:00,133.127338026,42.9573601012,63.8158193509,236.5305331821,121.0670293691,92.6541637402,107.2326806152,,,,
2018-09-18 00:00:00+00:00,133.8405361136,43.3927387508,63.6699546209,237.8206188436,121.376005199,93.0280037266,108.3792108587,,,,
2018-09-19 00:00:00+00:00,133.8583660658,43.642678346,63.5727114676,238.0875331184,121.1185253407,93.2190774974,107.9297710032,,,,
2018-09-20 00:00:00+00:00,134.8925032928,44.0941821309,63.6537474287,240.0004187545,122.1484447739,93.9501423597,108.6452058752,,,,
2018-09-21 00:00:00+00:00,134.7587786514,44.1183698336,63.6942654092,239.8313730471,121.9252955634,94.091370799,108.5351389718,,,,
2018-09-24 00:00:00+00:00,134.2684549662,43.8442425357,63.6132294482,239.0306302227,121.075612031,93.4766117103,108.7461005366,,,,
2018-09-25 00:00:00+00:00,134.1971351574,44.0941821309,63.5646078715,238.7370245204,120.8095495108,93.0280037266,109.1129902145,,,,
2018-09-26 00:00:00+00:00,133.6800665439,44.1169991971,63.7266797937,238.0401113489,119.874039359,92.6043184087,108.9432367811,,,,
2018-09-27 00:00:00+00:00,133.9920907072,44.0683854239,63.7753013703,238.701482838,119.8482913731,92.5960108534,109.2465974101,,,,
2018-09-28 00:00:00+00:00,134.0493248537,43.752395898,63.7753013703,238.6746704803,120.2796559624,92.5554699838,109.3936813514,,,,
2018-10-01 00:00:00+00:00,134.2553478722,43.8253165578,63.6565156171,239.5594782833,119.1576442463,92.9485045961,109.963631624,,,,
2018-10-02 00:00:00+00:00,134.0582823763,43.5579408051,63.7702314802,239.5326659256,118.6052692477,93.1659279987,109.4764160684,,,,
2018-10-03 00:00:00+00:00,134.2374328271,43.3958948944,63.4453290144,239.7382273344,119.2698454179,93.2830021385,109.8349331753,,,,
2018-10-04 00:00:00+00:00,133.0998274642,42.7963250247,63.2828777814,237.7719877723,118.2168805767,93.0990284902,108.0883113722,,,,
2018-10-05 00:00:00+00:00,132.2399053001,42.5694607496,63.1691619184,236.431369889,117.396948938,92.8063431406,106.9943745587,,,,
2018-10-08 00:00:00+00:00,132.1413725521,42.4074148389,63.1447942335,236.3688077212,117.7508141716,93.0990284902,106.0015579549,,,,
2018-10-09 00:00:00+00:00,131.908476966,42.2615735192,63.2666326581,236.0649343343,117.0776071419,92.8147055791,106.0291361939,,,,
2018-10-10 00:00:00+00:00,127.7073988934,41.2406842816,63.2178972883,228.4412873049,114.3329938672,90.4146857124,101.2764863402,,,,
2018-10-11 00:00:00+00:00,124.9843120404,40.6897281851,63.3965936445,223.6329378303,111.8559372325,88.1902770554,99.3368168641,,,,
2018-10-12 00:00:00+00:00,126.6324961883,41.0705360753,63.3803485212,226.6537967939,111.5970114519,88.8090975088,101.8556293591,,,,
2018-10-15 00:00:00+00:00,126.0681722681,40.9003878691,63.3641033979,225.4114908888,112.2011716067,88.558224352,100.577837619,,,,
2018-10-16 00:00:00+00:00,128.8450042563,41.6863105361,63.4128387678,230.2109029108,114.4624567576,90.1470876785,103.5562874305,,,,
2018-10-17 00:00:00+00:00,128.8091741662,41.3379118281,63.2991229047,230.2913399838,114.0913298053,90.289249134,103.5287091915,,,,
2018-10-18 00:00:00+00:00,126.9460094773,40.6492167074,63.2585100965,227.0559821589,112.3651579345,89.4195555237,101.4511485205,,,,
2018-10-19 00:00:00+00:00,126.6145811432,40.884183278,63.2260198499,226.8772331078,111.7437360609,89.4613677165,100.3204407217,,,,
2018-10-22 00:00:00+00:00,126.1129598808,40.8193649137,63.201652165,225.9388005895,111.1223141874,88.8090975088,100.6513795896,,,,
2018-10-23 00:00:00+00:00,125.3694855097,40.3899432503,63.2910003431,224.5803078012,110.0866110649,88.2822638795,99.6125992541,,,,
2018-10-24 00:00:00+00:00,121.4729632036,39.2637241707,63.4615741376,217.8772183849,106.6860524793,86.0244054683,95.843573258,,,,
2018-10-25 00:00:00+00:00,123.757131452,39.7660664939,63.3884710828,221.7828851515,108.4899020843,87.1449722354,98.5738189186,,,,
2018-10-26 00:00:00+00:00,121.6162835643,39.4338723769,63.5021869459,217.8593434798,107.3678903683,85.9742308369,96.3951380379,,,,
2018-10-29 00:00:00+00:00,120.9444693736,39.2070081019,63.4453290144,216.7332244579,107.3161052122,86.0913049768,95.0621898197,,,,
2018-10-30 00:00:00+00:00,122.8345066301,39.676941243,63.3559808362,220.0490193558,109.163109114,87.3540331994,96.5973784572,,,,
2018-10-31 00:00:00+00:00,124.1154323537,40.00913536,63.2260198499,222.354882115,109.3961423166,87.9477663371,98.6105899039,,,,
2018-11-01 00:00:00+00:00,125.5217633929,40.7383419583,63.3432844601,224.6607448742,111.2690387964,88.5247745978,100.329633468,,,,
2018-11-02 00:00:00+00:00,125.011184608,40.9652062334,63.1071416077,223.2665022756,111.4589177022,88.3658882651,99.6401774931,,,,
2018-11-05 00:00:00+00:00,125.6202961409,40.9733085289,63.1559987496,224.5356205384,112.0026618416,89.3861057695,100.2009350193,,,,
2018-11-06 00:00:00+00:00,126.3368979443,41.0624337798,63.1478558926,225.9566754946,112.6413454338,89.8544023288,100.4491391703,,,,
2018-11-07 00:00:00+00:00,128.9166644367,41.6133898763,63.2048558915,230.729275159,114.2380544143,91.3930910239,103.4367817282,,,,
2018-11-08 00:00:00+00:00,128.6658538055,41.1434567352,63.0989987507,230.3360272466,113.9187126182,91.3178290769,103.2437340553,,,,
2018-11-09 00:00:00+00:00,127.3490979917,40.7140350717,63.2537130333,228.2089135385,112.6931305899,90.6321091149,101.8188583738,,,,
2018-11-12 00:00:00+00:00,124.9036943375,40.0658514288,63.3514273171,223.8027494289,111.2172536403,89.4279179623,99.0886127132,,,,
2018-11-13 00:00:00+00:00,124.7245438866,40.2765111128,63.3188558892,223.4273764216,111.1568376248,89.3526560152,98.9139505329,,,,
2018-11-14 00:00:00+00:00,123.8108765873,40.3980455458,63.3677130311,221.8990720347,110.3541677049,88.6502111762,97.9670976607,,,,
2018-11-15 00:00:00+00:00,125.2082501039,40.6897281851,63.3758558881,224.1959973413,111.5193337177,89.4613677165,99.3919733421,,,,
2018-11-16 00:00:00+00:00,125.4769757802,40.6897281851,63.5142844568,224.7679943048,111.6660583267,89.9380267144,98.8128303232,,,,
2018-11-19 00:00:00+00:00,123.3002978023,40.341329477,63.5142844568,221.0410765894,110.3282751268,89.3275686996,95.5769836143,,,,
2018-11-20 00:00:00+00:00,121.1057047793,39.5229976278,63.4735701718,216.9745356769,108.3172848973,87.5630941634,93.9130965282,,,,
2018-11-21 00:00:00+00:00,121.6969012671,40.1306697931,63.5387130277,217.6984693338,109.4910817694,87.6634434261,94.2991918742,,,,
2018-11-23 00:00:00+00:00,121.0430021215,39.8794986315,63.5305701707,216.2952892827,109.3788805978,87.228596621,93.6373141383,,,,
2018-11-26 00:00:00+00:00,122.9240818555,40.4061478413,63.4817130288,219.682583801,110.4749997358,88.4578750893,95.7240675556,,,,
2018-11-27 00:00:00+00:00,123.0763597387,40.3089202949,63.5224273137,220.3707676478,109.6464372378,88.8090975088,96.0182354383,,,,
2018-11-28 00:00:00+00:00,125.9427669525,41.0057177111,63.5549987417,225.5187403194,111.62290403,90.3728735196,99.3184313715,,,,
2018-11-29 00:00:00+00:00,125.7098713663,40.8031603226,63.6038558836,225.0539927866,111.2776696558,90.1387252399,98.8955650402,,,,
2018-11-30 00:00:00+00:00,126.6145811432,40.6816258896,63.6282844545,226.5465473633,111.9681384042,90.8244452018,100.0078873464,,,,
2018-12-03 00:00:00+00:00,128.0925723627,41.2649911682,63.7276484811,229.343970013,112.7880700428,91.5101651638,101.2764863402,,,,
2018-12-04 00:00:00+00:00,123.9094093352,40.2603065217,63.882743309,222.2297577792,108.7143044276,88.9345340872,98.252072797,,,,
2018-12-06 00:00:00+00:00,123.757131452,39.9281124047,63.9970237084,221.6666982682,108.3086540379,88.5080497207,98.5830116649,,,,
2018-12-07 00:00:00+00:00,120.836979103,39.4095654903,64.1276298793,216.5187255966,106.5997438857,86.7101254302,95.7148748093,,,,
2018-12-10 00:00:00+00:00,120.9713419412,39.0692690778,64.1929329647,216.7779117207,105.7452888097,86.5679639747,96.4227162769,,,,
2018-12-11 00:00:00+00:00,120.9444693736,39.1989058064,64.2010958504,216.8404738886,105.5640407632,86.4843395891,96.5881857108,,,,
2018-12-12 00:00:00+00:00,121.6341986093,39.8146802672,64.135792765,218.0380925309,106.3062946677,86.810474693,97.1857142224,,,,
2018-12-13 00:00:00+00:00,121.3386003654,39.7579641984,64.184770079,217.9665929105,105.07208178,86.8021122544,97.3511836564,,,,
2018-12-14 00:00:00+00:00,119.2425400904,39.2070081019,64.2419102788,213.9447392608,103.7256677207,85.3721352606,95.1357317904,,,,
2018-12-17 00:00:00+00:00,116.6986036882,38.8748139849,64.3643535639,209.6002435738,101.4125974138,83.7163724257,92.7509072503,,,,
2018-12-18 00:00:00+00:00,116.6627735981,38.9234277581,64.462308192,209.5193619465,101.369443117,83.3902373218,92.8524256562,,,,
2018-12-19 00:00:00+00:00,114.8712690895,38.4778015036,64.5765885915,206.1762546872,99.5051774965,82.4285568874,91.6711205689,,,,
2018-12-20 00:00:00+00:00,113.0170619231,38.4291877304,64.4867968491,202.7882131905,98.1242399998,81.2912652433,89.8899339918,,,,
2018-12-21 00:00:00+00:00,110.6164458816,37.8377201562,64.4867968491,198.7531186759,96.2513435199,80.0452618978,88.0164579548,,,,
2018-12-24 00:00:00+00:00,107.867292638,37.4458121211,64.5017479905,193.2801285659,93.8662055373,77.7776194334,85.6446188341,,,,
2018-12-26 00:00:00+00:00,113.0578992011,38.3631198546,64.3626297824,203.0578186147,97.9707866947,80.9881582204,90.4252128595,,,,
2018-12-27 00:00:00+00:00,114.0761952803,38.3713101022,64.5017479905,204.9450565836,98.3186325555,81.8139660974,91.3019627291,,,,
2018-12-28 00:00:00+00:00,113.9320117646,38.5842565404,64.6572330465,204.684438007,98.4577708999,81.7296999875,91.2742758911,,,,
2018-12-31 00:00:00+00:00,115.0133881319,38.6743492642,64.8209015266,206.5267417386,99.1882472075,82.5386546425,92.5017257084,,,,
2019-01-02 00:00:00+00:00,115.1035028292,38.6006370356,64.9518363106,206.6885049931,99.4056508705,82.5807876975,91.8833863268,,,,
2019-01-03 00:00:00+00:00,112.4361077899,38.1665539117,65.2055224547,201.7547257313,98.1881903577,81.0555711084,89.3454261781,,,,
2019-01-04 00:00:00+00:00,116.1578447873,39.41147155,65.0091202787,208.4139797076,101.4405491562,83.3897423525,92.3356046805,,,,
2019-01-07 00:00:00+00:00,117.3293358519,39.5343252643,64.9109191906,209.9776911676,102.658009669,83.8700591789,93.221583496,,,,
2019-01-08 00:00:00+00:00,118.5368727954,39.8209839311,64.8290849506,212.0177055436,104.0667854053,84.4852017811,94.3752017454,,,,
2019-01-09 00:00:00+00:00,119.0955839185,40.3533500264,64.9191026146,212.9972719179,105.0059692294,84.6368807789,94.9289385051,,,,
2019-01-10 00:00:00+00:00,119.6813294508,40.4843939883,64.7881678306,213.8869698176,105.6233956324,84.9402387745,95.0581437491,,,,
2019-01-11 00:00:00+00:00,119.7083638599,40.2223060645,64.9191026146,213.7881144954,105.8494954419,85.1087709943,95.122746371,,,,
2019-01-14 00:00:00+00:00,118.9514004028,40.0503108644,64.8618186466,212.6108374767,105.266853625,84.7295734998,94.2921412315,,,,
2019-01-15 00:00:00+00:00,120.2490520436,40.3042085407,64.8700020706,215.1001942262,105.7799262697,85.4963950998,95.7780015367,,,,
2019-01-16 00:00:00+00:00,120.5914878932,40.4680134931,64.8945523426,215.5764971422,106.6669332148,85.7828998735,95.6303384007,,,,
2019-01-17 00:00:00+00:00,121.5647266238,40.6481989407,64.8209015266,217.1851428396,107.6669900646,86.4064690867,96.3594251344,,,,
2019-01-18 00:00:00+00:00,123.1417338261,40.9758088456,64.7718009826,220.1058682678,108.9105390169,87.6030478472,97.3746091938,,,,
2019-01-22 00:00:00+00:00,121.4565889871,40.3533500264,64.8863689186,217.1761559921,107.3452326433,86.6592674164,96.3040514584,,,,
2019-01-23 00:00:00+00:00,121.5827495633,40.599057455,64.9518363106,217.4996825011,107.1191328338,86.9036391351,96.5993777302,,,,
2019-01-24 00:00:00+00:00,121.8350707156,40.7464819122,65.0909545187,217.7153668404,107.858305288,86.8277996362,96.3132804044,,,,
2019-01-25 00:00:00+00:00,122.979527371,41.1969455313,65.0173037027,219.5666574195,109.0061966287,87.2996898516,96.940848732,,,,
2019-01-28 00:00:00+00:00,122.0783803983,40.9758088456,65.0418539747,217.8681432474,108.9018428704,86.7856665812,95.9718094026,,,,
2019-01-29 00:00:00+00:00,121.9071624734,41.0577113218,65.1727887587,217.5985378233,108.9975004821,86.94577219,95.5749647248,,,,
2019-01-30 00:00:00+00:00,123.7455022979,41.549126179,65.2382561507,221.0405004048,109.8323305481,87.771580067,97.5776460057,,,,
2019-01-31 00:00:00+00:00,124.8358901349,41.6392189028,65.5410428388,222.8828041364,110.2584417275,88.2771767264,98.4728537672,,,,
2019-02-01 00:00:00+00:00,125.0161195294,41.5736969219,65.3596531541,223.0715279333,110.6149837349,88.5046952231,98.6574326871,,,,
2019-02-04 00:00:00+00:00,125.9082550324,41.7129311314,65.3022265729,224.6621999357,111.5628637056,88.8586128847,98.842011607,,,,
2019-02-05 00:00:00+00:00,126.4309202766,42.0814922743,65.4416911272,225.659740005,111.9454941524,88.9681588275,98.9989036889,,,,
2019-02-06 00:00:00+00:00,126.3047597005,41.78664336,65.4170797353,225.3811477334,111.8411403942,89.0102918825,99.0727352569,,,,
2019-02-07 00:00:00+00:00,125.1062342267,41.2378967694,65.4663025191,223.1703832555,111.30197931,88.2603235044,98.6297458491,,,,
2019-02-08 00:00:00+00:00,125.2323948029,41.0822820646,65.5647480868,223.4579623746,111.0758795004,88.2097638385,99.0081326349,,,,
2019-02-11 00:00:00+00:00,125.493727425,41.0003795884,65.5401366949,223.5747913917,111.7106981964,88.2518968934,99.0081326349,,,,
2019-02-12 00:00:00+00:00,127.0617231576,41.4344627123,65.5319328976,226.4685562775,112.8759818301,89.397915988,100.0417745864,,,,
2019-02-13 00:00:00+00:00,127.4582278256,41.377130979,65.4334873299,227.1515566853,113.3716621817,89.6591409287,100.0879193164,,,,
2019-02-14 00:00:00+00:00,127.2329410824,41.3935114742,65.5483404922,226.6482932269,113.2673084235,89.2546636012,99.9679430184,,,,
2019-02-15 00:00:00+00:00,128.6297188901,41.8112141029,65.5729518841,229.1466368239,114.5891226945,90.5523616936,101.0200428619,,,,
2019-02-19 00:00:00+00:00,128.8820400425,42.0323507886,65.6303784653,229.5420581127,114.9630569949,90.7798801903,101.0938744298,,,,
2019-02-20 00:00:00+00:00,129.1523841343,42.2289167315,65.6057670733,230.0722821135,115.5804833978,91.0579583529,101.0569586458,,,,
2019-02-21 00:00:00+00:00,128.7108221177,42.0978727696,65.4745063164,229.2365052986,115.2935105626,90.81358663419999,101.2507665117,,,,
2019-02-22 00:00:00+00:00,129.5579002721,42.3599606934,65.622174668,230.6114929618,116.0500753099,91.2012107398,101.9706242994,,,,
2019-02-25 00:00:00+00:00,129.7471411364,42.5483363887,65.597563276,230.9529931657,115.7544063282,91.3444631266,101.7768164335,,,,
2019-02-26 00:00:00+00:00,129.5038314537,42.6957608459,65.6878050464,230.7822430637,114.8847916762,91.2012107398,101.7768164335,,,,
2019-02-27 00:00:00+00:00,129.5488888024,42.4910046554,65.5565442895,230.6654140466,115.0500184601,91.1169446299,101.5553217296,,,,
2019-02-28 00:00:00+00:00,129.2785447105,42.3190094553,65.4827101137,230.1262031983,114.6586918667,90.8051600233,101.8137322174,,,,
2019-03-01 00:00:00+00:00,130.1436458044,42.433672922,65.2806226931,231.7078883533,115.4761296396,91.2686236277,102.3213242472,,,,
2019-03-04 00:00:00+00:00,129.5398773326,42.3845314363,65.3957415642,230.8181904536,114.9369685553,90.8472930782,101.5368638376,,,,
2019-03-05 00:00:00+00:00,129.29656765,42.4664339125,65.4450782233,230.5485850295,114.4325920572,90.6366278035,101.4907191076,,,,
2019-03-06 00:00:00+00:00,128.3143174497,42.3271997029,65.5273059883,229.0747420442,112.7542357788,90.0467650342,100.9277534019,,,,
2019-03-07 00:00:00+00:00,127.3140443099,41.7620726171,65.716429848,227.2324383125,111.6846097568,89.4737554869,100.3186429662,,,,
2019-03-08 00:00:00+00:00,127.0527116878,41.6719798933,65.7986576131,226.7741090915,111.4932945334,89.3136498781,100.0325456404,,,,
2019-03-11 00:00:00+00:00,128.9180859214,42.1633947505,65.7657665071,230.0812689609,112.9194625627,90.4680955837,101.3430559717,,,,
2019-03-12 00:00:00+00:00,129.3506364683,42.2289167315,65.9219992607,230.8990720808,113.0238163209,90.6956140804,101.7583585415,,,,
2019-03-13 00:00:00+00:00,130.1796916833,42.4910046554,65.8891081547,232.4717703883,113.5281928191,91.3360365156,102.3397821392,,,,
2019-03-14 00:00:00+00:00,130.0715540465,42.4254826744,65.8315487191,232.3908887611,113.1542585187,91.2686236277,102.3582400311,,,,
2019-03-15 00:00:00+00:00,130.6753225183,42.8595657983,65.9548903667,233.5232315425,113.1890431048,91.6225412892,102.9304346828,,,,
2019-03-18 00:00:00+00:00,131.1619418836,43.1052732269,65.9137764842,234.3590083573,114.0064808777,92.1028581156,102.9581215208,,,,
2019-03-19 00:00:00+00:00,131.1349074744,43.146224465,65.8808853782,234.4309031371,113.1281700792,91.9596057288,103.1796162247,,,,
2019-03-20 00:00:00+00:00,130.5942192907,43.1544147126,66.1686825559,233.5951263222,111.9802787385,91.1253712409,102.8583981449,,,,
2019-03-21 00:00:00+00:00,132.1261691444,43.1626049602,66.1851281089,236.2508296185,113.2064353978,91.8584863969,103.9705812209,,,,
2019-03-22 00:00:00+00:00,129.3686594078,42.2371069791,66.5469302753,231.7595064222,109.9453804528,90.3416964188,102.7935207988,,,,
2019-03-25 00:00:00+00:00,129.2803470045,42.2744545083,66.6291580403,231.5516584674,110.1540879693,90.190017421,102.9047391064,,,,
2019-03-26 00:00:00+00:00,130.2769717273,42.5209527853,66.6456035934,233.2234789731,111.30197931,90.9568390211,103.5813171443,,,,
2019-03-27 00:00:00+00:00,129.6789968936,42.3894870375,66.768945241,232.1390548613,111.319371603,90.5523616936,103.0715665678,,,,
2019-03-28 00:00:00+00:00,130.2497910531,42.4141368652,66.801836347,233.0427416211,112.1711591546,90.8009467178,103.294003183,,,,
2019-03-29 00:00:00+00:00,131.1105124046,42.6442019238,66.752499688,234.5428616424,112.4594495169,91.3185002358,103.9705812209,,,,
2019-04-01 00:00:00+00:00,132.6326301632,43.1947147425,66.4890485069,237.2448850543,114.1105670466,92.3875452074,104.3320407206,,,,
2019-04-02 00:00:00+00:00,132.6235699384,43.2357977886,66.522021008,237.3262168627,113.6213470378,92.1584641421,104.1374086823,,,,
2019-04-03 00:00:00+00:00,132.9406778048,43.5069458934,66.4313466299,237.769023375,114.058150617,92.1754331099,104.0910677208,,,,
2019-04-04 00:00:00+00:00,133.2215447721,43.5480289395,66.4972916322,238.3383460337,114.9754381335,92.5826883372,103.8593629133,,,,
2019-04-05 00:00:00+00:00,133.8920014039,43.6630614688,66.5467503838,239.4860282186,115.9101977931,92.9899435644,104.2949679514,,,,
2019-04-08 00:00:00+00:00,134.0097843257,43.6548448596,66.4808053816,239.6938761734,115.7529485046,93.0578194357,104.3598452975,,,,
2019-04-09 00:00:00+00:00,133.2034243226,43.5151625026,66.579722885,238.419677842,114.311496693,92.4554210786,104.1930178361,,,,
2019-04-10 00:00:00+00:00,133.8195196059,43.6466282503,66.670397263,239.2420327935,115.5607549297,92.7099555957,104.498868182,,,,
2019-04-11 00:00:00+00:00,133.8104593811,43.4987292841,66.5549935091,239.1968484555,115.7878927909,92.7269245635,104.1930178361,,,,
2019-04-12 00:00:00+00:00,134.7074216317,43.8273936535,66.4313466299,240.8144477556,116.5304588757,93.3123539527,104.5359409512,,,,
2019-04-15 00:00:00+00:00,134.5986989346,43.7863106073,66.4478328805,240.6517841388,115.9800863658,93.2105401459,104.7954503356,,,,
2019-04-16 00:00:00+00:00,134.6349398337,43.950642792,66.3324291266,240.8234846231,116.312057086,93.4141677595,104.1374086823,,,,
2019-04-17 00:00:00+00:00,134.1366274722,43.9999424474,66.3324291266,240.2360882293,115.7529485046,93.1850866942,103.2569304138,,,,
2019-04-18 00:00:00+00:00,134.3359524168,43.9670760105,66.4231035046,240.6879316092,115.6219074308,93.2105401459,103.479367029,,,,
2019-04-22 00:00:00+00:00,134.3721933158,43.8849099181,66.3571585024,240.9228901667,114.8880774176,93.2105401459,103.479367029,,,,
2019-04-23 00:00:00+00:00,135.7221668041,43.9917258382,66.4725622563,243.0013697143,116.3994178019,93.8638454063,104.3042361437,,,,
2019-04-24 00:00:00+00:00,135.540962309,43.5726787672,66.6456678872,242.5224157316,116.7575967369,93.6008264054,104.4803317974,,,,
2019-04-25 00:00:00+00:00,135.3144566902,43.4987292841,66.6291816366,242.4320470556,115.4646581423,93.286900501,104.9808141816,,,,
2019-04-26 00:00:00+00:00,136.0483348952,43.7287943427,66.7775578917,243.5435817702,116.6877081642,93.7535471156,105.8149514886,,,,
2019-04-29 00:00:00+00:00,136.2476598397,43.8356102627,66.6374247619,243.8508352685,117.0022067413,93.9911126649,105.6388558349,,,,
2019-04-30 00:00:00+00:00,136.2567200645,43.8273936535,66.7363422653,244.0044620177,116.8536935243,94.3898834082,106.3154338728,,,,
2019-05-01 00:00:00+00:00,135.2419748921,43.5973285949,66.7402866007,242.2241991009,115.8053649341,93.6687022766,105.4998329504,,,,
2019-05-02 00:00:00+00:00,135.0154692733,43.5315957211,66.5915525214,241.7452451182,115.8839895784,93.456590179,105.4534919889,,,,
2019-05-03 00:00:00+00:00,136.4741654586,43.9752926197,66.7154975875,244.0406094881,117.6748842533,94.1777713107,106.2042155652,,,,
2019-05-06 00:00:00+00:00,136.0392746704,43.4412130195,66.7981276316,243.0736646551,117.6748842533,93.8638454063,106.1393382191,,,,
2019-05-07 00:00:00+00:00,133.6926764593,42.7017181884,66.8972836845,239.1335903823,115.7005320751,92.4639055625,104.5822819127,,,,
2019-05-08 00:00:00+00:00,133.4752310652,42.7428012346,66.847705658,238.6636732672,115.0890070641,92.2178555294,104.5174045666,,,,
2019-05-09 00:00:00+00:00,133.0494005018,42.3977036468,66.9138096933,237.9316869917,114.8443970597,92.0057434318,104.3598452975,,,,
2019-05-10 00:00:00+00:00,133.6654957851,42.7099347977,66.9055466889,239.0432217063,115.2113120663,92.5402659176,105.2495917583,,,,
2019-05-13 00:00:00+00:00,130.2860319521,41.6417755973,67.0460177638,233.1782946351,112.0837984388,90.690648427,103.6369262981,,,,
2019-05-14 00:00:00+00:00,131.46386117,42.0608226682,67.0873327858,235.2025529771,113.2020156017,91.2675933324,104.1744814515,,,,
2019-05-15 00:00:00+00:00,132.2430404988,42.1922884159,67.1864888387,236.5942305872,113.3068484607,91.4627364621,104.6193546819,,,,
2019-05-16 00:00:00+00:00,133.4389901662,42.3894870375,67.0873327858,238.7630788108,113.9882620444,92.2008865616,105.7778787194,,,,
2019-05-17 00:00:00+00:00,132.4967267919,42.0361728405,67.1038587947,237.3171799951,112.6254348771,91.8360537538,105.4812965658,,,,
2019-05-20 00:00:00+00:00,131.5544634175,41.8718406558,67.0212287506,235.699580695,111.8828687923,91.7003020114,105.1291052584,,,,
2019-05-21 00:00:00+00:00,132.8410153325,42.1512053698,66.988176733,237.6967284342,113.2107516733,92.3960296913,105.7315377579,,,,
2019-05-22 00:00:00+00:00,132.3608234206,42.0115230128,67.1121217991,237.0460739671,112.1886312978,92.0990727547,106.074460873,,,,
2019-05-23 00:00:00+00:00,130.6756216165,41.5842593326,67.3517489269,234.2717556145,110.3540562649,91.1063881382,105.3515418736,,,,
2019-05-24 00:00:00+00:00,130.9927294828,41.9211403112,67.3517489269,234.6784146564,110.9044287748,91.3524381714,105.5091011427,,,,
2019-05-28 00:00:00+00:00,129.8420809392,41.6582088157,67.4922200018,232.572824506,109.7774755403,90.1306724895,104.6378910665,,,,
2019-05-29 00:00:00+00:00,128.9541789134,41.5185264588,67.475693993,230.9732989412,109.087325885,89.6300879393,103.9705812209,,,,
2019-05-30 00:00:00+00:00,129.2078652064,41.666425425,67.65748009,231.6149165406,108.6592583774,89.6046344876,104.7676457587,,,,
2019-05-31 00:00:00+00:00,127.4683020538,41.4527935849,67.9549482486,228.5152709545,107.3488476396,88.4168067413,103.9798494132,,,,
2019-06-03 00:00:00+00:00,127.2146157607,41.7075084711,68.1478728756,227.8375058846,108.4321205161,89.2567706476,103.2754667984,,,,
2019-06-04 00:00:00+00:00,130.068586558,42.1183389328,68.0319187895,232.8529674016,111.0529419917,91.038512267,105.2866645275,,,,
2019-06-05 00:00:00+00:00,131.0652112809,42.019739622,68.0319187895,234.823004538,111.0878862781,91.5984882045,107.0568892568,,,,
2019-06-06 00:00:00+00:00,131.7990894859,42.1183389328,68.01535392,236.3502351621,111.0878862781,92.166948626,107.8910265637,,,,
2019-06-07 00:00:00+00:00,132.9950391533,42.6031188776,68.1975674839,238.7088576052,111.4548012846,92.6251107567,109.290523601,,,,
2019-06-10 00:00:00+00:00,133.7379775831,42.7756676715,68.0567660936,239.8294291874,111.9003409355,92.9220676932,109.5222284085,,,,
2019-06-11 00:00:00+00:00,133.6111344365,43.0550323855,68.0070714853,239.7842448494,111.9877016513,92.8796452737,109.1144279473,,,,
2019-06-12 00:00:00+00:00,133.4299299415,42.6770683607,68.1230255714,239.3324014695,111.8391884344,92.7523780152,109.4202782932,,,,
2019-06-13 00:00:00+00:00,134.0460252247,42.7263680161,68.2389796575,240.398751846,112.7215316645,93.1426642747,109.6056421392,,,,
2019-06-14 00:00:00+00:00,133.7560980326,42.3812704283,68.2472620922,240.0372771421,112.057590224,93.0917573713,109.3924737163,,,,
2019-06-17 00:00:00+00:00,133.8532236419,42.4223534745,68.2472620922,240.2541619645,112.0139098661,92.9050987254,109.3115976167,,,,
2019-06-18 00:00:00+00:00,135.3173427401,43.0961154317,68.4046283519,242.648931878,113.1583352438,93.6941557283,110.1396452963,,,,
2019-06-19 00:00:00+00:00,135.7811320197,43.3836967548,68.636536524,243.2905494774,113.4204173913,93.9317212775,110.9304773499,,,,
2019-06-20 00:00:00+00:00,137.0269973393,43.8438268719,68.7442081754,245.5588032446,113.9358456149,94.7462317321,112.0655539444,,,,
2019-06-21 00:00:00+00:00,137.0451851542,43.6717710746,68.5537121768,245.2696234814,113.3243206039,94.6868403448,111.4142804885,,,,
2019-06-24 00:00:00+00:00,136.281296929,43.7133315724,68.6779486976,244.9533331155,112.2847280852,94.585026538,111.386368769,,,,
2019-06-25 00:00:00+00:00,134.9899620722,43.4057838887,68.7027960018,242.5314525992,111.9178130787,94.1862557946,110.1024296703,,,,
2019-06-26 00:00:00+00:00,134.7353326638,43.5387774817,68.5454297421,242.2964940416,111.6732030743,93.7874850512,109.5069796535,,,,
2019-06-27 00:00:00+00:00,135.5446904262,43.6800831741,68.7442081754,243.1422544802,113.2550435562,94.1597842048,109.879135914,,,,
2019-06-28 00:00:00+00:00,136.4904568002,43.8463251653,68.8021852184,244.486635758,114.6959921321,94.7062319913,110.3443312396,,,,
2019-07-01 00:00:00+00:00,137.4544109891,44.1040002516,68.7976000626,246.5667932757,115.0474430043,95.3636769844,111.4980156472,,,,
2019-07-02 00:00:00+00:00,137.7726977495,44.2619301432,68.9304299891,247.284402201,114.6344882295,95.5344419177,112.2516320747,,,,
2019-07-03 00:00:00+00:00,138.809403198,44.4198600348,69.0549580452,249.182886573,115.5482604971,96.285807624,113.3960125757,,,,
2019-07-05 00:00:00+00:00,138.727558031,44.1289365502,68.7311850993,248.8649585681,115.9084976411,96.1321191841,112.9773367827,,,,
2019-07-08 00:00:00+00:00,137.9818576207,43.8546372648,68.7228832289,247.6204975204,114.836572481,95.7222833442,112.4191023919,,,,
2019-07-09 00:00:00+00:00,138.2273931217,43.6883952737,68.6315626544,247.929341868,114.6608470449,95.6625156176,112.7726508394,,,,
2019-07-10 00:00:00+00:00,138.7912153831,43.8878856631,68.6896757473,249.0829663429,114.5554117832,95.8247423042,113.3587969497,,,,
2019-07-11 00:00:00+00:00,138.9821874394,43.9128219617,68.4655252463,249.5825674934,114.1776020957,96.0894279508,113.5727867995,,,,
2019-07-12 00:00:00+00:00,139.6915122198,43.94607036,68.5236383391,250.8088612266,115.2231684404,96.516340284,113.9542469665,,,,
2019-07-15 00:00:00+00:00,139.6005731454,44.020879256,68.623260784,250.8724468276,114.6872058603,96.413881324,114.1961485358,,,,
2019-07-16 00:00:00+00:00,139.2459107552,43.8795735635,68.5319402095,250.0549176721,114.7838548501,96.1918869107,113.6937375841,,,,
2019-07-17 00:00:00+00:00,138.3274261035,43.7964525679,68.7394869697,248.3653574176,113.8085786799,95.423444711,113.2285422585,,,,
2019-07-18 00:00:00+00:00,138.8366849203,43.9377582604,68.8640150258,249.2737231458,114.1336707366,95.8845100309,113.9263352469,,,,
2019-07-19 00:00:00+00:00,138.0455149728,43.7964525679,68.7892981922,247.9384255253,113.667998331,95.449059451,112.9959445957,,,,
2019-07-22 00:00:00+00:00,138.3728956407,43.8629493644,68.8640150258,248.537946906,113.4922728949,95.4063682177,113.5355711734,,,,
2019-07-23 00:00:00+00:00,139.3004741998,44.0541276542,68.805901933,250.2456744751,114.7047784039,96.1491956774,113.7774727427,,,,
2019-07-24 00:00:00+00:00,140.1553014994,44.0541276542,68.8723168962,251.3992989499,116.4532464929,96.5334167773,114.1217172837,,,,
2019-07-25 00:00:00+00:00,139.4096010891,43.6468347759,68.7976000626,250.1730052168,115.2319547122,96.1406574308,113.7123453972,,,,
2019-07-26 00:00:00+00:00,140.4190248152,43.7632041697,68.7976000626,251.9624857014,116.136940708,96.6273374906,114.4752657312,,,,
2019-07-29 00:00:00+00:00,140.0825502399,43.7798283688,68.8391094146,251.5083028373,115.7239859332,96.6102609972,114.2984915075,,,,
2019-07-30 00:00:00+00:00,139.9461416282,43.3060386941,68.8225056738,250.8996977994,116.5762542982,96.465110804,114.0658938446,,,,
2019-07-31 00:00:00+00:00,138.4183651779,42.9735547118,68.9055243779,248.05651307,115.5570467689,95.4917506843,112.3260633268,,,,
2019-08-01 00:00:00+00:00,137.1361242286,42.6576949286,69.3981681602,245.9763555523,113.3253337306,94.4330080981,112.1585930096,,,,
2019-08-02 00:00:00+00:00,136.0266675206,42.3418351454,69.4647371465,244.1777914104,112.1391870371,93.9207132983,110.9956046955,,,,
2019-08-05 00:00:00+00:00,131.9889726163,41.1864533069,69.7642975846,236.9744511854,108.9058390131,91.3848540392,107.5810710053,,,,
2019-08-06 00:00:00+00:00,133.7077211229,41.5355614883,69.9390411735,240.0265600323,109.8635426398,92.4350583788,109.5255874665,,,,
2019-08-07 00:00:00+00:00,133.8532236419,41.7184276786,69.9390411735,240.1900658634,109.854756368,92.2386787055,109.8512241944,,,,
2019-08-08 00:00:00+00:00,136.3995177258,42.2005294529,69.9972890364,244.8772330211,112.1128282217,93.698718885,112.1399851965,,,,
2019-08-09 00:00:00+00:00,135.4264696294,41.8763575702,69.8724721872,243.169505452,110.6806659176,93.1778858385,111.786436749,,,,
2019-08-12 00:00:00+00:00,133.7531906601,41.4690646919,70.1803537486,240.3172370653,109.0639919056,92.0422990323,110.4094585852,,,,
2019-08-13 00:00:00+00:00,135.6629112229,41.9262301675,70.072179146,244.0415365511,110.0744131631,93.1437328519,112.0469461314,,,,
2019-08-14 00:00:00+00:00,131.7434371154,40.7459120304,70.3218128444,236.6928578096,106.8234925955,90.4627233995,108.9673530757,,,,
2019-08-15 00:00:00+00:00,131.9889726163,40.8955298224,70.6629788989,237.4377177068,106.4984005388,90.5310293729,109.4325484014,,,,
2019-08-16 00:00:00+00:00,133.9896322536,41.410879995,70.5880887894,240.916758446,108.6246783154,91.845919359,110.9490851629,,,,
2019-08-19 00:00:00+00:00,135.581066056,41.6103703843,70.3634184608,243.87803072,109.7932524654,92.810741232,112.0097305053,,,,
2019-08-20 00:00:00+00:00,134.5443606076,41.5272493888,70.546483173,241.9886300053,108.8443351105,91.8886105923,111.4142804885,,,,
2019-08-21 00:00:00+00:00,135.6810990378,41.843109172,70.5131986798,243.9506999783,109.6087407575,92.4606731188,112.4377102049,,,,
2019-08-22 00:00:00+00:00,135.5628782411,41.6851792804,70.3800607074,243.8598634055,109.6878172037,92.5289790921,112.3167594203,,,,
2019-08-23 00:00:00+00:00,132.1435690428,41.1199565105,70.6380155291,237.6012235378,106.7092710621,90.3431879463,109.4511562144,,,,
2019-08-26 00:00:00+00:00,133.4803734368,41.4358162936,70.5964099127,240.2354841498,107.6142570579,91.1970126126,110.8653500043,,,,
2019-08-27 00:00:00+00:00,132.8619877307,41.3942557959,70.8377224878,239.2907837924,106.1469496666,90.6334883328,110.9583890694,,,,
2019-08-28 00:00:00+00:00,133.8077541047,41.4773767914,70.8626858576,240.9530930751,107.2452336421,91.4531600125,111.4701039276,,,,
2019-08-29 00:00:00+00:00,135.581066056,41.8181728733,70.8210802412,244.0869548375,109.090350721,92.4179818855,112.7912586524,,,,
2019-08-30 00:00:00+00:00,135.5355965188,42.0425995613,70.8127591179,243.9870346074,109.2748624289,92.6570527921,112.6237883352,,,,
2019-09-03 00:00:00+00:00,134.6534874969,41.8763575702,70.8778286378,242.6335696723,107.9920667455,92.3155229255,112.0283383184,,,,
2019-09-04 00:00:00+00:00,136.0903248727,42.5080771365,71.011261425,245.2314956551,109.1694271673,93.2120388252,113.3681008562,,,,
2019-09-05 00:00:00+00:00,137.9091063612,42.8322490193,70.6443212602,248.474361305,111.155124595,94.2707814115,114.4659618247,,,,
2019-09-06 00:00:00+00:00,137.9363880835,42.9652426122,70.7277167522,248.6560344506,110.9530403435,94.4415463447,114.4287461986,,,,
2019-09-09 00:00:00+00:00,138.0182332505,43.0151152096,70.4024743335,248.7196200516,112.6575770735,95.1416825711,112.5307492701,,,,
2019-09-10 00:00:00+00:00,138.1546418621,43.0899241056,70.0438737179,248.7741219953,113.9491590287,95.6625156176,110.8653500043,,,,
2019-09-11 00:00:00+00:00,139.2822863849,43.3309749927,70.0021759719,250.5636024799,115.688840846,96.388266584,111.349153143,,,,
2019-09-12 00:00:00+00:00,139.7006061273,43.5803379795,69.8687431848,251.2993787198,115.5131154099,96.5078020373,112.3818867659,,,,
2019-09-13 00:00:00+00:00,139.5641975157,43.8297009662,69.4684448232,251.2357931189,115.6712683024,96.6187992439,111.7399172165,,,,
2019-09-16 00:00:00+00:00,139.2822863849,43.4805927848,69.6519149056,250.4091803061,115.8802937086,96.3605172823,111.2282023583,,,,
2019-09-17 00:00:00+00:00,139.620305839,43.6135863777,69.8103663404,251.0904546023,115.3864731129,96.3605172823,112.2237203551,,,,
2019-09-18 00:00:00+00:00,139.6020345171,43.5304653821,69.8604036356,251.2448767761,115.033744116,96.3862821265,112.3632789528,,,,
2019-09-19 00:00:00+00:00,139.5106779079,43.5969621786,69.9604782259,251.1903748324,114.6192875447,96.2918110312,112.4842297375,,,,
2019-09-20 00:00:00+00:00,138.8985886263,43.5554016808,70.2106647019,249.8459935546,114.2489220979,96.1286336846,112.0562500379,,,,
2019-09-23 00:00:00+00:00,138.9716739137,43.5055290834,70.2607019971,250.018583043,114.4164683714,96.1629868102,112.13068129,,,,
2019-09-24 00:00:00+00:00,137.683545724,43.2731227798,70.5025489238,247.9475091826,113.1290075327,95.5274539868,111.3719644609,,,,
2019-09-25 00:00:00+00:00,138.5514335114,43.2396814175,70.1689669559,249.4644799488,114.5663781951,95.8795735241,111.6147269589,,,,
2019-09-26 00:00:00+00:00,138.131193109,43.2814831204,70.2857206447,248.9752341675,113.8256473016,95.6133368007,111.8388154186,,,,
2019-09-27 00:00:00+00:00,137.3089836262,43.0223125628,70.3607765875,247.5788042827,113.2348262318,95.5789836752,110.6716880244,,,,
2019-09-30 00:00:00+00:00,137.9484798906,43.1895193741,70.4108138827,248.801821306,113.6228281284,95.86239696129999,111.3439534035,,,,
2019-10-01 00:00:00+00:00,136.1487546894,42.7965833674,70.4789113056,245.8081676968,111.5505452716,94.4796836562,110.1488149519,,,,
2019-10-02 00:00:00+00:00,133.9379247468,42.127756122,70.637704062,241.472846159,109.9720830104,92.8049687837,108.1880409297,,,,
2019-10-03 00:00:00+00:00,135.0250683963,42.4538094042,70.8717144399,243.3895146283,110.2719026578,93.3202656676,109.3738423621,,,,
2019-10-04 00:00:00+00:00,136.7882509538,42.7380609835,70.9887196288,246.7665019314,111.391817223,94.5913313144,111.1478760013,,,,
2019-10-07 00:00:00+00:00,136.2492469595,42.5959351938,70.8048543319,245.7077707769,110.8891784024,94.1619172445,110.5503067754,,,,
2019-10-08 00:00:00+00:00,134.0475526778,42.2364405494,70.8382843859,241.8926878237,109.1167151929,92.6675562813,108.5148366,,,,
2019-10-09 00:00:00+00:00,135.280866902,42.5708541721,70.7547092509,244.1470550233,109.6281722384,93.3717953559,109.72864909,,,,
2019-10-10 00:00:00+00:00,136.1487546894,42.8885471137,70.5374139001,245.8081676968,110.2630844329,94.0073281794,110.1208038944,,,,
2019-10-11 00:00:00+00:00,137.6104604366,43.5740950403,70.2783309817,248.3728526486,112.1942756909,94.9262742889,110.9984836948,,,,
2019-10-14 00:00:00+00:00,137.4825611837,43.3985278883,70.3953361706,248.1446778308,111.8062737943,94.8403914749,110.8024062926,,,,
2019-10-15 00:00:00+00:00,138.8346389999,43.849986279,70.2114708737,250.5450769139,112.8291878854,95.7249844589,111.3906384992,,,,
2019-10-16 00:00:00+00:00,138.5788404941,43.9419500252,70.2866884952,250.1526162273,112.8027332106,95.6305133635,110.7557211968,,,,
2019-10-17 00:00:00+00:00,139.0356235401,44.0589947932,70.2866884952,250.8280136879,113.7991926268,95.965456338,111.0451687906,,,,
2019-10-18 00:00:00+00:00,138.478348224,43.9753913875,70.3201185492,249.7966635115,113.7110103776,95.9053383683,110.4195885073,,,,
2019-10-21 00:00:00+00:00,139.3827786551,44.2429222857,70.1529682793,251.5399191194,114.6545604443,96.5322829103,110.9704726373,,,,
2019-10-22 00:00:00+00:00,138.9625382528,44.2011205829,70.2783309817,250.6546008264,114.9014707422,96.850049322,109.6259418793,,,,
2019-10-23 00:00:00+00:00,139.2457437413,44.3599670536,70.3117610357,251.393887236,115.3247455385,97.0905212011,109.5699197643,,,,
2019-10-24 00:00:00+00:00,139.6294414999,44.4352101188,70.3201185492,251.804601908,114.9808347665,96.8156961964,110.8117433117,,,,
2019-10-25 00:00:00+00:00,140.186716816,44.527173865,70.2031133603,252.8542060698,115.5452011615,97.2021688593,111.129201963,,,,
2019-10-28 00:00:00+00:00,141.0363332816,44.7194616981,70.0526781173,254.3236518963,116.2506591553,97.5886415222,111.6520750355,,,,
2019-10-29 00:00:00+00:00,141.0089262988,44.644218633,70.0693931443,254.1593660275,116.7532979759,97.8892313711,111.7267711888,,,,
2019-10-30 00:00:00+00:00,141.3469457528,44.8114254443,70.2950460087,255.0538113132,116.4358418787,98.0781735619,112.529754836,,,,
2019-10-31 00:00:00+00:00,140.8536200632,44.6692996547,70.6293465485,254.2323819692,115.606928736,97.6831126176,112.0629038783,,,,
2019-11-01 00:00:00+00:00,142.361004115,45.1040373642,70.5669201015,256.6510350376,117.3088461461,98.6707649783,112.4924067593,,,,
2019-11-04 00:00:00+00:00,142.8817367874,45.3632079218,70.365898608,257.6732582213,118.4287607112,99.2118267064,111.8388154186,,,,
2019-11-05 00:00:00+00:00,142.7538375345,45.4384509869,70.1229976367,257.3446864837,118.5257611854,99.3148860832,111.1665500396,,,,
2019-11-06 00:00:00+00:00,142.6898879081,45.3632079218,70.2737637568,257.4815913743,118.111304614,99.4437103041,111.5680418632,,,,
2019-11-07 00:00:00+00:00,143.1740779368,45.5387750737,69.9136002477,258.3942906454,118.1994868632,99.8988892182,111.6987601313,,,,
2019-11-08 00:00:00+00:00,143.5760470173,45.4300906463,69.8465930832,259.0240531425,118.4023060365,100.2252439113,112.4550586827,,,,
2019-11-11 00:00:00+00:00,143.2928415288,45.2796045161,69.888472561,258.5220685434,118.1289410639,99.8645360926,112.529754836,,,,
2019-11-12 00:00:00+00:00,143.5395043736,45.2294424727,69.9303520388,259.0331801352,117.9437583405,99.873124374,112.8845615638,,,,
2019-11-13 00:00:00+00:00,143.6034540001,45.0622356614,70.0559904722,259.1427040478,117.4940288694,99.7958298414,113.752904345,,,,
2019-11-14 00:00:00+00:00,143.7496245748,45.0120736179,70.2570119657,259.4895297708,117.7850302919,99.7185353088,113.6408601152,,,,
2019-11-15 00:00:00+00:00,144.8459038852,45.3130458784,70.231884279,261.4244522255,118.2788508876,100.4657157905,114.117048092,,,,
2019-11-18 00:00:00+00:00,144.9281248335,45.3381269001,70.3323950258,261.5887380943,117.9790312402,100.4914806346,114.3317995325,,,,
2019-11-19 00:00:00+00:00,144.9738031381,45.3046855378,70.4077780858,261.4609601964,117.9084854408,100.3283032881,115.0507500074,,,,
2019-11-20 00:00:00+00:00,144.5170200921,45.0705960019,70.6004236837,260.5391339326,117.3088461461,99.9933603136,114.723954337,,,,
2019-11-21 00:00:00+00:00,144.1515936553,44.9869925962,70.4831611458,260.1375462533,116.6474792769,100.0878314089,113.9769928047,,,,
2019-11-22 00:00:00+00:00,144.4713417875,45.0789563425,70.5250406237,260.7125467941,117.0354811735,100.4485392277,114.0703629963,,,,
2019-11-25 00:00:00+00:00,145.8416909254,45.4133699652,70.5920477881,262.6931042124,118.5786705349,101.0153657999,114.8640096243,,,,
2019-11-26 00:00:00+00:00,146.1523033967,45.4133699652,70.709310326,263.2224697896,118.7197621337,101.1270134581,115.760363463,,,,
2019-11-27 00:00:00+00:00,146.8466136266,45.513694052,70.6004236837,264.4637407984,119.4075836777,101.3503087744,116.1805293249,,,,
2019-11-29 00:00:00+00:00,146.1888460404,45.1123977048,70.6004236837,263.4506446074,118.4728518359,101.0411306441,115.7510264439,,,,
2019-12-02 00:00:00+00:00,144.864175207,44.9284702123,70.416136392,261.3058013203,117.6703933679,100.4828923532,114.3971586666,,,,
2019-12-03 00:00:00+00:00,144.0054230805,44.777984082,70.7938603326,259.4712757854,116.7709344258,99.6412407763,114.481191839,,,,
2019-12-04 00:00:00+00:00,144.9372604944,45.1625597482,70.6511646217,261.1323884588,117.6439386931,100.3712446951,115.0134019307,,,,
2019-12-05 00:00:00+00:00,145.1473806955,45.1625597482,70.5756198336,261.6161190725,117.7056662676,100.5773634486,115.2188163521,,,,
2019-12-06 00:00:00+00:00,146.4355088852,45.5471354143,70.4832873148,263.9435022138,118.9225813069,101.4190150256,115.4989269267,,,,
2019-12-09 00:00:00+00:00,145.9695901783,45.3130458784,70.5000750454,263.1403268552,118.7814897081,101.1699548651,115.1347831797,,,,
2019-12-10 00:00:00+00:00,145.8416909254,45.3966492841,70.4497118534,262.893898052,118.7638532583,101.0754837697,114.9480427967,,,,
2019-12-11 00:00:00+00:00,146.1888460404,45.6976215445,70.6847400831,263.5784225054,118.8784901823,101.3073673674,115.2188163521,,,,
2019-12-12 00:00:00+00:00,147.3856176209,46.1490799352,70.3489854692,265.896678654,120.0689505469,102.4496087933,115.3215235628,,,,
2019-12-13 00:00:00+00:00,147.3856176209,46.3413677683,70.6679523524,265.9970755738,119.4075836777,102.140430663,115.8257225971,,,,
2019-12-16 00:00:00+00:00,148.4636256095,46.7844658184,70.4748934494,267.8772360723,120.1835874708,102.8618463004,116.4462450171,,,,
2019-12-17 00:00:00+00:00,148.518439575,46.7259434344,70.4832873148,267.9319980286,120.7832267656,102.9563173958,116.2306211836,,,,
2019-12-18 00:00:00+00:00,148.5823892014,46.7593847967,70.3909547959,267.950252014,121.1183193126,102.8790228632,116.1837464372,,,,
2019-12-19 00:00:00+00:00,149.2310211267,46.734303775,70.441317988,269.0637451248,121.3916842852,103.0937298982,116.8962425826,,,,
2019-12-20 00:00:00+00:00,149.998416644,46.7510244561,70.4581057187,270.4327940315,121.8237773065,103.7034978774,117.7493629671,,,,
2019-12-23 00:00:00+00:00,150.0897732532,46.8246790565,70.4138566182,270.6965641208,121.7091403825,103.7206744402,117.2899904524,,,,
2019-12-24 00:00:00+00:00,150.1226616325,46.833134217,70.4811577953,270.6965641208,121.6703401928,103.6768742051,117.477489438,,,,
2019-12-26 00:00:00+00:00,150.8482912378,47.0360580699,70.5484589725,272.0814123788,121.9101984861,103.9278239882,117.8618623585,,,,
2019-12-27 00:00:00+00:00,150.7105134647,47.2643474044,70.6494107383,272.0814123788,121.5637365069,103.9278239882,118.0399863948,,,,
2019-12-30 00:00:00+00:00,149.8930320106,46.900775501300004,70.6241727968,270.5865099546,121.474900102,103.4518847443,117.4587395394,,,,
2019-12-31 00:00:00+00:00,150.2879949603,47.0867890332,70.5484589725,271.2835196739,121.7680602382,103.7114879682,117.71186317,,,,
2020-01-02 00:00:00+00:00,151.5371801036,47.6110089865,70.6409980911,273.6863689691,121.5992710689,104.2220409754,118.1056110398,,,,
2020-01-03 00:00:00+00:00,150.5727356915,47.0276029094,70.8933775055,271.6870516166,121.1639726847,103.3913106587,118.0868611412,,,,
2020-01-06 00:00:00+00:00,151.0871060446,47.0952441937,70.809251034,272.7050526539,121.0484853583,103.5211122707,118.2181104312,,,,
2020-01-07 00:00:00+00:00,150.7288838344,47.0106925883,70.750362504,271.9530158515,120.5776524122,103.123053994,117.9274870034,,,,
2020-01-08 00:00:00+00:00,151.4728838095,47.0952441937,70.6409980911,273.3562064705,120.7642088625,103.3653503363,118.5556086053,,,,
2020-01-09 00:00:00+00:00,152.4189578518,47.3066232071,70.7251245626,275.2454696569,120.8619289079,103.8412895802,119.5868530262,,,,
2020-01-10 00:00:00+00:00,151.9780689777,47.2474370834,70.8429016226,274.4567481325,120.5065832882,103.4951519483,119.5868530262,,,,
2020-01-13 00:00:00+00:00,153.0159948688,47.6025538259,70.8008383869,276.2726418747,121.5282019449,103.9278239882,120.7024719906,,,,
2020-01-14 00:00:00+00:00,152.9333282049,47.6110089865,70.9017901527,275.9057946541,121.7858275192,104.066279041,120.4680982586,,,,
2020-01-15 00:00:00+00:00,153.3099207849,47.4841815784,71.0111545656,276.5202637487,122.105638577,104.2306944161,121.4899677302,,,,
2020-01-16 00:00:00+00:00,154.6234022223,47.7378363945,70.9690913298,278.8314012388,123.5181374154,104.9143162392,122.4555875061,,,,
2020-01-17 00:00:00+00:00,155.0091799872,47.8900292842,70.9606786827,279.776032832,123.2160936386,105.0268109696,123.1680836514,,,,
2020-01-21 00:00:00+00:00,154.6785133316,47.3658093309,71.1373442728,279.1982484595,122.2477768249,104.6200992521,123.8055802025,,,,
2020-01-22 00:00:00+00:00,154.7703651804,47.5349125416,71.1962328028,279.2716179036,122.1767077009,104.7325939825,124.0962036302,,,,
2020-01-23 00:00:00+00:00,154.944883693,47.3488990098,71.32242251,279.5467533191,122.4609841967,104.6720198969,124.3305773622,,,,
2020-01-24 00:00:00+00:00,153.4752541127,47.0783338726,71.4317869229,276.9971651355,121.0396017178,103.6682207643,123.7774553547,,,,
2020-01-27 00:00:00+00:00,151.1697727085,46.046804287,71.667341043,272.5949984877,119.3161754621,102.2230961509,122.6805862888,,,,
2020-01-28 00:00:00+00:00,152.630217104,46.3934658691,71.5411513358,275.548118614,120.3466777593,102.9586386188,123.7587054561,,,,
2020-01-29 00:00:00+00:00,152.5291800703,46.4188313507,71.7430548673,275.2729831985,119.7958920488,102.5000062565,123.3743325356,,,,
2020-01-30 00:00:00+00:00,152.8965874654,46.2497281399,71.7598801616,276.135074167,119.9291466562,102.949985178,124.2462028187,,,,
2020-01-31 00:00:00+00:00,150.1961431115,45.4887636916,71.9449583989,271.1826366882,117.6638183304,101.1154557287,122.118089332,,,,
2020-02-03 00:00:00+00:00,151.5188097338,45.5733152969,71.879762066,273.1544404992,118.6676697062,101.4789002423,123.2805830428,,,,
2020-02-04 00:00:00+00:00,153.9069578019,46.376555548,71.6605650435,277.3640123562,119.9291466562,102.6817285132,124.8086997756,,,,
2020-02-05 00:00:00+00:00,155.4225133066,46.7993135749,71.5425358776,280.5005560928,121.9812676101,104.4383769953,124.7290127067,,,,
2020-02-06 00:00:00+00:00,155.8542169959,46.9092306619,71.6099811152,281.4543588665,121.4926673829,104.4989510809,125.3524468339,,,,
2020-02-07 00:00:00+00:00,154.9632540628,46.4441968323,71.8291781377,280.0236547059,120.2045395115,103.8845567842,124.8743244205,,,,
2020-02-10 00:00:00+00:00,156.1022169876,46.5372035982,71.938776649,282.032143239,120.6309542551,104.2306944161,126.1493175227,,,,
2020-02-11 00:00:00+00:00,156.5339206768,46.8754100197,71.820747483,282.5457293479,121.6081547094,104.6547130153,126.2524419648,,,,
2020-02-12 00:00:00+00:00,157.5167354586,47.2136164412,71.7364409359,284.3616230902,122.3454968703,105.0700781736,126.5805651896,,,,
2020-02-13 00:00:00+00:00,157.4524391645,46.8500445381,71.8038861736,284.0864876747,122.4165659942,104.793168068,127.4524354728,,,,
2020-02-14 00:00:00+00:00,157.7096243411,46.8246790565,71.879762066,284.5633890615,122.1855913414,104.6374061337,128.3149308066,,,,
2020-02-18 00:00:00+00:00,157.342216946,46.5372035982,71.9893605772,283.7838387176,121.6792238333,104.1008928042,128.2118063645,,,,
2020-02-19 00:00:00+00:00,158.1413280303,46.7570377722,71.9809299225,285.1503446146,121.9013148456,104.4210701137,128.5118047415,,,,
2020-02-20 00:00:00+00:00,157.6636984167,46.376555548,72.1579736715,284.0314605916,122.4076823537,104.3172288241,127.9774326325,,,,
2020-02-21 00:00:00+00:00,156.0471058783,46.1313558924,72.3350174204,281.0875116458,121.2350418086,103.8672499026,126.8149389217,,,,
2020-02-24 00:00:00+00:00,150.912587532,44.4234134639,72.5626450976,271.6870516166,117.8059565783,100.6914371296,123.6649559633,,,,
2020-02-25 00:00:00+00:00,146.3016247236,43.8146419052,72.6216596806,263.524700957,113.6217619061,97.5242777974,120.2337245265,,,,
2020-02-26 00:00:00+00:00,145.4933284544,43.8991935105,72.579506407,262.3599610314,111.7473137621,96.68489404,119.5306033305,,,,
2020-02-27 00:00:00+00:00,139.1188101497,42.647829751,72.6638129541,250.7309041367,107.3410280775,92.6004699832,114.2806317332,,,,
2020-02-28 00:00:00+00:00,138.1819212922,42.4871817008,73.1443602726,249.2176593515,105.6886709458,91.2938004226,113.3431368051,,,,
2020-03-02 00:00:00+00:00,143.9042914707,42.9522155303,73.0960947744,260.3423013178,109.0822216142,95.1965022227,118.8087322358,,,,
2020-03-03 00:00:00+00:00,140.1934767803,42.5632781456,73.5353640369,253.1612669735,106.5148495117,92.5485493384,116.5024947128,,,,
2020-03-04 00:00:00+00:00,145.7964395554,43.6624490155,73.5184690653,263.6530974842,109.90840018,96.6329733952,121.8368408536,,,,
2020-03-05 00:00:00+00:00,140.9374767553,42.6140091088,73.7972360972,254.821250647,105.4132780905,93.4398537406,118.4431092139,,,,
2020-03-06 00:00:00+00:00,138.3196990653,41.9798720685,74.3040852463,250.5474805264,103.4055753391,91.8735809561,116.811868039,,,,
2020-03-09 00:00:00+00:00,127.2148105488,38.6654491378,74.1435830157,231.2146319979,93.4558979869,84.5527700407,108.8431611503,,,,
2020-03-10 00:00:00+00:00,133.5250325595,40.162012553,73.1467796893,243.0252782668,96.9559635047,88.2391358208,113.5306357907,,,,
2020-03-11 00:00:00+00:00,126.7647364899,38.1665946661,71.7613920153,230.9758084222,90.4916381837,83.7739603688,107.8681664251,,,,
2020-03-12 00:00:00+00:00,114.4382183847,34.0658418055,67.8586535679,208.6363861183,80.2467970887,75.3628159128,98.2025937166,,,,
2020-03-13 00:00:00+00:00,124.8542180354,36.230362903,70.7223512599,228.1292593533,86.9786117334,82.2509547883,106.0681761632,,,,
2020-03-16 00:00:00+00:00,110.6447370304,32.1972513267,71.4657300117,201.3495889875,75.3695750879,73.1388816277,92.9526221193,,,,
2020-03-17 00:00:00+00:00,116.1925886962,33.8629179526,69.9874199938,214.53215118,77.839393176,78.0540360011,99.4307120724,,,,
2020-03-18 00:00:00+00:00,109.4965889208,31.5631142864,68.2979228304,202.8051059871,69.7522992917,73.5369399044,94.077616033,,,,
2020-03-19 00:00:00+00:00,110.30488519,31.9182310289,68.2556854013,202.9801365123,73.1672463233,72.7148630286,93.4494944312,,,,
2020-03-20 00:00:00+00:00,105.8041446002,31.808313942,69.4129909582,194.1364889199,69.8147134672,69.2707935908,87.9463992034,,,,
2020-03-23 00:00:00+00:00,102.7914039604,31.1621705737,70.9504333769,188.1762389279,67.5856357703,66.4238115681,84.7120417015,,,,
2020-03-24 00:00:00+00:00,112.5460703,33.7738572503,71.0264607493,206.1214738342,74.2550362394,72.9225456077,93.7307429096,,,,
2020-03-25 00:00:00+00:00,114.0983665442,34.9949055667,71.9810266466,208.7653559791,76.9745110296,74.2638289315,95.8921224664,,,,
2020-03-26 00:00:00+00:00,120.9905618687,36.3685849226,72.3104785934,221.3122810008,81.5574947745,78.9717333978,102.2196466512,,,,
2020-03-27 00:00:00+00:00,117.1331860117,35.1136185974,72.699062941,214.5137269141,78.8469362951,76.8861815434,100.2234634262,,,,
2020-03-30 00:00:00+00:00,120.6860321958,35.7665402666,72.7750903134,221.4504629945,80.2289644671,79.2422443078,103.4154733944,,,,
2020-03-31 00:00:00+00:00,118.9603640492,35.5799912183,72.099291448,218.161731546,79.1768397942,77.7151665901,100.2611272607,,,,
2020-04-01 00:00:00+00:00,113.4696017647,34.2232708668,72.4713710978,208.3323857323,74.1747894423,74.3730479281,95.374244743,,,,
2020-04-02 00:00:00+00:00,115.8320137728,35.0118645711,72.8100223646,213.2056040411,74.8256801298,76.3015289315,96.8996300375,,,,
2020-04-03 00:00:00+00:00,113.8571849848,34.2826273821,72.7761572379,210.0550545863,72.3647783524,75.1409498661,95.1765096122,,,,
2020-04-06 00:00:00+00:00,121.8210973403,36.0378843369,73.004746843,224.3430727278,78.303041337,79.6261952768,101.984247686,,,,
2020-04-07 00:00:00+00:00,121.9595199189,36.2837899006,73.0724770964,224.4628304556,79.4086638747,79.9228846619,101.2027231215,,,,
2020-04-08 00:00:00+00:00,126.2413916836,36.6399289929,73.2587352932,232.0812643712,83.4120874183,83.1602894233,104.0651745384,,,,
2020-04-09 00:00:00+00:00,128.6038036917,37.2250146445,74.0630320518,235.5266020791,87.1926031923,84.9666042093,104.8937788959,,,,
2020-04-13 00:00:00+00:00,127.0719271552,37.0893426093,73.8259761651,233.2419931177,84.3839652942,83.3609910662,105.3269129919,,,,
2020-04-14 00:00:00+00:00,130.9293030122,37.7422642785,73.8259761651,240.3629718562,85.5430856966,85.2894720696,109.4322709451,,,,
2020-04-15 00:00:00+00:00,127.8563217673,36.6823265039,74.1900262769,235.130480364,81.5842437069,82.9159569885,108.0292931125,,,,
2020-04-16 00:00:00+00:00,128.4561529412,36.6908060061,74.2323576852,236.3188455092,80.8085246683,82.7850646127,109.771245455,,,,
2020-04-17 00:00:00+00:00,132.0920526724,37.6489897543,74.1307623052,242.8410356087,84.642538307,85.682149197,111.5696935492,,,,
2020-04-20 00:00:00+00:00,129.9511167901,37.1063016137,74.0122343618,238.465272477,82.5472052719,84.0154529452,110.3738668059,,,,
2020-04-21 00:00:00+00:00,125.9184056669,36.3092284072,74.1053634602,231.1784753461,80.6747800065,81.685568656,106.2402609769,,,,
2020-04-22 00:00:00+00:00,128.7606826141,37.0469450983,74.0460994885,236.2635727118,81.1651770998,82.9246831469,109.074464518,,,,
2020-04-23 00:00:00+00:00,128.7791389579,36.9621500764,74.1646274319,236.2175120473,82.0478918678,83.0730278395,108.7825698011,,,,
2020-04-24 00:00:00+00:00,130.6985987145,37.2674121555,74.1392285869,239.6444254893,83.2872590673,84.0939883707,110.3644508473,,,,
2020-04-27 00:00:00+00:00,133.0148698631,37.7931412917,73.8767738551,243.108187463,86.82703445,85.8304938896,111.76742867990001,,,,
2020-04-28 00:00:00+00:00,132.5996021273,38.064485362,74.0968971785,241.9843072482,88.6013802967,86.223171017,110.3738668059,,,,
2020-04-29 00:00:00+00:00,136.3554680933,39.0650666212,74.1476948685,248.2209212274,92.702883259,87.8898672688,113.0574150093,,,,
2020-04-30 00:00:00+00:00,134.5836590872,38.2849524191,74.0884308968,246.0560699938,89.555425551,86.0050170573,111.9934116865,,,,
2020-05-01 00:00:00+00:00,130.8647058088,37.3606866796,74.0578252886,239.3496372362,86.0156501683,83.6751327681,109.2533677315,,,,
2020-05-04 00:00:00+00:00,131.3630270918,37.420043195,74.1341735621,240.1050321348,85.9086544389,83.3958956998,110.7222572744,,,,
2020-05-05 00:00:00+00:00,132.5811457835,37.5557152302,74.0663084301,242.3159440329,86.1315622085,83.8671082526,112.4736255756,,,,
2020-05-06 00:00:00+00:00,131.8521202029,37.4030841906,73.7354659116,240.685396508,84.5444588883,82.6279937617,112.4453776997,,,,
2020-05-07 00:00:00+00:00,133.5777883494,37.8609773092,73.9729938736,243.5319455768,86.0513154115,83.2475510072,113.25515014,,,,
2020-05-08 00:00:00+00:00,136.087851108,38.4884604718,73.7609153361,247.6037083225,89.555425551,85.1585796938,114.5451364694,,,,
2020-05-11 00:00:00+00:00,136.1063074518,38.454542463,73.5318705157,247.6405568542,88.0218200955,84.6175578739,116.1364334742,,,,
2020-05-12 00:00:00+00:00,133.2086614731,38.064485362,73.7693984776,242.6567929505,84.473128402,82.8548738798,114.0931704562,,,,
2020-05-13 00:00:00+00:00,130.5324916202,37.7846617895,73.8542298926,238.3547268821,81.1027629243,81.0747375689,112.9820873404,,,,
2020-05-14 00:00:00+00:00,131.93517375,37.6235512477,74.0578252886,241.2289123496,82.1994691512,82.3051259014,113.9425151184,,,,
2020-05-15 00:00:00+00:00,132.728796534,37.4963587148,74.1002409961,242.3159440329,82.7076988661,82.2876735847,115.3078291166,,,,
2020-05-18 00:00:00+00:00,137.1306345335,38.9548330926,73.9645107321,249.7224988915,88.5211334996,85.4901737125,116.428328191,,,,
2020-05-19 00:00:00+00:00,135.6725833722,38.5562964894,74.0578252886,247.3641928669,86.9340301794,84.0416314204,115.8916185503,,,,
2020-05-20 00:00:00+00:00,138.1826461308,39.2092181586,74.2529375431,251.3991070809,89.3146851597,85.3941859703,117.0309495419,,,,
2020-05-21 00:00:00+00:00,137.3521106592,38.8191610575,74.3292858166,249.5935290308,89.724835456,84.7920810416,115.948114302,,,,
2020-05-22 00:00:00+00:00,137.7396938793,38.539337485,74.3547352411,250.1554691383,89.9388269149,84.7920810416,116.4942399013,,,,
2020-05-26 00:00:00+00:00,139.6591536359,39.6077547618,74.3123195336,253.3705035234,93.755007932,86.9038113711,115.6185557507,,,,
2020-05-27 00:00:00+00:00,141.8646867216,39.9723733563,74.3462520996,257.0645688199,96.9916287479,88.9195539584,116.4565760668,,,,
2020-05-28 00:00:00+00:00,141.3755936106,40.1504429024,74.3717015241,256.5579015099,94.9319609559,88.4919721975,116.7390548251,,,,
2020-05-29 00:00:00+00:00,141.8462303778,40.2013199156,74.5837800616,257.7094181235,93.8530873506,88.4832460391,118.5657507951,,,,
2020-06-01 00:00:00+00:00,142.8059602561,41.0662291397,74.5233291952,258.8332983383,95.1370361041,88.7013999987,119.2060359805,,,,
2020-06-02 00:00:00+00:00,143.8856563692,41.6767532979,74.5828254663,260.9613010403,96.1356629123,89.5827419958,119.3284434424,,,,
2020-06-03 00:00:00+00:00,146.1281021425,42.5755805307,74.4128361205,264.4066387482,99.6932709165,91.371604465,119.1777881046,,,,
2020-06-04 00:00:00+00:00,145.6666935472,42.2787979538,74.2343473074,263.7341530458,100.6740651032,91.7817339092,117.8313060236,,,,
2020-06-05 00:00:00+00:00,149.4041031694,43.1013096669,74.2258478401,270.4774343351,104.5348276742,94.4606645338,119.1872040632,,,,
2020-06-08 00:00:00+00:00,151.4343009889,43.6016002966,74.3023430457,273.7569536506,107.4058797478,96.1273607857,120.1382158827,,,,
2020-06-09 00:00:00+00:00,150.0500752029,43.1267481735,74.3533398494,271.8131936068,104.6329070929,94.37340295,120.5995978545,,,,
2020-06-10 00:00:00+00:00,148.9334664021,43.0758711603,74.6678201392,270.1181611516,100.7721445218,92.6107189559,122.3792140314,,,,
2020-06-11 00:00:00+00:00,140.148246747,40.7524875584,74.5318286625,254.5496565357,92.9079584072,86.5983958276,116.691975032,,,,
2020-06-12 00:00:00+00:00,142.0861628474,41.5410812627,74.6083238681,257.6172967944,95.2975296982,87.8462364769,117.1627729625,,,,
2020-06-15 00:00:00+00:00,143.608811212,41.5834787737,74.7613142793,259.9663906861,96.652808938,88.5443291478,118.9199010055,,,,
2020-06-16 00:00:00+00:00,146.3680346121,42.0583308967,74.6678201392,265.0514880518,98.9443008104,90.2633823499,121.1104065262,,,,
2020-06-17 00:00:00+00:00,145.6574653753,42.1685644253,74.6848190737,263.8354865078,97.1610386529,89.2860526106,121.4597543894,,,,
2020-06-18 00:00:00+00:00,145.7774316101,42.0752899011,74.7698137466,264.0750019634,96.8846330184,89.2424218187,121.4786380577,,,,
2020-06-19 00:00:00+00:00,144.9561243104,41.9056998572,74.7953121485,262.5181515019,95.8860062102,88.6054122565,122.3661704669,,,,
2020-06-22 00:00:00+00:00,145.9619950482,42.441689191,74.7698137466,264.2592446216,96.0375834936,88.5356029894,123.442539559,,,,
2020-06-23 00:00:00+00:00,146.5341417064,42.6973620175,74.7358158775,265.4568218998,96.2783238849,88.6490430484,123.6502599101,,,,
2020-06-24 00:00:00+00:00,142.5567996146,41.7769398423,74.7443153448,258.667479946,92.6850506375,86.179540225,121.2898013749,,,,
2020-06-25 00:00:00+00:00,144.2731473075,42.2030612197,74.8208105504,261.4034834199,93.9801447794,87.0908129453,122.7438438326,,,,
2020-06-26 00:00:00+00:00,140.9175266878,41.649103429,74.956802027,255.2774150355,91.606230151,85.2439917075,120.3361761266,,,,
2020-06-29 00:00:00+00:00,142.9846631469,41.9814781034,75.0077988307,258.9837324687,94.5893002312,86.5983272819,121.1764993652,,,,
2020-06-30 00:00:00+00:00,145.0981479571,41.9047762555,75.0842940364,262.437466191,95.7807366296,87.5832986088,123.6880272467,,,,
2020-07-01 00:00:00+00:00,145.9416879472,42.1178369442,75.1033277434,264.2337781001,94.5803420628,87.5481210614,125.3686737238,,,,
2020-07-02 00:00:00+00:00,146.5256771711,42.7399741552,75.2225393747,265.5671230224,94.9655433044,87.9526628563,126.3317408061,,,,
2020-07-06 00:00:00+00:00,148.8338250559,43.6944860407,75.1969940252,269.6875292057,95.7986529664,88.8145127674,128.9754543656,,,,
2020-07-07 00:00:00+00:00,147.32286881,43.0893936847,75.3162056565,266.8912086049,93.6934833903,87.741597572,128.531688161,,,,
2020-07-08 00:00:00+00:00,148.5279259386,43.6433514754,75.2736300739,268.8727073088,94.060768295,88.0142235643,130.0140561211,,,,
2020-07-09 00:00:00+00:00,147.6102285868,43.2598422357,75.4779928705,267.5023250276,91.7853935191,86.5103834134,130.8921466962,,,,
2020-07-10 00:00:00+00:00,149.1953421945,43.4814253519,75.3928417052,270.1875335516,93.9353539373,88.1109618196,131.7135862665,,,,
2020-07-13 00:00:00+00:00,147.5824195762,43.2001852428,75.4269021713,267.7430678608,93.4784873485,88.3923821987,128.9943380339,,,,
2020-07-14 00:00:00+00:00,149.5197806522,43.6859636131,75.5205684531,271.3264323393,94.7863799362,89.7291289994,130.74107735,,,,
2020-07-15 00:00:00+00:00,151.3737146962,44.0694728528,75.5290835696,273.7338606712,98.2263166053,90.8636049027,131.0148905401,,,,
2020-07-16 00:00:00+00:00,150.6970287702,43.6774411856,75.5801742688,272.9375574537,97.9217388793,91.0482870265,130.3728458185,,,,
2020-07-17 00:00:00+00:00,151.2717483238,43.9245915845,75.6568103175,273.6597859533,97.7425755112,91.2065859897,131.147076218,,,,
2020-07-20 00:00:00+00:00,152.4304571013,44.2228765487,75.7334463662,275.9375835288,96.62280446,90.4854462683,134.2817651528,,,,
2020-07-21 00:00:00+00:00,152.8661316017,44.4700269476,75.7760219488,276.5116625926,98.5846433416,91.5583614636,132.9126992024,,,,
2020-07-22 00:00:00+00:00,153.6633232406,44.4870718027,75.8782033471,278.085750348,99.3012968143,92.0068751928,133.5264184216,,,,
2020-07-23 00:00:00+00:00,151.9855129308,44.1461747007,75.9463242793,274.7616473821,99.4894183509,91.9453144849,130.8543793597,,,,
2020-07-24 00:00:00+00:00,150.8082648128,43.9842485773,75.9292940462,272.9838541524,98.4861034891,91.0922589607,129.3814532337,,,,
2020-07-27 00:00:00+00:00,152.1060186436,44.6149082159,75.8782033471,274.9746121961,98.8981792359,91.0834645739,131.4397730764,,,,
2020-07-28 00:00:00+00:00,150.9936582172,44.2995783966,75.9122638132,273.2708936843,98.3248564578,91.0658758002,130.2217764722,,,,
2020-07-29 00:00:00+00:00,152.9959069848,44.8620586148,76.0314754445,276.5764779707,100.6718965809,91.9980808059,131.7419117689,,,,
2020-07-30 00:00:00+00:00,152.6529291866,44.2995783966,76.0740510272,275.5672099393,99.5969163718,91.1362308949,131.7419117689,,,,
2020-07-31 00:00:00+00:00,153.4315814851,43.6433514754,76.1762324254,277.872785534,98.9340119096,90.8548105158,132.3650728222,,,,
2020-08-03 00:00:00+00:00,154.7664139968,44.2740111139,76.1496141712,279.6228007445,100.0269084555,91.1362308949,134.0173937969,,,,
2020-08-04 00:00:00+00:00,155.3782122314,44.6149082159,76.3116890753,280.7987368912,100.4389842023,91.5671558504,134.5650201771,,,,
2020-08-05 00:00:00+00:00,156.5091119982,44.8791034699,76.209325978,282.5487521017,102.2037433789,92.2443236377,134.763298694,,,,
2020-08-06 00:00:00+00:00,157.2692249563,45.0154623107,76.3287495916,284.4469167479,102.0335381791,92.2003517034,135.2353904011,,,,
2020-08-07 00:00:00+00:00,157.3990003394,44.6149082159,76.2434470104,284.5950661837,103.9057953766,93.2732668988,134.1118121383,,,,
2020-08-10 00:00:00+00:00,157.8346748397,44.7512670567,76.1581444293,285.5024814781,105.3211859852,94.1966775177,133.0543267145,,,,
2020-08-11 00:00:00+00:00,156.5647300196,44.8535361872,75.8937064278,283.1969058833,105.4824330166,94.1263224229,130.3728458185,,,,
2020-08-12 00:00:00+00:00,158.6596754893,45.6716892319,75.6975104912,287.0765692335,105.6078473743,94.8210789838,133.9040917872,,,,
2020-08-13 00:00:00+00:00,158.5391697765,45.4756733983,75.450133006,286.5858242274,104.8732775648,94.0735561018,134.6027875136,,,,
2020-08-14 00:00:00+00:00,158.4928214254,45.254090282,75.3648304248,286.5858242274,105.052440933,94.3197989335,134.4989273381,,,,
2020-08-17 00:00:00+00:00,159.1695073514,45.6802116594,75.4586632641,287.5117582012,104.9180684068,93.9944066202,136.9443623806,,,,
2020-08-18 00:00:00+00:00,159.4105187772,45.6631668043,75.5610263614,288.1136152841,103.7087156716,93.7217806279,137.8318947898,,,,
2020-08-19 00:00:00+00:00,158.7894508724,45.3819266952,75.4330724897,286.8913824387,103.475803293,93.431565862,137.1426408975,,,,
2020-08-20 00:00:00+00:00,159.2436647132,45.2626127096,75.5610263614,287.798797733,102.7143589782,92.8951082643,138.7477527015,,,,
2020-08-21 00:00:00+00:00,159.6422605327,45.160343579,75.7231012656,288.826584444,102.2306178841,92.974257746,139.4464484279,,,,
2020-08-24 00:00:00+00:00,161.171756119,45.6802116594,75.6377986844,291.7617951409,104.264122113,94.3285933204,138.9932403892,,,,
2020-08-25 00:00:00+00:00,161.7093969918,45.8506602104,75.4927842965,292.780322512,104.0760005764,94.2054719045,139.9090983008,,,,
2020-08-26 00:00:00+00:00,163.1740048866,46.0892881818,75.450133006,295.7710892474,103.32351443,93.950434686,142.4489516848,,,,
2020-08-27 00:00:00+00:00,163.5633310358,45.688734087,75.1771647464,296.3636869906,104.2551639445,94.7331351153,142.2884405044,,,,
2020-08-28 00:00:00+00:00,164.7035004729,46.1063330369,75.2368765531,298.2896296561,104.9718174173,95.4542748368,142.8927178894,,,,
2020-08-31 00:00:00+00:00,164.3327136641,45.5779425289,75.4586632641,297.2433242657,103.5116359666,94.6539856337,144.9132703956,,,,
2020-09-01 00:00:00+00:00,165.7880518887,45.8506602104,75.666008248,300.0211261871,104.5418253336,94.63639686,146.5939168726,,,,
2020-09-02 00:00:00+00:00,168.0035030713,46.2341694501,75.8283633194,304.3915345433,105.6168055427,96.2897415873,147.6514022964,,,,
2020-09-03 00:00:00+00:00,162.1636108326,45.2285229994,75.8369083231,293.8544059216,103.4041379457,94.5660417653,140.2301206616,,,,
2020-09-04 00:00:00+00:00,160.7824299698,45.3222697024,75.3925681279,291.5025336282,103.4847614614,94.5572473784,138.2756609945,,,,
2020-09-08 00:00:00+00:00,156.2681005725,44.6745652087,75.5036531767,283.4932047549,101.110846833,92.8775194906,132.4311656612,,,,
2020-09-09 00:00:00+00:00,159.3270917452,45.4330612605,75.4523831541,289.0858459566,102.2216597157,93.9592290728,136.5289216784,,,,
2020-09-10 00:00:00+00:00,156.7130447431,44.8705810423,75.4694731617,284.0302464597,100.8421017807,92.5960991115,134.09292847,,,,
2020-09-11 00:00:00+00:00,156.7686627644,45.2881799922,75.5463781954,284.2432112737,100.6629384125,93.2205005777,133.6302785971,,,,
2020-09-14 00:00:00+00:00,159.2158557025,45.6802116594,75.5463781954,287.9376878291,102.7054008098,94.3637708678,136.5950145174,,,,
2020-09-15 00:00:00+00:00,160.1242833841,45.9955414787,75.5891032142,289.4191821872,102.5889446205,94.1878831308,138.7760782039,,,,
2020-09-16 00:00:00+00:00,159.5959121816,45.9273620583,75.5720132067,288.2525053802,103.4310124509,94.7771070496,137.0198970537,,,,
2020-09-17 00:00:00+00:00,158.2796190103,45.9103172032,75.5720132067,285.7339649715,103.0368530409,94.3637708678,135.5752964301,,,,
2020-09-18 00:00:00+00:00,156.7408537537,45.5694201013,75.4865631692,282.4098620056,101.9260401582,93.6514255332,135.0371118841,,,,
2020-09-21 00:00:00+00:00,154.8498410288,44.7073765548,75.5292881879,279.3450205524,98.4592289839,91.6111277847,135.5186454253,,,,
2020-09-22 00:00:00+00:00,156.3886062854,44.6215987794,75.5549231992,282.1691191724,98.7369322046,91.6902772663,136.5855726832,,,,
2020-09-23 00:00:00+00:00,152.6158505057,44.0811987941,75.3840231241,275.6320253175,96.4436410919,89.9929606048,132.80836127,,,,
2020-09-24 00:00:00+00:00,152.9402889635,44.0039987962,75.3925681279,276.391291176,96.5242646075,90.1248764075,133.0164358996,,,,
2020-09-25 00:00:00+00:00,155.3912824664,44.1669765696,75.3840231241,280.8172555707,97.7154322609,91.1146846472,136.1943029688,,,,
2020-09-28 00:00:00+00:00,158.2113326932,44.7674209976,75.4523831541,285.5210001575,100.1930040728,92.4961493964,138.1237222609,,,,
2020-09-29 00:00:00+00:00,157.3271585297,44.7073765548,75.5036531767,283.8992268024,99.1299005317,91.7168615891,138.0386008215,,,,
2020-09-30 00:00:00+00:00,158.5091597799,44.7502654425,75.3840231241,286.0844976278,99.6704616543,92.549282656,139.4100017889,,,,
2020-10-01 00:00:00+00:00,159.830767477,45.1105320993,75.461175963,287.8978074616,100.8056400117,92.6112714588,141.1597202646,,,,
2020-10-02 00:00:00+00:00,158.5836165516,44.9132432158,75.4098185384,285.2196883224,102.3102018029,92.6998268915,137.8967317559,,,,
2020-10-05 00:00:00+00:00,161.4408951642,45.5737320866,75.1273527027,290.2039656093,104.6796613903,94.1609915301,140.9800194482,,,,
2020-10-06 00:00:00+00:00,159.4491765222,45.24777654,75.2300675521,286.1495908013,104.2291937881,93.2754372037,138.795235838,,,,
2020-10-07 00:00:00+00:00,162.2319983632,45.7023987498,75.1273527027,291.0594758898,106.0220548447,94.7454573856,141.3299631433,,,,
2020-10-08 00:00:00+00:00,163.6559841213,46.0197765189,75.2557462644,293.6353057563,107.7698691411,95.9232446397,141.887981468,,,,
2020-10-09 00:00:00+00:00,165.0334343971,46.337154288,75.2728654059,296.248331722,107.733831733,96.0914999618,143.6471578813,,,,
2020-10-12 00:00:00+00:00,167.4812007656,46.6116431694,75.384139826,301.0280304634,108.4005237842,96.7910878796,146.2764645636,,,,
2020-10-13 00:00:00+00:00,166.5970266021,46.2084876248,75.4440568215,299.1031323321,107.1031770899,95.8789669234,146.5034550686,,,,
2020-10-14 00:00:00+00:00,165.4894821236,46.0540876291,75.4868546753,297.2340283496,106.7067656,95.4539008467,145.5387454225,,,,
2020-10-15 00:00:00+00:00,165.5453247023,45.5737320866,75.4440568215,296.8806654076,107.9050094218,95.6930005149,144.5834937142,,,,
2020-10-16 00:00:00+00:00,165.2474976156,45.7624431926,75.384139826,296.6295917383,107.6077008044,95.9586668128,144.2713817699,,,,
2020-10-19 00:00:00+00:00,162.8834951153,45.5565765316,75.3156632598,292.1474617901,106.3373821663,94.6569019529,142.1338878483,,,,
2020-10-20 00:00:00+00:00,163.4512279992,45.8996876333,75.1872696982,293.3005408639,107.0671396818,94.8782905345,141.8501497171,,,,
2020-10-21 00:00:00+00:00,162.8928022117,45.7710209701,75.1016739904,292.770496451,106.4364850387,94.5772020635,141.0745988252,,,,
2020-10-22 00:00:00+00:00,164.0468821725,45.7795987477,74.9732804288,294.3792277394,108.4365611923,95.799267034,140.9421876973,,,,
2020-10-23 00:00:00+00:00,164.5866937671,46.036932074,75.0674357073,295.3835224166,109.1573093558,95.8966780099,141.3110472679,,,,
2020-10-26 00:00:00+00:00,161.599115804,45.2649320951,75.1787101274,289.9435929152,106.5445972633,94.0458694677,139.7315716709,,,,
2020-10-27 00:00:00+00:00,160.9476190519,45.1019543218,75.3584611137,288.9857933619,104.9769700077,92.7883823241,139.9491042382,,,,
2020-10-28 00:00:00+00:00,155.6146527814,43.8152876903,75.2557462644,279.0358368379,101.8507248487,90.105152715,135.2579671359,,,,
2020-10-29 00:00:00+00:00,157.0851740218,44.0811987941,75.0931144196,281.9743286712,103.2651931195,90.6630519407,135.9862283393,,,,
2020-10-30 00:00:00+00:00,155.4192037558,43.7209321373,74.964720858,278.8033612182,102.7967068133,90.8667294358,133.5744542242,,,,
2020-11-02 00:00:00+00:00,157.0386385395,44.3299543429,75.0682659857,282.0487208695,105.2652692731,92.5227160262,134.6337432473,,,,
2020-11-03 00:00:00+00:00,160.054137792,45.1877320972,75.0511173241,287.0236991315,107.6797756207,94.1167138138,137.0644332378,,,,
2020-11-04 00:00:00+00:00,163.5442989638,45.8911098557,75.565577171,293.4865213597,106.5085598551,94.4089467415,143.2215506845,,,,
2020-11-05 00:00:00+00:00,166.9227749781,46.8861320507,75.642746148,299.2333186792,109.0942438915,95.9586668128,145.8603153045,,,,
2020-11-06 00:00:00+00:00,166.83901111,47.031954269,75.4712595324,299.19612258,108.0401497024,95.6841449716,145.8319414914,,,,
2020-11-09 00:00:00+00:00,168.8214226556,48.0183986864,75.1197119704,302.9250315203,114.2205652041,99.5274507483,141.6042433368,,,,
2020-11-10 00:00:00+00:00,168.5422097618,48.1727986822,74.9739483471,302.5344724792,116.3197442302,100.9974709302,139.8450669234,,,,
2020-11-11 00:00:00+00:00,169.9103529412,48.5073320064,75.0253943318,304.6639491559,115.4728651381,100.5989714833,142.691906173,,,,
2020-11-12 00:00:00+00:00,168.2350755787,47.8554209131,75.2740499244,301.8463446448,113.2115177752,99.31491771,142.304130727,,,,
2020-11-13 00:00:00+00:00,170.617692272,48.5244875615,75.2997729168,305.9472145767,116.3287535822,101.1834373388,142.9661863665,,,,
2020-11-16 00:00:00+00:00,172.7024818787,49.133509767,75.3426445707,309.6575254674,119.824382175,102.8925571888,143.1931768714,,,,
2020-11-17 00:00:00+00:00,172.3115838274,49.133509767,75.4712595324,308.1138873525,120.0045692158,102.4143578525,143.2404665599,,,,
2020-11-18 00:00:00+00:00,170.4873929216,48.9019097734,75.5570028402,304.3756793874,118.5540635369,101.1834373388,142.5594950451,,,22.1052852367,
2020-11-19 00:00:00+00:00,171.4367167604,49.1849764323,75.7113407942,305.6496457835,119.2748117003,101.325126031,143.7133634452,,,22.2261066747,
2020-11-20 00:00:00+00:00,170.5339284039,49.3393764281,75.7799354405,303.6038603299,119.0946246595,100.8469266947,143.0229339927,,,22.3162587352,
2020-11-23 00:00:00+00:00,171.9299928726,49.4079986484,75.719915125,305.3985721142,121.8244583286,102.0867027517,143.108055432,,,22.2993773199,
2020-11-24 00:00:00+00:00,174.5918224597,50.1371097396,75.642746148,310.3456533018,124.9236754314,104.2297442217,143.81740076,,,22.6649350869,
2020-11-25 00:00:00+00:00,174.5266727845,49.9655541887,75.6084488249,309.8342069384,123.8425531863,103.5832895634,145.4063342946,,,22.6334702501,
2020-11-27 00:00:00+00:00,175.1409411507,50.3343986231,75.7713611097,310.7176142934,123.5272258647,103.5744340201,147.0709313309,,,22.7555290692,
2020-11-30 00:00:00+00:00,173.7634908749,49.2364430976,75.8742530791,309.322760575,120.7072986752,102.4586355688,147.7708187212,,,22.3435695065,
2020-12-01 00:00:00+00:00,175.9692727355,50.3515541782,75.6455156568,312.7262036478,122.5091690839,103.3796120683,147.8653980983,,,22.8208451209,
2020-12-02 00:00:00+00:00,176.1181862788,50.3858652883,75.5166915498,313.3864344078,122.8785525176,104.0349222699,147.1465948326,,,22.8056430088,22.9637913889
2020-12-03 00:00:00+00:00,176.4718559442,50.617465282,75.6626922044,313.2934441599,123.8065157781,104.238599765,147.6100337802,,,22.8620322388,23.1430559587
2020-12-04 00:00:00+00:00,178.2402042713,51.0806652693,75.465161907,315.9901613486,126.5093213911,105.513797995,148.3761267344,,,23.0844957057,23.4388424989
2020-12-07 00:00:00+00:00,178.0447552457,50.823331943,75.5682211926,315.4043227869,125.7345171153,104.8496322502,149.709695951,,,22.9254038342,23.3133573
2020-12-08 00:00:00+00:00,178.8172442517,50.9519986062,75.593986014,316.3156272162,126.4462559267,105.3278315865,150.3812095281,,,23.0152907416,23.4298792704
2020-12-09 00:00:00+00:00,177.0582030211,50.8919541634,75.465161907,313.50732173,126.5093213911,105.3278315865,146.7020717604,,,23.0506444908,23.2506147006
2020-12-10 00:00:00+00:00,177.3188017219,51.1149763795,75.6197508354,313.3585373334,127.1760134423,104.9824653992,148.2342576688,,,23.0727405841,23.5172707481
2020-12-11 00:00:00+00:00,177.0023604424,50.8662208307,75.7399866687,312.9586792675,126.4282372227,104.7256546445,148.0450989147,,,22.9705682489,23.367136671
2020-12-14 00:00:00+00:00,176.4997772336,50.8747986083,75.7142218472,311.52662945,125.3471149775,103.5832895634,148.9812626131,,,22.997613867,23.3133573
2020-12-15 00:00:00+00:00,178.9196223128,51.4237763711,75.7485749425,315.8320779272,128.3472292079,105.0355986588,150.3932725444,,,23.2467694146,23.5284747838
2020-12-16 00:00:00+00:00,179.1709139171,51.5524430342,75.6712804782,316.3156272162,127.6805371567,104.8673433367,151.0850626449,,,23.3457599124,23.6903506903
2020-12-17 00:00:00+00:00,180.5762854823,51.912709691,75.6884570258,318.0359468022,128.5003881926,105.3278315865,153.113050063,,,23.4575139976,23.8001260385
2020-12-18 00:00:00+00:00,180.0643951771,51.70684303,75.6626922044,316.7619804061,127.5814342842,104.7610768176,153.4352536715,,,23.383379343,23.7432925926
2020-12-21 00:00:00+00:00,179.5431977755,51.0723448251,75.6712804782,315.7855828033,126.8606861207,104.2563108515,153.3404879043,,,23.045438555,23.454284659
2020-12-22 00:00:00+00:00,179.5804261613,50.9250624058,75.7915163115,315.1652448596,126.7886113044,103.4858785875,154.3260518831,,,23.0012054676,23.244341551
2020-12-23 00:00:00+00:00,179.8875603444,51.4015643507,75.7063034588,315.4173471767,128.6445378253,104.3625773707,152.8382293381,,,23.2666039922,23.5043052629
2020-12-24 00:00:00+00:00,180.1870627084,51.4275553659,75.83555392,316.6778587622,128.740217144,104.5744019656,153.2741518672,,,23.2634192099,23.4415554014
2020-12-28 00:00:00+00:00,181.3271322889,51.739447548,75.8097038277,319.4323100045,128.7130223368,104.9131766693,152.5823617667,,,23.4169964895,23.5375626895
2020-12-29 00:00:00+00:00,180.5702008461,52.1726311343,75.83555392,318.7600371589,127.3804767855,104.7972800601,152.1369626608,,,23.5673889868,23.8696887421
2020-12-30 00:00:00+00:00,181.0561321427,52.4585323013,75.8872541044,319.1895448103,128.7130223368,105.1360547638,152.6960806873,,,23.6293153092,24.1318038779
2020-12-31 00:00:00+00:00,181.8878222465,52.120649104,75.9906544734,320.9075754157,128.9124509227,106.0543125134,152.8477059148,,,23.4612295769,24.0780182823
2021-01-04 00:00:00+00:00,179.2993036089,52.4325412861,75.8872541044,316.5564761651,126.8093858349,104.6992136985,151.691563555,,,23.5652657986,24.319874177
2021-01-05 00:00:00+00:00,180.747752666,53.194944398,75.7580036433,318.6386545618,128.9759054728,105.4837445913,153.0656671794,,,23.8062476589,24.8220523543
2021-01-06 00:00:00+00:00,182.3737535431,53.480845565,75.4219524442,320.5714389929,134.4783214569,108.0245548693,151.8810950894,,,24.1424191235,24.6069099721
2021-01-07 00:00:00+00:00,185.2986861553,53.7061010298,75.2668518908,325.3613830177,135.6658280367,108.8269160097,156.5814771425,,,24.1689589759,24.8399808862
2021-01-08 00:00:00+00:00,186.1957900874,54.3905310962,75.1979183115,327.1914590973,134.967827986,108.9071521237,159.168582587,,,24.3016582382,25.3509440441
2021-01-11 00:00:00+00:00,185.0837550048,53.6714463429,75.1203680348,325.0532579634,135.3394903506,109.0943697232,157.2164077827,,,23.9967153334,25.0551232684
2021-01-12 00:00:00+00:00,185.7378932887,53.9486838382,75.10313464,325.081269332,137.52413986,109.549041036,158.1451123012,,,24.1689589759,25.2254443211
2021-01-13 00:00:00+00:00,185.9434796065,53.940020166400004,75.3013186805,325.8935990204,136.3728930231,109.6292771501,158.694753751,,,24.1070326535,25.2871184707
2021-01-14 00:00:00+00:00,185.7659277866,54.4165221114,75.2065350089,324.7918185235,138.2674645893,110.1285240819,157.7660492324,,,24.2751183858,25.4779676923
2021-01-15 00:00:00+00:00,184.1492717422,53.5848096257,75.2668518908,322.4762120554,136.6629709663,109.058709228,156.0318356927,,,23.9035604513,25.108908864
2021-01-19 00:00:00+00:00,185.831341615,54.1219572727,75.3702522597,325.0252465949,137.4697502457,109.5222956647,157.8039555393,,,24.098186036,25.5033365648
2021-01-20 00:00:00+00:00,188.1768946043,54.7110869501,75.3616355623,329.4417057054,138.2312048464,109.7986645019,160.9880853172,,,24.2751183858,25.9246570635
2021-01-21 00:00:00+00:00,188.0367221149,54.7803963239,75.2582351934,329.7498307597,136.7989450021,109.263757075,161.6419691109,,,24.2751183858,26.0060525981
2021-01-22 00:00:00+00:00,187.7283426382,54.4078584396,75.292701983,328.5733532799,137.4697502457,108.6040379151,161.6988285712,,,24.1686935774,25.7412481826
2021-01-25 00:00:00+00:00,188.2609980979,54.4858314852,75.4650359313,329.9085618482,137.1434125596,108.6040379151,162.2010871373,,,24.0786350114,25.861907202
2021-01-26 00:00:00+00:00,187.5788253162,54.3818674245,75.4564192339,329.4136943369,136.1281397586,108.2741783352,160.4573970209,,,24.098186036,25.7543360108
2021-01-27 00:00:00+00:00,183.0746159901,53.1169713525,75.4564192339,321.4211171727,133.3814642344,105.6353016956,154.9988888302,,,23.5408491343,25.0640875344
2021-01-28 00:00:00+00:00,184.5137202146,53.4895092367,75.396102352,324.1195456779,134.0522694779,106.9993156343,157.5670411213,,,23.7620145715,25.2550263986
2021-01-29 00:00:00+00:00,181.2804081258,52.2506041799,75.3357854701,317.6302452934,131.5412822825,105.2162908779,155.2831861318,,,23.2895167315,24.5934635732
2021-02-01 00:00:00+00:00,184.3735477252,53.194944398,75.3609427799,322.8496969696,133.8891006349,105.9740763994,159.1117231267,,,23.5673889868,25.2792299166
2021-02-02 00:00:00+00:00,187.0181353586,53.8360561057,75.2660080146,327.4902470287,135.3213604792,107.3291752143,162.3527123649,,,23.8416341289,25.6288362878
2021-02-03 00:00:00+00:00,187.2984803374,54.0353205554,75.1365515164,327.8170463286,136.1553345658,107.7392709083,161.8788835289,,,23.9301003038,25.7453717449
2021-02-04 00:00:00+00:00,189.6720678246,54.0873025858,75.1538123829,331.4865356108,138.2040100392,108.8893218762,163.6983862591,,,23.9301003038,25.7453717449
2021-02-05 00:00:00+00:00,190.737378744,54.45984047,75.0502471843,332.8124070562,139.4187114262,109.4598897982,164.9966772697,,,24.1247258885,25.9156927975
2021-02-08 00:00:00+00:00,192.4474831147,54.7977236673,75.1365515164,335.2680703672,142.1744518861,110.4762139094,166.5982187354,,,24.3105048557,25.9963711909
2021-02-09 00:00:00+00:00,192.5222417757,55.1702615515,75.1020297836,334.9972938044,142.3920103435,110.4316382905,166.5034529682,,,24.443204118,26.229442105
2021-02-10 00:00:00+00:00,192.4381382821,55.1009521777,75.2228558485,334.8665740844,142.5007895721,110.5653651472,165.934858365,,,24.3547379432,26.3190847643
2021-02-11 00:00:00+00:00,192.8960350808,55.5168084206,75.1451819496,335.40812721,142.6548934794,110.4316382905,167.4795403703,,,24.5228236754,26.5880127421
2021-02-12 00:00:00+00:00,193.8959321718,55.7853822441,74.9466819858,337.1168206925,143.1987896229,110.9665457174,168.7209719206,,,24.6466763202,26.6238698058
2021-02-16 00:00:00+00:00,193.5501733646,56.0366287241,74.5928342243,336.7993585155,143.4526078231,111.1359330693,168.2850493915,,,24.82360867,26.6776554014
2021-02-17 00:00:00+00:00,193.1483455617,55.7940459158,74.748182022,336.8740554983,142.6911532223,111.554943887,166.8540863068,,,24.6944480547,26.731440997
2021-02-18 00:00:00+00:00,192.0363104791,55.3262076426,74.705029856,335.4361385786,140.8962959491,110.9665457174,165.6789907935,,,24.5493635279,26.4014663682
2021-02-19 00:00:00+00:00,192.4755176126,55.6380998247,74.4461168597,334.8198884701,143.7336208305,111.2964052974,165.4705061057,,,24.6378297028,26.5790484762
2021-02-22 00:00:00+00:00,190.6439304177,55.0489701474,74.2389864627,332.1868198249,144.7126338887,112.089851314,159.5665988092,,,24.6112898503,25.9605141272
2021-02-23 00:00:00+00:00,190.6158959199,55.187588895,74.2217255963,332.6069903534,144.9755170246,112.4375411415,158.1830186081,,,24.66171557,26.0904959831
2021-02-24 00:00:00+00:00,192.7558625914,55.2049162384,74.1785734302,336.2858167584,147.9760107491,113.9441970607,159.2728249309,,,24.7793755826,25.9515498612
2021-02-25 00:00:00+00:00,187.7189978056,54.2085939899,73.5312909396,328.2185426114,143.7608156377,111.9828698286,153.1414797931,,,24.3724311781,25.4585152352
2021-02-26 00:00:00+00:00,186.9714111954,53.4548545498,74.169942997,326.4164779003,143.1081402656,110.4762139094,154.3734347667,,,24.0361712474,25.1716587255
2021-03-01 00:00:00+00:00,191.7746551656,54.6244502328,74.0739294276,334.3810436959,147.160166534,112.8832973306,159.1117231267,,,24.4520507355,25.727443213
2021-03-02 00:00:00+00:00,189.9711024686,54.4078584396,74.0652860286,331.794660665,145.6372573325,112.6247587409,156.2308438038,,,24.443204118,25.5302293626
2021-03-03 00:00:00+00:00,187.233066509,54.1479482879,73.8319142556,327.4155500458,145.9092054042,112.6247587409,149.9478734385,,,24.3281980907,25.5212650967
2021-03-04 00:00:00+00:00,184.2707545663,53.4548545498,73.5985424826,323.3819129723,143.2531792372,111.554943887,145.8160859887,,,24.1247258885,25.0551232684
2021-03-05 00:00:00+00:00,187.5975149814,53.8533834492,73.5553254876,329.3109859855,147.223621084,114.0333482985,147.1428067295,,,24.3016582382,25.2792299166
2021-03-08 00:00:00+00:00,186.681721384,53.290244787,73.2182329266,327.6956637315,149.4354654006,115.3706168658,142.1439125097,,,24.2485785333,24.6338027698
2021-03-09 00:00:00+00:00,189.5786194983,54.113293601,73.4602480986,332.2801910535,149.3720108505,114.9516060481,149.256083338,,,24.5316702929,25.0640875344
2021-03-10 00:00:00+00:00,190.9336202292,54.2605760203,73.5985424826,334.3343580817,151.8920629816,116.4939224624,148.9433563062,,,24.6643695552,25.0237483377
2021-03-11 00:00:00+00:00,193.4286905405,55.0229791322,73.6071858816,337.863790521,153.6053358333,116.4315165959,153.9280356609,,,24.82360867,25.7095146812
2021-03-12 00:00:00+00:00,193.8118286782,54.8497056977,73.1663725326,338.3399837866,155.4273879137,117.492416326,152.5349788831,,,24.8942931437,25.3285333792
2021-03-15 00:00:00+00:00,195.1668294091,54.9623334301,73.2528065226,340.3007795862,156.5695698149,117.7687851633,154.2502392694,,,24.9651545498,25.4047296396
2021-03-16 00:00:00+00:00,194.3818634684,55.092288506,73.2441631236,339.9179575492,154.2761410769,117.0199147656,153.6342617826,,,24.9828477848,25.5033365648
2021-03-17 00:00:00+00:00,195.1201052459,55.3175439709,73.2182329266,341.0290751689,155.3004788136,117.5191616974,154.0891374651,,,25.1243936646,25.5660864263
2021-03-18 00:00:00+00:00,191.5690688478,54.6677685914,72.9157139616,336.0150401956,152.798556554,117.0644903845,148.8959734226,,,24.9120748449,25.1437798585
2021-03-19 00:00:00+00:00,191.8120344961,54.9450060867,72.9762177546,335.4174643329,152.8982708469,116.5563283289,150.2890302005,,,24.9828477848,25.3688725759
2021-03-22 00:00:00+00:00,192.8493109176,54.9409341609,73.1836593306,338.0692072238,151.257517481,116.6811400618,152.4117833857,,,25.0005410197,25.4047296396
2021-03-23 00:00:00+00:00,190.6532752504,54.1071798645,73.3478839116,335.5855325443,146.4168418047,115.2636353805,151.6157509412,,,24.6202373192,24.9395711914
2021-03-24 00:00:00+00:00,189.0739985365,53.5252888451,73.4602480986,333.7274450961,145.0389715747,115.3527866183,147.8630265602,,,24.4694106402,24.3837647881
2021-03-25 00:00:00+00:00,190.4678737711,53.8726864686,73.4083877046,335.60420679,148.5617868955,116.7134128099,147.5806596373,,,24.6202373192,24.491340221
2021-03-26 00:00:00+00:00,193.5806148044,54.7585504086,73.2787367196,341.0594208182,151.4829711892,118.5957426379,150.2072236773,,,24.9540078879,24.9933589078
2021-03-29 00:00:00+00:00,192.671169382,54.454577488,73.1836593306,340.8532916663,148.7255916223,118.4164731305,149.2115947091,,,24.8597855742,24.9575004302
2021-03-30 00:00:00+00:00,192.614915026,54.4719473692,73.2614499216,339.9819275242,150.8641533326,118.3716557536,149.4107205027,,,24.8154247863,25.0561112437
2021-03-31 00:00:00+00:00,193.7868807765,54.454577488,73.2268763256,341.3311365184,150.7094488684,117.8338472313,152.5303579366,,,24.7355753679,25.1636866765
2021-04-01 00:00:00+00:00,196.2151938115,55.192797438,73.4623657314,344.9477661834,152.547701913,118.4254366058,154.9483140023,,,25.0549730413,25.3878021617
2021-04-05 00:00:00+00:00,198.5028709565,55.8007432792,73.3497465386,349.9229743496,153.1665197696,119.3845284706,157.1481799131,,,25.4009871874,25.504342214
2021-04-06 00:00:00+00:00,198.5778767645,55.4794004774,73.6096369834,349.7262147046,153.0937176688,119.2680032907,158.1058801588,,,25.1791832476,25.6208822663
2021-04-07 00:00:00+00:00,198.4091136964,55.3491263686,73.5230068352,350.1665815291,152.1472903587,119.2321493893,158.0205405329,,,25.2501605083,25.307120587100002
2021-04-08 00:00:00+00:00,199.5623279949,55.6965239921,73.6876041169,351.8718317856,152.4020977115,119.0797703079,160.5048718633,,,25.3388820842,25.5491653111
2021-04-09 00:00:00+00:00,200.7717966494,55.6878390515,73.5923109538,354.4015986497,152.9572137299,119.7699579115,161.5479117348,,,25.4276036601,25.3698729229
2021-04-12 00:00:00+00:00,200.8280510055,55.3578113092,73.5749849241,354.5608802671,153.4304273849,119.8506291899,162.2970040061,,,25.2871574055,25.2533328706
2021-04-13 00:00:00+00:00,201.3905945657,55.6791541109,73.7655712503,355.5259394782,152.3019948229,119.4651997489,165.4830167045,,,25.4009871874,25.307120587100002
2021-04-14 00:00:00+00:00,200.9405597175,55.8267981009,73.7135931613,354.3828596359,153.7580368384,119.9313004682,163.0271319162,,,25.409859345,25.3967667811
2021-04-15 00:00:00+00:00,203.0782252464,56.2089354868,74.0254616951,358.186879439,154.3222531194,120.6214880718,166.4122704082,,,25.605046812,25.6567407439
2021-04-16 00:00:00+00:00,203.5938901766,56.5823879321,73.8262123541,359.4423933642,155.2504799043,121.3206391508,165.9097148338,,,25.8179785942,25.7553515574
2021-04-19 00:00:00+00:00,202.2625370841,56.4086891204,73.7785657725,357.6715565593,154.3859549576,121.0248444635,163.6055449358,,,25.7558734911,25.7732807962
2021-04-20 00:00:00+00:00,200.4061433353,55.6270444674,73.9041794875,355.0480946261,151.4829711892,120.1016065003,162.0694316705,,,25.2945212963,25.6298468857
2021-04-21 00:00:00+00:00,202.7969534663,56.1568258433,73.982146621,358.383639084,154.4132557454,121.3564930523,163.4443478648,,,25.5296334725,25.8091392739
2021-04-22 00:00:00+00:00,201.2124557716,55.9223324474,74.0167986803,355.0949421606,153.5305302735,120.3525838107,162.3444149094,,,25.4556396781,25.6657053634
2021-04-23 00:00:00+00:00,203.6501445327,56.5563331104,74.0254616951,358.8802229499,156.1969072144,121.2758217739,164.9425324075,,,25.7026405455,25.9973962814
2021-04-26 00:00:00+00:00,204.390826887,56.6258126351,73.9734836061,359.657892023,157.0250311107,121.1144792172,166.5165743954,,,25.7558734911,26.1049717143
2021-04-27 00:00:00+00:00,204.2970696269,56.5389632292,73.78289728,359.5454579401,157.7712526437,121.3475295769,165.9666079177,,,25.6848962303,26.1049717143
2021-04-28 00:00:00+00:00,204.2689424489,56.7734566251,73.8175493393,359.3768068158,158.126162885,121.5716164612,165.3218196335,,,25.7824899638,26.2932287219
2021-04-29 00:00:00+00:00,205.0471277073,56.7647716845,73.7569082355,361.7754005833,158.7540810041,122.6382700304,164.6011739041,,,25.800234279,26.2663348636
2021-04-30 00:00:00+00:00,203.5470115466,55.9657571504,73.8608644134,359.3861763228,156.7520232328,121.8853380992,163.2926329744,,,25.4630922905,25.8360331321
2021-05-03 00:00:00+00:00,203.9032891348,56.4434288827,73.8786842349,360.2013234234,158.3081681369,123.0774803236,162.1737356577,,,25.7736178063,25.8629269903
2021-05-04 00:00:00+00:00,202.3750457961,55.7138938733,73.9741235216,358.0088588078,158.2717670865,123.427055863,159.0066873206,,,25.4453479753,25.5222714528
2021-05-05 00:00:00+00:00,202.3375428921,56.2870999521,74.0175050156,358.0744453562,158.5902762774,124.054499139,158.1438088814,,,25.7913621214,25.7194930798
2021-05-06 00:00:00+00:00,203.3688727525,56.7213469815,74.0522102108,360.9883620034,159.6641072638,125.1301161836,158.3903455783,,,25.9865495885,25.9794670426
2021-05-07 00:00:00+00:00,205.0940063373,57.3900874068,74.0608865096,363.564976402,161.4295582077,126.0354271961,159.9833519275,,,26.3059472618,26.2752994831
2021-05-10 00:00:00+00:00,202.6844447542,56.9211006151,73.8873605337,360.0045637784,159.6914080516,126.2146967035,155.9154964286,,,26.1994813707,25.943608565
2021-05-11 00:00:00+00:00,201.0530684296,56.3044698333,73.7398634542,356.8470399517,158.0260599964,124.511636383,156.2378905707,,,25.8623393822,25.8270685127
2021-05-12 00:00:00+00:00,196.5245927696,55.2014823786,73.4795744904,349.2296308386,153.339424759,122.5038178998,151.4209428005,,,25.4364758177,24.9843942884
2021-05-13 00:00:00+00:00,198.6903854766,55.4967703586,73.6270715699,353.3803223972,156.5336169305,124.2516955972,151.8666052911,,,25.6316632848,25.0112881466
2021-05-14 00:00:00+00:00,202.08439829,56.4260590015,73.8005975457,358.8052668947,159.5549041127,125.6320708044,155.4319052155,,,26.0486546916,25.3967667811
2021-05-17 00:00:00+00:00,201.6531148938,56.3392095956,73.7311871554,357.9432722595,160.0918196059,125.7396325088,154.4362762472,,,25.9865495885,25.26229749
2021-05-18 00:00:00+00:00,200.0779929251,56.6779222786,73.6531004662,354.8513349811,158.2171655109,124.5385268091,153.6682196146,,,26.0930154796,25.6567407439
2021-05-19 00:00:00+00:00,199.4966979129,56.2784150115,73.5750137771,353.9143842907,156.5518174557,123.812485304,153.7061483372,,,25.800234279,25.6208822663
2021-05-20 00:00:00+00:00,201.6624906198,56.8863608527,73.8179501433,357.6902955731,156.6246195565,124.4220016293,157.1292155518,,,26.1728648979,25.7194930798
2021-05-21 00:00:00+00:00,201.5499819078,56.7300319221,73.8353027409,357.4185798729,157.2434374131,124.8701753978,156.5128738096,,,26.1551205827,25.4326252588
2021-05-24 00:00:00+00:00,203.5845144506,57.1382241298,73.9220657289,361.025840031,157.9623581582,125.381093494,159.2058131142,,,26.3591802074,25.7194930798
2021-05-25 00:00:00+00:00,203.0219708904,57.2945530603,74.1129443023,360.2669099717,156.3698122037,124.6012711367,159.4807963531,,,26.323691577,25.9346439456
2021-05-26 00:00:00+00:00,203.7532775187,57.4248271692,74.086915406,360.922775455,158.5811760148,124.8343214963,160.6660689343,,,26.3148194194,26.1318655725
2021-05-27 00:00:00+00:00,204.1283065589,57.555101278,73.9827998204,361.0820570724,160.2738248578,125.2645683142,161.5668760961,,,26.4079770741,26.2394410054
2021-05-28 00:00:00+00:00,204.475208421,57.6853753868,73.9741235216,361.7847700902,160.2556243326,125.4438378216,161.5668760961,,,26.4567739409,26.427698013
2021-06-01 00:00:00+00:00,204.559589955,58.2325266439,73.9693368076,361.5036848831,162.34868473,125.5693264768,162.7142199547,,,26.5543676744,26.9050639964
2021-06-02 00:00:00+00:00,204.8314860092,58.3628007527,74.0475468677,362.1127028319,162.776397072,125.8830481148,162.2780396448,,,26.6688185073,26.9835044162
2021-06-03 00:00:00+00:00,203.9220405868,57.9198687827,73.9085067609,360.735385317,161.7753681863,126.1340254252,161.2255175927,,,26.5321872804,26.7235304534
2021-06-04 00:00:00+00:00,205.6940528015,58.4757049803,74.2039669878,364.0053432265,162.0665765894,126.5373818169,162.8280061225,,,26.7761716142,26.9745397968
2021-06-07 00:00:00+00:00,205.8628158696,58.5191296833,74.1518269477,363.6961494987,162.7581965468,126.3581123095,162.8943813871,,,26.8560210325,26.8579997445
2021-06-08 00:00:00+00:00,206.2847235398,58.4235953368,74.2908670545,363.7523665401,164.4963467028,126.1878062774,162.7995595806,,,26.8290496735,26.714565834
2021-06-09 00:00:00+00:00,205.7034285275,58.2238417033,74.438597168,363.1808266189,163.0585052125,125.7754864103,161.4625721089,,,26.7406829838,26.6159550205
2021-06-10 00:00:00+00:00,206.6128739499,58.4843899209,74.5950172881,364.8579683548,161.7480673986,125.7306690335,161.316559802,,,26.8107730288,26.8221412669
2021-06-11 00:00:00+00:00,207.2222961402,58.5538694456,74.5776372748,365.4950948243,163.2405104645,125.8203037872,162.1136533916,,,26.8737653477,26.7324950728
2021-06-14 00:00:00+00:00,207.5410708243,58.6233489703,74.3864571279,366.4133065009,161.465959258,125.2018239866,161.458897943,44.0780723105,,26.8826375053,26.7414596922
2021-06-15 00:00:00+00:00,206.9972787161,58.5712393268,74.3864571279,365.6450069347,161.7480673986,125.3542030679,160.6428259345,44.0255038673,,26.9092539781,26.6069904011
2021-06-16 00:00:00+00:00,205.9659488556,58.0675127727,74.1778969678,363.6399324572,161.1110490168,124.4847459569,160.2442791397,43.8322486554,,26.7229386687,26.2932287219
2021-06-17 00:00:00+00:00,205.7690586096,57.7982796145,74.4299071613,363.5087593606,157.4800442406,122.9519916684,158.7165164263,43.7964151303,,26.49669865,26.4097687742
2021-06-18 00:00:00+00:00,203.2188611365,56.8776759121,74.6645373415,358.6834633049,153.9127413026,120.576670695,156.5245090549,43.2555085415,,25.9510609581,26.1587594308
2021-06-21 00:00:00+00:00,206.0222032117,57.5332152277,74.4038371413,363.7055190056,157.8076536941,122.87132039,159.0581279647,43.8511581673,,26.2748947102,26.2842641025
2021-06-22 00:00:00+00:00,207.1941689622,57.5244622663,74.5081172214,365.6356374278,157.8440547445,122.9519916684,160.1683654645,44.085705135,,26.3106299866,26.2805608182
2021-06-23 00:00:00+00:00,207.1097874281,57.3494030385,74.4559771813,365.2421181379,157.9259571078,122.5396718013,161.364005849,44.0699736432,,26.1676374323,26.3434975016
2021-06-24 00:00:00+00:00,208.5117397375,57.8658277606,74.490737208,367.3315181775,159.6372614892,123.455828619,163.3852074512,44.3242362484,,26.382126263700002,26.5772623259
2021-06-25 00:00:00+00:00,209.2922951406,58.1284166023,74.3516971012,368.6900966786,160.8429671891,124.2398754173,163.7457974084,44.5011681469,,26.4714966101,26.7660723762
2021-06-28 00:00:00+00:00,209.5274021898,57.8920866448,74.5515672547,369.4583962447,158.5228971302,123.6901414553,164.0114952716,44.584469239,,26.274881848,26.7930452406
2021-06-29 00:00:00+00:00,209.5368064717,57.874580722,74.5863272814,369.6203950191,157.892641878,123.3927443938,164.2202578784,44.5896814802,,26.2739881445,26.7570814215
2021-06-30 00:00:00+00:00,209.5462107537,57.4894504208,74.6384673215,369.9588407974,158.6233726052,123.8793941307,164.5713586262,44.6591464409,,26.1140152245,26.6357035319
2021-07-01 00:00:00+00:00,210.6841288715,57.5419681891,74.6316022162,372.0459230971,160.1487729982,124.717513122,164.8560349082,44.8443231575,,26.2033855709,26.5053346877
2021-07-02 00:00:00+00:00,211.8502598352,57.6207448416,74.7621531239,374.8757058548,159.3541033324,125.1050305051,165.0363298868,45.1774327576,,26.274881848,26.4873527781
2021-07-06 00:00:00+00:00,211.3894500189,57.1480849265,75.031958333,374.1706104833,156.46771696,123.8072978734,163.2713369384,45.0811484465,,26.1050781898,26.1367055417
2021-07-07 00:00:00+00:00,211.6715784779,57.3318971157,75.1886194223,375.4585846952,156.2484977418,124.2849355781,162.6260706992,45.1948700738,,26.2114289021,26.1367055417
2021-07-08 00:00:00+00:00,209.8847649045,56.4566009765,75.258246573,372.46898032,154.2572565102,123.0412751394,160.7187396097,44.7761849491,,25.8905893584,25.6511939837
2021-07-09 00:00:00+00:00,212.4239210351,57.428179691,75.0232549392,376.3987118572,158.1118610962,124.825657508,164.020984481,45.332852315,,26.3285040559,26.0288140844
2021-07-12 00:00:00+00:00,213.0163907989,57.5507211505,74.9971447577,377.7618962422,158.7969211529,125.3573674057,165.7954666388,45.44477335,,26.4168019581,26.046795993899998
2021-07-13 00:00:00+00:00,211.8314512713,57.3844148841,74.7621531239,376.4833233018,155.8191934396,124.4471521571,164.0874089468,45.2368523079,,26.3016929519,25.9973457427
2021-07-14 00:00:00+00:00,211.5399185304,57.4806974594,75.0145515454,377.0003932409,154.841841092,124.3840679319,162.8917685624,45.1990398668,,26.3195670212,26.1007417226
2021-07-15 00:00:00+00:00,210.7969802551,57.183096772,75.1973228161,375.7876292019,154.330329583,124.4020919962,162.5122001864,45.075178061,,26.0961411552,26.20863318
2021-07-16 00:00:00+00:00,209.1418266292,56.7454487025,75.1276956653,372.8638337281,151.9554547196,123.455828619,160.6997611909,44.7499342068,,25.8877295073,25.9838593105
2021-07-19 00:00:00+00:00,206.1700735281,55.7826229494,75.5541619637,367.2888796573,148.5758251063,121.2118326101,158.4887754007,44.0481769979,,25.3722413492,25.5612844359
2021-07-20 00:00:00+00:00,209.734296393,56.1064825209,75.4758314191,372.4783815916,152.8780022627,123.1674435897,162.1516102292,44.8157979826,,25.5867301806,25.6691758932
2021-07-21 00:00:00+00:00,211.6151527861,56.824225355,75.2321363915,375.6090050411,155.3350843328,124.3480198032,164.9319485834,45.2036835,,25.9888967395,25.7411035315
2021-07-22 00:00:00+00:00,211.7938341434,56.8942490461,75.3975008745,376.4081131289,153.2250993581,123.9424783559,164.3815744382,45.2800665263,,26.0067708087,25.8310130793
2021-07-23 00:00:00+00:00,213.9097975857,56.9555197759,75.3104669361,380.1686217769,154.2115858398,124.5372724787,165.9283155704,45.7488839351,,26.1765744669,25.5702753907
2021-07-26 00:00:00+00:00,214.3423945561,56.7191898183,75.2669499669,381.1369527538,155.0793285783,124.9247898618,166.583071019,45.8308582749,,26.2394018205,25.2016462447
2021-07-27 00:00:00+00:00,213.1856678743,56.220271019,75.4584246314,379.4447238622,154.3029271807,125.0239222156,164.8939917458,45.5556519366,,26.1587003977,24.7071437319
2021-07-28 00:00:00+00:00,213.5148177431,56.824225355,75.5280517822,379.2378958865,155.1980723215,124.7265251541,166.0326968738,45.6679520437,,26.2659448134,25.2645829282
2021-07-29 00:00:00+00:00,214.4552459397,57.1743438107,75.3975008745,380.8737171485,156.769143385,125.7088366601,167.0765099078,45.877199838,,26.4536225409,25.3814653403
2021-07-30 00:00:00+00:00,213.1856678743,56.8417312778,75.5106449945,379.0122653677,156.0110102555,125.1320666015,166.0896321302,45.6213261764,,26.3016929519,25.1387095613
2021-08-02 00:00:00+00:00,212.8847308514,57.0780612353,75.6900219416,378.2413610948,155.1249992488,124.9968861191,165.9567831986,45.5343291315,,26.4178744023,25.3095377021
2021-08-03 00:00:00+00:00,214.4082245298,57.4544385752,75.7074560132,381.2967743714,156.4494486918,126.3126428151,167.8736034974,45.8862028002,,26.6055521298,25.4999661243
2021-08-04 00:00:00+00:00,213.4489877694,57.4019208068,75.7074560132,379.472927677,154.0745738284,124.9608379904,167.5509703778,45.7256657695,,26.5072447487,25.5936518731
2021-08-05 00:00:00+00:00,214.9724814478,57.5682270733,75.533115297,381.8420481253,156.3033025464,125.5466200811,169.5911503989,45.9711149486,,26.6413002683,25.5433025263
2021-08-06 00:00:00+00:00,215.2358013428,57.2968852701,75.1757168288,382.5001371387,157.4542034417,126.3306668794,170.5210929201,46.0320507873,,26.5519299219,25.3185286569
2021-08-09 00:00:00+00:00,215.1511628051,57.3056382315,75.0362442558,382.1334875456,156.66866791,126.2495585899,171.9824311677,46.0193518722,,26.5072447487,25.435411069
2021-08-10 00:00:00+00:00,215.2922270346,57.4106737682,74.9229227903,382.6129523982,158.2032024371,127.240882128,172.5517837317,46.0667358836,,26.5868737274,25.3904562951
2021-08-11 00:00:00+00:00,215.715419723,57.7607922239,74.9752250052,383.534277017,159.9386879141,128.0339409585,172.4284240095,46.1520271041,,26.7932298573,25.4893567977
2021-08-12 00:00:00+00:00,216.3172937688,57.5682270733,74.983942041,384.6530283398,159.6007249528,128.1601094088,172.7131002915,46.2847023361,,26.748544684,25.322484677
2021-08-13 00:00:00+00:00,216.4395494344,57.7607922239,75.2803212585,385.414531341,158.9704697006,128.1330733123,171.8875390737,46.338341037,,26.8826002037,25.2466010186
2021-08-16 00:00:00+00:00,216.5241879721,57.3756619227,75.350057545,386.3358559598,157.9565808166,128.4034342772,170.5021145013,46.4268543703,,26.7664187533,25.0757728778
2021-08-17 00:00:00+00:00,214.916055756,56.6754250113,75.2716042227,383.7881113507,155.855729976,127.9257965725,168.4049992238,46.0714742847,,26.4804336448,24.6172341841
2021-08-18 00:00:00+00:00,212.7718794678,56.5616365132,75.2541701511,379.6609531094,154.2755247784,126.3577029759,167.1429343736,45.573942165,,26.3910632984,24.6262251389
2021-08-19 00:00:00+00:00,212.6120066744,55.8964114475,75.4197938315,380.1968255918,152.4486979604,125.9701855928,165.5013011474,45.5704357482,,26.0872041205,24.2396140834
2021-08-20 00:00:00+00:00,214.5210759134,56.0452117911,75.4023597599,383.2052325103,154.2846589125,126.5739917478,166.7064307412,45.9909214654,,26.1944485362,24.2306231286
2021-08-23 00:00:00+00:00,216.5994222278,56.6491661272,75.4197938315,386.5990915651,156.166290535,127.2138460315,169.9232727279,46.4079007657,,26.4706029067,24.5902613198
2021-08-24 00:00:00+00:00,217.3705733489,57.1655908493,75.2716042227,387.2101742205,157.7373615985,127.4932190286,171.2612512533,46.5595296022,,26.5519299219,25.1139844356
2021-08-25 00:00:00+00:00,217.9912559587,57.2181086176,75.1495657214,387.9246708636,158.6964456779,128.0339409585,172.6656542445,46.6827280318,,26.5778473224,25.1207276517
2021-08-26 00:00:00+00:00,216.533592254,56.8329783164,75.1582827572,385.6589644031,157.0705698099,127.2769302567,171.6123520011,46.4079007657,,26.4268114369,24.9319176014
2021-08-27 00:00:00+00:00,218.8658541814,57.4544385752,75.3762086525,389.0810272729,160.4501994232,128.1871455052,173.9846543511,46.8627872751,,26.7038595108,25.2466010186
2021-08-30 00:00:00+00:00,219.6934309944,57.471944498,75.4633790106,390.8672688807,159.2810302597,127.8627123473,173.4722370435,47.0333697162,,26.7038595108,25.3365105664
2021-08-31 00:00:00+00:00,219.2796425879,57.67326261,75.3674916166,390.1997785957,159.2627619915,127.7455559292,172.9313521077,46.9386016934,,26.6770484069,25.6691758932
2021-09-01 00:00:00+00:00,219.6652181485,58.1809343707,75.3805924498,390.613434547,159.5733225506,127.4481588678,172.7415679197,46.9386016934,,26.873663169,25.9299135818
2021-09-02 00:00:00+00:00,220.4081564238,58.3384876758,75.48536047260001,391.7791922279,160.5141383618,128.3673861485,173.5291722999,47.0753519503,,27.0613408965,25.8040402149
2021-09-03 00:00:00+00:00,220.3329221681,58.6448413245,75.3282084383,391.6287718819,159.7742735005,127.8627123473,173.7474241161,47.0997073321,,27.1743943847,25.9838593105
2021-09-07 00:00:00+00:00,219.3830896895,58.6273354017,75.109941724,390.1809760524,158.2671413757,126.6010278443,173.7758917443,46.9101712865,,27.1149631044,26.0198231296
2021-09-08 00:00:00+00:00,218.8658541814,58.032134027,75.232171084,389.8049251876,157.3628621008,126.5199195548,172.2291506121,46.8059264615,,26.9451594462,25.6511939837
2021-09-09 00:00:00+00:00,218.1041073422,57.9796162587,75.5028218098,388.0562886663,157.0888380781,125.8980893355,172.8933952701,46.637902757,,26.9451594462,25.6601849385
2021-09-10 00:00:00+00:00,216.3737194606,57.874580722,75.3194777698,385.0572830194,155.3807550033,125.0870064407,171.7452009327,46.2562719292,,26.8557890998,25.6257495817
2021-09-13 00:00:00+00:00,216.8627421228,58.2509580618,75.4329764612,385.959805095,156.8604847259,125.9161133998,172.1342585181,46.3794703589,23.9273618039,27.0613408965,25.759085441
2021-09-14 00:00:00+00:00,215.5555469296,57.9533573745,75.6163205012,383.9573342399,154.8235728238,124.5102363822,170.8247476209,46.0951662904,23.8108552833,26.9451594462,25.516329662
2021-09-15 00:00:00+00:00,217.3329562211,58.0934047568,75.5464751526,387.1631678624,156.8422164577,125.7719208852,173.1116470863,46.4837151839,23.7849160957,27.0613408965,25.5522934811
2021-09-16 00:00:00+00:00,217.1354662998,57.8133099922,75.4067844555,386.4956775773,156.3124366805,125.2402109875,173.1306255051,46.4552847771,23.7230137632,26.998781654,25.273573883
2021-09-17 00:00:00+00:00,215.3956741362,57.1918497334,75.3107471012,382.7069651144,155.3442184669,124.3930799641,171.7831577703,46.0667358836,23.4507841875,26.650237303,25.1207276517
2021-09-20 00:00:00+00:00,211.6621741959,55.9983834477,75.5202831469,376.455119487,152.5765758377,122.5366013382,167.2093588394,45.2801612944,22.9006975513,26.149763363,24.4284241338
2021-09-21 00:00:00+00:00,211.643365632,56.5000979803,75.5028218098,376.0884698938,152.101600865,122.2211802125,167.2188480488,45.265123504499996,23.0386008242,26.386010299,24.6348699419
2021-09-22 00:00:00+00:00,213.7781376382,56.9490004568,75.5813978269,379.7173607392,154.330329583,123.2485518792,170.0371432407,45.6737735802,23.2506124882,26.5386343803,24.9791601434
2021-09-23 00:00:00+00:00,216.3831237426,57.5211310642,75.1797870726,384.3051812898,157.2167159554,124.9247898618,173.5386615093,46.2629899685,23.4626241522,26.843882543,25.2147271233
2021-09-24 00:00:00+00:00,216.6409891541,56.9754064849,75.0226350383,384.94446776,157.236445685,125.0829510262,173.884158879,46.2915004389,23.3036154042,26.637391138799998,24.9157382642
2021-09-27 00:00:00+00:00,216.1692921737,57.0634265783,74.9353283526,383.853920252,159.7855319866,125.6177647164,174.3309663508,46.2344794981,23.3654521396,26.6194353646,25.0244614857
2021-09-28 00:00:00+00:00,211.6410011619,55.9631754103,74.6122936154,376.18248261,157.7866081961,124.2399396163,170.0530224715,45.2746269946,22.9237611728,26.0538284749,24.6892315527
2021-09-29 00:00:00+00:00,211.782510256,55.725521158,74.621024284,376.7732585186,158.0341813262,124.74755939,168.7696393078,45.2765276927,22.8177553408,26.0717842491,24.5533275258
2021-09-30 00:00:00+00:00,209.4900629313,55.6815111113,74.6035629469,372.0006337549,155.2008443938,122.7080156564,166.9348767106,44.8184594682,22.8619244375,25.9550717163,24.6892315527
2021-10-01 00:00:00+00:00,212.3768484513,55.8399472795,74.856929568,376.4525683171,158.1167057028,124.1492932282,168.6270411784,45.3126409552,22.8530906182,26.0538284749,24.7526534319
2021-10-04 00:00:00+00:00,209.1787429243,55.2590146628,74.8044658865,371.8214245246,157.8966406984,123.6688673709,166.3264580256,44.7139210768,22.6057436768,25.802447635,24.3540016197
2021-10-05 00:00:00+00:00,211.1315684231,55.5934910178,74.6208430012,375.433905324,158.4009563336,124.6750422795,168.6508075333,45.1700886032,22.8230556324,25.999961152,24.5986288681
2021-10-06 00:00:00+00:00,212.0089248066,55.2678166721,74.6558187889,377.1033807849,157.7866081961,124.9016582499,168.5319757589,45.3411514256,22.6234113155,25.8383591835,24.4627248412
2021-10-07 00:00:00+00:00,214.0466557619,55.9015613449,74.4459640629,380.348011059,159.70300761,125.9078331585,170.4713103175,45.7878154618,22.8619244375,26.0089390392,24.8794971903
2021-10-08 00:00:00+00:00,213.5749587815,55.9719774196,74.2623411776,379.631174138,159.3637407281,126.034738102,170.1766075169,45.6927805605,22.8840089858,26.0403616442,24.9157382642
2021-10-11 00:00:00+00:00,212.0372266254,55.8047392421,74.1486698676,376.8675791661,158.5476663366,125.0829510262,168.7886523917,45.3411514256,22.8177553408,25.9820053778,24.852316385
2021-10-12 00:00:00+00:00,211.8862835917,55.7695312047,74.4197322221,376.1130139861,159.0978288477,124.7113008348,168.9502636049,45.3163473163,22.7912538828,26.0179169263,24.7707739688
2021-10-13 00:00:00+00:00,212.8485454317,56.4032758775,74.6208430012,377.3203182741,159.2353694755,124.847270417,169.6822673353,45.4361863269,23.0120993662,26.2513419919,25.0878833649
2021-10-14 00:00:00+00:00,216.3862727847,56.8785843821,74.752002205,383.6586657864,161.628576399,126.8324263178,172.8954785157,46.2344794981,23.2241110302,26.5386343803,25.1985998455
2021-10-15 00:00:00+00:00,217.6692885713,57.3714969054,74.5683793197,386.6486303122,161.6835926501,127.7026316442,174.8633327002,46.5575981626,23.4449565136,26.7181921231,25.4231132979
2021-10-18 00:00:00+00:00,218.4617394984,57.1954567185,74.5246595851,387.827638406,161.977012656,127.2493997033,176.1847420318,46.7001505146,23.3831197782,26.583523816,25.4140530295
2021-10-19 00:00:00+00:00,220.0560752921,57.6531612044,74.3148048591,390.8458991262,162.1695695349,128.3824795554,177.0403308077,47.0612831397,23.5421285262,26.7630815588,25.6496200094
2021-10-20 00:00:00+00:00,220.9145637964,57.8027953632,74.2273653899,392.364461551,163.8750733195,129.6787229061,177.2589812726,47.2323459621,23.4979594296,26.843882543,25.622439204
2021-10-21 00:00:00+00:00,221.5183359313,57.4595169988,74.1224380269,393.3265321555,163.5999920639,129.388654464,177.6582560347,47.3939052943,23.4096212362,26.7092142359,25.4231132979
2021-10-22 00:00:00+00:00,221.093808649,57.6355571857,74.2798290714,392.930385436,164.0034445721,129.8781449601,177.582203699,47.3083738831,23.4272888749,26.8349046559,25.3959324925
2021-10-25 00:00:00+00:00,222.4522959525,57.6971712511,74.3148048591,394.9677114221,165.1679552207,130.0866316529,180.5292317047,47.5079471759,23.5200439779,26.8169488816,25.522776251
2021-10-26 00:00:00+00:00,222.367390496,57.6531612044,74.4634519567,395.3449940121,163.8200570684,130.1319548469,180.2535419881,47.5459611365,23.5244608876,26.8528604302,25.4231132979
2021-10-27 00:00:00+00:00,220.8485262192,57.3450908773,74.7345143112,393.6283582275,160.3540332481,128.4096734718,178.0480242548,47.2703599226,23.3831197782,26.7092142359,25.2509681972
2021-10-28 00:00:00+00:00,223.2070111211,57.7675873259,74.6383308951,397.4766406457,162.9031195498,129.588076518,180.9475195507,47.7360309391,23.5156270682,26.9965066244,25.2419079287
2021-10-29 00:00:00+00:00,223.499463249,57.2834768119,74.6558187889,398.184045502,162.270432662,129.388654464,181.2707419771,47.8310658405,23.2506124882,26.8259267687,24.951979338
2021-11-01 00:00:00+00:00,224.6126681227,57.8380034006,74.5981305991,399.0234992647,165.7364564822,129.8600156824,183.1340242001,48.011632153,23.5597961649,27.0952633829,25.1513052441
2021-11-02 00:00:00+00:00,225.3107796537,57.5475370923,74.738253878,400.5703578838,166.0940621144,130.476411122,183.1055045742,48.1921984655,23.3831197782,26.9965066244,24.951979338
2021-11-03 00:00:00+00:00,226.9051154474,57.9260234941,74.606888304,402.9849664599,168.5697934146,131.1743883108,184.189250357,48.5153171301,23.5332947069,27.2209538028,25.069762828
2021-11-04 00:00:00+00:00,227.7636039517,57.8644094286,74.9484387963,404.87137941,167.5886702697,130.6486392595,183.4952727944,48.724393913,23.6127990809,27.1760643671,24.9882204119
2021-11-05 00:00:00+00:00,228.6409603352,57.9876375595,75.1761391245,406.2484608635,170.2019421976,131.3284871707,183.2576092455,48.9239672058,23.5421285262,27.22993169,24.9830560588
2021-11-08 00:00:00+00:00,229.0183179195,58.1724797557,75.0097427308,406.7389282305,170.2936359495,131.5732324187,183.7614559691,48.9619811663,23.6923034549,27.2927768999,25.1966065864
2021-11-09 00:00:00+00:00,228.357942147,57.9964395688,75.2199276492,405.3146864532,169.9360303172,131.509779947,180.9760391766,48.8289323045,23.6393005389,27.2119759157,25.1241244387
2021-11-10 00:00:00+00:00,226.1126645203,57.4155069521,74.7119807632,402.0511920496,168.2305265327,131.2922286154,179.0842373277,48.3822682682,23.4007874169,26.8797940916,25.0244614857
2021-11-11 00:00:00+00:00,226.3862487689,57.7939933539,74.5893728942,402.1832409561,169.3858678061,131.3828750036,179.5880840513,48.4297857189,23.5421285262,26.9875287372,25.4140530295
2021-11-12 00:00:00+00:00,228.0654900191,58.128469709,74.5981305991,405.173205482,169.6059328106,131.7273312786,180.3866335754,48.7814148538,23.6923034549,27.1311749314,25.4502941033
2021-11-15 00:00:00+00:00,228.0654900191,58.0052415781,74.2916109265,405.361846777,170.1285871961,131.7998483891,179.8352541421,48.7434008933,23.5597961649,27.0593518343,25.3959324925
2021-11-16 00:00:00+00:00,229.0466197384,57.8820134473,74.239064697,406.908705396,169.8810140661,131.5822970575,180.7668952536,48.9904916367,23.5244608876,26.9875287372,25.4140530295
2021-11-17 00:00:00+00:00,228.1032257776,57.7499833072,74.3967033857,405.927770662,168.3497284101,130.9930955345,179.3884466703,48.8479392847,23.4537903329,26.9336614144,25.3325106133
2021-11-18 00:00:00+00:00,228.4617154827,57.591547139,74.484280435,407.3331483098,168.1938490319,130.5036050384,179.3409139605,48.9619811663,23.4096212362,26.9426393015,25.0154012172
2021-11-19 00:00:00+00:00,227.8107736497,57.2218627465,74.6419191238,406.569151065,166.4883452474,129.2526848818,178.1621027582,48.866946265,23.2417786689,26.6912584617,25.0244614857
2021-11-22 00:00:00+00:00,226.7164366552,56.8609803634,74.2740955167,405.4938956835,167.6711946464,130.03224382,178.618416772,48.6863799525,23.1622742949,26.5745459289,24.8794971903
2021-11-23 00:00:00+00:00,226.7919081721,56.825772326,73.976333549,406.0220913095,168.2121877823,131.1471943944,178.6564429398,48.724393913,23.1711081142,26.5565901546,24.8976177273
2021-11-24 00:00:00+00:00,227.5560572803,56.5969200831,74.1514876476,407.0218901731,167.8912596508,131.0837419226,179.4740055479,48.8099253242,23.0386008242,26.4039660732,24.9066779957
2021-11-26 00:00:00+00:00,222.631540805,54.9773503638,74.6769499435,398.1651813724,161.977012656,128.3280917225,175.9185588571,47.7550379194,22.3760643741,25.6677793279,24.1093743713
2021-11-29 00:00:00+00:00,224.725875398,55.215004616,74.6681922386,402.9755343951,161.8027945275,128.6090955258,178.618416772,48.2872333669,22.4820702061,25.7844918607,24.1727962505
2021-11-30 00:00:00+00:00,220.2353201446,54.8453202236,74.8083155174,395.2601054293,157.3648169376,125.4546012177,174.1123158858,47.3939052943,22.3407290968,25.542088908,24.1274949082
2021-12-01 00:00:00+00:00,217.1315540137,54.5812599433,74.8564154602,390.7138502197,154.7056981337,124.702236196,170.3857514399,46.7761784357,22.2788923614,25.3822825169,24.1909167874
2021-12-02 00:00:00+00:00,220.659847427,55.3030247095,74.8651870111,396.6749151419,159.4004182288,127.1315593987,173.2377140261,47.4794367055,22.5439069415,25.6947129893,24.5080261835
2021-12-03 00:00:00+00:00,218.1032497933,54.906934289,75.1546481911,393.1661870548,157.5573738165,127.068106927,169.4826299543,47.013765689,22.4732363868,25.6139120051,24.3358810828
2021-12-06 00:00:00+00:00,220.9051298568,55.443856859,74.9529025202,397.8633553004,160.8858570089,128.7813236633,169.0073028566,47.5649681167,22.6675804121,25.8742707321,24.4899056466
2021-12-07 00:00:00+00:00,225.6315336003,56.5088999896,74.786243053,406.040955439,163.4166045602,130.2044719575,174.7207345709,48.5723380709,23.0562684629,26.4308997347,24.8613766534
2021-12-08 00:00:00+00:00,226.6032293799,56.6409301298,74.5581827293,407.1822352738,163.9392589458,130.0141145423,174.8823457841,48.7529043834,23.1446066562,26.4398776218,24.9882204119
2021-12-09 00:00:00+00:00,224.4428572097,56.2184336813,74.593268933,404.4092082372,161.8027945275,129.7874985719,172.0018635721,48.3347508175,22.9855979082,26.2244083305,24.8885574588
2021-12-10 00:00:00+00:00,225.9711554262,56.3064537747,74.6195835857,408.2669227201,162.0503676575,130.8752552299,173.8271196272,48.7529043834,22.9944317275,26.260319879,24.8976177273
2021-12-13 00:00:00+00:00,223.9145565917,55.6198970459,74.8739585621,404.645009856,159.5838057325,130.3313769009,171.1034193051,48.296736857,22.7117495088,25.9820053778,24.5533275258
2021-12-14 00:00:00+00:00,222.2353153415,55.3998468123,74.7511568493,401.8908469488,159.2170307251,130.376700095,169.0544477583,47.9165972517,22.6057436768,25.8383591835,24.498965915
2021-12-15 00:00:00+00:00,225.6598354191,55.8575512982,74.6546697893,408.1726020726,160.5282513767,131.6004263352,172.7711868432,48.7053869327,22.7912538828,26.1705410077,24.5261467204
2021-12-16 00:00:00+00:00,223.1315396042,55.9279673729,74.7511568493,404.4846647552,159.308724477,132.5159548556,170.0360480807,48.1996938682,22.8032625768,26.2058321842,24.5435696167
2021-12-17 00:00:00+00:00,222.1126741266,55.3382327469,74.882730113,400.2873959413,158.6118519629,130.5579928713,168.1681484381,47.7989838242,22.6070671225,25.8444970283,24.3704709445
2021-12-20 00:00:00+00:00,218.9900401164,54.9696045955,74.7599284002,395.9580782209,155.6226356523,129.2798787982,165.404419375,47.2456223348,22.446543569,25.7722299971,24.0971572517
2021-12-21 00:00:00+00:00,223.282482638,55.7024135009,74.680984442,402.9594055644,160.0697826174,130.7846088417,169.1973992616,48.1519902915,22.7408367504,26.0974316374,24.4433545959
2021-12-22 00:00:00+00:00,225.4900245062,56.2028683631,74.7599284002,407.0297982068,161.6560845245,131.5369738635,171.2082504075,48.6099446276,22.94595018,26.3593996255,24.6164532681
2021-12-23 00:00:00+00:00,227.0466245415,56.5156526519,74.6466446974,409.538295998,162.8572726738,132.3165328017,172.6854159412,48.9343289489,23.1064737335,26.5220004457,24.7895519402
2021-12-27 00:00:00+00:00,230.0175608028,56.9267405745,74.6818429266,415.3788361383,164.7756893502,133.6790386621,175.7826985119,49.592638307,23.2580793118,26.7297681603,24.9262087866
2021-12-28 00:00:00+00:00,229.5441957205,56.8641837167,74.6730433693,415.0664571681,164.9049107064,134.0164968344,174.3531834793,49.535394015,23.2580793118,26.7478349181,24.8715460481
2021-12-29 00:00:00+00:00,229.6767379435,56.8105635529,74.4266557645,415.5681567263,165.4494864218,134.2901115686,174.515195183,49.592638307,23.2491613366,26.7749350548,24.7895519402
2021-12-30 00:00:00+00:00,229.3075131793,56.8909937986,74.5938473535,414.3943690806,164.932600997,134.1168222369,173.7909075664,49.4686090076,23.2848332374,26.6936346447,24.9899819816
2021-12-31 00:00:00+00:00,228.5785309525,56.8105635529,74.5762482389,413.2584455525,165.080282547,134.1715451838,173.2762821547,49.3254982776,23.2848332374,26.7117014025,24.9262087866
2022-01-03 00:00:00+00:00,230.0270281044,57.1769680056,74.074673472,415.795341432,166.4001863996,134.7278951434,173.6479560632,49.621260453,23.4275208406,26.8291353282,25.0355342638
2022-01-04 00:00:00+00:00,229.5915322287,57.2484615573,74.0658739146,415.6249529027,168.52310868,136.2692581464,173.0475597495,49.535394015,23.5167005925,27.027869664,25.0173133509
2022-01-05 00:00:00+00:00,224.6117315627,56.6765131434,73.8106867525,407.6640221766,165.218734,135.4210524702,167.243728717,48.5908631969,23.311587163,26.8020351915,24.657450322
2022-01-06 00:00:00+00:00,224.5549277528,56.5156526519,73.7314907367,407.1149924714,166.5755582402,135.6581852399,167.8345949305,48.5622410509,23.2759152622,26.6755678869,24.7713310274
2022-01-07 00:00:00+00:00,223.532459175,56.765880083,73.5291009185,405.7045540907,166.086363106,136.2783786375,166.2907186953,48.3141824522,23.3918489398,26.7930018126,24.9353192431
2022-01-10 00:00:00+00:00,223.1442998075,56.3458554666,73.4675040173,405.1744564442,165.2464242907,136.1598122527,166.8720548085,48.2569381602,23.2491613366,26.5581339612,24.9262087866
2022-01-11 00:00:00+00:00,225.3691156944,57.1501579237,73.6170964916,408.7242174695,166.8432310494,137.0901023491,168.7494845514,48.7148924962,23.5612904685,26.8833356016,25.4363943466
2022-01-12 00:00:00+00:00,225.7194058553,57.8204099712,73.5906978197,409.9453352622,166.5109475621,137.1083433314,169.435651767,48.7816775036,23.8288297244,27.1724037263,25.7917021473
2022-01-13 00:00:00+00:00,222.4153175807,57.319955109,73.7138916221,404.2941157099,166.8063106619,136.825608106,164.7087220592,48.1710717222,23.6593881957,27.0007695273,25.509277998
2022-01-14 00:00:00+00:00,222.5005232955,57.2663349452,73.3091119856,404.4171740921,166.9170718244,136.634077792,164.0606752444,48.1806124375,23.6683061709,26.9736693906,25.5366093673
2022-01-18 00:00:00+00:00,218.1739664431,56.4173490183,72.8515350053,397.3271180709,163.6126971444,134.7826180903,159.8007204471,47.2742444808,23.3294231134,26.6033008557,25.1357492845
2022-01-19 00:00:00+00:00,215.8828794446,56.4620324881,73.0275261516,393.1525991051,161.1667214734,133.5969542419,157.9804713056,46.7876679987,23.356177039,26.5852340979,25.2724061309
2022-01-20 00:00:00+00:00,213.3645772066,56.3011719967,73.1067221674,388.826623669,158.0284885371,132.4295313757,156.2364629658,46.2343065094,23.2759152622,26.3955331411,25.3544002387
2022-01-21 00:00:00+00:00,209.1421606723,55.4879328457,73.3795084441,381.1875379425,155.4902118975,130.8881683728,152.4720733799,45.3279385526,22.9281142296,26.0612981218,24.9717610688
2022-01-24 00:00:00+00:00,210.4865175061,54.84449088,73.265114199,382.7778308818,157.7977361153,130.9976142665,153.2821318984,45.5282935746,22.6427390233,25.7722299971,24.5526800731
2022-01-25 00:00:00+00:00,207.5421866941,54.6389469187,73.1683190686,378.13001044600003,156.6993545876,130.8790478817,150.8710165433,44.9081470779,22.5535592713,25.6818962081,24.6073428116
2022-01-26 00:00:00+00:00,206.7374660541,54.290415854,72.7635394321,377.2780677999,155.0563973445,130.2223725195,151.033028247,44.7650363479,22.4376255938,25.600595798,24.3613604881
2022-01-27 00:00:00+00:00,205.2037631874,53.9061380134,73.0011274796,375.365929861,152.868864386,130.0034807321,149.1555985042,44.5551406105,22.2860200154,25.4379949778,24.0698258824
2022-01-28 00:00:00+00:00,210.2593022666,54.1653021384,73.0891230528,384.5669104386,154.9917866664,131.5995666819,153.0534094931,45.6046192973,22.3751997674,25.5463955246,24.2247036417
2022-01-31 00:00:00+00:00,214.7278686437,55.2019586387,73.0363257089,391.6001702834,157.7977361153,132.7305075834,157.6278575975,46.5586908307,22.8032625768,25.9438641962,24.9262087866
2022-02-01 00:00:00+00:00,216.3657118286,55.675603419,73.0068806302,394.1559982216,159.5329943272,133.6243157153,159.443341689,46.8830751521,22.9816220807,26.2058321842,25.0537551766
2022-02-02 00:00:00+00:00,217.7952743772,55.9615776259,73.1126493816,397.9140118938,159.6345253928,134.8191000548,160.6965498676,47.2933259115,23.1421456343,26.4407000356,25.0993074588
2022-02-03 00:00:00+00:00,212.6166603766,55.2108953327,72.8041571901,388.6657011691,157.4285322405,133.6607976799,156.9321602817,46.138899356,22.8656884032,26.0703315007,24.8351042223
2022-02-04 00:00:00+00:00,214.0272883219,55.3002622723,72.3546399968,390.4926448435,157.3639215624,133.4966288393,158.9716017282,46.425120816,22.901360304,26.0974316374,24.8806565045
2022-02-07 00:00:00+00:00,213.487652128,55.380692518000004,72.4163384351,389.205264845,157.6408244685,133.7520025913,158.5808676193,46.25338794,22.94595018,26.1606652897,24.8715460481
2022-02-08 00:00:00+00:00,215.4473835689,55.7024135009,72.1783587445,392.3574526355,160.2067913988,134.636690232,159.6577689439,46.7018015607,23.0975557583,26.2961659732,25.0901970023
2022-02-09 00:00:00+00:00,218.9502851781,56.6139562856,72.2312431202,398.1127985112,162.6066165854,135.9409204653,163.5460498326,47.4459773568,23.4542747661,26.7207347814,25.445504803
2022-02-10 00:00:00+00:00,215.2391029326,55.9705143199,71.5701884241,391.117402784,160.7052166299,134.0073763432,160.4868876628,46.5873129767,23.2402433614,26.40456652,25.2815165873
2022-02-11 00:00:00+00:00,211.0640229065,55.2019586387,72.0373337427,383.3173945577,159.3207020991,132.6849051277,155.8457288569,45.709567166,22.972704105600002,26.0793648796,24.9899819816
2022-02-14 00:00:00+00:00,210.2877041715,54.8713009619,71.6318868624,382.0678786768,158.1577098933,131.5904461907,154.6497012796,45.5746614512,22.812180552,25.9077306806,24.7622205709
2022-02-15 00:00:00+00:00,214.0272883219,55.8722106863,71.482047798,388.2018657285,161.702067092,132.9220378974,158.2759044123,46.3297136627,23.1688995599,26.314232731,25.2450747616
2022-02-16 00:00:00+00:00,214.2261016565,56.1224381174,71.5790024867,388.6657011691,162.7450680385,133.2412550873,158.3997957152,46.39649867,23.2759152622,26.4135998989,25.381731608
2022-02-17 00:00:00+00:00,209.3599086102,55.3449457422,71.7376556138,380.4018575022,159.6252952959,131.4262773502,153.0248191925,45.3470199833,22.9905400559,26.0341979851,25.1357492845
2022-02-18 00:00:00+00:00,207.6841962188,54.9964146774,71.8610524904,377.9690879462,159.1084098711,130.9246503374,151.252220552,45.0035542313,22.8835243536,25.9077306806,24.9899819816
2022-02-22 00:00:00+00:00,205.2984362038,54.3440360178,71.8169821773,373.832433098,156.7270448783,129.9578782764,149.4319714105,44.5074370339,22.6159850977,25.6186625558,24.6802264631
2022-02-23 00:00:00+00:00,201.5209828469,53.8078343797,71.4556056102,367.102086194,154.4287507572,128.4894792026,146.1631470359,43.7060169458,22.4554615442,25.41992822,24.5071277909
2022-02-24 00:00:00+00:00,205.052286361,53.1197089442,71.6142587372,372.7438397169,155.7209643193,128.1064185746,150.2992105303,44.4120298805,22.0898245611,25.0405263063,24.0698258824
2022-02-25 00:00:00+00:00,209.6155257546,54.3261626299,71.6759571755,380.8846250017,160.2529418832,131.927904363,153.2440114975,45.423345706,22.5803131969,25.690929587,24.4980173345
2022-02-28 00:00:00+00:00,209.3883105151,53.6291005004,72.2048009323,379.9285560322,160.3637030456,131.1982650716,153.40602320120001,45.3279385526,22.357363817,25.2844275366,24.3522500317
2022-03-01 00:00:00+00:00,206.1220914471,52.628190776,72.5830141219,374.2300063329,156.8378060407,129.2282389851,151.0044379464,44.6314663332,21.9828088588,24.8146918339,24.1062677081
2022-03-02 00:00:00+00:00,210.0320870271,53.182265802,71.6913959723,381.1023436779,161.3051729265,131.8823019073,154.3495031227,45.480589998,22.2325121643,25.1489268531,24.2793663802
2022-03-03 00:00:00+00:00,208.4321130488,52.3690266509,72.0092004612,379.1902057389,160.6036855643,132.2197600795,152.1099295716,45.1848278226,21.9114650572,24.7243580449,24.060715426
2022-03-04 00:00:00+00:00,206.3493066866,51.1536362713,72.2652096329,376.123212213,158.2869312495,132.1832781149,149.6892841164,44.7364142019,21.4298943966,24.1371884165,23.6507448867
2022-03-07 00:00:00+00:00,199.9872799802,49.5271579692,71.9120935341,365.0195597258,153.0626964203,129.5565766661,143.7520316809,43.3625511938,20.7432103065,23.4325848624,22.8216933518
2022-03-08 00:00:00+00:00,198.8606710842,49.8131321761,71.5766332401,362.2649451702,153.4872808764,128.2797079063,143.0182139641,43.0858704491,20.7610462569,23.5680855459,22.8308038082
2022-03-09 00:00:00+00:00,204.3801079441,51.528977418,71.3824193858,371.9202951591,157.179319625,130.1950110461,148.7553342951,44.2307562892,21.4655662974,24.3901230256,23.3956521067
2022-03-10 00:00:00+00:00,203.4617796844,50.8855354523,71.0028195795,370.2637400139,157.825426406,130.1767700638,148.0310466785,44.0208605518,21.2693708431,24.200422068800002,23.0676756753
2022-03-11 00:00:00+00:00,200.6973276037,50.2778402625,70.9498521646,365.5401913429,156.4409118752,129.2464799673,145.1720166133,43.4293362011,21.0464214632,23.9836209752,22.6759260489
2022-03-14 00:00:00+00:00,198.7186615595,50.2063467107,70.2965873817,362.8707710519,155.45329151,129.4288897902,143.5042490752,43.1144925951,21.0107495624,24.1552551743,22.1839614018
2022-03-15 00:00:00+00:00,202.8653396807,50.5548777755,70.4113501139,370.831701778,157.2716205937,130.9428913197,147.1733376589,44.0399419825,21.1356012151,24.3630228889,22.1292986633
2022-03-16 00:00:00+00:00,207.9398133632,52.7443677976,70.5172849435,379.1239435331,160.8436680829,132.447772358,152.300531576,45.0607985233,21.9649729084,25.1218267164,23.6689657996
2022-03-17 00:00:00+00:00,210.7232000473,53.0124686166,70.5790802608,383.7622979395,162.4589350355,134.1259427281,155.0070800377,45.6427821586,22.0719886107,25.3295944311,23.6416344303
2022-03-18 00:00:00+00:00,213.1846984754,53.6291005004,70.7821220177,388.0030791111,163.2896437539,134.3630754978,158.0281218067,46.224765794,22.3484458418,25.5825290402,24.0516049695
2022-03-21 00:00:00+00:00,212.9858851408,53.2362434335,70.058234015,388.0220111699,163.1235020102,134.8738230017,157.8279897021,46.1579807867,22.1968402635,25.4831618723,23.7236285381
2022-03-22 00:00:00+00:00,215.5988603952,53.8091574372,69.8816759656,392.5278411647,163.9542107286,135.6125827842,160.6965498676,46.6938799048,22.443872635399998,25.711713585200002,24.0676375508
2022-03-23 00:00:00+00:00,212.6717600722,53.2541469962,70.1994804546,387.4729814646,161.7718466243,134.3468410235,158.0185917065,46.1201275406,22.2029244998,25.3766190439,23.8758999223
2022-03-24 00:00:00+00:00,215.7013805546,53.6211700298,70.1112014298,393.2128977124,163.2539524111,135.6306139908,160.7035840346,46.77038022,22.3546325852,25.5668078376,24.0950286405
2022-03-25 00:00:00+00:00,216.6226131151,53.5853629045,69.4932482568,395.2073595384,165.0324793552,137.0427642548,160.6462751784,46.9711935475,22.3367845751,25.6211474929,23.9095909628
2022-03-28 00:00:00+00:00,218.028205063,53.4868933101,69.6962900137,397.9331240339,164.3933212347,136.8685379235,162.6807395707,47.2771948084,22.29216455,25.5305814007,23.9672035549
2022-03-29 00:00:00+00:00,221.3332455893,54.5342517231,70.0052666002,402.9667657852,167.5520591927,137.7304997729,164.9921967675,47.8987598696,22.649124751,26.0015250803,24.2958966322
2022-03-30 00:00:00+00:00,219.5382666828,54.3462643156,70.1641688447,400.4594423469,165.1251109669,137.519594214,163.0627986115,47.5353833723,22.5866567158,25.9019023789,24.2685055425
2022-03-31 00:00:00+00:00,216.2237289136,53.4779415288,70.2171362595,394.3051029981,162.9760575761,135.511406501,160.7226869866,46.8755681534,22.2653925349,25.4943549638,23.9580731917
2022-04-01 00:00:00+00:00,217.0879780168,54.0598073138,70.065329883,395.3973082838,164.0135316268,136.0432553017,160.9805768391,46.9711935475,22.4795686555,25.711713585200002,24.3050269955
2022-04-04 00:00:00+00:00,218.9304431377,54.4984445979,70.118429792,398.7499036389,163.3928998286,135.6856328322,162.7571513788,47.3441325842,22.6402007459,25.8022796774,24.7067629789
2022-04-05 00:00:00+00:00,215.7298722833,53.7554467494,69.4104310057,393.8207336975,160.5027935444,134.9887275072,159.2135537755,46.7321300624,22.3189365651,25.4762417454,24.2958966322
2022-04-06 00:00:00+00:00,213.2510918885,53.0840631513,69.1980313699,389.8318100455,159.1781614975,135.4655574664,156.4627286817,46.1870653164,22.0779884294,25.1683170318,24.0585071875
2022-04-07 00:00:00+00:00,214.0583575343,53.0482560261,69.0564316126,391.7977795597,158.761319245,136.1899722122,157.6948690883,46.3687535651,22.0155203942,25.2226566871,23.8758999223
2022-04-08 00:00:00+00:00,213.3935505319,53.0661595887,68.6847322499,390.848035833,159.0577404023,137.1528019377,156.9116480547,46.2157529346,22.0690644244,25.2317132963,24.0311160977
2022-04-11 00:00:00+00:00,210.060018277,52.4395348972,68.366132796,384.0763630619,158.5482665382,135.9057081981,153.5781829237,45.5081250188,21.8459642988,25.0052980657,23.6567712041
2022-04-12 00:00:00+00:00,209.4142057603,52.1530778954,68.5873824167,382.6707423465,158.7427929227,135.5755951493,152.766307462,45.3742494672,21.7478002435,24.8694489274,23.6111193878
2022-04-13 00:00:00+00:00,212.158908956,52.7707508056,68.6670322802,386.9920763028,161.3827938553,136.2541608606,154.8867351384,45.938439292,21.9887483792,25.1411472041,23.8941606489
2022-04-14 00:00:00+00:00,209.5756588895,52.4216313346,68.1979830843,382.2908448558,160.7899515406,135.7589912875,152.0021893804,45.3742494672,21.8995083289,25.0686943303,23.6293801143
2022-04-18 00:00:00+00:00,209.2147636596,52.2246921458,67.9767334636,382.3573269167,160.6046883173,135.7039724461,152.1263585687,45.3073116914,21.8459642988,24.9509584104,23.5198157552
2022-04-19 00:00:00+00:00,212.8996939015,52.3321135215,67.5519341919,388.4641790791,163.8097420811,137.1436321308,155.0109043267,46.0723148436,21.8905843239,25.0596377211,23.4559032124
2022-04-20 00:00:00+00:00,212.6242738577,52.520100929,67.9767334636,388.1697585239,165.1065846445,138.2806881875,154.6383967619,46.034064686,21.9887483792,25.258883124,23.33720849
2022-04-21 00:00:00+00:00,209.1482829594,51.8397655496,67.6138840857,382.4143115403,162.142373071,136.813519082,151.0756962065,45.3359993096,21.6764082033,24.9509584104,22.9446028699
2022-04-22 00:00:00+00:00,203.4499372244,51.034105232,67.5253842374,371.9766279843,157.8535294506,133.2372943875,146.3668185287,44.0450564902,21.3997640476,24.5162411677,22.7802563312
2022-04-25 00:00:00+00:00,204.5611146427,50.684985761,67.9501835091,374.0090795593,158.2147927361,133.2189547737,147.465238271,44.3223701329,21.2034359371,24.3713354201,22.561127613
2022-04-26 00:00:00+00:00,198.7298075072,49.3869774715,68.1271832057,363.3149651971,154.0926860167,130.8989936257,141.9635880835,43.0314273134,20.6679956356,23.7283161653,22.0589576338
2022-04-27 00:00:00+00:00,199.1191944658,49.7181933798,67.9147835698,364.2552114865,154.0648965332,131.1007293777,141.9062792274,43.1270527075,20.7840077009,23.8460520852,22.2963470785
2022-04-28 00:00:00+00:00,203.9722855834,50.452239447,67.8882336153,373.3822486997,156.9735291397,133.0172190217,145.7555240634,44.1693695024,21.0874238718,24.1902032356,22.5793883396
2022-04-29 00:00:00+00:00,196.4789609419,50.0046503817,67.4280344043,359.6679492867,152.6476328746,129.0191832094,140.3398371602,42.6011130403,20.9089437713,23.8641653036,22.6067794293
2022-05-02 00:00:00+00:00,197.960530833,49.8524700994,67.0836160047,361.9283393562,153.2312120282,129.0742020509,142.2119264601,42.8975517618,20.8553997411,23.8098256483,22.5702579763
2022-05-03 00:00:00+00:00,198.9007578793,50.2821556022,67.2432122363,363.4954165052,155.602581287,130.1745788799,143.3103462023,43.0696774711,21.0428038466,24.0181276604,22.7528652415
2022-05-04 00:00:00+00:00,204.7320650148,51.0072498881,67.6776686445,374.5219411717,159.7802669734,133.6499356984,148.0192238801,44.4084329875,21.3729920325,24.4166184662,23.0450368658
2022-05-05 00:00:00+00:00,197.1817569159,49.3780256902,67.0038178889,361.3679905575,154.6762651703,130.7339371014,141.6674923269,42.7732387496,20.6947676507,23.7011463376,22.2233041724
2022-05-06 00:00:00+00:00,195.595717353,48.8677741557,66.720091255,359.0981030507,153.0644751272,130.669748453,140.0723958316,42.4863625675,20.5162875502,23.4928443254,21.9767843645
2022-05-09 00:00:00+00:00,188.6627300421,47.3728266774,67.0215508036,347.5112295855,148.0067891299,127.5886933316,133.3672596656,41.1189194329,19.8916071985,22.777372196800002,21.3467892996
2022-05-10 00:00:00+00:00,189.0426197578,47.6145247727,67.2166128644,348.4039886885,146.8581571451,127.2035614414,134.1695836513,41.2432324451,19.9273032186,22.8769948983,21.4107018424
2022-05-11 00:00:00+00:00,185.6236123168,47.3549231148,67.4471407544,342.791003264,144.5701563368,126.5525051509,130.9602877086,40.5069169111,19.8380631684,22.7320891507,21.218964214
2022-05-12 00:00:00+00:00,185.8230544175,47.1758874886,67.5801376141,342.5250750205,145.5983672264,126.7725805167,131.113111325,40.5356045293,19.7398991131,22.704919323,21.0911391283
2022-05-13 00:00:00+00:00,190.7996096927,48.4470404342,67.3318768094,350.6073941344,149.1646842758,128.459824988,135.9748126191,41.4918584696,20.2574914045,23.2845423133,21.6389609239
2022-05-16 00:00:00+00:00,189.8593826465,48.4380886529,67.4382742971,349.3537324152,149.0998421476,128.8816361058,134.2268925074,41.3101702209,20.2842634196,23.3479385779,21.5476572913
2022-05-17 00:00:00+00:00,193.9147053612,49.431736378,67.0392837182,356.3438462434,153.6295279584,130.9265030465,137.4266369741,42.1707987672,20.6412236205,23.7917124298,22.0589576338
2022-05-18 00:00:00+00:00,186.3264082908,48.294860152,67.3230103521,342.2306544652,148.1735260309,126.5708447647,131.0844568969,40.4877918323,20.2396433945,23.2483158764,21.5841787443
2022-05-19 00:00:00+00:00,185.5001481592,48.8230152491,67.4648736691,339.941772084,147.4973152657,125.4521283218,131.1704201811,40.3061035836,20.4805915301,23.474731107,21.8672200053
2022-05-20 00:00:00+00:00,185.5001481592,49.1005204696,67.6688021872,340.0272490194,146.8859466286,125.6997131084,130.8934273765,40.267853426,20.5787555854,23.6015236361,21.9585236379
2022-05-23 00:00:00+00:00,188.672227285,49.8077111929,67.4294078398,346.4760089234,148.9886842136,127.955485608,133.8352819906,40.9946064206,20.8643237461,24.000014442,22.1411309031
2022-05-24 00:00:00+00:00,186.7822759496,49.4138328154,67.979128193,343.9781829223,147.5899468773,128.4873344087,131.5142733178,40.6121048445,20.7215396658,23.9547313958,21.7941770993
2022-05-25 00:00:00+00:00,188.8621721428,49.4943988472,68.2539883696,346.8464089768,150.5448952897,129.3768056789,133.5678406621,41.051981657,20.7572356859,23.9637880051,21.839828915600002
2022-05-26 00:00:00+00:00,192.7275499997,50.0852164134,68.1830567111,353.7415484324,153.8518438264,131.1007293777,137.6081150185,41.9221727427,21.0160318316,24.2264296725,22.1867827194
2022-05-27 00:00:00+00:00,197.609132846,50.7207928862,68.3781187719,362.6121548394,157.0383712679,133.191445353,141.3045362382,42.9549269982,21.2212839471,24.4981279492,22.3511292581
2022-05-31 00:00:00+00:00,195.9851043116,50.7655517928,67.9879946503,360.5986981389,155.491423353,132.1277477516,139.4993072704,42.6871758949,21.2480559622,24.3803920293,22.6980830619
2022-06-01 00:00:00+00:00,194.6934792783,50.2732038209,67.6847999361,357.5785130881,154.6206862032,131.0915595708,139.1076967536,42.3620495552,21.1409679019,24.1992598449,22.5337365233
2022-06-02 00:00:00+00:00,198.663326807,51.2758033273,67.7469857347,364.3691807337,157.3255292641,132.2011062068,139.7476456469,43.2035530227,21.5247001179,24.6792601337,22.9172117801
2022-06-03 00:00:00+00:00,195.4912476812,50.4969983536,67.649265194,358.4712721911,155.9638445725,131.1098991847,139.1459026577,42.5150501857,21.2569799672,24.3441655924,22.5337365233
2022-06-06 00:00:00+00:00,196.0705794976,50.7207928862,67.2494993459,359.4495082296,157.1310028796,131.3574839712,139.279623322,42.6776133555,21.3015999923,24.4437882939,22.6159097926
2022-06-07 00:00:00+00:00,198.1979619053,50.8729731685,67.48047516930001,362.9635600183,158.9465824683,132.8429926905,141.5242201866,43.0888025499,21.3819160375,24.5434109954,22.6980830619
2022-06-08 00:00:00+00:00,195.9756070687,50.4611912283,67.2050809183,358.9936312408,156.10279199,131.1098991847,140.2061164959,42.5819879615,21.176663922,24.2173730633,22.7163437884
2022-06-09 00:00:00+00:00,191.2839690802,49.4048810341,67.1162440632,350.5504095108,152.721738164,128.3039382705,137.1332977735,41.6066089424,20.7393876758,23.719259556,22.2324345357
2022-06-10 00:00:00+00:00,185.604617831,48.4201850903,66.5476881902,340.264684951,148.6274209281,125.5713358116,134.9881959088,40.411291517,20.3645794648,23.1668063934,21.9767843645
2022-06-13 00:00:00+00:00,178.0258180035,46.7909608924,65.4727622429,327.1487240859,141.6522605691,121.4174132819,130.3340909704,38.8334725155,19.6685070729,22.415107827900002,21.2372249405
2022-06-14 00:00:00+00:00,177.5224641302,46.6835395167,65.1174148224,326.3319444809,141.1149972214,120.5646212393,129.682899333,38.6804718851,19.5881910277,22.1615227696,21.502005475
2022-06-15 00:00:00+00:00,180.1057141968,47.4086338026,65.8636444056,331.0046836161,142.6248924917,121.1881681091,129.7882391567,39.1968490129,19.9005312036,22.5509569662,21.785046736
2022-06-16 00:00:00+00:00,173.8185394025,46.1822397635,66.0057833738,320.1301179458,135.8627848396,117.9053772357,126.4652465361,37.8867811146,19.3829389122,22.0437868497,21.0728784018
2022-06-17 00:00:00+00:00,174.473849162,46.0390112626,66.0413181159,320.9658924253,136.5853114107,117.3826982419,124.7319276187,38.0015315875,19.2847748569,21.8898244929,21.1185302181
2022-06-21 00:00:00+00:00,178.7001222488,46.8171896116,65.7392728084,328.829770482,138.6602595121,120.2436779975,128.9072151766,38.8812852126,19.5614190126,22.2611454711,21.4015714791
2022-06-22 00:00:00+00:00,178.6716305201,46.3011231239,66.2811776248,328.1364575616,138.0581540363,119.9594139833,128.1889891058,38.8273773529,19.2949526846,22.0698934314,21.0282017083
2022-06-23 00:00:00+00:00,180.2853070598,46.2377465377,66.6009903033,331.5840272894,138.2455477867,120.3128183416,128.6199247483,39.1921339263,19.1864524821,21.9138251335,21.0373843291
2022-06-24 00:00:00+00:00,186.1111121484,47.4962244639,66.4766187061,341.9077415982,142.9738005488,123.4136166052,131.2917257314,40.4303865045,19.6747033935,22.5380983254,21.4597848875
2022-06-27 00:00:00+00:00,185.5390199956,47.4419016757,66.1568060276,340.6255875672,143.6346390254,123.7181592918,132.3451239685,40.3152002181,19.7018284441,22.5013763729,21.5148806125
2022-06-28 00:00:00+00:00,181.7155374416,47.1974491289,66.1923407696,333.2650736856,142.0709648836,122.592274208,131.3827010337,39.5280939281,19.6294949758,22.437112956100002,21.432237025
2022-06-29 00:00:00+00:00,181.4104216269,46.8986737939,66.5743392468,333.4285245809,140.4979831576,122.130845895,130.9757062603,39.4800996422,19.5029114062,22.3085861225,21.3404108166
2022-06-30 00:00:00+00:00,179.8467030761,46.7266516313,66.8586171832,330.7964952712,139.4462261456,121.706331847,130.5926523559,39.1153430688,19.3853695201,22.1616983126,21.26694985
2022-07-01 00:00:00+00:00,181.7441420493,46.7085440353,67.3905109744,334.1914316272,141.4194339912,122.9337311597,131.990799107,39.5088962138,19.3582444694,22.2351422175,21.1108452958
2022-07-05 00:00:00+00:00,182.3925131557,45.8484332225,67.5062257601,334.7826845881,140.6562120886,121.5771319193,129.9893424565,39.6240825001,18.9332853428,21.721034883,20.8720971541
2022-07-06 00:00:00+00:00,182.7548381858,45.7669490402,67.0967734414,335.9937995241,139.5486095715,121.6878747145,130.3628200133,39.7296699292,18.888076925100002,21.6843129306,20.7343578416
2022-07-07 00:00:00+00:00,185.7678568567,46.5636832668,66.9098495568,340.9240863107,142.2571165671,122.9337311597,131.6652032882,40.3631945041,19.2226192163,22.0148105028,21.1843062625
2022-07-08 00:00:00+00:00,185.5771594725,46.5998984589,66.6873211228,340.7238232111,141.6893539323,122.8229883645,131.8758829356,40.3343979325,19.2949526846,22.0974348958,21.1567584
2022-07-11 00:00:00+00:00,183.2315816463,45.694518656,66.9365529689,336.8711426273,140.2746011373,122.1216173287,131.3204547743,39.8544550728,18.9242436593,21.7393958593,20.6333490125
2022-07-12 00:00:00+00:00,181.6487933572,45.6311420697,67.0522677546,333.7622964137,140.3118314741,121.5217605218,130.0180714993,39.5088962138,18.869993558,21.7026739068,20.5598880458
2022-07-13 00:00:00+00:00,180.8573992126,45.5768192816,67.2658950513,332.2078733068,139.7719915918,120.681960992,129.6062885521,39.3265179271,18.8428685074,21.6843129306,20.5047923208
2022-07-14 00:00:00+00:00,180.0564701988,44.9611610155,67.0522677546,331.3305302036,138.0500885189,119.6483615708,129.0604367383,39.1633373547,18.6168264188,21.3446348703,20.3486877666
2022-07-15 00:00:00+00:00,183.5557671996,45.5224964934,67.2925984634,337.5959043213,140.7772106829,122.0570173649,131.1097751268,39.9120482159,18.7886184061,21.6475909781,20.440513975000002
2022-07-18 00:00:00+00:00,182.2876295944,45.8122180303,67.0878723041,334.8017572642,140.9168244456,121.1249321726,129.8648499376,39.6144836429,18.9604103935,21.794478788,20.60580115
2022-07-19 00:00:00+00:00,187.3792497536,46.8986737939,67.0344654799,343.8898874532,145.5520013659,123.8565877857,132.1919024068,40.7183522203,19.3944112036,22.3820300274,20.9455581208
2022-07-20 00:00:00+00:00,188.8952939583,46.6451674491,66.9721575184,346.0927815493,146.817832814,123.653559328,131.7801194595,41.0159167933,19.2949526846,22.2626836819,20.8537319125
2022-07-21 00:00:00+00:00,190.7641283238,47.1702877348,67.5240280349,349.5926176242,147.2459816862,124.1519019061,131.8758829356,41.4478653671,19.4938697226,22.5013763729,21.0741148125
2022-07-22 00:00:00+00:00,188.6950617048,46.934888986,68.0758985514,346.4074807059,146.2035322583,123.902730617,131.7035086787,41.0063179361,19.4034528872,22.4462934442,20.8904623958
2022-07-25 00:00:00+00:00,188.9525031735,47.2517719171,67.8266667052,346.7507888767,147.5717471324,124.8532729419,133.3602168152,41.0543122221,19.566203191,22.6299032065,20.991471225
2022-07-26 00:00:00+00:00,186.6164602166,46.6994902373,67.8444689799,342.5929454745,146.7340645564,124.3180160988,133.1016554297,40.5647705052,19.3130360517,22.3269470987,20.7802709458
2022-07-27 00:00:00+00:00,191.5173829915,47.6954080205,68.0313928645,351.5666396064,149.1540364426,125.7484438692,134.6051420045,41.6590402254,19.7108701277,22.822693457,21.1751236416
2022-07-28 00:00:00+00:00,194.0155187251,47.9851295575,68.5031531448,356.0105731511,151.4530097344,126.874328953,135.74472737,42.1485819423,19.8464953809,22.9604007787,21.26694985
2022-07-29 00:00:00+00:00,196.6566774968,48.4287656609,68.4497463206,361.2269500801,153.1469900547,127.8617855429,137.3439774209,42.7533099456,20.0363707353,23.2817178628,21.1843062625
2022-08-01 00:00:00+00:00,196.1990037746,48.2929586905,68.7464247894,360.1398075391,153.0632217971,127.4465000612,136.3480372695,42.6573213736,20.0092456847,23.2908983509,21.0373843291
2022-08-02 00:00:00+00:00,195.1406332921,47.6954080205,68.0507552079,357.8129410479,151.3413187243,126.449814905,135.6010821559,42.3885533722,19.7379951783,22.9420398025,20.8996450166
2022-08-03 00:00:00+00:00,198.2776052628,48.0032371535,68.3896711579,363.401235162,152.3837681521,127.3449858323,135.8979489318,43.0604733758,19.8464953809,23.0338446837,21.0190190875
2022-08-04 00:00:00+00:00,198.0869078786,48.2567434984,68.5591291328,363.1151450197,151.3971642293,126.5697862664,134.3274279238,43.0028802327,19.9188288492,23.1348300529,21.1567584
2022-08-05 00:00:00+00:00,198.0201637941,48.0213447496,67.7831899843,362.3617743114,152.1324633793,126.8927860855,134.7966689566,42.9644848039,19.8464953809,22.9695812668,21.1843062625
2022-08-08 00:00:00+00:00,198.2013263091,48.1662055181,68.0864305711,362.0375388168,153.3703720749,127.0404431457,135.30421538,42.9644848039,19.9278705328,23.0522056599,21.2302193666
2022-08-09 00:00:00+00:00,196.9522584424,47.9126991732,67.9348102777,360.607088105,152.4116909046,127.2527001697,136.089475884,42.7341122312,19.8374536973,22.9420398025,21.1751236416
2022-08-10 00:00:00+00:00,201.4431818412,48.9086169565,68.1221059342,368.1598678632,155.7065757034,129.0430420243,137.2290612496,43.6843990935,20.280496191,23.4653276251,21.4506022666
2022-08-11 00:00:00+00:00,201.4527167104,48.9810473407,67.7385957804,368.1598678632,157.2144043402,129.7167273613,137.5067753302,43.6556025219,20.2895378746,23.4882788454,21.5240632333
2022-08-12 00:00:00+00:00,204.942478842,49.365833757,68.0507552079,374.4633873332,159.5785307212,131.5901263123,139.4603502427,44.4235110975,20.4703715455,23.6672983637,21.7444461333
2022-08-15 00:00:00+00:00,205.7434078558,49.0896929171,68.1221059342,376.0654921304,159.6529913947,131.8023833363,139.4986556331,44.5674939554,20.3076212416,23.4836886014,21.652619925
2022-08-16 00:00:00+00:00,206.1820118396,49.1168543112,68.0329175264,376.7234994578,160.9002076744,132.3653258782,139.8529804947,44.7018779561,20.3528296594,23.5295910419,21.6985330291
2022-08-17 00:00:00+00:00,204.3322472124,48.7728099861,67.6315696909,374.1486881766,158.9083846605,131.6731834086,139.8912858851,44.3467202399,20.1991210391,23.3276203034,21.6434373041
2022-08-18 00:00:00+00:00,204.8661998883,48.5826802274,67.756433462,375.3025850841,160.0159871776,132.1253831554,140.8393442985,44.4715053835,20.1267875708,23.2908983509,21.5148806125
2022-08-19 00:00:00+00:00,201.9389950402,47.9308067693,67.3283291042,370.1243535074,157.5029394497,131.2302122281,140.7052754319,43.8859750946,19.864578748,22.9604007787,21.2761324708
2022-08-22 00:00:00+00:00,197.6196992872,47.242718119,67.0250885174,362.3236289591,154.1987470667,129.0799562893,139.2879759857,42.9836825183,19.5752448745,22.5931812541,21.0832974333
2022-08-23 00:00:00+00:00,197.2478393879,47.3694712915,66.998331995,361.4653585321,154.319745661,128.8492421328,139.5465373712,42.8972928035,19.7018284441,22.666625159,21.1934888833
2022-08-24 00:00:00+00:00,198.0773730094,47.4600092717,66.8288740201,362.5620374111,154.9433538009,129.2276133495,140.188152661,43.0028802327,19.7199118112,22.7033471115,21.211854125
2022-08-25 00:00:00+00:00,200.9473686422,48.0847213358,67.1945464924,367.8451687067,157.5122470339,130.8056981801,141.4139251551,43.6268059503,19.9640372669,22.9420398025,21.6067068208
2022-08-26 00:00:00+00:00,194.2920299322,46.9892117742,67.0607638805,355.2381297667,153.1004521338,127.2896144347,138.3686466151,42.1965762283,19.5209947732,22.3544885631,21.2761324708
2022-08-29 00:00:00+00:00,192.8713344196,46.8534048038,66.7575232938,352.8921905994,152.2441543895,126.8466432542,138.0622034916,41.8990116553,19.4938697226,22.3269470987,21.1751236416
2022-08-30 00:00:00+00:00,190.725988847,46.4369300944,66.8110363385,349.0585826918,150.0196417711,125.4439011826,135.8979489318,41.4190687955,19.3039943682,22.115795872,20.9455581208
2022-08-31 00:00:00+00:00,189.3243630728,46.2558541338,66.5345522741,346.3121173251,148.9399620065,124.4379874602,134.6051420045,41.1215042225,19.2316608998,21.9413665978,20.9822886041
2022-09-01 00:00:00+00:00,189.4387815033,45.7488414441,66.1746681295,347.3801871899,147.7765139843,125.0009300021,135.131841123,41.1503007941,19.0417855454,21.6751324425,20.8537319125
2022-09-02 00:00:00+00:00,187.5604122686,45.4681737052,66.3444842686,343.7373060439,147.1715210128,123.9581020146,134.4040387046,40.7663465063,18.9152019757,21.5557860969,20.6976273583
2022-09-06 00:00:00+00:00,186.7976227316,45.1784521683,65.7456589358,342.5834091364,145.8591516438,123.5981879304,134.0640783645,40.5647705052,18.8247851403,21.4639812158,20.5047923208
2022-09-07 00:00:00+00:00,190.2492453864,45.5677654835,66.2193565872,348.724810859,148.651426897,125.4531297489,135.3425207704,41.3230802236,18.969452077,21.6108690256,20.6700794958
2022-09-08 00:00:00+00:00,191.7557547218,45.5858730796,66.0137896818,351.0039956598,149.9451810976,126.3759863749,136.1565103173,41.591848225,18.969452077,21.7026739068,20.5782532875
2022-09-09 00:00:00+00:00,194.9404010386,46.5727370648,65.9869766072,356.4206356885,152.6350729249,127.8433284104,137.9281346251,42.3021636574,19.4034528872,22.2443227057,20.9088276375
2022-09-12 00:00:00+00:00,197.0380722653,47.1883953309,65.9065373834,360.3400706388,154.2639001559,128.9599849279,139.0677199907,42.7341122312,19.6294949758,22.5472788135,21.1751236416
2022-09-13 00:00:00+00:00,188.571108405,45.6039806757,65.5758427966,344.6241854852,148.5211207185,124.5487302553,134.739210871,40.9199282214,19.0056188112,21.794478788,20.5047923208
2022-09-14 00:00:00+00:00,189.3052933344,45.8303256264,65.6562820204,345.9115911258,148.4001221242,124.7333015805,135.7926091081,41.0831087937,19.1141190137,21.8954641572,20.6700794958
2022-09-15 00:00:00+00:00,187.2839010614,45.3776357249,65.4596528066,342.049374204,147.5252092115,124.0596162435,134.6721764377,40.6223636483,18.9423270264,21.6751324425,20.4496965958
2022-09-16 00:00:00+00:00,185.5771594725,45.0335913998,65.3881512743,339.3601268658,145.6450772077,123.2105881475,133.8869159337,40.2576070749,18.7886184061,21.5374251207,20.2752268
2022-09-19 00:00:00+00:00,186.8929714237,45.2512447044,65.3434628167,341.9635471613,147.4693637065,123.9950162797,134.3657333142,40.5839682196,18.8519101909,21.6292300019,20.3027746625
2022-09-20 00:00:00+00:00,184.7190212434,44.6139032297,65.0217059214,338.1108665775,145.2262359197,122.3984743165,133.4559802913,40.1696047522,18.5961869677,21.2678189721,20.1985500795
2022-09-21 00:00:00+00:00,181.5629795343,43.976561755,65.2004597521,332.1601916165,143.1506446482,120.4881611006,131.6173215502,39.4758624777,18.321906924,20.9814148069,19.8916660313
2022-09-22 00:00:00+00:00,179.5320523921,43.8399885818,64.5301328869,329.3565082213,140.3118314741,119.8975328599,131.8758829356,39.0711794843,18.3036215877,20.9259817427,19.8079703818
2022-09-23 00:00:00+00:00,176.4479989455,42.5106763632,64.3513790562,323.8826501642,137.0461724896,117.7694254801,128.8784861337,38.3774372099,17.7184908277,20.2238295959,19.3336950347
2022-09-26 00:00:00+00:00,174.5136401163,41.855125132,63.5291114349,320.7451949363,134.6321687685,116.1062517396,127.3439099465,38.0112954539,17.380212107,19.9004700546,19.0547095363
2022-09-27 00:00:00+00:00,174.2550872035,41.6548178114,63.2520429973,319.8392428189,134.5105329221,115.5859292286,127.2474007309,37.9149423602,17.307070762,19.8080816143,19.0082119533
2022-09-28 00:00:00+00:00,177.9227081519,42.4560470939,64.2351890663,326.0943176914,138.0005460537,117.9738378952,129.9882624531,38.7243083471,17.6179214783,20.2700238161,19.1291056692
2022-09-29 00:00:00+00:00,174.226359102,41.8004958628,63.9044944794,319.2943010807,135.0906423434,116.1341261599,128.1352855142,37.9149423602,17.307070762,20.0113361831,18.7385259715
2022-09-30 00:00:00+00:00,171.8610787515,41.6730275678,63.7525537233,314.4289370832,134.1736951936,114.7311136749,126.5959635258,37.4042709638,17.2705000895,19.9281865868,18.6827288719
2022-10-03 00:00:00+00:00,176.2277501679,42.5562007542,64.2853554351,322.742196827,137.906980018,117.7972999004,130.0847716687,38.3678019005,17.672777487,20.3901287886,19.0361105031
2022-10-04 00:00:00+00:00,181.8871861484,44.0676105371,64.4465838589,332.5399672393,143.5957949886,121.2258535889,133.2792267041,39.6011214995,18.3036215877,21.175430531700002,19.5940814998
2022-10-05 00:00:00+00:00,181.5424489313,43.6761007741,64.1062127419,331.9653179482,142.8379100994,120.8727775993,133.4529432921,39.4662271684,18.1207682252,20.9259817427,19.5568834333
2022-10-06 00:00:00+00:00,179.8091868121,43.0751788122,63.8643701062,328.4695347611,141.5092723925,119.3675589068,132.5650585089,39.1482619593,17.9013441902,20.5564279812,19.4731877838
2022-10-07 00:00:00+00:00,174.6668566572,42.328578799,63.5329561239,319.2464136398,138.4777328358,117.0353990807,130.4225539232,38.0787426195,17.599636142,20.242307284,19.110506636
2022-10-10 00:00:00+00:00,173.2783317551,42.0008031834,63.2463278148,316.861619082,138.2625309537,116.4407447824,129.7180366495,37.7993186478,17.4807814564,20.1314411556,18.8501201709
2022-10-11 00:00:00+00:00,172.1675118333,41.4454056126,63.2642420841,314.7737266578,138.4496630251,116.3199556281,129.9110550807,37.5198946762,17.2522147533,19.9097088987,18.5804341892
2022-10-12 00:00:00+00:00,171.6982861767,41.3816714651,63.3358991614,313.7968228631,137.775987568,115.8553819575,129.5250182184,37.4428122012,17.1973587445,19.8357981464,18.5897337058
2022-10-13 00:00:00+00:00,175.9596212213,42.0463275744,63.111970795,322.014307725,141.1817912675,119.2003123854,133.0669064299,38.3967078286,17.5082094608,20.2792626601,18.654830322
2022-10-14 00:00:00+00:00,171.8131985824,41.3816714651,62.8074282166,314.7641491696,138.2063913323,117.3606006501,130.4418557663,37.5102593668,17.2247867489,19.9189477427,18.3944438569
2022-10-17 00:00:00+00:00,176.4001187765,42.4469422157,62.9417852365,322.7613518033,141.5373422032,119.3861418536,132.2562290191,38.4834256129,17.6453494827,20.4178453207,18.8501201709
2022-10-18 00:00:00+00:00,178.5547263832,42.6654592927,63.085099391,326.5636146124,143.6706478171,120.9935667536,133.6459617233,38.9651910813,17.7276334958,20.5564279812,18.8408206543
2022-10-19 00:00:00+00:00,177.0321370078,42.0554324527,62.5655855809,324.303327401,141.7057610674,120.073710886,133.7907255466,38.6375905628,17.5082094608,20.3346957244,18.5432361227
2022-10-20 00:00:00+00:00,175.4999715985,42.1009568437,62.144600252,321.6407856858,139.5163158321,119.0702317576,133.2116702532,38.3196253537,17.5447801333,20.2700238161,18.6734293553
2022-10-21 00:00:00+00:00,179.5410578655,42.8293471005,62.2520858679,329.3698186504,142.3326535066,122.0063373554,136.5798418767,39.2349797436,17.8739161858,20.6395775776,18.943115337000002
2022-10-24 00:00:00+00:00,181.4754166947,42.3558934336,62.1625145213,333.3827861995,143.4180195207,123.6230537289,138.3556114432,39.6685686651,17.7093481595,20.6488164216,18.2921491742
2022-10-25 00:00:00+00:00,184.7599962908,43.0842836904,62.7536854087,338.8036445117,146.6741175631,124.8959855861,139.2338453049,40.3526756302,18.0019135396,21.0738032473,18.44094144
2022-10-26 00:00:00+00:00,183.6204482677,43.585051992,63.0044851791,336.2751876311,146.9735288773,125.6764693526,140.1217300881,40.0443457304,18.1664815658,21.2955355042,18.6920283885
2022-10-27 00:00:00+00:00,182.7586052249,43.2481714982,63.3358991614,334.4746198525,147.6191345237,126.15962597,140.1699846959,39.8998160899,18.0750548846,21.1477139996,18.5246370895
2022-10-28 00:00:00+00:00,187.0103642357,43.457583697,63.2104992762,342.2802727225,150.1828439018,128.7333641047,142.9397991828,40.7862645517,18.102482889,21.2862966601,18.4688399898
2022-10-31 00:00:00+00:00,185.8037839759,43.0933885686,63.0134423137,339.9529430938,150.2764099375,128.1944586469,142.4862058696,40.5646524362,17.9744855352,21.1107586234,18.3758448237
2022-11-01 00:00:00+00:00,185.2292219474,43.5668422355,63.0787048926,338.5833622834,150.8378061517,128.4546199024,142.2449328307,40.4104874864,18.1664815658,21.2862966601,18.7013279051
2022-11-02 00:00:00+00:00,180.3550207391,43.0205495429,62.9799480247,329.9444679414,146.6647609595,126.4848275393,139.8322024414,39.3313328372,17.9196295264,20.9629371188,18.5246370895
2022-11-03 00:00:00+00:00,178.6313346537,42.8657666134,62.7375448035,326.4295297778,146.1127213489,126.2246662838,139.928711657,38.9748263906,17.8739161858,20.8058767702,18.5432361227
2022-11-04 00:00:00+00:00,180.9295827676,44.5046446912,62.7555005976,331.2086963817,148.7232137449,127.8971314978,140.7007853816,39.4469565496,18.5961869677,21.6004173574,19.3522940679
2022-11-07 00:00:00+00:00,182.5766605826,44.6321129861,62.5130973765,334.3884224588,150.2109137125,129.0028168336,142.1773763798,39.8516395431,18.6510429765,21.6928057977,19.3615935845
2022-11-08 00:00:00+00:00,183.5342639634,45.1146715313,62.791412186,336.2081452138,150.2857665411,129.7647176533,143.0942139277,40.0732516585,18.8247536709,21.9330157427,19.5382844001
2022-11-09 00:00:00+00:00,179.5793620007,44.3862812745,62.8811911568,329.3410861858,147.1232345344,127.5998043486,139.8322024414,39.2349797436,18.541330959,21.5911785133,19.2314003519
2022-11-10 00:00:00+00:00,189.7395338709,46.5714520449,64.1829862336,347.3659189482,155.0482777582,132.0782945326,143.5285053978,41.3932890418,19.4007417628,22.7367951739,19.9195645812
2022-11-11 00:00:00+00:00,191.6738927002,47.5001496223,64.1829862336,350.6893073481,156.0400777366,132.1526263198,142.9204973397,41.7979720353,19.8121618285,23.1617819995,20.3659413785
2022-11-14 00:00:00+00:00,189.9406305809,47.0449057118,63.9764946007,347.873525822,154.3184626798,131.4000169736,142.8625918104,41.451100898,19.6475938022,22.9123332106,20.2915452456
2022-11-15 00:00:00+00:00,191.8654133763,47.5183593787,64.4253894547,350.7467722772,156.1804267902,131.9017565378,143.4030434176,41.817242654,19.8304471647,23.0416770271,20.7100234931
2022-11-16 00:00:00+00:00,189.9119024795,47.1723740068,64.7934832351,348.084230562,153.9254853298,131.1398557181,142.7274789086,41.451100898,19.6567364703,22.9862439628,20.356641861900002
2022-11-17 00:00:00+00:00,189.1170916734,47.2087935196,64.5241463226,347.0785943027,153.2892362871,131.1491471915,143.2968832804,41.3065712575,19.6384511341,22.9585274307,20.3938399283
2022-11-18 00:00:00+00:00,190.0076628176,47.1541642503,64.4164115577,348.6109924122,154.4775249405,132.291998421,144.2330226715,41.528183373,19.6293084659,23.0047216509,20.2357481459
2022-11-21 00:00:00+00:00,189.2032759777,46.7626544873,64.4164115577,347.3850739246,154.3371758869,132.4313705222,144.242673593,41.345112495,19.4921684441,22.8476613023,20.0311587805
2022-11-22 00:00:00+00:00,191.683468734,47.3180520581,64.7485937497,352.0110007175,156.8260324365,134.057378369,146.3272726494,41.9135957477,19.7390204835,23.1987373757,20.0962553968
2022-11-23 00:00:00+00:00,192.8517448585,47.8006106033,65.1436212212,354.2138229998,156.8821720579,134.4383287789,146.2500652769,42.1255725537,19.921873846,23.4389473206,20.2729462124
2022-11-25 00:00:00+00:00,192.9953853657,47.9098691418,65.1436212212,354.1755130471,157.7242663792,134.8099877153,146.4430837081,42.1641137912,19.995015191,23.5590522931,20.2171491127
2022-11-28 00:00:00+00:00,189.8640223104,47.3726813274,65.0628201475,348.5726824594,154.5991607869,132.97027598,144.7155687493,41.5089127542,19.7664484878,23.2356927518,20.1241539466
2022-11-29 00:00:00+00:00,189.5671652624,47.745981334,64.8204169263,347.9597232156,155.5348211439,133.3883922835,144.8603325727,41.3932890418,19.9310165141,23.291125816,20.5426321941
2022-11-30 00:00:00+00:00,195.4085458853,48.7110984243,65.3231791629,358.6673550054,158.6318569255,135.8785071575,147.4274777069,42.6555145689,20.3058659073,23.6883961096,21.1378012572
2022-12-01 00:00:00+00:00,195.523458291,48.9660350142,65.8659882071,358.7152424464,158.2014531613,135.6926776893,146.7036585901,42.7036911158,20.3972925885,23.8824118344,21.072704641
2022-12-02 00:00:00+00:00,195.3415136486,49.0115594052,66.1359307818,358.1980580844,158.4727946648,135.6555117957,147.3309684913,42.6555145689,20.4430059291,23.8824118344,21.1285017406
2022-12-05 00:00:00+00:00,191.5015240916,48.3377984177,65.6140418042,351.8194509538,154.2436098512,133.3883922835,145.0823037685,41.8268779634,20.141297881,23.522096917,20.9053133419
2022-12-06 00:00:00+00:00,188.6287139492,48.1192813406,65.8299958639,346.7338047281,152.943041955,132.2176666337,143.3837415744,41.239124092,20.0224431954,23.3742754124,20.8402167257
2022-12-07 00:00:00+00:00,188.3222808674,48.0100228021,66.4058733564,346.0633805552,152.3348627229,132.2269581071,143.8180330445,41.1042297608,20.0041578591,23.3835142564,20.7286225263
2022-12-08 00:00:00+00:00,189.9502066147,48.3560081741,66.2169135541,348.7929646877,152.9149721443,132.8866527193,144.0110514757,41.4703715168,20.1230125447,23.4943803849,20.9053133419
2022-12-09 00:00:00+00:00,188.3605850026,48.2831691484,65.8299958639,346.2453528307,151.5676212302,131.8088418036,141.540415557,41.1331356889,20.1138698766,23.5036192289,20.8495162423
2022-12-12 00:00:00+00:00,191.0706025703,48.3195886612,65.8299958639,351.1873367337,153.3640891156,133.6671364858,143.4995526331,41.7305248697,20.1321552129,23.5682911371,20.8123181758
2022-12-13 00:00:00+00:00,192.4974316076,48.8931959885,66.2799001549,353.7828360316,153.9629117441,134.057378369,143.1539492718,42.0099488413,20.360721916,23.8824118344,20.9239123752
2022-12-14 00:00:00+00:00,191.4249158211,48.829461841,66.4418656997,351.6470561665,153.1769570442,133.5649302783,142.9210050191,41.7979720353,20.3424365798,23.8454564582,20.9332118918
2022-12-15 00:00:00+00:00,186.6560509848,47.6640374301,66.4778580429,342.9985843363,149.9489288126,131.1026898244,141.0186269557,40.7573586236,19.8944458416,23.281886972,20.4961346111
2022-12-16 00:00:00+00:00,184.5205954456,47.399995962,66.3068944124,338.9089968817,148.39573262,129.7647176533,140.0383198924,40.3044990833,19.775591156,23.0878712472,20.5054341277
2022-12-19 00:00:00+00:00,182.6628448869,47.3443651561,65.9109786362,335.9878629856,147.2822967951,129.3373098764,139.7956696292,39.9479926367,19.7481631516,23.023199339,20.5147336443
2022-12-20 00:00:00+00:00,183.0458862392,47.4918266789,65.4790705169,336.4970980323,147.7314137665,129.6346370256,140.3392062188,40.0075571557,19.809131034,23.1462607416,20.5150377385
2022-12-21 00:00:00+00:00,185.8133600097,47.9434275924,65.6320379758,341.5300714721,150.3793325768,131.3814340268,142.348350398,40.5980388848,20.0120178509,23.3877546337,20.6930220841
2022-12-22 00:00:00+00:00,183.190005548,47.5747737855,65.62303989,336.7280566605,148.6942082738,130.3878038602,140.7856827031,40.0269172124,19.8460195461,23.2019901013,20.4963025442
2022-12-23 00:00:00+00:00,184.2004037506,47.6853699276,65.4181633737,338.6142187909,150.1076513183,131.2770881855,142.3192323664,40.2495578644,19.9105744424,23.3134488207,20.4869349471
2022-12-27 00:00:00+00:00,183.4305765486,47.9434275924,64.9130734594,337.2669601263,150.2772644836,131.5859974774,142.5715886401,40.1140374675,20.0212399789,23.3691781805,20.8054332498
2022-12-28 00:00:00+00:00,181.1210949427,47.3720141917,64.8228788318,333.1289513708,147.4598013484,130.2286687704,140.8924488189,39.6106759935,19.7906867779,23.1091078351,20.4775673499
2022-12-29 00:00:00+00:00,184.4505975912,48.1461871862,65.0664043262,339.0376429427,150.343225159,131.6889672414,141.6592236505,40.3463581478,20.0857948752,23.4713486733,20.8054332498
2022-12-30 00:00:00+00:00,183.97907843,47.6669372372,64.7958204435,338.1041851536,149.6365036368,131.3987797247,141.6398116295,40.2785979494,19.9197965705,23.257719461,20.5618757242
2023-01-03 00:00:00+00:00,183.2284969081,47.9895093183,65.1385600283,336.8050428699,149.1936248162,131.1741184215,139.3783111766,40.0946774108,20.0489063631,23.4156193136,20.6930220841
2023-01-04 00:00:00+00:00,184.8547568722,48.8097640387,65.5083580013,339.2301084662,151.3985959655,132.3161467129,139.2521330397,40.3850782612,20.3532365885,23.7128425655,21.2550779126
2023-01-05 00:00:00+00:00,182.6896178667,48.3858121608,65.4362022993,335.5251471386,149.9663070138,131.4455841629,139.1550729344,39.9204369006,20.1872382837,23.4806368999,21.1426667469
2023-01-06 00:00:00+00:00,186.721587837,49.5194226171,66.1577593198,343.1564051458,153.650681883,134.235128678,141.4845154611,40.8497196219,20.6760110699,24.0843716304,21.5735762154
2023-01-09 00:00:00+00:00,186.7985705572,49.7866966271,66.3381485749,342.9061999653,153.4999146249,133.2335137011,139.5918434082,40.8497196219,20.7590102223,24.1958303498,21.7140901725
2023-01-10 00:00:00+00:00,188.270865081,49.9894562209,66.076584155,345.3505121139,154.8850888084,133.9074976108,140.3100881872,41.1594805289,20.8420093747,24.2422714829,21.8639717268
2023-01-11 00:00:00+00:00,190.7535578073,50.2935956117,66.4283432025,349.7579726023,156.8262172561,134.7499774979,140.950684882,41.6531619746,20.9618970392,24.3908831089,21.9576476982
2023-01-12 00:00:00+00:00,191.6773504497,50.9018743931,66.9424525796,351.0667381622,158.6260013994,135.0401650145,141.3389253031,41.7886823715,21.2108944963,24.7531239471,22.0700588639
2023-01-13 00:00:00+00:00,192.4952918518,51.1875810935,66.7169660107,352.4332433791,159.0406113591,135.2929089807,141.6786356716,41.9822829384,21.2938936487,24.8831591198,22.1731024324
2023-01-17 00:00:00+00:00,192.2354751711,51.2244464742,66.6267713831,351.8943399133,158.6260013994,134.5253161946,141.2224531768,41.91452274,21.3400042889,24.9667531594,22.0981616553
2023-01-18 00:00:00+00:00,189.2042805634,50.947956119,67.2400948506,346.178113865,156.2419941311,131.9978765333,138.834774587,41.2466007841,21.2385608805,24.8645826666,21.9576476982
2023-01-19 00:00:00+00:00,187.6646261594,51.0493359159,67.1048029092,343.6856853355,154.7625904113,131.0992313204,138.6794784186,40.9271598486,21.2846715207,24.836717986700002,22.1637348353
2023-01-20 00:00:00+00:00,191.2635683286,51.5562349004,66.8071606383,350.0081777828,157.3067878912,132.568890679,139.4850772924,41.7112421447,21.5336689778,25.0782118789,22.4634979438
2023-01-23 00:00:00+00:00,193.6885240148,51.8050762201,66.6448103086,354.2712891286,158.889844101,133.4956185549,139.7762576082,42.2533237321,21.6351123863,25.1710941451,22.613379498
2023-01-24 00:00:00+00:00,193.370970294,51.8142925653,66.9424525796,353.8959813578,158.4658111877,133.5330621054,140.2130280819,42.195243562,21.6258902582,25.1618059185,22.6040119009
2023-01-25 00:00:00+00:00,193.4671986942,52.0262685043,67.0236277444,354.0210839481,158.9934965909,133.9543020489,140.6400925452,42.166203477,21.6812230265,25.2918410912,22.6414822894
2023-01-26 00:00:00+00:00,195.4591265793,52.2105954077,66.8973552658,357.8030314851,160.4540544035,134.7686992731,141.9698159874,42.6502048943,21.801110691,25.3382822243,22.8194666351
2023-01-27 00:00:00+00:00,196.2481994613,52.0907829205,66.8251995638,358.8230987597,161.0288545749,134.3755419925,140.3003821767,42.7470051777,21.7365557947,25.3011293178,22.7164230666
2023-01-30 00:00:00+00:00,193.6211641346,51.5470185553,66.6357908459,354.3386520619,159.398683597,133.3832879032,139.1550729344,42.1855635337,21.5060025937,25.1339412386,22.3229839867
2023-01-31 00:00:00+00:00,196.7197186226,51.8050762201,66.9424525796,359.3716255017,163.2149798169,135.0588867898,140.8633307873,42.8341254329,21.6535566424,25.3104175444,22.3323515838
2023-02-01 00:00:00+00:00,199.1158057887,52.2935425143,67.3717447329,363.3075454575,165.2880296154,135.4146005199,139.7762576082,43.3374869069,21.8748877154,25.4961820769,22.613379498
2023-02-02 00:00:00+00:00,202.0892633563,52.1645136819,67.4169485337,368.5137378685,167.436463043,135.4333222952,137.1071047131,43.9763687777,21.7734443069,25.4590291704,22.4822331381
2023-02-03 00:00:00+00:00,200.0011070709,51.5470185553,66.8202583629,364.5778179127,166.418784051,134.6844512844,136.9809265762,43.5504475305,21.4783362096,25.2082470516,22.0606912667
2023-02-06 00:00:00+00:00,198.4999440271,51.0124705352,66.4043833954,362.4703204303,164.4776556033,134.3193766667,137.1847527973,43.20196651,21.2846715207,24.9481767062,21.8265013382
2023-02-07 00:00:00+00:00,201.0018824335,51.3626916518,66.3139757938,367.1472326516,165.476488688,135.2741872054,138.7862445344,43.7634081541,21.4414476974,25.1896705984,21.9014421153
2023-02-08 00:00:00+00:00,198.855989108,51.1322830224,66.4315056759,363.1247032102,163.4505536577,134.3755419925,138.0679997553,43.2600466801,21.358448545,25.050347199,21.8733393239
2023-02-09 00:00:00+00:00,196.9217982631,51.2244464742,66.1602828711,360.0163850055,161.3021202301,133.2522354764,137.78652545,42.9018856313,21.3861149291,25.0689236523,21.9670152953
2023-02-10 00:00:00+00:00,197.277843344,50.9848214997,65.880019306,360.8921031375,162.0088417524,134.5627597452,140.4653843557,42.9986859148,21.2938936487,25.0039060659,21.7890309496
2023-02-13 00:00:00+00:00,199.62581631,51.4179897228,66.0608345093,365.0589817215,163.8557406637,135.695427149,141.1739231242,43.4826873321,21.4783362096,25.2268235048,21.9670152953
2023-02-14 00:00:00+00:00,199.7027990302,51.427206068,65.8348155052,364.924255855,163.620166823,135.1337738909,140.7080346188,43.4923673604,21.4875583376,25.2825528646,21.8920745182
2023-02-15 00:00:00+00:00,200.5977231525,51.1691484031,65.6901633426,366.1464119293,164.5813080932,135.0869694527,139.8344936714,43.676287899,21.3768928011,25.1618059185,21.7328253668
2023-02-16 00:00:00+00:00,197.9225736256,50.9663888093,65.437022058,361.0556988324,163.4882454722,133.9730238242,138.5144762396,43.1245262833,21.3307821609,25.050347199,21.7421929639
2023-02-17 00:00:00+00:00,197.3452032242,50.9203070835,65.58167422060001,360.1222410434,163.6390127303,134.235128678,138.2038839027,42.9793258581,21.3215600328,25.0782118789,21.5735762154
2023-02-21 00:00:00+00:00,193.2554962137,50.3212446472,65.0121063304,352.9721468449,159.4269524579,132.0821245221,137.1265167342,42.1081233069,21.1186732159,24.7995650802,21.3862242726
2023-02-22 00:00:00+00:00,193.0919079333,50.0355379468,65.156758493,352.5294761409,159.7002181131,131.7451325672,136.6703342394,42.0500431368,20.9895634233,24.6509534543,21.2738131069
2023-02-23 00:00:00+00:00,194.1215518159,50.2935956117,65.3918182572,354.3001589572,160.3692478208,131.9978765333,137.2429888605,42.2630037604,21.1094510879,24.7995650802,21.3862242726
2023-02-24 00:00:00+00:00,191.9564128104,49.464124546,65.0301878507,350.508588144,159.5871426696,131.3426143989,136.4859200393,41.8661225982,20.7912876704,24.437324242,20.945947207
2023-02-27 00:00:00+00:00,192.6396344521,49.9433744951,65.1386769727,351.7211209421,159.8132935567,131.3332535113,136.5926861551,42.0016429951,20.9618970392,24.7159710406,21.0396231784
2023-02-28 00:00:00+00:00,191.9949041705,49.5931533785,65.156758493,350.3931088299,159.5306049478,130.6873522645,135.1756086181,41.8854826549,20.8420093747,24.5487829614,20.8897416241
2023-03-01 00:00:00+00:00,192.4568004917,50.100052363,64.7718173905,349.1132130985,159.8792542321,130.5375780624,135.8938533971,41.720922173,21.0910068318,24.7159710406,21.3112834954
2023-03-02 00:00:00+00:00,192.7551085324,50.210648505099996,64.6358944385,351.7211209421,160.4069396353,131.2022010844,136.4859200393,42.0306830801,21.127895344,24.7438357205,21.3862242726
2023-03-03 00:00:00+00:00,195.8921543804,50.8465763221,65.1342785958,357.2929978478,162.272684454,132.7841910946,137.8350555027,42.7179650927,21.4137813133,25.0875001055,21.6016790068
2023-03-06 00:00:00+00:00,195.6323376998,50.73598018,64.9802325835,357.7260452757,160.161942841,132.7935519823,138.0097636922,42.7082850644,21.3400042889,25.0224825192,21.545473424
2023-03-07 00:00:00+00:00,192.7166171723,49.8696437337,64.9077403425,352.1926614747,158.0794700889,130.5937433882,136.1365036603,42.0887632502,20.9895634233,24.5859358679,21.1895047326
2023-03-08 00:00:00+00:00,192.966811013,50.100052363,64.8533711617,352.7411882167,158.1454307643,130.3784429726,135.3309047865,42.1371633919,21.0910068318,24.706682814,21.3112834954
2023-03-09 00:00:00+00:00,189.1561663632,49.5194226171,65.0708478849,346.2839699029,153.726065512,127.8884468618,133.3994086915,41.3143609825,20.8512315027,24.5023418283,20.8710064298
2023-03-10 00:00:00+00:00,185.9710063151,49.0954707391,65.8501394763,341.3183593963,149.4103527497,126.2690133011,132.0890972703,40.6270789699,20.6667889419,24.2515597096,20.7679628613
2023-03-13 00:00:00+00:00,185.2011791131,48.8650621098,66.375708224,340.7409628257,145.3302138281,125.2112329984,131.2349683439,40.5109186297,20.5284570212,24.0472187239,20.7304924727
2023-03-14 00:00:00+00:00,188.5018132416,49.2982303329,65.9588778379,346.399449217,147.7613358645,126.6996141322,132.4288076388,41.1594805289,20.6760110699,24.3351537491,20.7585952641
2023-03-15 00:00:00+00:00,187.0487643978,48.0171583538,66.6384925979,344.263081906,144.4538791406,125.0520979086,130.1673071859,40.8981197636,20.1319055154,23.601383846,20.4026265728
2023-03-16 00:00:00+00:00,190.2820386461,48.7083842418,66.3213390432,350.1525269255,146.3290469128,126.3907048403,131.3999705229,41.5854017762,20.3716808445,23.9171835512,20.7117572784
2023-03-17 00:00:00+00:00,187.8282144398,48.2291342928,66.8016001403,346.3224630076,142.559865461,124.2657833473,129.2549421963,41.0917203305,20.1918493477,23.6571132058,20.6087137099
2023-03-20 00:00:00+00:00,189.464097244,48.8194412012,66.511631176,349.4500277647,144.8779120539,125.9975475597,131.5164426492,41.4498813793,20.4270136128,24.0100658174,20.6930220841
2023-03-21 00:00:00+00:00,192.1681152909,49.4013948049,66.3304005733,354.0210839481,147.6011456528,127.3923198172,133.2247005021,42.072984804,20.6869605025,24.3539280416,20.8716190707
2023-03-22 00:00:00+00:00,188.7327614022,49.2720717818,66.919400032,348.150885481,143.5586985458,125.0240152457,131.0505541439,41.3156128181,20.6222848779,24.2234439266,20.9466630943
2023-03-23 00:00:00+00:00,189.0755269638,49.4660563164,67.0734460442,348.9784872321,142.3917599683,124.4546860598,130.1902327827,41.4418414824,20.6684817527,24.2420845144,21.209317177
2023-03-24 00:00:00+00:00,190.2638912876,49.3367332934,67.2093689962,351.2951947386,143.9652543202,125.5284644758,131.5767934259,41.6748790165,20.6315242529,24.1582018691,21.1624146622
2023-03-27 00:00:00+00:00,190.746966216,49.5953793395,66.511631176,351.8749535592,145.6145797253,126.6210811096,132.8461799302,41.8011076809,20.7423967522,24.3818889234,21.0686096327
2023-03-28 00:00:00+00:00,190.4764442561,49.7986012328,66.3938312843,351.2565441505,146.1833126235,126.7058530898,133.3246409972,41.7040087083,20.8163117518,24.437810687,21.3312637154
2023-03-29 00:00:00+00:00,193.2203098492,50.2697065311,66.4663235253,356.2521326553,147.8042013837,128.2129105158,134.4280308047,42.3060223381,20.9826205008,24.708099211,21.3969272361
2023-03-30 00:00:00+00:00,194.2637516945,50.8239480584,66.5569388267,358.3779149978,148.031694543,128.6932850703,134.6916726172,42.5196400777,21.2320836243,25.0063486168,21.603298301
2023-03-31 00:00:00+00:00,197.1911857604,50.9994578754,66.9012769717,363.3831661496,150.4867248873,130.0873131894,135.76576889,43.141073502,21.3059986239,25.118192144,21.5939177981
2023-04-03 00:00:00+00:00,197.7129066831,51.368952227,67.1847243527,364.8229005542,150.5815137036,131.1422533876,138.4900676185,43.3061417553,21.4723073729,25.3511994922,21.6408203128
2023-04-04 00:00:00+00:00,196.3892813793,51.3412401506,67.4572421638,362.7647567408,147.6809759224,130.021379427,137.2792681836,42.9857151459,21.453828623,25.3232386104,21.6595813187
2023-04-05 00:00:00+00:00,195.6743304854,50.9809831578,67.6389207045,361.8854558628,146.8847498648,130.7654890311,138.9197061276,42.8400666871,21.2413229993,25.1368327318,21.4625907567
2023-04-06 00:00:00+00:00,196.3216508894,51.1564929748,67.6207528504,363.2672143854,146.8468343382,130.878518338,138.72441589620001,42.9662953514,21.3244773738,25.2113950833,21.5563957863
2023-04-10 00:00:00+00:00,196.7660798235,51.19344241,67.1665564987,363.6633829129,148.4487653351,131.2929591302,139.3200511021,43.0536844267,21.3521954986,25.2020747893,21.612678804
2023-04-11 00:00:00+00:00,196.9689712934,51.4243763797,67.1938082798,363.7116961479,149.7947665277,131.8769438827,139.8082766806,43.1119438102,21.4723073729,25.3418791983,21.7909083601
2023-04-12 00:00:00+00:00,196.1380824166,51.5629367616,67.2664796961,362.2622990963,148.7046951393,131.6603043778,140.0426249584,42.9468755569,21.5554617474,25.4910039012,21.6783423246
2023-04-13 00:00:00+00:00,198.6887180384,52.2372639532,67.2301439879,366.9583455437,149.7568510011,132.4609286353,141.0678986734,43.5022816799,21.8326429958,25.8172141888,21.9691379162
2023-04-14 00:00:00+00:00,198.13801262,52.024804701,66.9303743958,366.2046590768,148.7994839557,132.2631273481,140.2867377476,43.4323704196,21.7310098714,25.7333315434,21.8471913778
2023-04-17 00:00:00+00:00,198.9302555026,52.024804701,66.5670173143,367.4511405413,150.2497528463,132.9413031898,140.1109765394,43.5780188784,21.7494886213,25.6774097798,21.9128548985
2023-04-18 00:00:00+00:00,199.0268704882,52.1910771592,66.6669405117,367.7023693636,149.9274708706,133.0166560611,140.2769732361,43.597438673,21.8234036208,25.8265344827,21.8753328867
2023-04-19 00:00:00+00:00,199.1234854739,51.8770069604,66.5761012414,367.6830440695,150.4488093607,132.8659503185,139.5641638914,43.597438673,21.6848129966,25.7240112495,21.6689618217
2023-04-20 00:00:00+00:00,197.8868136573,51.8677696016,66.8667869065,365.6055749621,149.6620621847,132.1030024966,139.1638189169,43.3449813443,21.6570948718,25.7053706616,21.6408203128
2023-04-21 00:00:00+00:00,198.0607206315,51.8770069604,66.748695855,365.8181531964,149.3776957356,132.1500980412,139.0564092896,43.3935308306,21.6386161219,25.7985736009,21.4344492479
2023-04-24 00:00:00+00:00,198.13801262,51.9509058307,67.0121297391,366.3012855469,149.2449913927,132.5457006155,139.9645088658,43.4226605224,21.6755736217,25.8638156584,21.415688242
2023-04-25 00:00:00+00:00,194.83378011,51.1287808985,67.4481582368,360.5133599872,146.0316505173,131.0857387341,138.8415900351,42.6944182283,21.2967592489,25.4816836073,20.9935656091
2023-04-26 00:00:00+00:00,193.9545837404,51.19344241,67.2119761338,358.9093605834,144.7140859696,129.3997182388,136.7031620009,42.5196400777,21.3337167487,25.4630430194,21.1155121475
2023-04-27 00:00:00+00:00,197.5969687003,51.849294884,66.9212904687,366.0307314306,147.4060883549,131.2364444767,138.0604291093,43.2964318581,21.6016586221,25.7612924252,21.406307739
2023-04-28 00:00:00+00:00,199.3167154453,51.9601431895,67.2937314772,369.1614290623,149.0459348783,132.3949948729,139.0173512433,43.6556980565,21.6755736217,25.7985736009,21.5094932715
2023-05-01 00:00:00+00:00,199.2201004596,51.8585322428,66.6031213823,368.91020024,148.8089628373,132.498605071,139.3005220789,43.6654079537,21.629376747,25.7706127191,21.4250687449
2023-05-02 00:00:00+00:00,196.7854028206,51.3135280743,67.2587714698,364.7745873192,146.0221716357,130.558268635,136.9375102786,43.1216537075,21.4076317483,25.4723633133,21.2562196918
2023-05-03 00:00:00+00:00,195.6356844911,51.3781895858,67.5410652574,362.2333111552,145.491354264,129.484490219,135.9903526562,42.8691963789,21.4076317483,25.5376053709,21.199936674
2023-05-04 00:00:00+00:00,194.1767982074,51.4705631737,67.4500027453,359.5857458742,142.8846618135,128.3447780406,134.877198337,42.5002202832,21.4353498731,25.4723633133,21.415688242
2023-05-05 00:00:00+00:00,197.7612141759,52.2095518768,67.2041339625,366.1853337828,146.3254958481,130.3604673478,137.2206811142,43.3352714471,21.7587279962,25.8731359524,21.6595813187
2023-05-08 00:00:00+00:00,197.9737671444,52.246501312,66.88541517,366.38824937,145.9842561091,130.238018932,137.1816230679,43.3449813443,21.7772067461,25.8917765402,21.6783423246
2023-05-09 00:00:00+00:00,197.1622012647,52.0063299835,66.8125651603,364.8035752602,145.4250020925,129.7388061596,137.0839779522,43.1507833992,21.6940523716,25.8265344827,21.5376347803
2023-05-10 00:00:00+00:00,198.0317361358,51.9693805483,67.2223464649,366.3979120171,145.3491710394,129.5127475457,136.9960973481,43.3741110361,21.6663342467,25.7799330131,21.5470152833
2023-05-11 00:00:00+00:00,197.7708756745,51.7476839374,67.4408964941,365.8857917255,144.5150294552,128.9664392288,136.4297556769,43.2964318581,21.5277436226,25.658769192,21.4344492479
2023-05-12 00:00:00+00:00,197.3071237432,51.5167499676,67.0857526967,365.3929967279,144.5529449818,128.9381819021,136.7031620009,43.2284625773,21.4445892481,25.6121677223,21.2280781829
2023-05-15 00:00:00+00:00,198.1476741186,52.0617541362,66.9127339236,366.6588034864,145.8989461744,129.3620418031,136.9570393018,43.4420803169,21.6570948718,25.8265344827,21.5657762892
2023-05-16 00:00:00+00:00,196.6114958464,51.5721741204,66.7488214018,364.2334790865,143.7282822793,127.7513741791,134.945549918,43.102233913,21.4445892481,25.5469256648,21.3875467331
2023-05-17 00:00:00+00:00,199.1621314682,51.8400575252,66.630440136,368.5816702416,146.8752709831,129.2301742784,136.17587837600001,43.675117851,21.5369829975,25.6680894859,21.4907322656
2023-05-18 00:00:00+00:00,201.1427386745,51.673785067,66.3572525996,372.1858375768,148.1833566492,129.6446150705,136.0782332603,44.1217731247,21.5000254977,25.6121677223,21.4250687449
2023-05-19 00:00:00+00:00,200.6596637461,51.849294884,66.1751275753,371.5964161091,146.8373554566,129.6446150705,136.6348104199,43.9955444604,21.5554617474,25.7426518373,21.453210253800002
2023-05-22 00:00:00+00:00,201.0074776946,52.0063299835,66.1569150728,371.7993316963,147.7757647387,129.4279755655,136.0684687488,44.0635137412,21.6016586221,25.7519721313,21.5845372951
2023-05-23 00:00:00+00:00,198.8819480097,51.2488665627,66.2024463289,367.6443934815,146.9700597995,128.7027041793,135.4044819619,43.597438673,21.3152379988,25.4071212558,21.2937417036
2023-05-24 00:00:00+00:00,197.3457697375,50.6392008826,66.0203213046,364.8905390833,145.1216778801,127.4688009117,135.0041369875,43.2867219608,21.0657748753,25.0249892046,21.1905561711
2023-05-25 00:00:00+00:00,198.6887180384,50.5098778596,65.7744525218,368.06954995,144.8278325493,126.9130734859,133.6566343906,43.6071485702,21.0103386256,24.9690674411,21.1530341593
2023-05-26 00:00:00+00:00,201.3069841501,51.1010688221,65.8564087828,372.8525602205,146.2591436766,127.87382259500001,133.4808731823,44.1897424055,21.2228442494,25.1554733197,21.4625907567
2023-05-30 00:00:00+00:00,201.3746146401,50.6207261651,66.2935088411,372.9685119847,146.0126927541,127.4876391296,133.1293507657,44.1897424055,21.0472961254,24.9317862653,21.2937417036
2023-05-31 00:00:00+00:00,200.1669273192,50.140383508,66.5120588702,370.9393561123,143.9462965569,126.9413308126,132.3091317937,43.8790256933,20.8440298766,24.6614977413,21.1436536563
2023-06-01 00:00:00+00:00,202.1668575226,50.9255590051,66.6914192366,374.4952102124,145.0648045902,127.7796315058,133.6273408559,44.3451007616,21.1581686248,25.0436297925,21.5001127685
2023-06-02 00:00:00+00:00,205.509736027,51.673785067,66.3171073696,379.9932563618,150.5341192955,130.2945335855,135.1310756379,45.0733430556,21.5000254977,25.4164415497,21.8378108748
2023-06-05 00:00:00+00:00,204.9686921072,51.4428510973,66.3262369273,379.2588951889,148.6952162577,129.9271883379,134.8674338255,44.9374044941,21.4076317483,25.2579965529,21.8284303719
2023-06-06 00:00:00+00:00,205.9058574682,51.8770069604,66.4175325046,380.0415695968,152.0981347657,130.3510482389,134.5744984783,45.1413123364,21.5647011223,25.4630430194,21.9878989221
2023-06-07 00:00:00+00:00,205.5000745284,51.4890378913,66.0432206376,378.7950881324,155.3114756411,131.4719221995,133.7156725805,45.0053737749,21.4492089355,25.2579965529,21.922235401400002
2023-06-08 00:00:00+00:00,206.4662243851,51.9416684719,66.371884716,381.06581018,154.55316511,131.7168190312,134.9410728057,45.238411309,21.629376747,25.5096444891,22.0817039516
2023-06-09 00:00:00+00:00,206.6884388522,51.9786179071,66.23494135,381.7035448828,153.5673614197,131.6979808134,135.2645784652,45.316090487,21.6570948718,25.4816836073,22.1848894841
2023-06-12 00:00:00+00:00,208.5434465771,52.1633650829,66.371884716,385.2110857478,154.0981787914,132.0747451699,136.9409259734,45.733616069,21.7217704964,25.5655662526,22.2317919989
2023-06-13 00:00:00+00:00,210.0796248493,52.6529450987,66.0797388685,387.7523619118,155.8991663026,133.0166560611,137.8624269427,46.0443327811,21.9250367452,25.8078938948,22.4475435668
2023-06-14 00:00:00+00:00,210.0796248493,52.8654043509,66.1345162149,388.0519039691,154.7143060979,132.5362815066,138.98979515,46.0734624729,22.0174304947,25.9010968342,22.5976316141
2023-06-15 00:00:00+00:00,212.6399219697,53.3549843667,66.5453463129,393.0281671799,156.1645749885,134.1469491306,140.4798818239,46.6560563081,22.2022179936,26.1434244764,22.7946221761
2023-06-16 00:00:00+00:00,211.8380175886,53.2256613436,66.3992733892,391.5787701282,155.6337576168,134.109272695,139.7348384869,46.461858363,22.1467817439,26.0968230067,22.7101976495
2023-06-20 00:00:00+00:00,210.7945757433,52.4571130924,66.4905689665,389.7718551371,154.4299396487,132.9789796255,139.1270399752,46.2094010344,21.8234036208,25.7240112495,22.3349775314
2023-06-21 00:00:00+00:00,209.6351959152,52.5038080479,66.6001236593,387.6364101476,154.2972353058,132.9695605166,138.7643215085,45.9948123051,21.8621267651,25.7937195918,22.2847130443
2023-06-22 00:00:00+00:00,210.1955628321,52.2236383145,66.2805891387,389.0471566113,152.8374875335,132.498605071,139.1564495806,46.1604364968,21.7123861709,25.6237756121,22.2185582558
2023-06-23 00:00:00+00:00,208.4627730641,51.4111460875,66.472309851,386.1290372139,150.9392466967,131.5480285995,138.0879005842,45.7804751158,21.3848286209,25.255563656,21.8877843133
2023-06-26 00:00:00+00:00,207.7353743491,51.5418919631,66.5544758706,384.534700457,152.5310909782,132.0600362069,137.2644316328,45.575880526,21.4784164923,25.3122116492,22.0011925221
2023-06-27 00:00:00+00:00,210.2667218772,51.9808245455,66.4266620624,388.795927789,154.9236234014,132.8944189744,139.3231040113,46.1312086983,21.6375158737,25.5010382934,22.1996568877
2023-06-28 00:00:00+00:00,210.4412975688,51.9247905988,66.6366418902,388.9698554352,154.9808154115,132.5910070589,139.1074335716,46.1701790964,21.6375158737,25.52936229,22.0578966266
2023-06-29 00:00:00+00:00,211.4499571203,51.8314006877,66.1345162149,390.454231269,157.030195774,133.5960590289,139.6466096707,46.3845162857,21.590721938,25.4915969612,21.9728404699
2023-06-30 00:00:00+00:00,213.6418519147,52.3730621723,66.3627551582,395.081362727,157.6593078852,134.7338537119,141.4111859951,46.9203592589,21.8153328294,25.7937195918,22.1713048355
2023-07-03 00:00:00+00:00,214.2819627839,52.587858968,66.1750258885,395.8380005755,158.5839120488,135.2553429416,140.921025905,46.9495870575,21.9463558494,25.8314849207,22.4170226214
2023-07-05 00:00:00+00:00,213.6321532652,52.0835534478,65.9004407188,394.9552564189,156.9348757571,134.6769639778,140.5485042365,46.8229332638,21.7311037452,25.5482449544,22.2941637284
2023-07-06 00:00:00+00:00,211.7312179567,51.1496543363,65.4794101254,391.7346953203,155.1333274385,133.35901847,139.1172367734,46.4527144823,21.394187408,25.1045023407,21.9066856814
2023-07-07 00:00:00+00:00,211.4693544193,51.6446208654,65.4427987694,390.822849708,156.7728317285,133.1504227781,138.5780606743,46.3747736861,21.6281570866,25.3499769781,22.1335020992
2023-07-10 00:00:00+00:00,212.390726125,51.7286717854,65.6716197441,391.8705021136,158.4695280285,133.9373974338,140.0975569536,46.5598830769,21.6749510223,25.4160663035,22.114600731
2023-07-11 00:00:00+00:00,214.0588938447,52.2329773056,65.808912329,394.38292779,160.366396364,135.2268980746,140.4700786221,46.8911314604,21.8902031266,25.6520996087,22.369769201
2023-07-12 00:00:00+00:00,215.6979656158,53.2042323816,66.3306241513,397.4870830658,161.5007045647,135.5682364795,142.058197314,47.2613502419,22.2739133994,26.1241662191,22.8045006684
2023-07-13 00:00:00+00:00,217.521311728,53.9606906619,66.7333490668,400.7270451349,162.4157767265,135.8621667726,142.754224642,47.6705394215,22.5453182266,26.5112608396,23.0502184543
2023-07-14 00:00:00+00:00,217.2012562934,53.6618429462,66.4221525412,400.4069291221,160.7858044382,135.4260121441,142.6267830186,47.5925986254,22.4049364194,26.3413168599,22.9462609295
2023-07-17 00:00:00+00:00,218.0256415037,53.6898599195,66.4953752531,401.8037989962,161.8057286186,135.4734202559,143.4894647771,47.7971932152,22.442371568,26.3224341955,23.012415718
2023-07-18 00:00:00+00:00,219.7616997701,53.8486227685,66.577750804,404.8497513605,163.8551089811,136.4405457364,144.4991945628,48.2063823948,22.507883078,26.5207021718,22.8706554569
2023-07-19 00:00:00+00:00,220.3339200926,53.8206057951,66.7333490668,405.7227950319,164.9226931699,137.2085571474,144.0776568853,48.3038083899,22.507883078,26.4923781752,22.832852720600002
2023-07-20 00:00:00+00:00,218.7433415691,53.5124190884,66.4221525412,403.0745625622,164.5128170974,138.412723187,142.803240651,47.9530748074,22.4049364194,26.3696408565,22.6816417754
2023-07-21 00:00:00+00:00,218.7239442701,53.5964700084,66.4679167361,403.1230649884,163.6263409406,138.8393961931,142.4993413951,47.9433322079,22.4049364194,26.4074061853,22.6627404073
2023-07-24 00:00:00+00:00,219.4998362327,53.7085379018,66.3580826683,404.8303503901,164.5128170974,139.55051787,142.3915061753,48.1186989991,22.4891655037,26.3790821887,22.9557116135
2023-07-25 00:00:00+00:00,220.0526592561,53.9139957063,66.2848599564,406.0235100742,164.4270290823,139.3608854228,143.4502519699,48.2550953923,22.573394588,26.435730182,23.1163732428
2023-07-26 00:00:00+00:00,220.2175362982,54.0914365375,66.5045280921,406.1205149266,165.5613372829,139.5220730029,142.6169798168,48.2356101933,22.6295473108,26.4923781752,23.2014293994
2023-07-27 00:00:00+00:00,218.5202726299,53.7458938662,65.9370520748,403.3655771193,163.7693209659,138.6497637459,142.2640645519,47.9530748074,22.4985242908,26.3979648531,22.9368102454
2023-07-28 00:00:00+00:00,220.7994552702,54.4089622354,66.1658730495,407.2942736402,165.3325692424,139.1048816191,143.597299997,48.4596899821,22.769929118,26.5679088329,23.4660485535
2023-07-31 00:00:00+00:00,221.4686620879,54.4089622354,66.2848599564,408.0800129444,166.2285774009,139.3893302899,143.8619864456,48.5863437758,22.7886466923,26.5962328295,23.4660485535
2023-08-01 00:00:00+00:00,220.8673458169,53.7645718485,65.875416857,406.8189498636,165.9426173503,139.0669551297,143.8815928492,48.4596899821,22.507883078,26.2752275344,23.1825280313
2023-08-02 00:00:00+00:00,217.7346820177,52.7186048436,65.66433653,401.182967941,164.4174970806,138.2325723621,141.4994148113,47.7679654166,22.0867376566,25.8126022563,22.6532897232
2023-08-03 00:00:00+00:00,217.1042697981,52.6532319058,65.2605306869,400.0480111683,163.7788529676,137.8438258455,141.4602020041,47.6315690234,22.0680200823,25.7181889342,22.7099938276
2023-08-04 00:00:00+00:00,216.1828980924,52.7933167725,65.8019976128,398.0885131504,163.8455769794,137.2275203922,141.3523667843,47.3977466351,22.1616079537,25.8409262529,22.7383458798
2023-08-07 00:00:00+00:00,217.8413671626,53.0828254971,65.7010461521,401.6776926881,165.2563132289,138.6213188788,143.2541879339,47.8069358147,22.2645546123,26.0486355615,22.7288951958
2023-08-08 00:00:00+00:00,216.8327076111,52.6438929147,65.9396586957,399.9413058307,164.13153703,137.9955318032,142.9698950816,47.5536282273,22.0773788694,25.8786915817,22.4831774099
2023-08-09 00:00:00+00:00,215.2809236858,52.6905878702,65.9580135068,397.2833728758,163.1402088547,137.5688587971,141.6856756456,47.2028946448,22.1054552309,25.8881329139,22.5209801462
2023-08-10 00:00:00+00:00,215.319718284,52.830672737,65.5909172858,397.5161845215,162.6254807636,137.3507814828,141.76410126,47.2126372443,22.1241728051,25.9636635716,22.5304308302
2023-08-11 00:00:00+00:00,215.1160466438,52.4197571279,65.3798369587,397.1475660825,162.7779927906,137.9291604467,141.16610595,47.1736668463,21.9931497851,25.8409262529,22.2563609921
2023-08-14 00:00:00+00:00,216.1828980924,52.18628235,65.297240309,399.3883781722,162.2727967012,137.7964177337,142.8816662654,47.4269744336,21.8714855523,25.7370715986,22.1335020992
2023-08-15 00:00:00+00:00,213.7291397605,51.5418919631,65.1504018206,394.8097491404,159.9088602831,136.0233543527,142.0483941122,46.9301018584,21.6187982994,25.3783009747,21.9161363655
2023-08-16 00:00:00+00:00,211.9639855455,51.1403153452,64.9668537101,391.8899030841,158.5553160437,135.264824564,140.6465362545,46.5598830769,21.4784164923,25.208356995,21.7554747362
2023-08-17 00:00:00+00:00,210.2279272791,50.9161795584,64.9026118714,388.7178444116,157.1064517875,134.6959272225,138.8035343157,46.1799216959,21.4316225566,25.0572956796,21.8121788407
2023-08-18 00:00:00+00:00,210.4703935174,50.8321286384,65.0402729543,389.0767623654,157.5830518718,135.0183023827,139.1760559842,46.1896642954,21.3754698337,25.0384130152,21.6987706318
2023-08-21 00:00:00+00:00,211.6827247091,50.9815524962,64.7282411664,391.6473909532,157.1064517875,134.8002250684,140.6955522635,46.5014274798,21.4409813437,25.1233850051,21.7649254203
2023-08-22 00:00:00+00:00,211.1202030361,50.8881625851,64.8108378162,390.5512361214,156.0388675986,133.994287168,140.0975569536,46.3455458876,21.4129049823,25.0667370118,21.7082213159
2023-08-23 00:00:00+00:00,213.428481625,51.4951970075,65.3981917698,394.7612467142,157.4972638566,134.8286699355,141.862133278,46.8813888609,21.6468746609,25.3310943137,22.0578966266
2023-08-24 00:00:00+00:00,210.5673800128,50.9255185495,65.2421758758,389.5132842011,156.5345316863,133.861544455,139.5387744509,46.2481198925,21.4222637694,25.0006476864,21.9728404699
2023-08-25 00:00:00+00:00,212.0027801437,51.1963492919,65.2421758758,392.0936132741,156.877683747,134.5821477542,140.3426369987,46.5696256764,21.5158516409,25.1517090017,21.982291154
2023-08-28 00:00:00+00:00,213.3605910783,51.6726378387,65.3614821477,394.6739423471,158.3551440083,135.2837878087,141.5484308203,46.8716462614,21.7123861709,25.4066249713,22.1807555195
2023-08-29 00:00:00+00:00,216.4641589289,52.3357062079,65.7652879907,400.280822814,160.2806083489,136.4500273588,143.891396051,47.5731134264,22.0118673594,25.7465129308,22.4453746736
2023-08-30 00:00:00+00:00,217.4243252326,52.3170282256,65.7377557742,401.9493062747,160.7095484247,136.6396598059,144.3423433339,47.7777080161,21.9931497851,25.755954263,22.3792198851
2023-08-31 00:00:00+00:00,217.1915576439,52.01818051,65.8478846405,401.4351805572,160.5665683995,136.0707624644,144.3031305267,47.7289950186,21.9089207009,25.6615409409,22.1524034673
2023-09-01 00:00:00+00:00,217.9092577093,52.2329773056,65.5319368537,402.288823258,162.3776487198,136.5543252047,144.3619497375,47.8459062127,22.0118673594,25.6993062698,22.3792198851
2023-09-05 00:00:00+00:00,216.6096386719,51.7847057321,65.1730342365,400.53303543009997,158.5934440505,135.2268980746,143.6365128042,47.5925986254,21.852767978,25.482155629,22.2658116762
2023-09-06 00:00:00+00:00,215.2518277372,51.6072649009,65.0994131868,397.7683971376,157.8213519139,134.8571148026,143.2345815303,47.2808354409,21.787256468,25.3971836391,22.1429527832
2023-09-07 00:00:00+00:00,214.5147303727,51.3177561764,65.3202763358,396.5849379387,156.362955656,134.9424494038,142.803240651,47.0859834507,21.6281570866,25.3122116492,21.9350377336
2023-09-08 00:00:00+00:00,214.7474979615,51.289739203,65.3386815983,397.128165112,156.6298517032,135.2363796969,143.0091078888,47.2028946448,21.6281570866,25.255563656,21.982291154
2023-09-11 00:00:00+00:00,216.0956102466,51.868756652100004,65.2374526549,399.7375956407,156.5917236964,135.5492732347,143.8325768402,47.5146578293,21.852767978,25.5388036222,22.2280089399
2023-09-12 00:00:00+00:00,215.048156097,51.6539598565,65.283465811,397.5937884034,156.9158117537,135.6820159478,142.4895381933,47.2126372443,21.7685388937,25.4727142968,22.114600731
2023-09-13 00:00:00+00:00,215.0772520456,51.5418919631,65.3846947543,398.0594116947,155.7815035531,135.53030999,142.5875702114,47.2516076424,21.721744958,25.4066249713,22.114600731
2023-09-14 00:00:00+00:00,216.9199954569,52.1115704211,65.2742631798,401.5030839538,158.0882479611,137.037887945,143.7541512258,47.6432601429,21.9744322109,25.7465129308,22.2563609921
2023-09-15 00:00:00+00:00,214.3692506297,51.9901635366,65.1454263428,396.4976335716,156.8109597352,136.0897257092,141.1563027482,47.0762408511,21.9089207009,25.6804236053,22.1618541514
2023-09-18 00:00:00+00:00,214.3886479288,51.8082399897,65.2144460769,396.9341554073,156.4201476661,136.137133821,141.4503988023,47.1152112492,21.8714855523,25.5860102833,22.1618541514
2023-09-19 00:00:00+00:00,213.8455235549,51.7706841796,65.0718052931,396.1387156178,156.1627836206,135.7863137937,141.2739411699,46.9889335199,21.8567389114,25.6052951484,22.0446581083
2023-09-20 00:00:00+00:00,211.954286896,51.6110719868,64.9889816122,392.4331302574,155.4097554874,135.4449753888,139.8426737068,46.5881541826,21.7622845514,25.5293713674,21.9776821505
2023-09-21 00:00:00+00:00,208.4127280325,50.7566773078,64.584065839,386.0017085453,152.9362010499,133.7544969385,137.352660449,45.8256959312,21.4505851633,25.1307715171,21.6140983797
2023-09-22 00:00:00+00:00,207.9746612026,50.9538453106,64.8509421441,385.0704619626,152.2557178591,133.296466272,137.6467565031,45.7474950849,21.5167032153,25.1402619897,21.843730235
2023-09-25 00:00:00+00:00,208.8118555886,50.7754552128,64.3724053211,386.6710420267,153.0991336448,133.7067854108,138.1075069878,45.9038967775,21.4789214713,25.0643382087,21.7671862832
2023-09-26 00:00:00+00:00,205.8037966899,50.0618948215,64.3079869026,380.9962581631,150.7893245045,132.0559665501,136.6064524917,45.2489646897,21.1861129552,24.7416621393,21.4610104761
2023-09-27 00:00:00+00:00,206.0179626957,50.0431169165,64.0779211224,381.0835625302,151.7669200742,131.9128319668,136.8719177441,45.327165536,21.1672220832,24.675228831,21.51841844
2023-09-28 00:00:00+00:00,207.3808372776,50.3529523495,64.2435684841,383.2976982855,153.4058302942,132.4758279944,137.9829389858,45.6106436038,21.3183490592,24.8745287561,21.5758264038
2023-09-29 00:00:00+00:00,206.7772785342,50.2496738719,64.2159605905,382.3823953783,152.8595268875,131.6170204946,137.3536880171,45.5031174402,21.2711218792,24.7796240299,21.5949623917
2023-10-02 00:00:00+00:00,206.5047036178,49.6018361482,63.7765340299,382.3531835834,150.4155379631,130.3478938561,137.4126802954,45.464017017,20.9783133631,24.3810241795,21.499282452
2023-10-03 00:00:00+00:00,203.5063795375,48.9915542346,63.2597512336,377.2119076792,148.0386389306,129.2314441063,135.239798044,44.8286351409,20.713841155,24.0773290554,21.2218106269
2023-10-04 00:00:00+00:00,204.9763371223,48.963387377000004,63.6750231235,379.9870281957,148.6136951482,129.3841209952,136.3409872393,45.141438526,20.638277667,24.0678385828,21.1452666751
2023-10-05 00:00:00+00:00,204.8692541195,49.3013896676,63.7211644446,379.6656984517,148.575358067,128.9738018564,136.1246822188,45.0730127855,20.798850079,24.2956099259,21.2026746389
2023-10-06 00:00:00+00:00,207.3126935485,49.9116715812,63.4720013106,384.1935266628,149.5817064477,129.8326093562,138.1500837744,45.6595191328,21.0349859791,24.5613431594,21.4610104761
2023-10-09 00:00:00+00:00,208.6171592198,49.8083931036,64.1179798061,386.7544273499,150.808493045,130.968143717,138.9661436244,45.9429972006,21.0066496711,24.5613431594,21.3653305364
2023-10-10 00:00:00+00:00,209.9118900726,50.4843976848,64.0533819565,388.7505666688,152.054448183,131.7601550779,139.8313637064,46.2069250569,21.2805673152,24.8745287561,21.6619383495
2023-10-11 00:00:00+00:00,210.7393496402,50.6909546402,64.3486864116,390.3961644488,152.7636841846,131.6742743279,140.303301933,46.3633267495,21.3372399312,24.9694334824,21.7480502952
2023-10-12 00:00:00+00:00,209.0454912312,50.2027291093,63.7949905584,388.049483591,149.9938300702,130.7009591615,139.3692575263,46.0309731527,21.1483312111,24.751152612,21.5471224219
2023-10-13 00:00:00+00:00,207.8675781997,49.8459489136,64.0902950134,386.0046579472,148.9108075272,131.0253975503,138.4450451659,45.7768204022,21.0066496711,24.5423622142,21.4610104761
2023-10-16 00:00:00+00:00,210.2818131734,50.2215070143,63.7580775015,390.0456229099,151.3547964517,132.3326934111,140.0771648661,46.2851259032,21.1672220832,24.7131907215,21.6045303857
2023-10-17 00:00:00+00:00,210.5543880898,50.1839512042,63.3381914794,390.0553601748,153.1949763478,132.6571317999,139.9296841703,46.3437765379,21.1577766472,24.7321716667,21.5566904158
2023-10-18 00:00:00+00:00,207.4392461883,49.3295565252,63.0659576849,384.8361861508,150.0225828811,131.2925821058,138.1599158207,45.6888444501,20.827186387,24.3240813437,21.2218106269
2023-10-19 00:00:00+00:00,205.4825476813,48.9915542346,62.7891097583,381.5742023858,147.8661220654,130.0902516061,137.2455355068,45.2685149013,20.685504847,24.1342718912,21.1165626932
2023-10-20 00:00:00+00:00,202.9417600679,48.4751618461,63.0152022317,376.8224170804,146.1026163317,128.7924980509,135.7608965025,44.7015587656,20.4871506909,23.9065005481,20.858226856
2023-10-23 00:00:00+00:00,202.3868754167,48.4563839411,63.2597512336,376.1602830624,144.7704027611,127.8000982734,136.1738424507,44.6038077077,20.4210326389,23.9065005481,20.8295228741
2023-10-24 00:00:00+00:00,203.9152419121,48.8037751842,63.4720013106,378.9743526388,145.5467286547,128.6589057731,137.5110007592,44.8970608814,20.572159615,24.0014052744,21.0974267052
2023-10-25 00:00:00+00:00,200.8877133765,48.3437165109,62.9921315712,373.6285941702,143.8311442724,127.9909443844,135.4266069253,44.222578582,20.3738054589,23.8305767671,20.839090868
2023-10-26 00:00:00+00:00,198.8044622299,48.0714368879,63.4166317253,369.0423423692,144.9141668154,127.551998329,133.2242285348,43.7435983985,20.2604602268,23.6882196777,20.7242749404
2023-10-27 00:00:00+00:00,197.7336322012,47.9399915526,63.4120175932,367.4064818542,142.9781442165,125.7866718016,133.1062439782,43.5089958596,20.2510147908,23.6122958967,20.6955709585
2023-10-30 00:00:00+00:00,200.0115797167,48.5314955612,63.2597512336,371.8272001507,144.2049308138,127.0748830513,134.551554797,44.0368515721,20.477705254900002,23.9159910208,20.9347708077
2023-10-31 00:00:00+00:00,201.3063105696,48.5596624188,63.2412947051,374.0765083588,145.4604702221,128.1436212733,135.1218134874,44.3203296399,20.4965961269,23.9919148018,20.8008188922
2023-11-01 00:00:00+00:00,203.3214179871,49.0384989971,63.8529219098,378.1953714412,146.4188972513,128.6875326898,137.2160393677,44.7406591888,20.676059411,24.191214727,20.9730427836
2023-11-02 00:00:00+00:00,207.3613676407,50.033727964,64.2185097364,385.3814729892,149.9363244485,131.1112783003,139.7428752889,45.6106436038,21.0633222871,24.7226811941,21.3366265545
2023-11-03 00:00:00+00:00,209.6977240669,50.7097325452,64.602608339,388.9453119682,153.204560618,132.2468126611,141.3356668035,46.0798486816,21.3655762392,24.9884144277,21.7097783194
2023-11-06 00:00:00+00:00,209.7853374329,50.6533988301,64.3249466986,389.6950813709,151.5656503981,131.8364935223,142.0730702825,46.1580495279,21.3183490592,24.8555478109,21.8915702048
2023-11-07 00:00:00+00:00,210.4083658132,50.343563397,64.6488852791,390.7953923126,150.7222346124,131.3689205502,142.2795432566,46.3242263263,21.1861129552,24.6657383583,21.834162241
2023-11-08 00:00:00+00:00,210.3791613578,50.1933401568,64.8525038154,391.1167220566,149.9171559079,131.0253975503,142.8792980862,46.3144512205,21.0822131591,24.6087955226,21.7002103254
2023-11-09 00:00:00+00:00,208.5879547645,50.0900616791,64.3712236386,388.1663307706,148.2303243365,129.9566593284,142.0534061897,45.9038967775,21.0349859791,24.6467574131,21.499282452
2023-11-10 00:00:00+00:00,211.6933618476,50.3529523495,64.4915436828,394.2229095821,149.7925603941,131.330751328,144.5409139255,46.6370297115,21.1766675192,24.7606430846,21.6906423314
2023-11-13 00:00:00+00:00,211.5668092078,50.4562308272,64.4730329068,393.8236817183,149.4666952042,131.2544128836,144.9735239665,46.6174794999,21.2144492632,24.8365668656,21.6619383495
2023-11-14 00:00:00+00:00,216.258991697,51.7331283696,65.259740888,401.3895366001,156.0510888948,133.6113623552,147.352879192,47.6047651845,21.7717299874,25.462938059,22.1977460119
2023-11-15 00:00:00+00:00,216.7944067114,51.8176289422,64.8987807554,402.2658904474,156.8561675993,134.2316122162,146.5368193419,47.7025162423,21.7811754234,25.4249761685,22.3316979275
2023-11-16 00:00:00+00:00,216.6483844347,51.5922940818,65.287507052,402.8306518157,154.9680663518,133.9071738274,147.1267421251,47.6927411366,21.6583847553,25.3680333328,22.16904203
2023-11-17 00:00:00+00:00,217.1935342675,52.1274643753,65.3800609322,403.4246249789,156.616560842,134.5274236883,147.4610317022,47.8002673002,21.9134115274,25.7001998747,22.216881999800002
2023-11-20 00:00:00+00:00,218.8289837658,52.4279108558,65.4726148123,406.4626516496,156.7986619776,134.9282005216,148.9456707066,48.1717213201,22.0078658874,25.7856141284,22.475217837
2023-11-21 00:00:00+00:00,218.2351598408,52.1931870429,65.5651686925,405.4012897678,155.5047854881,134.8518620771,148.4540683872,48.0153196275,21.9039660914,25.7001998747,22.3316979275
2023-11-22 00:00:00+00:00,219.1697024113,52.2401318055,65.6207010205,407.1539974624,156.4632125173,135.2908081326,148.6900375005,48.2499221664,21.9134115274,25.7476522378,22.2934259516
2023-11-24 00:00:00+00:00,219.4033380539,52.521800381,65.3060178281,407.3779545568,157.2203698704,135.8060926325,148.7686938716,48.269472378,22.0550930675,25.9279712178,22.2838579576
2023-11-27 00:00:00+00:00,219.1210283191,52.3621881882,65.7039995127,406.6671342139,156.9711788428,135.3194350492,148.345915877,48.2205968491,21.9984204514,25.8615379094,22.2264499938
2023-11-28 00:00:00+00:00,219.2573157773,52.540578286,65.9816611531,407.0663620777,156.3002799224,135.2621812159,147.8444815113,48.2303719549,22.1023202475,25.8994997999,22.3891058913
2023-11-29 00:00:00+00:00,219.3546639617,52.521800381,66.3241105096,406.8034559235,157.0478530051,135.4148581048,147.7166649083,48.2401470606,22.1117656835,25.9564426356,22.2647219697
2023-11-30 00:00:00+00:00,220.2600020768,52.5593561911,66.1112365853,408.3808928487,158.0542013858,136.7030693544,147.5888483052,48.4356491764,22.1023202475,25.9659331083,22.3029939455
2023-12-01 00:00:00+00:00,222.1193523993,53.0381927695,66.6489348308,410.7762600313,162.2521117737,137.9149421597,147.9821301607,48.7973280905,22.3290107115,26.2316663418,22.4369458611
2023-12-04 00:00:00+00:00,221.3210972871,52.5687451436,66.3797774557,408.7119598577,163.6705837769,137.9340267708,146.3401784142,48.6018259748,22.0928748115,26.022875944,22.1881780179
2023-12-05 00:00:00+00:00,220.8927652756,52.3997439983,66.8067167403,408.5853754131,161.3991117177,136.989338521,146.3205143214,48.5138500227,21.9984204514,25.9089902725,22.0542261023
2023-12-06 00:00:00+00:00,219.9582227051,52.4560777134,67.0016238049,406.8813540433,161.1211678793,136.7030693544,144.9341957809,48.3281230127,22.0267567594,25.9849140535,22.0350901144
2023-12-07 00:00:00+00:00,221.7202248432,52.7189683839,66.9830612273,410.0654396885,162.4150443687,137.0179654377,147.0284216612,48.7191272442,22.1401019915,26.0893092524,22.1307700541
2023-12-08 00:00:00+00:00,222.7813200534,52.7095794314,66.6582161196,411.8084101182,163.1722017218,137.5618768542,148.2672595059,48.9244044658,22.1117656835,26.1652330334,22.0542261023
2023-12-11 00:00:00+00:00,223.696392987,52.8222468616,66.6721380527,413.4053215733,163.967696156,138.8596304095,149.8256388581,49.1492318989,22.1873291715,26.203194924,22.16904203
2023-12-12 00:00:00+00:00,224.5433221915,52.8785805767,66.862404473,415.459884482,163.5459882631,138.9645957705,151.1677131899,49.3349589088,22.1589928635,26.2221758692,22.1786100239
2023-12-13 00:00:00+00:00,228.0283871938,53.6484746831,67.7162830421,421.1172354297,168.2806177874,141.1688683533,152.1410857821,50.0387665255,22.5179194316,26.6397566648,22.3986738852
2023-12-14 00:00:00+00:00,229.3815269573,54.1930339291,68.2267539258,422.3538680809,172.8139776355,142.5715872696,151.2267054682,50.3026943818,22.7729462037,26.8580375352,22.6952816983
2023-12-15 00:00:00+00:00,229.0700127672,53.7048083982,68.124659749,421.7112085928,171.1079775235,141.7700336032,151.9149487152,50.2538188528,22.5557011756,26.6112852469,22.5134898129
2023-12-18 00:00:00+00:00,230.0629642483,53.8053640796,67.9854404171,424.0968385105,171.0504719018,142.1230989086,153.5962286473,50.4786462859,22.6123737916,26.6777185553,22.5708977767
2023-12-19 00:00:00+00:00,231.7470878388,54.2913849029,68.1153784602,426.6772137276,173.4944608263,143.0868717695,154.4909448684,50.8244680235,22.8265358294,26.9356705504,22.7366058643
2023-12-20 00:00:00+00:00,228.2912272918,53.6052378583,68.3381293913,420.5438078956,170.6000111981,140.8062607423,151.9437428463,50.0683853268,22.5410851938,26.649222441,22.3331679909
2023-12-21 00:00:00+00:00,230.8044653691,54.5486900446,68.3288481025,424.6408074889,172.87512528,142.1524892097,153.9640092416,50.6182636517,22.9407160837,27.0693463347,22.7654228553
2023-12-22 00:00:00+00:00,231.3323759595,54.5677496847,68.2829437762,425.6283897297,173.9458282655,142.7001904322,154.101978654,50.7262754655,22.9978062108,27.1457324972,22.6981832097
2023-12-26 00:00:00+00:00,232.4761822388,54.8345846465,68.348099257,427.3982153297,175.2769725177,143.4592851089,154.9593600023,50.9913953721,23.1310165074,27.2698600113,22.8710851554
2023-12-27 00:00:00+00:00,232.9161077309,55.1681283487,68.7855717702,428.1804586888,175.3637862733,143.7379401168,155.3437033653,51.0208531395,23.2356817405,27.3939875254,22.9959587829
2023-12-28 00:00:00+00:00,232.7987942663,55.1967178089,68.6226830685,428.2489049827,175.4988298931,143.9589423645,155.255008743,51.0601301627,23.2356817405,27.3366979035,23.1496494013
2023-12-29 00:00:00+00:00,231.9091671602,55.2348370892,68.4597943667,427.10487407,173.5985732432,143.6514609765,154.6144364713,50.8932028141,23.2356817405,27.3462461738,23.159255065
2024-01-02 00:00:00+00:00,230.354763755,54.605868965,68.1712486665,424.3768003552,173.3284860036,144.5354699671,151.7860635179,50.5102518379,23.007321232,27.0597980644,22.8806908191
2024-01-03 00:00:00+00:00,228.1453601727,54.2627954427,68.2270962214,421.2282708348,169.3639911654,143.6322433897,150.4950640164,50.0389275594,22.8455658718,26.8783809285,22.8038455099
2024-01-04 00:00:00+00:00,227.55879285,54.2913849029,67.9152807066,419.8984571243,168.9492143332,143.4881114891,150.1107206534,49.8720002108,22.8836259565,26.9452188207,22.7270002006
2024-01-05 00:00:00+00:00,227.9009571216,54.3295041831,67.7151603016,420.4362494337,169.6630163235,143.766766497,150.4260793103,49.9701927688,22.9026559989,26.9452188207,22.7750285189
2024-01-08 00:00:00+00:00,231.1564057627,54.7774057261,68.0130139276,426.4497452568,171.6307947833,144.7276458346,153.9837191577,50.6771791865,23.0644113591,27.2412152004,22.8326625008
2024-01-09 00:00:00+00:00,230.7262563927,54.2437358026,68.0037060018,425.413272806,170.3575263681,143.920507191,154.5060319331,50.5789866285,22.8455658718,27.0120567129,22.525281264
2024-01-10 00:00:00+00:00,231.9189432822,54.4819813042,67.8827029662,428.2195708568,170.7144273633,143.9781599513,156.013840511,50.8539257909,22.8931409777,27.1361842269,22.496464273
2024-01-11 00:00:00+00:00,231.7625253295,54.5105707643,68.2364041472,428.0729002269,169.9620414816,143.5073290758,156.9106416914,50.8244680235,22.8836259565,27.107539416,22.5925209095
2024-01-12 00:00:00+00:00,231.8016298177,54.7011671656,68.3713690715,428.2684610667,169.3929290839,143.5361554559,157.2260003483,50.8539257909,22.9692611472,27.2221186597,22.6789718824
2024-01-16 00:00:00+00:00,230.7262563927,53.710065879,67.892010892,426.8115328104,167.8013435649,142.6137112918,157.6201986693,50.6182636517,22.550600215,26.7542534144,22.1794773725
2024-01-17 00:00:00+00:00,229.3380470622,53.119217035,67.7337761532,424.4354686071,166.3448016657,141.6912671277,156.7233974889,50.3433244892,22.2841796217,26.4869018457,21.8432791447
2024-01-18 00:00:00+00:00,231.3617043256,53.5194694777,67.640696895,428.2097928148,167.4540885426,142.1428804164,158.7732287584,50.8342872793,22.4649650243,26.7160603332,22.0257867541
2024-01-19 00:00:00+00:00,234.1772274747,53.7863044395,67.640696895,433.4508233208,169.14213379,143.3631971752,162.1928991934,51.4529003947,22.5601152361,26.7638016848,22.2563226817
2024-01-22 00:00:00+00:00,235.1939441674,53.7577149793,67.7523920048,434.4384055616,171.3221236524,143.8148104639,162.6265173466,51.6394662549,22.5696302573,26.8688326582,22.0930263996
2024-01-23 00:00:00+00:00,235.6240935374,53.7958342596,67.594157266,435.7291071041,170.5022159608,144.3336853062,162.7644867589,51.7474780687,22.550600215,26.8210913066,22.2179000271
2024-01-24 00:00:00+00:00,235.5849890492,54.1770270621,67.4545383787,436.0908946577,169.6630163235,143.8532456374,164.3708449172,51.7671165803,22.7313856175,26.954767091,22.4388302911
2024-01-25 00:00:00+00:00,236.8949894033,54.3199743631,67.7663538935,438.5451831969,171.2546018425,145.1119975697,165.4844551741,52.0322364869,22.7979907658,27.0693463347,22.4868586093
2024-01-26 00:00:00+00:00,236.6994669624,54.4915111242,67.6686206725,438.2811760632,171.8719441044,145.1888679167,164.7256234061,52.0224172311,22.855080893,27.1743773082,22.525281264
2024-01-29 00:00:00+00:00,238.8502138124,54.7488162659,67.9385505211,441.4688177516,173.3284860036,145.6885251722,166.6079203891,52.4642837422,22.9407160837,27.3176013629,22.5540982549
2024-01-30 00:00:00+00:00,238.5178256628,54.5772795048,68.0595535567,441.1559204079,173.0487527912,146.2746615682,166.2432869421,52.425006719,22.8931409777,27.2985048222,22.3908019728
2024-01-31 00:00:00+00:00,234.4998395022,54.2913849029,68.348099257,433.9690595462,169.267531437,144.9006041154,163.2473797022,51.5412736969,22.7694457023,27.1457324972,22.2851396727
2024-02-01 00:00:00+00:00,237.6575269229,54.7964653663,68.7593978828,439.6794360676,171.0327444671,146.3515319152,166.0363328236,52.1893445797,22.9882911896,27.4035357957,22.4868586093
2024-02-02 00:00:00+00:00,239.6909603083,54.4152725637,68.1433077036,444.1968914664,170.5311538793,146.2650527748,170.3823693131,52.7294036488,22.8170208082,27.1743773082,22.4100133001
2024-02-05 00:00:00+00:00,238.556930151,54.1770270621,67.6018951219,442.5737364963,168.4572697182,145.2273030902,170.8061325082,52.474102998,22.6838105116,26.9929601722,22.4292246274
2024-02-06 00:00:00+00:00,239.3683482808,54.7488162659,67.9192749112,443.95244041670003,169.2000096271,146.015224147,170.0571556982,52.670488114,22.9502311048,27.1743773082,22.9191134737
2024-02-07 00:00:00+00:00,241.2551398355,54.758346086,67.7885891156,447.5996500785,169.4315129753,146.4380110556,172.8066889875,53.0534390902,22.9502311048,27.1552807676,22.938324801
2024-02-08 00:00:00+00:00,241.8514832803,54.615398785,67.6065624717,447.9027693802,170.9459307115,146.4764462291,173.5556657975,53.1516316482,22.8645959142,27.107539416,22.8230568372
2024-02-09 00:00:00+00:00,243.3276777092,54.8441144666,67.5552216234,450.4450602973,172.1323853711,146.4380110556,175.8715809336,53.5345826244,22.9312010625,27.1934738488,22.9287191373
2024-02-12 00:00:00+00:00,243.5623046383,55.0061214077,67.5738910228,450.2397214155,174.466710799,147.2739760793,174.8368103409,53.5640403918,23.0358662955,27.2507634707,23.0343814375
2024-02-13 00:00:00+00:00,239.6616319422,54.0340797612,66.9858049426,443.8937721648,169.3929290839,145.3618261974,172.7574141974,52.719584393,22.6267203845,26.801994766,22.6021265732
2024-02-14 00:00:00+00:00,242.3109610164,54.7011671656,67.2378418341,448.1178863039,171.9201739686,146.2074000146,176.2165044645,53.308739741,22.9026559989,27.1170876863,22.9479304646
2024-02-15 00:00:00+00:00,244.1782003271,55.2348370892,67.4245358278,451.1490793205,175.1033450066,147.9658092024,176.5515730374,53.6818714614,23.1024714439,27.4226323363,23.0439871012
2024-02-16 00:00:00+00:00,242.8975283392,55.34919493,67.2098377351,448.8414614111,173.916890347,147.6102838475,174.8072454668,53.4167515548,23.1785916134,27.4608254175,23.159255065
2024-02-20 00:00:00+00:00,241.3724533001,55.5207316911,67.2938500322,446.3773948299,172.8944172257,147.5814574674,172.609589827,53.0338005786,23.2166516981,27.5467598503,23.2264947106
2024-02-21 00:00:00+00:00,241.4213339103,55.5779106115,67.1071560385,446.8271847614,173.1837964109,148.2636817971,171.0525064589,53.0730776018,23.2737418252,27.565856391,23.2553117015
2024-02-22 00:00:00+00:00,246.1920814685,56.1496998153,67.1351601376,456.2141050706,174.2737913421,149.4551721758,177.7735878327,54.1630149956,23.5021023337,27.8523045003,23.4762419655
2024-02-23 00:00:00+00:00,246.3582755432,56.1782892755,67.3778623294,456.4194439524,174.9200715226,149.9260030512,177.4483742178,54.2121112747,23.5211323761,27.9095941222,23.4570306382
2024-02-26 00:00:00+00:00,245.6152902678,56.0544016147,67.2565112335,454.7473987723,174.4088349619,149.3206490685,177.921412203,54.0353646702,23.4450122066,27.871401041,23.3609740017
2024-02-27 00:00:00+00:00,246.299618811,56.1592296354,67.15382953700001,455.5883103834,175.5374137845,149.5320425228,178.0298167413,54.1924727631,23.4925873125,27.9191423925,23.3993966563
2024-02-28 00:00:00+00:00,245.8890216851,55.7494473726,67.3031847319,454.8842913602,175.1419288979,149.5512601095,177.6553283363,54.045183926,23.3403469735,27.7759183378,23.1112267467
2024-02-29 00:00:00+00:00,246.9252906219,55.8733350335,67.4152011281,456.5661145822,176.1258181279,149.7338271837,179.5671901934,54.3397616001,23.416467143,27.8618527706,23.159255065
2024-03-01 00:00:00+00:00,249.1933509364,56.5118329777,67.6974087025,460.9662334772,176.9553717923,150.7043153147,183.7752572705,54.7718088553,23.6733727151,28.1387526097,23.4570306382
2024-03-04 00:00:00+00:00,248.9489478853,56.3402962166,67.5382748601,460.4186631258,177.1386452763,151.0021879094,185.0071270238,54.7325318321,23.6353126304,28.0719147175,23.4282136472
2024-03-05 00:00:00+00:00,246.309394933,56.1306401752,67.9033466161,455.8034273071,177.2351050047,150.4160515134,181.6465863369,54.143376484,23.5401624185,28.0528181769,23.2553117015
2024-03-06 00:00:00+00:00,247.7660371178,56.8549065,68.0250372015,458.2186036783,177.8428012938,151.3673220577,183.4303337396,54.4379541581,23.8446430965,28.3774593675,23.572298602
2024-03-07 00:00:00+00:00,250.180739263,57.3981062436,68.1373669726,462.7556151611,179.299343193,152.1744607013,186.4558058536,55.0369287619,24.0349435203,28.7116488284,23.6971722295
2024-03-08 00:00:00+00:00,248.7338732003,57.2360993026,68.2028926724,459.9493171104,179.0389019262,151.9726760404,182.9671507124,54.6539777857,23.9778533931,28.6161661253,23.6587495749
2024-03-11 00:00:00+00:00,248.3330521964,57.0455029013,68.1748102296,459.5679734728,178.7591687138,152.5684212297,180.552685996,54.5656044835,23.8827031812,28.45384553,23.6971722295
2024-03-12 00:00:00+00:00,250.7868588298,57.5076991744,67.9735527231,464.4863285932,179.0003180349,152.9719905515,184.3468448361,55.1547598315,24.0444585414,28.6543592065,23.8988911662
2024-03-13 00:00:00+00:00,250.4740229243,57.4266957038,67.8565425449,463.78230957,179.7623498894,153.2506455594,183.3317841594,55.0958442967,24.0159134779,28.6734557472,23.7452005478
2024-03-14 00:00:00+00:00,249.5061868418,57.0645625414,67.4540275318,462.7653932031,177.4280244616,152.3185926019,182.3561433148,54.8798206691,23.9017332236,28.4729420706,23.6779609022
2024-03-15 00:00:00+00:00,248.029992413,57.001189238,67.4165842748,459.5777515148,177.6788197555,152.2417222549,179.8924038083,54.5754237393,23.920763266,28.5015868816,23.5626929384
2024-03-18 00:00:00+00:00,249.2911121568,57.0107548009,67.3323369465,462.4524958595,177.2640429232,152.5780300231,181.1932582677,54.8798206691,23.9302782872,28.5206834222,23.6203269203
2024-03-19 00:00:00+00:00,250.7282020975,57.0298859267,67.5101924174,465.0436769865,178.6048331483,153.3947774601,181.9717999518,55.1919571363,23.9573694555,28.5571387182,23.5341045622
2024-03-20 00:00:00+00:00,253.2699938293,57.6420819514,67.6318830027,469.1015644119,181.1995998429,154.5862678387,184.1103258434,55.7528310099,24.2050400741,28.863176373599998,23.7553078335
2024-03-21 00:00:00+00:00,254.3160388882,57.6516475142,67.6880478883,470.6660511301,183.2951874429,155.8799957789,186.0244454714,55.9693086453,24.1955142811,28.8344853434,23.8033955012
2024-03-22 00:00:00+00:00,253.6028707849,57.4316395679,67.9127074304,470.0528701169,181.3660705452,155.135500079,186.0145820331,55.8413900425,24.0907305578,28.7484122528,23.6591324982
2024-03-25 00:00:00+00:00,253.033858541,57.3838117534,67.7816560308,468.8364888845,181.540563531,154.8647743699,185.7975863915,55.6741118697,24.1002563509,28.6910301925,23.6879850988
2024-03-26 00:00:00+00:00,252.5825729682,57.3838117534,67.8378209164,467.5220123915,181.2982121619,154.777755392,185.1663263433,55.6150725146,24.1002563509,28.7484122528,23.6302798976
2024-03-27 00:00:00+00:00,254.8095691643,57.6994753287,68.0718412728,471.6027752357,185.0595054096,156.9919049412,185.156462905,56.0480277854,24.2431432462,28.9492494642,23.6976026323
2024-03-28 00:00:00+00:00,254.9763486151,57.6803442029,67.9875939445,471.5439180793,186.0095227763,157.4656749321,184.7915156896,56.0677075705,24.2336174532,28.9014310805,23.7745429006
2024-04-01 00:00:00+00:00,254.7801374965,57.5751230112,67.5254505446,470.925917937,184.3324513025,156.8468733114,184.9887844547,55.9988283228,24.2145658672,28.7675396063,23.8226305683
2024-04-02 00:00:00+00:00,252.4256040734,57.335983939,67.4503388087,467.8457267517,181.8604673381,155.8413206776,183.7755815495,55.5560331595,24.147885316,28.6049571019,23.9284234372
2024-04-03 00:00:00+00:00,252.8180263106,57.584688574,67.4972836437,468.2675363726,182.5972155,155.8703270036,185.3438682318,55.6347522997,24.3098237974,28.7866669598,23.9572760378
2024-04-04 00:00:00+00:00,249.7865645283,57.1925004957,67.6381181484,462.4995350447,180.9104499714,154.2749790751,181.8028938986,54.9557997159,24.147885316,28.5762660717,23.889953303
2024-04-05 00:00:00+00:00,252.3078774022,57.4029428792,67.300115337,467.4141076047,181.8895495024,155.2902004841,185.0183747695,55.565873052,24.2431432462,28.6814665157,23.9380409707
2024-04-08 00:00:00+00:00,252.6021940801,57.6899097658,67.2437815351,467.6004886,182.7426263215,155.3385443608,184.535066295,55.6052326221,24.3860301416,28.81535799,24.0823039738
2024-04-09 00:00:00+00:00,252.9651846495,57.842958772,67.4878946767,468.179250638,183.1594706762,155.4739072153,183.371180581,55.6249124071,24.4336591067,28.8440490202,24.2458020439
2024-04-10 00:00:00+00:00,250.1397445417,57.0298859267,66.6992214501,463.6472495947,178.8746984714,153.5111458245,182.6412861502,55.0935582111,24.1097821439,28.4710656277,23.9091883701
2024-04-11 00:00:00+00:00,251.8369707176,57.2307627473,66.6992214501,466.9922979838,178.7486757595,153.3371078686,184.6830178688,55.5068336969,24.1955142811,28.528447688,24.0726864402
2024-04-12 00:00:00+00:00,248.2070650236,56.2359442071,66.8494449218,460.6259155658,176.2088334118,151.1036207687,181.388629492,54.6409231553,23.7954309741,28.0885185584,23.5725746964
2024-04-15 00:00:00+00:00,245.1559821294,55.9776740092,66.4081634736,454.7794380294,174.3378808427,150.2817748661,178.3112367567,53.952130679,23.6811214578,28.0024454678,23.4283116933
2024-04-16 00:00:00+00:00,244.4201904347,55.3463468587,66.2391620679,453.9652473657,173.184288326,149.6919795714,179.1989461996,53.8340519688,23.4048734601,27.6964078125,23.1109330866
2024-04-17 00:00:00+00:00,242.9878492689,55.3846091102,66.5583869453,451.2283895928,172.2148828498,149.4502601883,176.7725403891,53.5585349783,23.4525024252,27.7250988426,23.1494032208
2024-04-18 00:00:00+00:00,242.4875109165,55.3941746731,66.3799965726,450.1983893557,172.3602936712,149.682310796,175.6875621811,53.4109365905,23.4525024252,27.6677167823,23.2551960897
2024-04-19 00:00:00+00:00,240.5842630661,55.3750435474,66.4644972755,446.4315313457,173.7562375569,150.7942199583,171.2095612138,52.9681414271,23.4429766322,27.6868441357,23.1590207543
2024-04-22 00:00:00+00:00,242.9486070452,55.9489773205,66.4926641764,450.3062941425,175.3751447022,151.8674540193,172.9159360317,53.5093355157,23.6430182857,27.9833181144,23.351371425
2024-04-23 00:00:00+00:00,245.8427210445,56.4846488421,66.6147207472,455.9860097357,177.3527318737,152.8923442037,176.6245888153,54.1390886368,23.8240083532,28.2415373861,23.5244870287
2024-04-24 00:00:00+00:00,245.9015843801,56.4081243391,66.4457193415,455.6524858494,177.3915080928,152.9987007323,175.8157868784,54.1784482069,23.8049567671,28.174591649,23.5918097634
2024-04-25 00:00:00+00:00,244.7341282244,56.3029031473,66.2579400019,453.7690568444,176.2185274665,152.7666501245,175.0069849416,53.9619705715,23.7763793881,28.0598275282,23.6783675652
2024-04-26 00:00:00+00:00,247.0101772001,56.7620501658,66.4081634736,458.3108674138,176.8777231904,152.6796311466,177.2262585488,54.4736449825,23.9573694555,28.2702284163,23.9188059036
2024-04-29 00:00:00+00:00,247.9814222372,57.1159759926,66.6053317802,459.9098201628,178.0022335428,153.2694264414,177.2854391783,54.6704428328,24.157411109,28.4041198905,24.140009175
2024-04-30 00:00:00+00:00,243.9002309704,56.3411653989,66.3518296717,452.6409613466,174.8419716903,151.3066650505,174.6913549175,53.7946923987,23.7859051811,28.0024454678,23.8611007024
2024-05-01 00:00:00+00:00,243.2919765027,56.2933375844,66.5901319816,451.1695324364,174.9679944022,150.8522326103,172.8962091552,53.6077344408,23.7763793881,27.9450634075,23.8514831689
2024-05-02 00:00:00+00:00,245.8132893767,57.2594594359,66.8538179801,455.3778191195,177.1879329427,151.6547409622,174.7899893,54.1194088518,24.166936902,28.3180468,24.4189176475
2024-05-03 00:00:00+00:00,248.7270244878,57.7664342689,67.1928428353,461.0281061346,178.603264938,152.5345995167,177.6405229554,54.768841758,24.3479269695,28.5475750415,24.5631806505
2024-05-06 00:00:00+00:00,251.3954957007,58.0820978441,67.258764335,465.6778214907,180.7456510405,153.5594897011,181.2505413564,55.3789150942,24.4812880718,28.7675396063,24.6016507847
2024-05-07 00:00:00+00:00,251.6211384871,58.0438355926,67.3906073342,466.3448692633,180.561464,154.0525972426,181.1420435356,55.4576342343,24.4527106928,28.81535799,24.4573877817
2024-05-08 00:00:00+00:00,251.4445484804,57.9673110895,67.2305122637,466.3644883155,180.7359569857,154.2943166257,181.3984929302,55.4576342343,24.4241333137,28.7962306365,24.4670053152
2024-05-09 00:00:00+00:00,252.9259424258,58.3164541348,67.4094420484,469.042488932,182.7523203762,155.6189388452,181.7733035839,55.762670902400004,24.5860717951,29.0161952013,24.5054754493
2024-05-10 00:00:00+00:00,253.1613957681,58.3977614194,67.2210949066,469.62125097,182.4324165691,156.0540337348,182.0987970463,55.7725107949,24.6051233811,29.0544499082,24.5631806505
2024-05-13 00:00:00+00:00,253.2987435511,58.4934170482,67.2775990491,469.6506795482,182.7232382119,155.9186708802,181.1716338504,55.811870365,24.6622781393,29.0448862315,24.678591053
2024-05-14 00:00:00+00:00,254.5348735983,58.8569084379,67.475363548,471.8774419656,184.351839412,156.566478827,182.3453830026,56.0873873555,24.8242166207,29.2457234429,24.822854056
2024-05-15 00:00:00+00:00,257.6644409399,59.4499733368,67.9085619742,477.6258242413,185.2630805596,157.9491136983,186.5965248901,56.7663399393,25.0433098603,29.523070068,25.0825274615
2024-05-16 00:00:00+00:00,256.9678914689,59.2490965162,67.7955536891,476.713538317,184.1579583167,157.8040820685,185.0085113312,56.5695420889,24.9671035161,29.3509238869,25.1306151292
2024-05-17 00:00:00+00:00,257.3308820383,59.5073667141,67.6260412615,477.4198241939,184.2645929191,158.2295081827,184.8408328809,56.6974606917,25.1099904114,29.4848153611,25.2941131993
2024-05-20 00:00:00+00:00,257.5957670484,59.5073667141,67.5601197618,477.8906814451,184.0513237144,157.55269391,186.4189830015,56.7860197243,25.1099904114,29.5039427146,25.2364079981
2024-05-21 00:00:00+00:00,258.1255370686,59.3351865822,67.7013801182,479.17572936,183.8283604548,157.6590504386,186.5176173841,56.854898972,25.0337840672,29.4561243309,25.092144995
2024-05-22 00:00:00+00:00,257.2523975908,58.8856051265,67.6166239044,477.7827766584,182.2773116929,157.0499175932,186.1723970452,56.7073005842,24.8242166207,29.1596503523,25.0152047267
2024-05-23 00:00:00+00:00,255.0646436185,58.4934170482,67.4188594055,474.2317282218,179.7180812357,155.0678186517,186.1132164157,56.2743453134,24.6718039323,29.0066315246,24.8420891231
2024-05-24 00:00:00+00:00,256.9090281333,58.9621296296,67.4941982622,477.4590622981,181.2982121619,155.5222510919,187.9872696839,56.6679410141,24.8527939998,29.2648507963,24.9286469249
2024-05-28 00:00:00+00:00,256.9090281333,58.9429985039,67.1740081212,477.8416338148,179.9992088238,154.420010705,188.7960716208,56.6777809066,24.9004229649,29.274414473,24.9190293914
2024-05-29 00:00:00+00:00,254.7997586084,57.9577455266,66.9291568368,474.4769663735,177.7986583928,152.8053252258,187.4250537035,56.2054660657,24.5098654509,28.777103283,24.5824157176
2024-05-30 00:00:00+00:00,253.5538180053,58.3212369163,67.2210949066,471.2888704015,179.7374693452,153.4628019479,184.1306653266,55.8807496126,24.6718039323,29.0735772617,24.5247105164
2024-05-31 00:00:00+00:00,255.5061186353,58.6082038028,67.4659461909,475.3892522978,182.151288981,155.8413206776,184.0517578206,56.3038649909,24.7861134486,29.3700512404,24.3419773792
2024-06-03 00:00:00+00:00,255.5846030828,58.8569084379,67.8416667198,475.9091571794,181.0558607928,154.9711308984,183.7361277964,56.3333846685,24.8813713788,29.4083059473,24.6208858518
2024-06-04 00:00:00+00:00,255.555171415,58.4742859224,68.0967105797,476.4879192174,178.5257124999,154.7294115153,183.2429558837,56.323544776,24.6622781393,29.31266918,24.2265669768
2024-06-05 00:00:00+00:00,258.6847387566,59.0003918812,68.2856319573,482.1872538628,180.0185969333,155.46423844,187.4250537035,57.0221771448,24.8051650347,29.4656880077,24.6112683182
2024-06-06 00:00:00+00:00,258.4590959702,59.1917031389,68.2950780262,482.0793490761,179.4854239214,155.3192068101,186.5570711371,57.0221771448,24.9004229649,29.561324775,24.7170611871
2024-06-07 00:00:00+00:00,257.9685681737,58.5221137369,67.747206031,481.4515394077,177.953763269,155.077487427,186.7050227109,56.894258542,24.6146491742,29.2074687359,24.4862403823
2024-06-10 00:00:00+00:00,258.8318970955,58.6751627431,67.6432992733,483.0308731046,177.8859048856,155.6382763958,188.7763447443,57.0910563924,24.7003813114,29.2361597661,24.6689735194
2024-06-11 00:00:00+00:00,259.2733721124,58.1490567843,67.9172352709,484.1295400242,176.9261934642,154.7004051894,188.2908525046,57.15993564,24.4812880718,28.920558434,24.5727981841
2024-06-12 00:00:00+00:00,261.7162005389,58.761252809,68.228955544,488.1612552381,179.1655201142,154.9421245725,190.4136911668,57.7208095136,24.7194328974,29.2265960894,24.8132365225
2024-06-13 00:00:00+00:00,261.83392721,58.1490567843,68.5312297483,489.0833506885,177.7404940642,155.3095380348,192.1415831012,57.7208095136,24.4336591067,28.8057943132,24.7651488548
2024-06-14 00:00:00+00:00,261.6377160914,57.8238276462,68.635136506,489.4757317312,175.5690257975,154.8841119205,192.2205724467,57.6617701585,24.3098237974,28.5475750415,24.8036189889
2024-06-17 00:00:00+00:00,263.6292589452,58.0247044668,68.3800926462,493.360304054,177.0716042856,156.0927088361,194.846968187,58.1734445694,24.3955559346,28.6145207786,24.947881992
2024-06-18 00:00:00+00:00,264.2963767484,58.2925402276,68.6162443682,494.6747805471,177.4302843118,156.6728353555,196.2885237436,58.3518575646,24.5442135554,28.731065656,25.1680292581
2024-06-20 00:00:00+00:00,263.6292589452,58.2542779761,68.4839994039,493.3014468976,177.1879329427,156.9435610646,194.6198738184,58.1939898404,24.5345770365,28.7504392674,25.1099268435
2024-06-21 00:00:00+00:00,263.2270261521,57.9132656592,68.5028915416,492.2223990302,177.5078367499,156.5761476023,192.9512238933,58.0459888489,24.3803927346,28.5567031537,25.0324569574
2024-06-24 00:00:00+00:00,262.7855511352,58.3375386677,68.5406758172,490.898113011,178.9619449642,157.55269391,190.6802802081,57.9275880558,24.5442135554,28.8376205185,25.0324569574
2024-06-25 00:00:00+00:00,263.648880057,58.3375386677,68.5784600927,492.9384944331,177.0425221213,156.2957531179,192.4377931471,58.1446561766,24.5249405177,28.8763677412,24.9937220143
2024-06-26 00:00:00+00:00,263.6390695011,57.9904062062,68.2572937507,493.4878278929,176.5287372189,155.8123143517,191.8848677281,58.1742563749,24.3707562158,28.6632580162,24.9453033355
2024-06-27 00:00:00+00:00,264.2767556366,58.0964744583,68.3800926462,494.2529709262,176.9324945998,155.6236765451,192.5957718382,58.2827904353,24.428575329,28.731065656,24.9743545428
2024-06-28 00:00:00+00:00,263.3760484966,58.1446873002,68.0589263041,492.3533562032,177.9268259744,156.0809925885,192.4081721425,58.0657223145,24.4960309611,28.7407524617,25.0518244289
2024-07-01 00:00:00+00:00,263.9077036355,58.2121852788,67.7006388006,493.4854745717,176.0258983464,155.438804102,192.7340031929,58.1841231076,24.5345770365,28.7891864901,25.090559372
2024-07-02 00:00:00+00:00,265.4337507932,58.4339643514,67.8996189846,496.6849395261,176.9617396402,156.022611817,193.9089697083,58.6083926165,24.5923961497,28.8666809356,25.1680292581
2024-07-03 00:00:00+00:00,266.5265974675,59.1282292744,68.2881041058,498.929487248,177.0104813742,156.1393733599,195.5479986289,58.8550609356,24.862218678,29.1960323288,25.4972762742
2024-07-05 00:00:00+00:00,267.9148081078,59.427148894,68.6007872521,501.9123730363,175.4604942315,156.0031515598,196.0811767115,59.1609296512,24.9971299422,29.341334414,25.6134811034
2024-07-08 00:00:00+00:00,268.2790903325,59.2535826633,68.6007872521,502.3947539063,176.2306136294,156.2269445172,196.9994278538,59.2102633151,24.9200377912,29.2250927458,25.6134811034
2024-07-09 00:00:00+00:00,268.2101720738,59.1475144112,68.5723615115,502.9460463292,175.6944545549,156.2464047744,197.4338692544,59.2201300478,24.862218678,29.1185378833,25.7103184611
2024-07-10 00:00:00+00:00,270.8093749747,59.8417793341,68.6292129927,507.7895440449,177.790349119,157.7156541903,199.0432771704,59.8022672809,25.0934951308,29.5156969163,25.8265232903
2024-07-11 00:00:00+00:00,269.598382714,60.121413817,68.9703218796,503.4382717068,182.6840192176,158.9611106488,196.2292817345,59.4371981686,25.2476794327,29.6416253902,25.9814630625
2024-07-12 00:00:00+00:00,271.3804119757,60.6421125093,69.1503515699,506.5491360933,184.458218337,159.866012607,196.811828158,59.7924005481,25.4307732912,29.9322295607,26.0492492129
2024-07-15 00:00:00+00:00,272.5421769087,60.1406989538,68.9324208921,508.0848792714,186.0082054798,160.4790107076,197.7893213095,60.0489356,25.2669524705,29.7288066413,25.8265232903
2024-07-16 00:00:00+00:00,274.7869430504,60.4781888469,69.1977278042,510.9693199842,191.2820611039,162.7266704102,198.8359301383,60.5324055054,25.4211367723,29.8837955323,25.9814630625
2024-07-17 00:00:00+00:00,270.9078296301,60.0153455649,69.2640545322,503.8320520089,190.1707495676,163.1061454249,191.3714369818,59.5851991601,25.2476794327,29.7481802527,25.5941136319
2024-07-18 00:00:00+00:00,268.5449179019,59.4367914624,69.0840248419,500.0419166014,187.8896364141,161.7828479377,189.920007757,59.0918625219,25.0260394988,29.4769496936,25.3617039735
2024-07-19 00:00:00+00:00,266.8711887612,59.041446159,68.9039951516,496.7046285412,186.768576531,160.6152325078,188.7845359144,58.7465268752,24.8429456403,29.312273997,25.0808756362
2024-07-22 00:00:00+00:00,269.6574555073,59.581429988,68.875569411,501.8631504985,189.0106962972,161.3936427944,191.9243624008,59.3977312376,25.0260394988,29.5835045561,25.2745503516
2024-07-23 00:00:00+00:00,269.4605461966,59.2246549582,68.8850446578,501.0263673566,190.0440210591,160.8001049509,192.2304461149,59.338530841,24.862218678,29.4382024709,25.0421406932
2024-07-24 00:00:00+00:00,263.3957394277,58.4821771933,68.6860644738,489.5575160584,186.5248678607,159.8076318355,185.2744468706,57.9374547885,24.5827596309,29.0991642719,24.7709960917
2024-07-25 00:00:00+00:00,262.3816564777,58.192900142,68.8376684236,487.0865446628,188.8644710951,160.3719792932,183.2651553926,57.7795870643,24.4382118479,28.9344885753,24.6644749982
2024-07-26 00:00:00+00:00,265.522359983,58.9257353385,69.1124505824,492.5502463542,191.9546970338,162.4055761669,185.7138251053,58.4110579612,24.7465804516,29.2832135799,24.9162521282
2024-07-29 00:00:00+00:00,265.5420509141,58.6750285608,69.1977278042,492.9144931337,191.4672796933,162.1623229524,185.0226683316,58.4406581595,24.6405787441,29.1669719117,24.8290985063
2024-07-30 00:00:00+00:00,264.4393587743,58.7039562659,69.2830050259,490.335232155,192.4811077616,162.5612582243,182.6233669599,58.1150559783,24.6694883007,29.2541531629,24.7419448844
2024-07-31 00:00:00+00:00,268.3578540568,59.6682131034,69.6620149002,498.0631705834,193.3389622808,163.475890311,188.5574415459,59.0819957891,25.0549490554,29.6706858073,25.25518288
2024-08-01 00:00:00+00:00,264.1538402738,58.3182535309,69.9215504394,491.2704603725,189.0886830717,161.7244671662,183.4033867474,58.1446561766,24.4767579233,28.9054281583,24.8484659778
2024-08-02 00:00:00+00:00,258.8372888855,57.3250689883,70.7198935462,482.2922694849,183.4248935752,159.2530145063,177.1336074427,56.9409147794,24.0816606498,28.4114010685,24.4611165471
2024-08-05 00:00:00+00:00,251.2365894934,55.9558242791,70.653364954,467.8109988758,178.1705346446,155.6431368023,173.2433821733,55.2931704079,23.407104329,27.7914455047,23.6864176858
2024-08-06 00:00:00+00:00,253.7865650666,56.1293905098,70.2161770621,472.4772954555,179.9544821108,156.9177836465,176.1363669549,55.7273066495,23.48419648,27.8592531445,23.7638875719
2024-08-07 00:00:00+00:00,251.8470083565,56.4475952662,70.0451035392,469.1990744406,178.511726783,156.0128816884,173.7963075923,55.3918377355,23.6383807819,27.965808007,23.9962972303
2024-08-08 00:00:00+00:00,257.7444422113,57.4986352191,69.9405586086,480.1461668386,182.0796217154,158.6886670485,180.4807809613,56.6449127965,24.0334780554,28.4501482912,24.5289026975
2024-08-09 00:00:00+00:00,258.8569798166,57.6914865866,70.1876648083,482.203668917,182.3428270793,158.9611106488,182.3172832458,56.9507815122,24.1202067252,28.547016348,24.6547912625
2024-08-12 00:00:00+00:00,258.6896069025,57.7396994284,70.3112179082,482.4497816058,180.7538465492,158.3189221624,182.830713992,56.8817143828,24.1780258384,28.547016348,24.7516286201
2024-08-13 00:00:00+00:00,262.9920753408,58.5882454454,70.5773322771,490.4632107532,183.1616882113,159.8465523498,186.7703076023,57.8387874609,24.4960309611,29.0119830208,25.0034057501
2024-08-14 00:00:00+00:00,263.7403307214,58.6075305822,70.7103894616,492.028487454,183.1226948241,160.8001049509,188.2612315,58.0657223145,24.5538500743,29.1185378833,24.8775171851
2024-08-15 00:00:00+00:00,268.3086267291,59.3307232103,70.4157628388,500.4750749337,186.6808414097,162.6780197672,192.5760245018,59.0523955908,24.8429456403,29.4672628879,25.1292943151
2024-08-16 00:00:00+00:00,268.9485819888,59.7164259453,70.5678281925,501.5284372417,187.12926536290001,163.1645261964,192.4081721425,59.2299967806,25.0260394988,29.6416253902,25.4004389165
2024-08-19 00:00:00+00:00,271.4887120966,60.3914057315,70.653364954,506.3522459423,188.611014078,164.2348403404,194.5606318093,59.7628003498,25.3054985459,29.9612899777,25.6425323107
2024-08-20 00:00:00+00:00,270.8290659058,60.1021286803,70.8624548153,505.5154628003,186.9245500799,163.7580640399,194.2051797542,59.6049326256,25.1994968384,29.893482338,25.4682250669
2024-08-21 00:00:00+00:00,272.1877401495,60.5938996674,71.0145201689,507.2874741597,188.9327095228,164.3807922691,195.153051901,59.9206680741,25.3633176591,30.1550260914,25.5844298961
2024-08-22 00:00:00+00:00,269.8839012145,60.1117712486,70.7293976308,503.1823145105,188.0358616162,164.0791582831,193.5140229805,59.4371981686,25.151314244,29.9516031721,25.2648666158
2024-08-23 00:00:00+00:00,273.3002777548,61.1724537699,71.0430324228,508.6263271868,192.8222998999,165.898692328,195.3702726014,60.0982692638,25.6331401874,30.5134379017,25.6618997822
2024-08-26 00:00:00+00:00,272.6110951674,60.8831767186,70.9669997459,507.3760747277,192.6760746978,166.1030250282,193.593012326,59.9305348068,25.5078654421,30.4359434562,25.4682250669
2024-08-27 00:00:00+00:00,272.8572318058,61.0953132229,70.9669997459,508.0553457488,191.8767102593,166.1808660569,194.2348007588,60.0390688672,25.5945941119,30.5521851244,25.5360112173
2024-08-28 00:00:00+00:00,271.1933481305,60.7771084665,70.9194793229,505.1512160209,191.3600478784,166.015453871,192.4377931471,59.6838664877,25.4500463289,30.4068830392,25.3520202377
2024-08-29 00:00:00+00:00,271.4591757,60.9313895605,70.8149343922,505.2299720813,192.100922236,166.5408808144,192.0724674238,59.673999755,25.517501961,30.4940642903,25.3617039735
2024-08-30 00:00:00+00:00,274.078069532,61.1049557912,70.6723731232,509.984869229,193.4559424425,168.1852725448,194.8765891916,60.2857371863,25.5656845553,30.6006191528,25.4488575954
2024-09-03 00:00:00+00:00,268.1806356772,60.0732009751,70.9722440998,499.6678253144,189.1569214994,166.3462782428,189.1399879695,58.9043945994,25.1416777252,30.0775316459,24.9743545428
2024-09-04 00:00:00+00:00,267.5800622796,59.9478475863,71.2868289293,498.4274173628,188.6792525057,166.2489769569,188.8931462646,58.8057272718,25.0742220931,29.9806635891,24.9840382786
2024-09-05 00:00:00+00:00,266.7530431748,60.04427327,71.4584206544,497.1968539188,187.5776893162,165.013250627,187.7774217584,58.6774597458,25.1320412063,30.0194108118,25.0227732216
2024-09-06 00:00:00+00:00,262.3225836845,58.9353779069,71.544216517,488.9176230675,184.9748807179,162.9018127246,183.6798494569,57.5921191418,24.6502152629,29.4672628879,24.5385864333
2024-09-09 00:00:00+00:00,265.1285413617,59.5428597145,71.6395452532,494.4207027891,185.4622980584,164.6240454837,186.8098022751,58.2729237025,24.8814917158,29.7578670584,24.7709960917
2024-09-10 00:00:00+00:00,266.1623152427,59.3017955052,71.8778670937,496.4585158524,184.8384038626,164.8089179268,187.1850016666,58.420924694,24.7658534893,29.6222517788,24.6935262055
2024-09-11 00:00:00+00:00,268.8107454713,59.6392853983,71.8397355992,501.5382817493,184.8384038626,164.6240454837,190.1767231301,59.0227953926,24.8911282346,29.7772406698,24.8290985063
2024-09-12 00:00:00+00:00,271.0456661475,60.1792692273,71.7634726103,505.8501760571,186.8368149586,165.6165185991,192.6945085202,59.545732229,25.0934951308,30.0678448403,25.0324569574
2024-09-13 00:00:00+00:00,272.93599553,60.3431928896,71.9159985882,508.5377266188,190.5996768272,166.8035942861,194.2742954316,59.9601350051,25.228406395,30.13565248,25.1680292581
2024-09-16 00:00:00+00:00,273.4774961344,60.738538193,72.1066560606,509.3055982079,192.2276507445,168.1268917733,194.8074735142,60.0982692638,25.3825906969,30.3778226221,25.2358154085
2024-09-17 00:00:00+00:00,273.7531691693,60.5456868255,72.0113273244,509.5418663892,193.075756917,168.0587808732,194.6889894958,60.1621435317,25.3455315363,30.2289606358,25.2538639552
2024-09-18 00:00:00+00:00,273.063986582,60.3431928896,71.7920712311,507.8879891204,193.2609755064,167.6890359871,194.0768220676,60.0038741636,25.2484965763,30.15112617,25.1659054507
2024-09-19 00:00:00+00:00,277.6913553829,61.5195862314,71.7920712311,516.7480459173,196.5266716877,169.158285403,197.8485633187,61.0820842335,25.733671376,30.7154260467,25.6741101433
2024-09-20 00:00:00+00:00,277.1104729164,61.0878884452,71.7825383575,515.7340616394,194.8402076896,169.0026033457,199.023529834,60.8743556879,25.5590084481,30.4332761084,25.595924806
2024-09-23 00:00:00+00:00,277.7996555038,61.407466809,71.7348739894,517.0040031136,195.434856845,169.5961411892,200.1392543402,61.032625056,25.704560888,30.5694864234,25.7816149821
2024-09-24 00:00:00+00:00,278.4986835567,62.2596757791,71.820669852,518.490523754,195.6590688216,169.6739822179,200.4354643861,61.2403536016,26.0635902398,30.7446139714,26.6123341912
2024-09-25 00:00:00+00:00,277.583055262,61.7851503298,71.5537493906,517.4371614459,193.8068829277,168.6620488453,200.8205917509,61.072192398,25.8501133279,30.5694864234,26.2702733404
2024-09-26 00:00:00+00:00,278.8235839193,63.305568606,71.5537493906,519.4946635243,195.5128436194,169.6003251445,201.1669194529,61.3095964501,26.4323230876,31.1921621494,27.1694047196
2024-09-27 00:00:00+00:00,278.5486000669,63.0247270136,71.7634726103,518.8238587797,196.2765274194,170.148085581,199.8162414153,61.2205699306,26.3352881276,31.0073052933,27.1009925495
2024-09-30 00:00:00+00:00,279.644820404,62.6954644569,71.6014137587,521.0852822001,196.5800427759,170.7545346357,200.6325852842,61.5272168312,26.2091426797,30.9197415193,26.7882512002
2024-10-01 00:00:00+00:00,277.0968488097,62.5308331786,71.8118090459,516.2168029588,194.8176955451,170.3437143083,199.5144415607,60.8941393589,26.1800321917,30.7446139714,26.954395042
2024-10-02 00:00:00+00:00,277.1561039631,62.753569614,71.6779566526,516.3056798618,194.2204556502,170.2263370719,200.0982511154,60.9238148655,26.2382531677,30.6473208892,27.3746412301
2024-10-03 00:00:00+00:00,276.5635524295,62.0950445008,71.3624474396,515.328033929,193.2315830374,169.4829479082,199.6826578731,60.8545720169,25.9859622719,30.4040881837,27.0032608778
2024-10-04 00:00:00+00:00,279.2399101894,62.56956995,70.8939640628,520.078010633,195.3659813502,170.8034418175,201.622093004,61.4678658181,26.2188461757,30.6084036563,27.2769095584
2024-10-07 00:00:00+00:00,276.6919385951,62.4436754431,70.6836245875,515.3971604091,193.9365219297,169.5220736536,200.177411733,60.91392303,26.1412182078,30.4430054166,27.5114655704
2024-10-08 00:00:00+00:00,279.0226412938,61.8529396797,70.7887943251,520.2755148618,193.7602872066,169.7079209446,202.16632225,61.4381903116,25.8501133279,30.3651709508,26.837117036
2024-10-09 00:00:00+00:00,280.9681854956,61.7851503298,70.5975766203,523.8305909812,194.5925067323,171.1946992721,203.7891149106,61.8635392383,25.791892352,30.3554416426,26.661200027
2024-10-10 00:00:00+00:00,280.385509821,61.7270451728,70.5688939646,522.9516971628,193.6330065733,170.6665017084,202.8490825767,61.7349453767,25.782188856,30.326253718,26.7393853643
2024-10-11 00:00:00+00:00,282.5581987773,62.0853603079,70.5784548498,526.0623887673,196.6387876836,172.4565045633,205.1843207956,62.1701861389,25.9374447919,30.462464033,26.9055292062
2024-10-14 00:00:00+00:00,284.7605153104,62.1192549829,70.5306504236,530.3679809563,197.9115940169,173.5324625635,206.7675331475,62.7142370916,25.9374447919,30.5402984988,26.8077975345
2024-10-15 00:00:00+00:00,282.8050952497,61.1363094094,70.8079160956,526.3290194762,198.1269920118,172.6032261088,204.6598817041,62.1998616454,25.5493049521,30.1219382454,26.2800465076
2024-10-16 00:00:00+00:00,284.246970648,61.4462035804,70.903524948,528.5410668394,200.6236505887,173.8650314,206.4607857543,62.546075888,25.694857392,30.1997727111,26.5341488539
2024-10-17 00:00:00+00:00,284.1877154946,61.3493616519,70.5593330794,528.6200685309,200.6628138605,173.6889655454,206.4607857543,62.5164003815,25.6075259281,30.1803140947,26.3875513464
2024-10-18 00:00:00+00:00,285.3036875495,61.8432554869,70.5975766203,530.6543620882,200.76072204,173.9335014545,207.1336510038,62.7735881046,25.791892352,30.3651709508,26.6416536927
2024-10-21 00:00:00+00:00,284.4049843903,61.2331513378,70.1195323583,529.8347195384,197.6766143861,172.2706572724,206.5201562175,62.5955350655,25.5687119441,30.014915855,26.4657366837
2024-10-22 00:00:00+00:00,284.0790810468,60.9910465168,70.148215014,529.469336715,196.5996244118,172.0163399269,205.8769761996,62.546075888,25.4619734882,29.8884348481,26.4070976807
2024-10-23 00:00:00+00:00,281.5113577347,60.4487317177,69.9761190797,524.6403583195,195.7086599784,171.6250824722,205.402012494,61.9228902513,25.2387930803,29.5868262933,26.2507270061
2024-10-24 00:00:00+00:00,282.2619230106,60.5746262246,70.0908497025,525.8253836926,196.1394559682,171.0381962903,204.7984127849,62.0712677838,25.3164210483,29.7133073002,26.1823148359
2024-10-25 00:00:00+00:00,281.9952748205,60.4099949463,69.9474364239,525.6180042523,194.6610424579,169.8350796173,203.5813182894,62.0613759483,25.2096825923,29.5868262933,26.1627685016
2024-10-28 00:00:00+00:00,283.140874452,60.8167310457,69.8613884568,527.2572893518,197.0597928553,170.7643160721,204.3531343109,62.2888881649,25.3843455202,29.8203296906,26.2702733404
2024-10-29 00:00:00+00:00,283.5161570899,60.6036788031,69.9187537682,528.0966823245,196.6877417733,169.6296694536,204.1453376898,62.38780652,25.2582000723,29.703577992,26.1627685016
2024-10-30 00:00:00+00:00,282.8149711085,60.245363668,69.8518275715,526.5067732822,197.2066551246,169.5122922172,202.9480333487,62.2196453164,25.1805721044,29.5576383687,25.947758824
2024-10-31 00:00:00+00:00,277.5412624599,59.8967327257,69.8422666863,516.1476764787,194.641460822,168.3972084716,200.2862575822,61.032625056,25.0059091765,29.3533228961,25.8402539851
2024-11-01 00:00:00+00:00,278.726365527,59.9645220756,69.5722969258,518.3893494762,194.6708332758,168.436334217,199.5837071011,61.3590556276,25.0835371444,29.4408866701,25.9086661553
2024-11-04 00:00:00+00:00,278.2226967235,60.1485217396,69.8504326593,517.2635753718,195.2582823528,167.9961695806,199.2076941675,61.2304617661,25.1514616164,29.4798039029,25.9966246598
2024-11-05 00:00:00+00:00,281.758254207,60.8070468528,70.0230686318,523.4849585807,198.1955277374,169.7763909991,202.5918105695,61.9822412643,25.4328630002,29.7716831495,26.3582318449
2024-11-06 00:00:00+00:00,289.6391896034,60.0710481968,69.4476153901,536.5202376851,207.075799617,174.3443217819,207.2721820846,63.8023389969,25.1514616164,29.4116987454,26.0454904956
2024-11-07 00:00:00+00:00,291.6637406764,61.1072568309,69.9655233077,540.6974521254,206.5079321759,173.8259056545,208.2517947273,64.2474715946,25.6172294241,29.8495176152,26.6416536927
2024-11-08 00:00:00+00:00,293.0266092035,60.0904165825,70.0997957307,543.0872532946,207.2324527041,174.8236121638,211.5963308205,64.5442266597,25.1611651124,29.4700745947,25.9966246598
2024-11-11 00:00:00+00:00,293.8463054916,60.0129430398,69.9655233077,543.5316378095,209.4060142888,175.2539953639,211.3588489677,64.7222796988,25.1126476324,29.4895332112,25.8011613165
2024-11-12 00:00:00+00:00,292.6908300012,59.0251553699,69.5435242637,541.9022279215,206.8212383503,173.8845942727,210.280285553,64.4650919757,24.6662868167,29.0030678002,25.3418224597
2024-11-13 00:00:00+00:00,292.5525679767,58.7249453919,69.5147516016,542.1787338419,205.9792280067,174.1095673091,209.7459513843,64.4552001402,24.5304378728,28.8473988687,25.1659054507
2024-11-14 00:00:00+00:00,290.3897548792,58.657156042,69.4955698269,538.7322850483,204.1385542323,172.877106327,207.5789294778,64.019959378,24.4819203928,28.905774718,25.0290811104
2024-11-15 00:00:00+00:00,286.7060595122,58.5022089565,69.5147516016,531.7801361926,202.6993039939,172.2902201451,206.2233039015,63.1692615247,24.4722168968,28.8182109441,25.0095347761
2024-11-18 00:00:00+00:00,287.8714108616,58.8798924773,69.5818878132,533.9823083444,203.1594724374,173.0825164907,207.2128116214,63.4264492478,24.6662868167,29.0030678002,25.2831834567
2024-11-19 00:00:00+00:00,289.1947759532,58.899260863,69.7065693489,535.9277249986,202.7482580836,172.4075973815,208.7762338188,63.6638532999,24.6759903127,28.9641505673,25.3222761254
2024-11-20 00:00:00+00:00,289.3626655544,58.7539979704,69.62984225,536.1252292274,203.3944520682,172.7597290907,209.3847810666,63.7232043129,24.6274728327,28.8863161016,25.2929566239
2024-11-21 00:00:00+00:00,291.3872166274,58.7830505489,69.5914787005,538.8310371628,206.7820750785,174.8627379093,211.5666455889,64.1386614041,24.6468798247,28.9349626427,25.244090788
2024-11-22 00:00:00+00:00,292.8290920257,58.9864185986,69.6202513626,540.6382008568,209.5430857401,176.1441060732,212.6551040808,64.4650919757,24.7342112886,29.0614436495,25.2831834567
2024-11-25 00:00:00+00:00,294.2610915651,59.1801024554,70.2628408159,542.3762380707,212.7544740273,177.2494083825,212.2098256068,64.7321715343,24.7536182806,29.1490074235,25.3222761254
2024-11-26 00:00:00+00:00,295.3375601844,58.8798924773,70.1381592802,545.4178031951,211.657902417,177.3765670553,213.9909395026,64.9695755863,24.6468798247,28.9836091838,25.1854517851
2024-11-27 00:00:00+00:00,294.4981121785,59.141365684,70.3299770274,543.6797659812,211.3054329708,177.2983155643,212.9915367055,64.7717388763,24.7633217766,29.1295488071,25.2245444537
2024-11-29 00:00:00+00:00,296.1375047547,59.7611540259,70.5889309862,546.5435772996,211.6774840529,177.8949831826,214.2482115098,65.1377367899,25.0156126725,29.5089918276,25.3320492925
2024-12-02 00:00:00+00:00,296.7004287116,59.87736434,70.6301027475,548.0841102846,210.9529635247,176.7114293824,212.5363631544,65.296006158,25.0253161685,29.5868262933,25.4004614627
2024-12-03 00:00:00+00:00,296.7004287116,60.1291533539,70.4665626022,548.2124880334,209.8955551862,175.791974364,213.0113268599,65.315789829,25.1320546244,29.732765916600002,25.4395541314
2024-12-04 00:00:00+00:00,298.6953522079,60.1388375467,70.7070628159,551.6688120383,209.9543000939,175.1953067457,214.3867425906,65.7807060976,25.1611651124,29.7230366084,25.4884199672
2024-12-05 00:00:00+00:00,297.8657800609,60.5068368747,70.7166828244,550.7504173742,208.3681875862,174.8627379093,214.3174770502,65.5927612231,25.2970140563,29.8981641563,25.6643369762
2024-12-06 00:00:00+00:00,298.6953522079,60.4003107535,70.9090829953,551.8465658443,208.2800702247,174.4030104001,215.2674044613,65.7411387556,25.2387930803,29.8495176152,25.6056979732
2024-12-09 00:00:00+00:00,296.7893114416,60.7295733101,70.6974428073,548.9728793145,207.6632486939,173.3661781453,210.7552492586,65.3355735,25.4037525122,29.8300589988,26.1041294986
2024-12-10 00:00:00+00:00,295.6733393868,60.0710481968,70.6204827389,547.4125959065,206.3806515426,172.1924057814,208.7663387416,65.1080612834,25.1320546244,29.5965556016,25.6838833105
2024-12-11 00:00:00+00:00,298.0534213799,60.4390475248,70.4665626022,551.5601847125,207.0170547093,171.6837710904,211.1114720378,65.6521122361,25.3067175523,29.7716831495,25.830480818
2024-12-12 00:00:00+00:00,296.3547736504,59.8967327257,70.1875823543,548.716123817,205.734457558,170.8816933084,209.5678399947,65.2861143225,25.0641301524,29.4895332112,25.6838833105
2024-12-13 00:00:00+00:00,296.206635767,59.7514698331,69.9086021065,548.6766229712,204.4910236785,171.2338250176,212.0416092944,65.2168714739,25.0350196644,29.4116987454,25.6936564777
2024-12-16 00:00:00+00:00,297.4114905519,59.5481017834,69.9855621749,550.8294190657,204.2756256836,170.6175945266,213.7831428814,65.5037347035,24.9185777125,29.2852177386,25.6154711403
2024-12-17 00:00:00+00:00,295.9399875769,59.3350495409,69.9951821834,548.5186195881,201.8670844682,169.5025107809,211.2183774623,65.1663845347,24.8060957573,29.2052457438,25.4963880304
2024-12-18 00:00:00+00:00,286.7850663834,57.921157386,69.4468416963,532.412149725,194.2204556502,165.2182416527,203.909989243,63.1215596734,24.247885154,28.4699676536,24.9459648501
2024-12-19 00:00:00+00:00,286.3801561688,57.921157386,69.2544415254,532.2146454961,193.3588636707,164.6411369071,203.7511112383,63.1314860077,24.2772646594,28.44055653,25.0835706451
2024-12-20 00:00:00+00:00,289.6391896034,57.9936919904,69.4660817134,538.2385244762,195.4736803476,166.5680798712,207.643622355,63.8660347443,24.3164373334,28.4307528221,25.1818604988
2024-12-23 00:00:00+00:00,291.2797672826,58.3285740433,69.2448215168,542.0785004457,195.6509920607,167.1258173727,208.4578721295,64.213456444,24.4241621866,28.587612148,25.2998083231
2024-12-24 00:00:00+00:00,294.3708995068,58.5157140141,69.3442712412,547.6559085809,197.1079884794,168.5227955966,211.1389384599,64.8983735092,24.5123007029,28.6856492267,25.3980981767
2024-12-26 00:00:00+00:00,294.5393265832,58.633907679800004,69.392527519,547.6460019945,197.8660203999,168.8966348396,211.4368347189,64.9579315149,24.5318870399,28.813097429,25.2998083231
2024-12-27 00:00:00+00:00,291.3491196082,58.5058645419,69.2477586855,541.9695279955,195.9167954614,167.9030094832,208.874926892,64.2531617811,24.5025075345,28.7640788897,25.1818604988
2024-12-30 00:00:00+00:00,288.1291902079,58.1118856561,69.5179938413,535.9364168865,194.5582447467,166.2010571401,206.4321775687,63.5186130446,24.3360236703,28.6072195637,24.9852807915
2024-12-31 00:00:00+00:00,287.1285352251,58.0429393511,69.4021787746,533.7767810544,195.0996961185,166.5552206334,205.4689796648,63.2803810219,24.3458168388,28.6268269795,24.9361358647
