Date,VTI,VXUS,BND,VOO,VBR,VTV,MTUM,DFUS,DFAX,DFAI,DFAE
2021-09-14 00:00:00+00:00,-0.006027753686060899,-0.005108940645821902,0.002430555555424707,-0.005188288595510904,-0.012985500495292568,-0.011165187517630515,-0.007607497243567574,-0.006129955049075764,-0.004869175363119593,-0.004293262878005577,-0.009424083768657887
2021-09-15 00:00:00+00:00,0.008245713537960997,0.0024165533912900994,-0.0009236808685882947,0.008349452755854747,0.013038348082803797,0.010133178922952846,0.013387401399679755,0.008429276316135548,-0.0010893849587247928,0.004311774459229811,0.001409443269325683
2021-09-16 00:00:00+00:00,-0.0009086975336547454,-0.004821455477994063,-0.0018490696861478417,-0.001724054198609104,-0.0033777881310601554,-0.0042275723703490975,0.00010963109137618332,-0.000611620794240042,-0.002602587801904921,-0.0023117569354478285,-0.010907811398853773
2021-09-17 00:00:00+00:00,-0.008012473472195691,-0.010749432248107649,-0.00127359036714636,-0.009802729196479176,-0.0061941214286040935,-0.006764049794554916,-0.007782954233942374,-0.008363933088868514,-0.011475336920399815,-0.012909632570340834,-0.006047669870813621
2021-09-20 00:00:00+00:00,-0.017333216905457527,-0.020867768594010294,0.0027822861114157327,-0.01633585536006954,-0.017816193331905095,-0.014924291821022395,-0.026625421201162514,-0.017074675991533117,-0.023457067866123338,-0.01877934272441395,-0.02755905511571244
2021-09-21 00:00:00+00:00,-8.886124302298626e-05,0.008959446714539077,-0.00023121387225255585,-0.0009739530005585806,-0.003113026820088405,-0.0025740972269129303,5.6750468190536196e-05,-0.00033210548439155385,0.006021793554152,0.009034381409900982,0.008451048948931339
2021-09-22 00:00:00+00:00,0.010086647411910343,0.007945162797001304,0.0010407030521051297,0.009649035096515268,0.014652894547626527,0.008405839846365115,0.016853932584666165,0.009027923576953922,0.009202453986585146,0.00578428036563694,0.01397572637127742
2021-09-23 00:00:00+00:00,0.012185465423076636,0.010046367852127647,-0.005313619036522499,0.012082198563870827,0.018702651515090984,0.013600467973392094,0.020592667001252396,0.012900540991327869,0.009118541032310246,0.01150202977009962,0.009430540440417579
2021-09-24 00:00:00+00:00,0.0011917075927176946,-0.009487375668793985,-0.002090349552975601,0.001663486472012865,0.00012549384128845986,0.0012660510742101838,0.001990895669559567,0.0006162695152087672,-0.00677710843290702,-0.007692307693167422,-0.01185770750712245
2021-09-27 00:00:00+00:00,-0.0021773210242521657,0.0015448787262857255,-0.0011637379259663572,-0.0028329995605493874,0.01621180312550896,0.00427567215045932,0.0025695697335541556,-0.0012317799220024073,0.0026535254005630726,-0.0006740815610070117,0.004363636362973766
2021-09-28 00:00:00+00:00,-0.020947892118559408,-0.01928119697632036,-0.004310847023716091,-0.01998530492267403,-0.012510042465344373,-0.010968393707774027,-0.02453920820178135,-0.020760534430574684,-0.01890359168575284,-0.021247892074081176,-0.013396089789647014
2021-09-29 00:00:00+00:00,0.0006686279753125302,-0.0042466184335970825,0.00011701380800599459,0.0015704503423474847,0.0015690376574437614,0.004085801838504821,-0.007546958854642405,4.198152974788094e-05,-0.004624277456082515,0.0006891798730193077,-0.00550458715614166
2021-09-30 00:00:00+00:00,-0.01082453561405472,-0.000789764649759328,-0.00023400023341335618,-0.012667100585814106,-0.017928633594473387,-0.016349367823892735,-0.010871402017123222,-0.010117123548188056,0.001935733644274018,-0.0044765840222088515,0.005535055350733842
2021-10-01 00:00:00+00:00,0.013780059443424086,0.002845399936853621,0.0033961731999359035,0.011967545639003596,0.018787663948537814,0.01174558617128807,0.010136674259708656,0.011026293470676851,-0.0003863987620180698,0.0038049117983356417,0.0025688073387226673
2021-10-04 00:00:00+00:00,-0.01505863539421226,-0.010403530895045754,-0.0007008527039883417,-0.012302064542162983,-0.00139178844779142,-0.003869742990940117,-0.013643026271012326,-0.013213087248477806,-0.010823347508324144,-0.009648518264491535,-0.016105417275637968
2021-10-05 00:00:00+00:00,0.009335678527844893,0.006052883082353855,-0.002454704851159617,0.009715633799259438,0.003193960510935012,0.008136040460226202,0.013974622770733358,0.010201912858782691,0.00961313012776599,0.007654836463347081,0.010044642856643415
2021-10-06 00:00:00+00:00,0.004155495978421353,-0.005858138061445528,0.000468713382123509,0.00444678926763209,-0.0038784370481081964,0.001817653046324752,-0.0007046024631488512,0.003787081843091178,-0.00874748412813664,-0.006215469613790936,-0.00552486187863277
2021-10-07 00:00:00+00:00,0.009611533840657271,0.011466794075835729,-0.0028109627542013405,0.008604086941216504,0.012145513715069223,0.00805573699099238,0.01150722021662176,0.009851184236750798,0.010542756734329695,0.00660180681321787,0.01703703703514159
2021-10-08 00:00:00+00:00,-0.002203711049448609,0.0012596441495711375,-0.002466525722534141,-0.001884686918709244,-0.00212436125641724,0.0010079193670202713,-0.0017287530673116835,-0.0020755500200547727,0.0009659969072322028,0.0012081463589359576,0.0014566642413549324
2021-10-11 00:00:00+00:00,-0.007199964662866654,-0.0029878911771561434,-0.0015306723192062277,-0.007279683967406303,-0.00512082853835838,-0.007551783660070921,-0.008155968939868252,-0.0076955074868866324,-0.002895193977642263,-0.002240992932331154,-0.0025454545447335386
2021-10-12 00:00:00+00:00,-0.000711870439461415,-0.000630914826915574,0.0036556603777788688,-0.0020022024225846424,0.0034700133014382573,-0.0029712297987130043,0.0009574767670099682,-0.0005470551258650591,-0.0011614401856879786,0.001382170004886607,-0.0032810791129802563
2021-10-13 00:00:00+00:00,0.004541406945691051,0.011363636363982632,0.0027023851483340966,0.003209950847498755,0.0008645034869185775,0.0010902747488787945,0.00433265811358452,0.0026444984579967468,0.009689922482354785,0.008971704624210153,0.012801755669783033
2021-10-14 00:00:00+00:00,0.01662086694473186,0.008426966292388816,0.0017576751819581293,0.016798320168106118,0.015029367730190257,0.015900675234383765,0.018936635105485378,0.017569546120277613,0.009213051822268836,0.010943912447929138,0.004413145540803187
2021-10-15 00:00:00+00:00,0.005929284561764225,0.008666047663716592,-0.002456427652552051,0.007793293342329033,0.00034038690636117863,0.006861063465107398,0.01138175619972226,0.006988694757843694,0.009509319134446859,0.006765899866094438,0.008909759025364838
2021-10-18 00:00:00+00:00,0.0036406189054107863,-0.0030684258977986545,-0.0005863039400730852,0.0030493011001953008,0.0018147791070859398,-0.0035491198189460116,0.007556812003952418,0.0030618493570508942,-0.0026375282617449036,-0.005040322581690293,-0.00035637918510744715
2021-10-19 00:00:00+00:00,0.007298009241163639,0.008002462296134771,-0.002815909890341306,0.007782479692796551,0.0011887913954120588,0.00890440233700085,0.004856202449957658,0.007733007733820907,0.006800151113635522,0.0067544748409889,0.009269162208269455
2021-10-20 00:00:00+00:00,0.003901226099576993,0.0025954198464415157,-0.0011766090130462814,0.0038853226506789795,0.010516792943900288,0.010096730918338626,0.0012350319495137985,0.003634894991966231,-0.001876172604819537,0.0030191210986849626,-0.0010596962212321426
2021-10-21 00:00:00+00:00,0.0027330571806776227,-0.005938784832862032,-0.0014135940626323062,0.0024519820187001162,-0.0016786034021395446,-0.002236823710162761,0.0022524938326593524,0.003420523137462661,-0.0037593984986085127,-0.00501672240907336,-0.007779349362994403
2021-10-22 00:00:00+00:00,-0.0019164430814053723,0.00306372549048195,0.002123392709274974,-0.001007170091803955,0.002466091245544755,0.00378310214390698,-0.00042808219216761145,-0.0018046921997432186,0.0007547169824635436,0.004705882355425572,-0.0010691375631892708
2021-10-25 00:00:00+00:00,0.006144393241045876,0.0010690287108960916,0.00047086521519013047,0.0051849540315884735,0.007100525550779224,0.0016052484647361975,0.016595289079164743,0.004218561671410326,0.003959276017609259,-0.0006691201079432885,0.004994648593331208
2021-10-26 00:00:00+00:00,-0.0003816793894458881,-0.0007627765061214431,0.00200023532164062,0.0009552238805585755,-0.00816077277519689,0.00034840777583444726,-0.001527119536247512,0.0008001600334202053,0.00018779342862429438,0.001339136258884377,-0.003904863331476216
2021-10-27 00:00:00+00:00,-0.006830427219621127,-0.005343511451311178,0.0036402066702148073,-0.004342120959162865,-0.02115750587763998,-0.013234884368918065,-0.012235641580045198,-0.005796522087518019,-0.006008261361453826,-0.0053493814811046425,-0.00677120456030933
2021-10-28 00:00:00+00:00,0.01067919692413577,0.0073676132016951,-0.0012870012869755643,0.009776435914141901,0.015896614822004995,0.009176902443091883,0.016284905760878488,0.00985122637658109,0.005666792594696268,0.010756302524012495,-0.0003588087565292719
2021-10-29 00:00:00+00:00,0.001310228233562638,-0.008380313882053958,0.00023430178020178438,0.0017797394461993576,-0.0038838230326621037,-0.001538891998078995,0.0017862771880077233,0.001990842127642445,-0.011269722012149819,-0.006318589959555143,-0.011486001435349169
2021-11-01 00:00:00+00:00,0.004980794394390919,0.009680393362310857,-0.0007727219490167858,0.0021082054195358246,0.02135955246646537,0.00364298724917278,0.010279001468617599,0.003775084442026122,0.013297872340219508,0.010040160644673612,0.007988380536867457
2021-11-02 00:00:00+00:00,0.0031080683775976947,-0.005022066655519963,0.0018783752055804293,0.003876610329843988,0.002157676348283788,0.004746614547679773,-0.00015573089721887534,0.00376088677686659,-0.007499062617664531,-0.003644797878670114,-0.007925072045585346
2021-11-03 00:00:00+00:00,0.007076162961002108,0.0065769348424582486,-0.0017576751821689607,0.006027926252097915,0.014905597880403576,0.005349451159776031,0.005918695810484653,0.006704791955721268,0.006422364942081371,0.008313934151655822,0.004720406682151568
2021-11-04 00:00:00+00:00,0.00378346915012151,-0.001063668137107343,0.00457800211299908,0.00468110005857425,-0.005820278503200882,-0.004008016031714412,-0.003767741935291613,0.004309500489079188,0.0033783783779619547,-0.0016490765174944633,-0.003252620164756026
2021-11-05 00:00:00+00:00,0.003852048212610981,0.0021296014617078196,0.0030380930124356276,0.0034012813044645984,0.0155933687145704,0.005203635606565005,-0.0012952025699664027,0.004095962551249999,-0.002992891882824922,0.0019821605576271217,-0.0002066715042076117
2021-11-08 00:00:00+00:00,0.0016504373658454696,0.0031876138428701406,-0.0022134203171092492,0.0012073088620632166,0.0005387350503529564,0.001863611264187437,0.0027493904655551127,0.0007770007763290288,0.00637898686743088,0.0023079459256623025,0.008547814450617697
2021-11-09 00:00:00+00:00,-0.0028835063435062036,-0.0030261764263668223,0.0028021015770487434,-0.003501611668929927,-0.002099935386933871,-0.0004822597312048593,-0.015157785825164471,-0.002717391303021399,-0.0022371364650505265,-0.0029605263142095106,-0.002876663071729846
2021-11-10 00:00:00+00:00,-0.009832272990333069,-0.010016694490544542,-0.006752823379050477,-0.008051754630847396,-0.01003615172907435,-0.0016542597188411445,-0.010453327730606032,-0.00914752822188647,-0.010089686097417006,-0.012207192345350615,-0.003966822933199721
2021-11-11 00:00:00+00:00,0.0012099465953419042,0.006592058868621686,-0.001641073730712761,0.0003284380424961597,0.006867607783272556,0.0006904170121562192,0.0028134621512110325,0.0009821253198918356,0.0060400150978647815,0.004008016029916961,0.015568428676182577
2021-11-12 00:00:00+00:00,0.007417593865933991,0.0057873895830635735,0.00011741223394423628,0.007434333958799666,0.0012991934176698194,0.002621774527240106,0.004446561854693387,0.007260596545707543,0.00637898686743088,0.005322687957048711,0.0014260249539077563
2021-11-15 00:00:00+00:00,0.0,-0.0021199273181782274,-0.004108945762291039,0.00046558186091205656,0.0030815807963726627,0.0005505092207982454,-0.0030566534912882526,-0.0007792713805848672,-0.005592841162626372,-0.0026472534743372522,-0.0021359914576764005
2021-11-16 00:00:00+00:00,0.0043019648400897115,-0.002124430955676382,-0.0007072969457073697,0.0038159946016107504,-0.0014552118140770398,-0.0016506189821837713,0.005180525453389873,0.005069214270479128,-0.0014998125218350644,-0.002654280026358813,0.0007135212304314464
2021-11-17 00:00:00+00:00,-0.004118785782027734,-0.002281021896728075,0.002123392708991867,-0.0024106997982394907,-0.009013871646681992,-0.004477817580145649,-0.007625558769298824,-0.002909796314295665,-0.003004130680727024,-0.001996007982966952,-0.0032085561521946193
2021-11-18 00:00:00+00:00,0.0015716117291981746,-0.002743484225046444,0.0011771630369961095,0.003462137230739515,-0.0009259259261784614,-0.00373676562190306,-0.0002649708533759565,0.0023346303502249643,-0.001883239172563056,0.0003333333319175402,-0.01251788268998133
2021-11-19 00:00:00+00:00,-0.0028492381387605903,-0.006419073820117194,0.002116402117055438,-0.0018756078359203343,-0.010140107942809062,-0.009585330276753012,-0.0065730188180016524,-0.001940993788164147,-0.0071698113184527346,-0.009330223256413084,0.00036218761479522854
2021-11-22 00:00:00+00:00,-0.0048037104521787555,-0.006306722042565327,-0.004927842309224717,-0.0026447047905219234,0.007104697912891922,0.006031278490755465,0.002561229390176667,-0.0036950602871891336,-0.0034207525651375192,-0.004372687521177476,-0.005792903694764373
2021-11-23 00:00:00+00:00,0.0003328894808574123,-0.0006191950468491525,-0.004008961208192052,0.0013025982181795737,0.003226512085399591,0.008574416172833388,0.00021289052096218342,0.000780792503716432,0.00038138825175493274,-0.0006756756765682326,0.0007283321226869699
2021-11-24 00:00:00+00:00,0.003369384359252159,-0.004027261461350795,0.0023677045103078775,0.002462424791654705,-0.0019078768056648432,-0.0004838263761035577,0.004576171979285837,0.0017554125219643169,-0.0057186427747404345,-0.005747126438729322,0.0003639010165243928
2021-11-26 00:00:00+00:00,-0.02164089382702772,-0.028615863140998177,0.0070863351844971945,-0.02175978495145159,-0.03522665210268339,-0.02102205933156165,-0.019810371312245945,-0.021612149532975966,-0.028757668712418694,-0.027881672899406906,-0.032011640594448276
2021-11-29 00:00:00+00:00,0.009407178270550709,0.004322766568912062,-0.00011727453928733755,0.012081300042659615,-0.0010755731671011626,0.002189729462412915,0.01534720345846563,0.011144278607803093,0.004737465455395329,0.00454704442129672,0.002630590003011246
2021-11-30 00:00:00+00:00,-0.019982368498718817,-0.006695361070256589,0.0018766127128435617,-0.01914614736445852,-0.027428312365431418,-0.024527769946622313,-0.02522752674463502,-0.018500295219074592,-0.0062868369329106555,-0.009401114204987127,-0.0018740629685761734
2021-12-01 00:00:00+00:00,-0.014092953522905183,-0.004814636494480218,0.0006429758839952004,-0.011501932897230227,-0.016897797459736075,-0.00599710982616275,-0.021403221403041073,-0.01303388810785111,-0.002767892450244891,-0.006256590511277582,0.0026286143439799847
2021-12-02 00:00:00+00:00,0.016249565519516285,0.013223673600605501,0.00011717834531732585,0.01525685592882886,0.030346135609321312,0.0194809914946652,0.01673826926311972,0.015034538804120645,0.01189532117670078,0.012308998301944651,0.013108614232643312
2021-12-03 00:00:00+00:00,-0.01158614792637247,-0.007162183670434197,0.0038664323373300835,-0.008845349058295815,-0.011562356189395495,-0.0004991087342915979,-0.02167590407729736,-0.00980784627645026,-0.0031347962393292184,-0.003144654086373655,-0.00702402957345849
2021-12-06 00:00:00+00:00,0.01284657640890452,0.009778775248567628,-0.002684407095979058,0.011947030035279527,0.021125531047988533,0.01348266514495422,-0.002804577069804526,0.011724277339242528,0.008647798739577661,0.010164738871132117,0.006329113923426499
2021-12-07 00:00:00+00:00,0.02139562692167396,0.019209398316363924,-0.0022235225267637215,0.02055379071647767,0.015730080930357992,0.011050890406444802,0.033805827427159985,0.021178821180504848,0.017147310993656628,0.02151283830811268,0.015168331481570041
2021-12-08 00:00:00+00:00,0.004306560187288921,0.002336448598792229,-0.0030494956610988,0.0028107505400929433,0.0031982942431498795,-0.0014619883045348114,0.0009249687141994478,0.0037174721183161896,0.003831417622593536,0.00033967391160039107,0.00510204081891219
2021-12-09 00:00:00+00:00,-0.009533721898455916,-0.007459207458842765,0.00047058823613488343,-0.00681028492005642,-0.013032048772444016,-0.001743010527724631,-0.016470971950228064,-0.008576998051471496,-0.006870229006782691,-0.008149405771921692,-0.003988397391137766
2021-12-10 00:00:00+00:00,0.006809297633704858,0.0015656802873411646,0.00035277516425291644,0.009539136113432267,0.0015300918054164114,0.008381058807427566,0.010611838832402354,0.00865119937162473,0.00038431975253727657,0.0013693940411321215,0.0003640334927001998
2021-12-13 00:00:00+00:00,-0.009101156431320145,-0.012193215568985005,0.0034089573296514075,-0.008871433521895011,-0.015220958524532202,-0.004155700235652593,-0.015669018320854766,-0.009356725146314027,-0.01229350749129099,-0.010598290595179138,-0.013828238720304808
2021-12-14 00:00:00+00:00,-0.007499473351623265,-0.003956322202797402,-0.001640112465779997,-0.006806368150147457,-0.002298322224592142,0.0003477535124518649,-0.011975047343422252,-0.007870916961233654,-0.004667444573520307,-0.005528680031093303,-0.002214022141922678
2021-12-15 00:00:00+00:00,0.01540943244028381,0.008261836669887446,-0.0012907768129196695,0.015630500598587282,0.008235429624761315,0.009386080789806295,0.021985455775844986,0.016461721537875285,0.008206330596873368,0.012856150107709796,0.0011094674564757767
2021-12-16 00:00:00+00:00,-0.011204013377943078,0.0012606366205363262,0.0012924450710494195,-0.009035239745817214,-0.007596961215494913,0.0069568811127407315,-0.015830989023547737,-0.010382692682408101,0.0005268992246654225,0.0013485077167345594,0.000710380497133345
2021-12-17 00:00:00+00:00,-0.004566210045461427,-0.010544538872080622,0.0017601502002870806,-0.010376830519496338,-0.0043743524806175715,-0.014775292427493314,-0.010985315547403784,-0.008313539191674657,-0.008603832615584284,-0.013788348843882692,-0.0070527097281816165
2021-12-20 00:00:00+00:00,-0.01405878355424317,-0.006661364722035601,-0.001639920347651369,-0.010815523457138543,-0.018846109377117615,-0.009789627161011283,-0.016434319392636176,-0.01157684630776279,-0.007100591714536697,-0.0027962250966180324,-0.011214953269570671
2021-12-21 00:00:00+00:00,0.019601085598771828,0.013331165664960842,-0.0010559662092960442,0.017681991424339794,0.028576478906552127,0.011639321273257064,0.0229315510488306,0.01918416801195133,0.013110846242110785,0.012618296528340567,0.014366729676197565
2021-12-22 00:00:00+00:00,0.009886766942568403,0.00898443767058521,0.0010570824526463518,0.010101247386691048,0.009910064730278112,0.00575270307770448,0.011884645713678976,0.0095106003579013,0.009019607846944888,0.010038075460444107,0.007081625049494278
2021-12-23 00:00:00+00:00,0.006903188017779449,0.005565272697102275,-0.0015152997765536247,0.006162934021664679,0.007430516165433776,0.005926538488022048,0.008627887559064185,0.006673209027187932,0.0069957248333918365,0.006168608637151962,0.007031828274153273
2021-12-27 00:00:00+00:00,0.01308513732498584,0.007273877294349695,0.0004715312971221852,0.014261279585752185,0.011779742131888371,0.010297321366801171,0.01793598234001781,0.013452914799086058,0.006561173290591693,0.007833787463557895,0.00551267916135223
2021-12-28 00:00:00+00:00,-0.002057951926139334,-0.0010989010993548431,-0.00011782726503739571,-0.0007520339098259221,0.0007842258570398553,0.0025243910763974586,-0.008132285171986053,-0.0011542901114804938,0.0,0.0006759040217503287,-0.0021929824534481224
2021-12-29 00:00:00+00:00,0.0005774148310915272,-0.0009429514378881398,-0.0032995522036175506,0.0012087210361997336,0.0033023620283181288,0.0020416496525654804,0.0009292156327003198,0.001155624036878855,-0.00038343558298359337,0.0010131712261189918,-0.0032967032986783718
2021-12-30 00:00:00+00:00,-0.0016075845011819245,0.0014157621517889574,0.0022463939469350436,-0.002824537026481333,-0.00312412831238551,-0.0012904102146902297,-0.004150283967195523,-0.0025009619095520685,0.0015343306489015163,-0.003036437247507906,0.00808526277052124
2021-12-31 00:00:00+00:00,-0.0031790594939207217,-0.001413760603035552,-0.0002359325229142062,-0.002741165452175842,0.0008954054511192133,0.0004080244818456258,-0.0029611756961644975,-0.0028929604626242167,0.0,0.000676818951052427,-0.002551950419450333
2022-01-03 00:00:00+00:00,0.006336978131165738,0.0064495831371012,-0.006725663716593,0.006138763543255044,0.007995526977755185,0.004146556997892903,0.002144978550314258,0.005996131528879234,0.006127920339614734,0.004396347650434951,0.004385964914920049
2022-01-04 00:00:00+00:00,-0.0018932378481294476,0.0012503907463752295,-0.00011879306364170894,-0.0004097894139775127,0.01275793210532794,0.011440563228271694,-0.00345754898192685,-0.0017304364543767603,0.0038066235222573575,0.007407407408732691,-0.0007278020396132012
2022-01-05 00:00:00+00:00,-0.021689827223416724,-0.009990633780220137,-0.003445408102444536,-0.019154121210724573,-0.019607843137254832,-0.006224482966574407,-0.033538936006387465,-0.01906779661052016,-0.00872203261223714,-0.008355614974746017,-0.01438455935905103
2022-01-06 00:00:00+00:00,-0.00025289778723835976,-0.0028382213826916303,-0.0010729613729996146,-0.0013467700737205268,0.008212290503327502,0.0017510775863462946,0.003532964841389097,-0.0005890437855368136,-0.0015302218828160408,-0.004718570947929601,0.004618510994155445
2022-01-07 00:00:00+00:00,-0.004553311690962181,0.004427577482670975,-0.0027449576317768454,-0.003464471726128071,-0.0029367761955483296,0.004571735914815855,-0.00919879620670172,-0.005108055010064283,0.0049808429139743815,0.004402302743765407,0.006620080912027371
2022-01-10 00:00:00+00:00,-0.0017364787598749265,-0.007399244331028787,-0.0008377213977943665,-0.001306610047028145,-0.005057241302610316,-0.0008700307854072609,0.003495902343565005,-0.00118483412311976,-0.006099885629699986,-0.008766014836364855,-0.00036536353961147405
2022-01-11 00:00:00+00:00,0.009970301230276979,0.014274385408466594,0.0020361719960537705,0.008761068149390594,0.009663184940637004,0.006832339741137838,0.011250713878093732,0.009489916962400535,0.013425393173586597,0.012244897961396717,0.020467836258928784
2022-01-12 00:00:00+00:00,0.0015542953160228024,0.011727912430178122,-0.0003585943097200728,0.002987632590650602,-0.001991591059523512,0.00013305834620758183,0.004066188512658719,0.0013709361547951104,0.011355034065628988,0.010752688170243108,0.013968481375879138
2022-01-13 00:00:00+00:00,-0.014638033721912858,-0.008655332303061813,0.0016740404161110778,-0.013785300297868952,0.001773835919646416,-0.002062129980789029,-0.027898082006378777,-0.012517113241030775,-0.007110778441901222,-0.0063164893591609594,-0.010950194279037317
2022-01-14 00:00:00+00:00,0.00038309283608173317,-0.0009354536949310877,-0.005491225976443248,0.0003043783656953014,0.0006640106244213406,-0.0013998133584147698,-0.003934502111959115,0.00019805902087921545,0.0003769317755064616,-0.0010036801607672396,0.0010714285720725414
2022-01-18 00:00:00+00:00,-0.019445153603769083,-0.014825218476307578,-0.0062417476887441925,-0.01753154038800886,-0.019796505197960168,-0.013550497296278552,-0.025965727563622254,-0.0188118811871838,-0.01431801055187687,-0.013730743471967899,-0.015697466998626064
2022-01-19 00:00:00+00:00,-0.010501193317661528,0.0007920164732573287,0.0024157506947135587,-0.010506504026375207,-0.014949791267368617,-0.008796860197548884,-0.0113907442745389,-0.010292633704545362,0.0011467889913072682,-0.0006791171478305325,0.005436752445818982
2022-01-20 00:00:00+00:00,-0.011665131781078864,-0.00284900284866485,0.001084468007797268,-0.011003298581636956,-0.019471966095792048,-0.008738394320623288,-0.011039391928552633,-0.011827079933015239,-0.0034364261182802114,-0.007135575940442229,0.003244412398855312
2022-01-21 00:00:00+00:00,-0.01978967919408403,-0.014444444443317495,0.003731343282979971,-0.01964650891036468,-0.016062145902282055,-0.011639118457099862,-0.024094180797756715,-0.019603796947094243,-0.014942528733331129,-0.012662559892740677,-0.01509162773710393
2022-01-24 00:00:00+00:00,0.006427957086598379,-0.011596070221056354,-0.0015589399210427235,0.004171943678651591,0.014840318175919354,0.0008361786635155966,0.005312832052081218,0.004420122079178634,-0.01244651886510506,-0.011091854417574099,-0.016782196279444772
2022-01-25 00:00:00+00:00,-0.013988215715121433,-0.003747759492375158,-0.001321162622323735,-0.012142344882128842,-0.006960692559603299,-0.0009051033903472172,-0.015729917931322723,-0.013621123218331643,-0.003938558489245958,-0.0035050823700611966,0.0022263450807509244
2022-01-26 00:00:00+00:00,-0.003877383450652805,-0.006378802747033063,-0.005532170776268441,-0.002253041606232742,-0.010484773516929446,-0.005017421602834027,0.00107384246101061,-0.003186743148225424,-0.005140371686145673,-0.0031656700673977634,-0.009996297665428644
2022-01-27 00:00:00+00:00,-0.007418601456103069,-0.007078189300178006,0.0032652074013208576,-0.005068245684279105,-0.014107982617703851,-0.0016809076901683762,-0.01243059061048335,-0.004688832055641745,-0.006756756759587534,-0.00635144671956045,-0.011967090501468824
2022-01-28 00:00:00+00:00,0.02463667820059956,0.0048076923064972465,0.0012054001936421255,0.024512029051243944,0.013887211689095347,0.012277255507405105,0.026132515493813235,0.023554603855355793,0.004001600641944103,0.004261363637134252,0.0064345193046555504
2022-01-31 00:00:00+00:00,0.021252645323791786,0.019138755981665145,-0.0007223693717308688,0.01828878058379635,0.018103858980214493,0.00859380414400368,0.029887920298869552,0.020920502091692494,0.01913112793851668,0.015558698729817078,0.02895825498118554
2022-02-01 00:00:00+00:00,0.007627529650646947,0.008580216933968376,-0.00040315662670864505,0.006526626217629783,0.010996724380329947,0.006734006734197218,0.011517533253137202,0.006967213115582238,0.007821666013768658,0.010097493034147531,0.005116959064732196
2022-02-02 00:00:00+00:00,0.006607158484207787,0.00513643659589702,0.0014487504532036954,0.00953433079581667,0.0006364267531502321,0.008941369189463977,0.007859896596023708,0.008750508751165453,0.006984866126347411,0.008962426751004227,0.0018181818206055578
2022-02-03 00:00:00+00:00,-0.0237774396869197,-0.013414244648681461,-0.004219409282925413,-0.023241983062331384,-0.013819022839024808,-0.00859153023888437,-0.023425453682742625,-0.024409925359452966,-0.011946050097025207,-0.014007516230709949,-0.010526315793122243
2022-02-04 00:00:00+00:00,0.006634606821503963,0.0016186468098640105,-0.006174334140374049,0.0047005528630506,-0.0004104127579700467,-0.0012282497445000873,0.012995688346092438,0.006203473944871529,0.0015600624031510968,0.0010395010396884174,0.0018341892907820512
2022-02-07 00:00:00+00:00,-0.0025213429471122595,0.0014544279248434044,0.0008527226215586658,-0.00329680985160663,0.0017596339958405594,0.0019129603063416933,-0.002457886217741345,-0.0036991368677453673,0.0019470404992585344,0.002422983731831252,-0.00036616623835272755
2022-02-08 00:00:00+00:00,0.009179600887291528,0.00580926254751013,-0.0032862706917069495,0.008099036871341836,0.016277299607835527,0.006614387998386206,0.006790865384753042,0.009694719471829316,0.006607073453516854,0.005179558011980445,0.00879120878843409
2022-02-09 00:00:00+00:00,0.016258733576496542,0.016364511471038234,0.000732690194400254,0.014668628917434479,0.014979547156812822,0.00968703427759987,0.024353847071896917,0.015934627171347415,0.015444015441842263,0.016145654413373567,0.014161220044124345
2022-02-10 00:00:00+00:00,-0.01694988541568343,-0.011365430150368394,-0.009151921904485993,-0.01757139120711604,-0.011693250837067737,-0.014223414962042602,-0.018705203659344027,-0.01809772773027174,-0.009125475284759266,-0.011832319132933478,-0.0064446831363574875
2022-02-11 00:00:00+00:00,-0.019397404882361746,-0.013731438607251567,0.0065270935970136446,-0.019942882036899867,-0.0086152432374893,-0.00986864493274675,-0.02891923990482992,-0.01884087650942634,-0.011511895621728274,-0.012316113584128652,-0.011531531531872252
2022-02-14 00:00:00+00:00,-0.0036781196734031463,-0.00598996276498398,-0.005628288267138903,-0.003259742183998271,-0.0072996929493607254,-0.008248556502690851,-0.00767443282579916,-0.0029513671461834923,-0.006987577642671661,-0.00658122618370427,-0.00911410864032236
2022-02-15 00:00:00+00:00,0.017783180263122533,0.018241042345523928,-0.0020917927889827492,0.016054704920349883,0.022410271374637247,0.010119212642309083,0.02344785087003798,0.016567368521398507,0.015637216577646607,0.015690376567963682,0.019499632083378016
2022-02-16 00:00:00+00:00,0.0009289158226448713,0.004478566858664879,0.001356350184230859,0.0011948305290330197,0.006450139848283909,0.002401536983253294,0.0007827552991090947,0.0014415156498963633,0.00461893764195942,0.0037761757644918514,0.005413208227367461
2022-02-17 00:00:00+00:00,-0.02271522008136373,-0.013853503184833249,0.002216475804192264,-0.021262086266018443,-0.019169691470232175,-0.013621740022719209,-0.0339329763553744,-0.02261978202632331,-0.012260536399333444,-0.014363885091475126,-0.009691313709363603
2022-02-18 00:00:00+00:00,-0.008003979379451964,-0.006297432586228835,0.001720113036092208,-0.006395262031510862,-0.0032381172660751467,-0.0038167938932284207,-0.011583732951646941,-0.007574163685430513,-0.0046547711380332535,-0.004857737679201057,-0.005799202611791232
2022-02-22 00:00:00+00:00,-0.011487441309624424,-0.011862203444110708,-0.0006132711889501596,-0.010944426356868542,-0.014966933518657077,-0.0073841866944732715,-0.012034528384819332,-0.011023955904686189,-0.011691348402717017,-0.011157601117741223,-0.012395187748757586
2022-02-23 00:00:00+00:00,-0.018399815540485198,-0.00986679822463632,-0.005031909670164758,-0.018003646308119237,-0.014664310954657922,-0.011299038529060668,-0.02187499999996867,-0.018006430868836132,-0.007097791796667252,-0.007757404796879586,-0.007013658179304105
2022-02-24 00:00:00+00:00,0.017523254721235615,-0.012788573326407815,0.002220303440789273,0.015368350480903015,0.008367700675968592,-0.0029812606477762627,0.028297581013250195,0.01615367823555114,-0.01628276410085372,-0.014925373133095388,-0.017843866169514166
2022-02-25 00:00:00+00:00,0.022254028348487997,0.022711978466736893,0.0008615384615850985,0.021840160499990935,0.029103194831283874,0.02983055674274926,0.019592923720689326,0.022771213750444552,0.02220427937050018,0.025974025974700332,0.01778955336827326
2022-02-28 00:00:00+00:00,-0.001083961880600448,-0.012831057740057439,0.0073782587305408764,-0.0025101274946336405,0.0006911646120089099,-0.005530591082477998,0.0010572139303639538,-0.002100399077107018,-0.009873617693248349,-0.015822784809067292,-0.005950167346592483
2022-03-01 00:00:00+00:00,-0.015598860604801756,-0.018663556074235088,0.0052380615238398764,-0.014999003388460719,-0.021986876942455047,-0.015015641292397186,-0.01565509101067175,-0.015365186276710796,-0.01675309134233427,-0.018578063593492122,-0.010101010102959607
2022-03-02 00:00:00+00:00,0.01896931839061744,0.010528103243341524,-0.012284115786409422,0.01836393989980234,0.02848399246697375,0.020537793775136093,0.0221520984534731,0.019025224456234335,0.011359026369373248,0.01346923916836218,0.007180650036580971
2022-03-03 00:00:00+00:00,-0.007617759747792996,-0.015291547639728842,0.004432951605835456,-0.0050173869846786845,-0.0043488212403431925,0.002558782848946617,-0.014509755495096588,-0.006503041746226401,-0.014440433214539028,-0.01688218390709051,-0.009005628515013853
2022-03-04 00:00:00+00:00,-0.0099927325580218,-0.023208191126063427,0.0035552286382896092,-0.008088272005664199,-0.014425287356637173,-0.0002759191559420504,-0.01591378986248615,-0.009923986486360392,-0.021978021978122264,-0.02374862988691917,-0.017039000380553393
2022-03-07 00:00:00+00:00,-0.030831345200798443,-0.03179594688975318,-0.00488639139903968,-0.02952131675646752,-0.03300483993189107,-0.01987166218193448,-0.03966384414587176,-0.030710172744279673,-0.03204327923374872,-0.029191616767524575,-0.03505392912027128
2022-03-08 00:00:00+00:00,-0.005633402764973483,0.005774088775250208,-0.004664866193068495,-0.0075464847902102505,0.002773925104090136,-0.009855684617931959,-0.005104746751885325,-0.006380638064016009,0.0008598452282195801,0.005782575174513749,0.0003992015955853745
2022-03-09 00:00:00+00:00,0.02775529635803653,0.034445640475570194,-0.002713369510528807,0.026652730598495378,0.024054362860028267,0.01493067899093603,0.040114613180948444,0.02657218777679171,0.033934707903550354,0.034879264083586436,0.024740622504807686
2022-03-10 00:00:00+00:00,-0.004493236983469817,-0.012486992716359113,-0.005317833292373897,-0.004454059557280621,0.004110634799421975,-0.00014010507893835733,-0.00486898584196771,-0.004745470234051918,-0.009140008308271996,-0.007777777775080819,-0.014018691588685184
2022-03-11 00:00:00+00:00,-0.013587082964614305,-0.011942395503917846,-0.0007459903031130644,-0.012757254250234329,-0.008772442833377081,-0.007146360261082507,-0.019313719178175814,-0.013437364542293384,-0.010482180293185483,-0.008958566630931086,-0.016982622432977545
2022-03-14 00:00:00+00:00,-0.009858955611542042,-0.001421969428812675,-0.009207415702353727,-0.0073026724672689,-0.006313056817182416,0.0014113330045519845,-0.011488216372598226,-0.007249560632060059,-0.0016949152549460278,0.007156308852507065,-0.02169546002395184
2022-03-15 00:00:00+00:00,0.020867079561918356,0.006941972233277971,0.0016325505472529755,0.021938748891299875,0.01169694810600408,0.011697554788224984,0.02556780448903173,0.021464925868225793,0.005942275040174083,0.008601346295072698,-0.0024640657053959236
2022-03-16 00:00:00+00:00,0.025014000373286827,0.04330917447418048,0.001504513539772212,0.022361199744632687,0.022712600504245728,0.011492651667709186,0.034837790585297235,0.023180242635325365,0.0392405063314436,0.031145717465369094,0.06957595718356124
2022-03-17 00:00:00+00:00,0.013385539974677174,0.005083022703557871,0.0008763144716861238,0.012234401138516038,0.01004246528229813,0.01267043107047483,0.017771103184557102,0.012915519794862718,0.004872107183846008,0.008270406330140201,-0.0011547344117780467
2022-03-18 00:00:00+00:00,0.011681193278896274,0.011631827377435178,0.0028767979994885895,0.011050541427257699,0.00511334583240064,0.0017679858562538175,0.019489701814041194,0.01275083612076311,0.012525252525999342,0.009985734662590895,0.017341040460153945
2022-03-21 00:00:00+00:00,-0.0009325872636348764,-0.007325445760498428,-0.010226989274480736,4.879357876053092e-05,-0.0010174665084724532,0.0038012489815950623,-0.0012664334822937162,-0.0014447884408462786,-0.006783719072600558,-0.0038841807916589755,-0.013636363636269078
2022-03-22 00:00:00+00:00,0.012268302440195056,0.010761728603477794,-0.0025201612898521075,0.011612305140151102,0.005092514004193305,0.005477414119793078,0.018175230964510014,0.011610107482310283,0.011129168339613305,0.00896873449398905,0.014500691247442354
2022-03-23 00:00:00+00:00,-0.013576603872740955,-0.010314423556022856,0.004547751389884391,-0.012877709986382935,-0.013310814614652111,-0.009333512677906608,-0.01666468983501146,-0.01228752815935985,-0.010735586478955339,-0.013032758014731693,-0.007966616087486611
2022-03-24 00:00:00+00:00,0.01424552315442118,0.006891914607630278,-0.0012575452728186276,0.014813719981465079,0.009161704077236932,0.009555661729890863,0.016991622941983087,0.014099108438665464,0.00683279742726528,0.007494646681300843,0.009177820267010528
2022-03-25 00:00:00+00:00,0.004270870024713602,-0.0006677796340530673,-0.008813900780444306,0.005072218733422007,0.010894235133869223,0.010411736867133925,-0.0003566121847515813,0.004293600491495075,-0.0007984031959360482,0.0021253985106457485,-0.007696097002694913
2022-03-28 00:00:00+00:00,0.006488666754071337,-0.0018376211163390055,0.0029217479682297487,0.006897048928146798,-0.0038729232148558834,-0.0012713282036259654,0.012664248766681485,0.006514657980546179,-0.0019976028756503172,-0.0035348179555617643,0.002409601744740808
2022-03-29 00:00:00+00:00,0.015158775101345112,0.019581589959389634,0.0044331855603687575,0.012649466574366386,0.019214515129178267,0.0062977354947837405,0.014208548614296435,0.013147249191053145,0.016012810249958376,0.018446257537522603,0.013714285713270158
2022-03-30 00:00:00+00:00,-0.00810984767209666,-0.003447143796058816,0.0022698612864013867,-0.006222159371913283,-0.014484741264855439,-0.0015312916111374086,-0.01169387518804188,-0.007586344579468496,-0.0027580772275643817,-0.003831417622325417,-0.0011273957127270195
2022-03-31 00:00:00+00:00,-0.015097767779997162,-0.01597759841886226,0.0007549068943897286,-0.015368196371478682,-0.013014697632698469,-0.014602920583629442,-0.014350984067649675,-0.013880506942213544,-0.01422362702645008,-0.015734265736094932,-0.012791572610697521
2022-04-01 00:00:00+00:00,0.0039970132211777365,0.0108804820897348,-0.002161956248670771,0.0027699496592750172,0.0063658065247746976,0.0039247530110761986,0.0016045640931918737,0.002039983681628499,0.009619238478023151,0.008525754886077097,0.014481707315269432
2022-04-04 00:00:00+00:00,0.008487181730336912,0.00811392614764328,0.0007578628272879584,0.008479054573365064,-0.0037840280130798654,-0.002628740900876614,0.011035955856188107,0.007939739413324931,0.0071456927337749665,0.003522367029326734,0.016528925619970547
2022-04-05 00:00:00+00:00,-0.014619121984725258,-0.013633377135475633,-0.010097185410457898,-0.012361557699243408,-0.01768807755558377,-0.0051361762513343345,-0.021772300469013683,-0.012926681478672486,-0.014189988172175538,-0.01263601263440206,-0.01662971175345329
2022-04-06 00:00:00+00:00,-0.011490204710939755,-0.012489592007855377,-0.003060053549913344,-0.010128780205523547,-0.008253015524826601,0.003532368724452173,-0.01727758113909572,-0.01166359729959221,-0.010795681729602102,-0.012086740135271223,-0.009770762869701466
2022-04-07 00:00:00+00:00,0.003785517057151022,-0.0006745362557862844,-0.002046297481254511,0.005043122350560703,-0.002618715083642642,0.005347593582816446,0.007874977107849013,0.003933747412946831,-0.0028294260321658493,0.0021590500163892745,-0.007590132828144691
2022-04-08 00:00:00+00:00,-0.0031057278494416307,0.0003374957810335921,-0.005382545173854281,-0.0024240661286221155,0.0018670867608661101,0.007069754915580706,-0.004966686856256786,-0.0032996494133747944,0.002432103772305405,0.0003590664263624088,0.006500956022814863
2022-04-11 00:00:00+00:00,-0.015621522986945413,-0.011808367071534653,-0.00463857750425245,-0.017325589871950542,-0.003203074951343976,-0.009092732499671907,-0.02124421719054237,-0.01531140078581783,-0.010109179134632384,-0.00897343862230715,-0.015577507597985818
2022-04-12 00:00:00+00:00,-0.0030744190255586057,-0.00546261522649949,0.003236245954706618,-0.003659742828728718,0.0012269221780052408,-0.00242898589895002,-0.005286398407926107,-0.0029417944937237817,-0.004493464053925589,-0.005432814195738156,-0.001929756850845732
2022-04-13 00:00:00+00:00,0.013106575963818035,0.011843460350294599,0.001161290323285602,0.011292564280723338,0.016630682149365805,0.005005072709087122,0.01388020507681298,0.01243414120178099,0.011079195734843061,0.010924981791641475,0.011987625679714675
2022-04-14 00:00:00+00:00,-0.012176015040856636,-0.006615776081831948,-0.006830777162263435,-0.012148133604992895,-0.0036735162438170654,-0.0036341611145849217,-0.018623581647727927,-0.012281432140387238,-0.004058441561158421,-0.0028818443809193184,-0.01108139090929694
2022-04-18 00:00:00+00:00,-0.0017220283682385373,-0.003756830601912564,-0.003244225279016244,0.00017390440235387494,-0.0011522064751241512,-0.00040526848997779474,0.0008168907882586396,-0.0014752370912137769,-0.002444987773051688,-0.004696531791753444,-0.004636785161947432
2022-04-19 00:00:00+00:00,0.017613146306899807,0.0020569077822440995,-0.006249186303244003,0.015971583993551697,0.019956165647343482,0.010608824920521842,0.018961511898001104,0.016884761501865908,0.002042483659210781,0.004355716879184124,-0.0027173913037932262
2022-04-20 00:00:00+00:00,-0.0012936610605341903,0.00359219979569092,0.006288484212653822,-0.0007579091485294676,0.007916760913755372,0.008290986894787356,-0.002403105551948226,-0.0008302200080426703,0.004484304934374128,0.007950849294690254,-0.005060334762007956
2022-04-21 00:00:00+00:00,-0.0163480435946195,-0.012953809443735032,-0.0053378466338678265,-0.014827139047323912,-0.017953321364392538,-0.010610079576047649,-0.02303891290909832,-0.015164104694241787,-0.01420454545723282,-0.012190749372739451,-0.016823161187775826
2022-04-22 00:00:00+00:00,-0.027245481791051462,-0.015541357277728207,-0.0013089005238601237,-0.027294176083417887,-0.02645109689200109,-0.026139410187648093,-0.031168995384695086,-0.028475005273053355,-0.01276245368261153,-0.01742286751272859,-0.007162753682505296
2022-04-25 00:00:00+00:00,0.0054616749135409925,-0.006840905104790407,0.0062909567490430085,0.005463922790024833,0.002288598086829907,-0.00013764624900469702,0.007504567998003031,0.006296135475764464,-0.009174311925276513,-0.005910602143648025,-0.009619238476253678
2022-04-26 00:00:00+00:00,-0.028506430196596044,-0.025609325326056642,0.0026048450123214995,-0.028593194514959452,-0.02605386416853972,-0.01741464757729816,-0.03730811581092419,-0.029126213594379613,-0.025252525255264446,-0.026384243773103888,-0.02225819506072224
2022-04-27 00:00:00+00:00,0.0019593787337910396,0.006706543409973342,-0.0031176929076709436,0.00258796465730482,-0.0001803426510260664,0.0015411558669187198,-0.0004036870078706345,0.0022222222238539313,0.005613126078862329,0.00496183206089329,0.010761589402404903
2022-04-28 00:00:00+00:00,0.024372794047404334,0.014764133957816616,-0.0003909304146233472,0.025056710035673113,0.0188792688792232,0.014618451423550782,0.02712526081972544,0.024168514411807784,0.014598540150024153,0.014432206604698017,0.012694512697684734
2022-04-29 00:00:00+00:00,-0.03673697443781476,-0.00887154009823854,-0.00677877721208342,-0.03672991809535664,-0.027558125811455336,-0.030056528332980337,-0.03715596330225057,-0.0355055206756979,-0.00846381718246203,-0.013478098088906432,0.0012131014927432293
2022-05-02 00:00:00+00:00,0.007540603248294531,-0.0030433225937660513,-0.005107940675459388,0.006284658040792479,0.003823047515446376,0.00042643923276664,0.01333968556456977,0.006958473625315209,-0.0025608194648977234,-0.002277039846510176,-0.0016155088837054299
2022-05-03 00:00:00+00:00,0.004749568221218636,0.008619141678301023,0.002379064235130235,0.004329799517184929,0.015475758674829088,0.00852514918950309,0.007723822955933324,0.004012483282397339,0.008985879332280344,0.008748573600532605,0.00809061488759899
2022-05-04 00:00:00+00:00,0.02931767177598532,0.014420509169027707,0.006460970464547078,0.030334700702731476,0.026848434337310323,0.02669766131301543,0.0328579045587738,0.031083481349455377,0.01569126378343122,0.016591251884176206,0.012841091493263734
2022-05-05 00:00:00+00:00,-0.03687897202792445,-0.03194103194103193,-0.009956766672026385,-0.035121975959666374,-0.03194388080444055,-0.02181818181776285,-0.0429115312639734,-0.03682170542609042,-0.031732776616801406,-0.029302670621258575,-0.03565768621613685
2022-05-06 00:00:00+00:00,-0.00804354108466765,-0.010333575054242594,-0.004234484583706122,-0.006281374017931496,-0.01042040962991575,-0.0004909868839197973,-0.011259439050557152,-0.006706908115595489,-0.00862440707296186,-0.008788689341559186,-0.011092851269441928
2022-05-09 00:00:00+00:00,-0.03544549647980144,-0.030591683458650598,0.004518272426334624,-0.032266596138393,-0.03304284676831093,-0.023578947368282588,-0.04786907603166268,-0.03218546027392866,-0.030448020879582094,-0.030454895911707247,-0.0286663896979239
2022-05-10 00:00:00+00:00,0.0020135917444596974,0.005102040816477249,0.0029104378884281523,0.0025690079254845344,-0.007760670922952739,-0.0030185424753825796,0.006015899162296057,0.003023255813004999,0.0017945266937851034,0.004373757457148519,0.0029940119754308103
2022-05-11 00:00:00+00:00,-0.018085908063379508,-0.005452152660123666,0.0034296266975701872,-0.016110565914095987,-0.015579664437974539,-0.005118223759795648,-0.023919698156333324,-0.01785300254969413,-0.004478280338340079,-0.006334125100092236,-0.008955223878756802
2022-05-12 00:00:00+00:00,0.0010744435915814865,-0.0037807183376895592,0.001971868017123013,-0.0007757736958317052,0.007112193246886944,0.0017390044198459798,0.0011669462481638249,0.0007082152972284206,-0.004948268107965559,-0.0011952191248186805,-0.006024096389005695
2022-05-13 00:00:00+00:00,0.02678115097612621,0.026944971536723594,-0.003673576489554242,0.023596284486373076,0.024494210459479415,0.013309222423517175,0.03708020689135294,0.023590469450351925,0.026220614828599054,0.02552852014377538,0.025974025976858606
2022-05-16 00:00:00+00:00,-0.004927824788081625,-0.00018477457487120486,0.0015801948904703433,-0.0035756853397092003,-0.0004347016085933797,0.0032836033977112766,-0.012854734476423602,-0.004378889146002374,0.0013215859044644063,0.0027226760031175967,-0.0042194092831490115
2022-05-17 00:00:00+00:00,0.02135961182519286,0.02051376825003004,-0.005916381803339754,0.020008699434452826,0.03038021868806462,0.015866239772292623,0.023838326336308446,0.020833333334089765,0.017597888250409977,0.019006982154735397,0.023728813559070305
2022-05-18 00:00:00+00:00,-0.03913213830929152,-0.02299891343703586,0.004232244411987551,-0.039605543710048985,-0.03551401869162396,-0.03326796470118065,-0.046149569085324194,-0.03990929705151858,-0.019455252914423515,-0.022839741149501158,-0.021523178809342958
2022-05-19 00:00:00+00:00,-0.004434476782864127,0.010936051899471888,0.002107204004367258,-0.0066881278790669185,-0.004563640910178468,-0.008838658262728116,0.0006557854854418732,-0.0044874822873163245,0.011904761902350236,0.009738994936396184,0.013113367172922663
2022-05-20 00:00:00+00:00,0.0,0.005683901723073426,0.0030227362330836893,0.00025144581342861905,-0.004144947560561829,0.0019735399463682857,-0.0021117017405112293,-0.0009489916960259137,0.00479302832419326,0.0054012345667378,0.004175365344925908
2022-05-23 00:00:00+00:00,0.017100143354482178,0.014402917047240837,-0.0035377358496420097,0.018965420926109422,0.014315444283562018,0.017945725123928336,0.022475189725440492,0.01804796960273891,0.013876843014871243,0.0168841135870772,0.008316008316917145
2022-05-24 00:00:00+00:00,-0.010017114668101623,-0.007907979870316773,0.00815253122948989,-0.0072092322030072875,-0.00938821188792216,0.0041565142609778505,-0.01734227804715227,-0.009330534172607319,-0.006843455941230148,-0.0018867924562894212,-0.015670103090868803
2022-05-25 00:00:00+00:00,0.01113540448431638,0.0016304347833324684,0.0040433024651278515,0.008338395273016053,0.02002133935895123,0.006922637739302129,0.015614786840190575,0.010831174946096533,0.001722652885630449,0.00037807183684757106,0.002094679514257347
2022-05-26 00:00:00+00:00,0.020466659961833722,0.01193705914125709,-0.00103923096941827,0.019879518072396296,0.021966527196663144,0.013324828123199906,0.030248855835149024,0.02119729792755609,0.01246775580410242,0.010959939528095708,0.015886287623442463
2022-05-27 00:00:00+00:00,0.025328931158558277,0.012689901697818362,0.002860858257301535,0.02507651828378643,0.020711662351577287,0.01594740155317287,0.026861942111503057,0.02463503649580856,0.009766454349930287,0.011214953270989536,0.007407407409109945
2022-05-31 00:00:00+00:00,-0.00821838804214392,0.0008824567608873846,-0.005705394190521851,-0.005552645364002684,-0.00985076387643502,-0.007986230636516267,-0.012775449506850056,-0.006233303651318467,0.0012615643410989197,-0.004805914972121128,0.015522875815067172
2022-06-01 00:00:00+00:00,-0.00659042450107028,-0.009698465879175666,-0.004459533124333004,-0.008375474083482715,-0.005599904682994761,-0.007842320772378786,-0.0028072577883194727,-0.007616487455166632,-0.005039899202567311,-0.007429420502439887,-0.007240547060816116
2022-06-02 00:00:00+00:00,0.02039024390244415,0.019943019943025497,0.0009187557421859172,0.018990703851176072,0.017493410017242805,0.008463905987789788,0.004600384509517941,0.019864559820305105,0.018151118613898065,0.01983532933967669,0.017017828197444462
2022-06-03 00:00:00+00:00,-0.015967109666303214,-0.015188547485619819,-0.0014424337797505071,-0.0161866284374651,-0.00865520489884486,-0.008254144412324749,-0.004305925773665065,-0.01593625497972928,-0.012437810944337602,-0.013577981652797777,-0.016733067725672846
2022-06-06 00:00:00+00:00,0.0029634667703626327,0.004431838324981285,-0.005909389362228401,0.00272891055542801,0.0074835184417210154,0.0018883759963175262,0.0009610104339827785,0.003823661717202498,0.0020990764054371613,0.004092261906528449,0.0036466774702470506
2022-06-07 00:00:00+00:00,0.01085008476616478,0.0030003529842572707,0.00343461030411496,0.00977620419070191,0.01155455992406007,0.011308900523899323,0.016115759154594622,0.009634774816830616,0.003770423124508593,0.004075583551214956,0.0036334275319265252
2022-06-08 00:00:00+00:00,-0.011212803679897854,-0.008094316383595479,-0.0040810953140012485,-0.010937540885095465,-0.017891485517577355,-0.013046179333205843,-0.009313626239820016,-0.01176209498542169,-0.009599332217937184,-0.013284132843682905,0.0008045052284899601
2022-06-09 00:00:00+00:00,-0.023939907923618886,-0.02093312045331963,-0.0013218770647415168,-0.02351914071794936,-0.021659150249001224,-0.02140159462899993,-0.0219164384493159,-0.022905906130589182,-0.020648967552708952,-0.02056843679940079,-0.021302250802662348
2022-06-10 00:00:00+00:00,-0.02969068070110359,-0.019931146947208433,-0.008471211119391753,-0.029341641831638343,-0.026809001031034008,-0.021297884505609876,-0.015642458101190027,-0.02872902781033637,-0.018072289156219945,-0.023291332568610934,-0.011498973303597948
2022-06-13 00:00:00+00:00,-0.040833034846152305,-0.03364762432984547,-0.016152716593666683,-0.038546347726296504,-0.04693050794694409,-0.0330801811006638,-0.03447786606129899,-0.03904401325150064,-0.03418054338431853,-0.0324472243923164,-0.03365184877523031
2022-06-14 00:00:00+00:00,-0.0028274206457521434,-0.002295771953626402,-0.005427408411175505,-0.0024966614413129973,-0.0037928328537893963,-0.007023638698512191,-0.004996326230164216,-0.003939916275551569,-0.004083484572688367,-0.011313131315137559,0.012467755803398761
2022-06-15 00:00:00+00:00,0.014551679863486822,0.015532118888299307,0.011459754433361002,0.014318975553046176,0.010699750558270438,0.005171889260634499,0.0008122876974667737,0.013349814586903097,0.015945330299174332,0.017572537801157084,0.01316348195190864
2022-06-16 00:00:00+00:00,-0.03490824720547214,-0.025868580060890545,0.0021580793088928907,-0.032853207850413235,-0.04741183347425493,-0.02708837772384398,-0.025603187485947698,-0.03342278604764504,-0.026008968610162886,-0.02248995983896218,-0.032690695724932106
2022-06-17 00:00:00+00:00,0.0037700797725757074,-0.003101376235398634,0.0005383580087030548,0.0026107336756160393,0.005318060953579007,-0.0044330377973782475,-0.013705891261637793,0.00302877334849061,-0.005064456723753774,-0.00698438783906552,0.002166377816525511
2022-06-21 00:00:00+00:00,0.02422296010031788,0.01690258603863981,-0.004573580844796532,0.02450066577877963,0.01519159036919282,0.02437309585186176,0.033474088291681525,0.02315047810834514,0.014345210548362575,0.016963177494659254,0.013402507564537647
2022-06-22 00:00:00+00:00,-0.0001594387756508331,-0.011023012957021572,0.008243243243341025,-0.0021084250351899314,-0.0043423074348670765,-0.0023640661940323993,-0.005571651437943581,-0.001386473194114668,-0.01362203467081613,-0.008591293738603345,-0.017445904435784976
2022-06-23 00:00:00+00:00,0.009031520756835887,-0.001368791552429638,0.0048250904700331,0.010506512301068582,0.0013573537304483185,0.0029460327169421596,0.003361721201688761,0.009394313967815648,-0.005623242734696832,-0.00707154741753091,0.0004366812211229476
2022-06-24 00:00:00+00:00,0.0323143642907493,0.027217544548238326,-0.0018674136320437906,0.031134534414076764,0.034201844745085364,0.025772800490767356,0.02077283895421722,0.03159441587254497,0.025447690856635008,0.02848764139062432,0.02007856831401389
2022-06-27 00:00:00+00:00,-0.003073927968061496,-0.0011437285555462307,-0.004810904716949005,-0.003750000000019793,0.0046220949157356195,0.0024676587152796525,0.008023340627383302,-0.002849002850546012,0.0013786764688386022,-0.0016293279037927766,0.0025673940949937357
2022-06-28 00:00:00+00:00,-0.02060743100880169,-0.005152671755677463,0.0005371290443672017,-0.021608810818265045,-0.010886469673401566,-0.009100402804607666,-0.007272069464599795,-0.019523809524493507,-0.003671408900205897,-0.002855977151575373,-0.003841229193341955
2022-06-29 00:00:00+00:00,-0.0016790848982743967,-0.006330328026500243,0.005771037445701621,0.0004904531203717699,-0.011071802935165187,-0.0037639265278422984,-0.003097780531210015,-0.0012141816397041039,-0.0064486411777816555,-0.005728314237730792,-0.004284490148783293
2022-06-30 00:00:00+00:00,-0.008619783454425933,-0.003667953668710644,0.004270082731818725,-0.0078938336574782,-0.007485922490575669,-0.003475895420923858,-0.002924617971814869,-0.009238998298021439,-0.006026889198841978,-0.006584362141707101,-0.0034423407886251534
2022-07-01 00:00:00+00:00,0.01055031279832308,-0.0003875217968297706,0.007955500930307169,0.010262915129184425,0.014150313709742957,0.010084925690168722,0.010706167045981152,0.010061349693591515,-0.0013992537347238265,0.003314001655651433,-0.00734024179776771
2022-07-05 00:00:00+00:00,0.003567493835504809,-0.018414421399005176,0.0017170783249285115,0.0017692044287942466,-0.00539686718479937,-0.011035207567544503,-0.015163607342641217,0.002915451894091925,-0.021952358710612407,-0.023121387282847072,-0.011309264899378446
2022-07-06 00:00:00+00:00,0.0019865126250588894,-0.0017772511855435047,-0.006065400843991542,0.0036176152225140257,-0.007874536791893094,0.0009108850772487909,0.0028731398262513697,0.0026647286810925763,-0.002387774592812142,-0.0016906170722437164,-0.006599208095049658
2022-07-07 00:00:00+00:00,0.016486669796598186,0.017408506428955528,-0.002785884849787257,0.014673743365452685,0.019409057560062948,0.010238131351401947,0.009990450304520282,0.015945880648617683,0.01771182384139025,0.01524132091515873,0.021700620020999928
2022-07-08 00:00:00+00:00,-0.001026535954210317,0.0007777561730351046,-0.0033257948638950596,-0.0005874125872628033,-0.00399110180566753,-0.0009008332713511535,0.0016001163719685518,-0.0007134363856426962,0.00376293508632064,0.003753127604232187,-0.0013003901170350884
2022-07-11 00:00:00+00:00,-0.012639367004362412,-0.019428793470409045,0.0037373198068799685,-0.011307341375460633,-0.009984891283193909,-0.005710421519126041,-0.0042117493277465945,-0.011899095667752158,-0.019212746014965587,-0.01620274200097549,-0.02473958333333348
2022-07-12 00:00:00+00:00,-0.00863818493994839,-0.0013869625540235964,0.0017287234039935484,-0.009228591648883011,0.00026541039146166234,-0.004911962517540447,-0.009917596441760823,-0.008670520230894763,-0.00286669852051602,-0.0016891891907975243,-0.0035603026273385296
2022-07-13 00:00:00+00:00,-0.004356726681050804,-0.001190476188762002,0.0031859816804682417,-0.004657275922422599,-0.0038474295191538443,-0.006910692588668943,-0.0031671208659804773,-0.004616132167121867,-0.0014374700508841265,-0.0008460236871663529,-0.0026797677534657893
2022-07-14 00:00:00+00:00,-0.004428511176689409,-0.013508144618344486,-0.003175863437736015,-0.0026409461475639384,-0.012319371379702293,-0.008564655501981044,-0.004211615191654583,-0.004149377595608406,-0.011996161227322055,-0.015664690939811265,-0.0076130765802318034
2022-07-15 00:00:00+00:00,0.019434441855582518,0.01248489730295188,0.003584229390713123,0.018909739811329596,0.019754584681969556,0.020131122252557754,0.015878904800667115,0.019117647059007536,0.009227780473180847,0.01419354838538589,0.004512635382352359
2022-07-18 00:00:00+00:00,-0.006908732013966357,0.006364359585200097,-0.0030423280416396192,-0.008276602356054541,0.0009917355374691184,-0.007636473612274597,-0.009495288875264962,-0.007455507454550037,0.00914340712482753,0.006785411367417282,0.008086253369272267
2022-07-19 00:00:00+00:00,0.027931792028505376,0.02371541502053942,-0.0007960727083117236,0.027144810299870592,0.0328929986787303,0.022552380951656348,0.017919032519716716,0.027865277441218028,0.022889842629608248,0.026958719458962443,0.016488413545619363
2022-07-20 00:00:00+00:00,0.008090779564405182,-0.00540540540472545,-0.0009294914348007,0.006405812373298625,0.008696764291944437,-0.0016392221142995655,-0.0031150391196640426,0.007307873643561891,-0.00512820512857548,-0.00533223954010853,-0.004384042085219697
2022-07-21 00:00:00+00:00,0.00989349351346247,0.011257763974650059,0.008240297713992373,0.01011242147043001,0.0029161912009858515,0.004030151503994439,0.0007266913741827974,0.01053124268748662,0.010309278351263496,0.010721649483528495,0.010568031704095038
2022-07-22 00:00:00+00:00,-0.010846203828677958,-0.004990403071600036,0.008172950171378535,-0.009110995935628918,-0.007079646017923991,-0.002006987289557949,-0.0013070946185376187,-0.010653080130647474,-0.004638218921468207,-0.002447980416271034,-0.008714596951472808
2022-07-25 00:00:00+00:00,0.001364325416755019,0.006751543211160671,-0.0036610878666819557,0.0009910529937182666,0.009358288770224599,0.007671681811745268,0.012579073656584727,0.001170411985655262,0.008387698042515046,0.008179959099102074,0.004835164836768158
2022-07-26 00:00:00+00:00,-0.01236312257136385,-0.01168806284701751,0.00026246719122102746,-0.011990869337801247,-0.005676442762776457,-0.004287086998104428,-0.0019388194746136067,-0.01192424596596886,-0.012939001850724496,-0.013387423933522657,-0.010061242346294796
2022-07-27 00:00:00+00:00,0.026262006948431393,0.021326095384324617,0.00275518236652994,0.02619345859404998,0.016492229623134458,0.011506198500329967,0.011295776674949742,0.026975863700738012,0.02059925093781323,0.02220394736944864,0.0190013256723105
2022-07-28 00:00:00+00:00,0.013043911182260004,0.006074411542416724,0.00693444982435687,0.012640373243818726,0.015413416536566471,0.008953471304751215,0.008466135457602997,0.011751152072906335,0.0068807339463619055,0.006033789217712249,0.0043365134463537736
2022-07-29 00:00:00+00:00,0.013613131511620136,0.009245283017698114,-0.0007796257799564943,0.014652309011019105,0.011184857423901295,0.007782950247293918,0.011781305115011298,0.014347529037343598,0.009567198175590041,0.013994402240490533,-0.0038860103626942033
2022-08-01 00:00:00+00:00,-0.0023272727274030736,-0.0028042624780264536,0.004334252276267492,-0.003009583146437178,-0.0005469794579057163,-0.0032479249365766627,-0.0072514293680884245,-0.0022451728795300774,-0.0013537906119999166,0.0003943217658637366,-0.006935413960667658
2022-08-02 00:00:00+00:00,-0.005394372357343191,-0.01237345331913886,-0.010119356513900724,-0.006461008870693563,-0.011249619945165823,-0.007820419985808846,-0.0054782975139099355,-0.006300630061744417,-0.013556258475421301,-0.014978320850664972,-0.006547359231797167
2022-08-03 00:00:00+00:00,0.016075442196625156,0.006454062262507554,0.004980340761312485,0.015617920631193494,0.006888068880244402,0.007079258502454389,0.0021892655366768654,0.015851449274526752,0.005497022449335809,0.004001600641892145,0.005711775047144707
2022-08-04 00:00:00+00:00,-0.0009617696559692801,0.005281026029335445,0.0024778299417282934,-0.0007872569342601832,-0.006474468604918959,-0.006087397637476344,-0.011556620393057937,-0.00133749442551101,0.003644646921874939,0.004384216816025521,0.00655307994757548
2022-08-05 00:00:00+00:00,-0.0003369434417185291,-0.004878048781053912,-0.01131780928834436,-0.0020747432835915847,0.0048567564243564565,0.002551950419037441,0.0034932629921731184,-0.0008928571433409749,-0.0036314117083698916,-0.007142857143196846,0.0013020833333332593
2022-08-08 00:00:00+00:00,0.0009148690291378436,0.0030165912523973937,0.004473684210941409,-0.0008947839357948961,0.008137044967934326,0.0011636363638551916,0.0037652742262006544,0.0,0.004100227790258426,0.003597122304507483,0.002167316858578072
2022-08-09 00:00:00+00:00,-0.006302015682539186,-0.005263157896146509,-0.002226879748699284,-0.0039511115794096385,-0.00625075858740054,0.001670783088788319,0.0058036662183407195,-0.005361930295486483,-0.004537205084265361,-0.004778972521125802,-0.0025951557093507605
2022-08-10 00:00:00+00:00,0.02280209140182765,0.020786092215340446,0.002756990940791404,0.02094462368416017,0.021618320610735875,0.014069185582800792,0.008373794947754476,0.02223719676587077,0.022333637192574862,0.022809123648324325,0.013009540329615987
2022-08-11 00:00:00+00:00,4.733279683577507e-05,0.001480932987011796,-0.005629746005950342,0.0,0.009683782653291395,0.005220625044418448,0.0020237264473805805,-0.0006591957815045291,0.0004458314784236972,0.0009780907672241046,0.0034246575358112263
2022-08-12 00:00:00+00:00,0.01732298371839147,0.007855822551598779,0.004608294929997925,0.017121690928958655,0.015037593984608577,0.014442231076197354,0.01420711748791148,0.017590149516657716,0.008912655971646366,0.007621653313906407,0.010238907849845047
2022-08-15 00:00:00+00:00,0.003908067367612178,-0.005593764328164275,0.0010484927916232234,0.004278401711338642,0.0004666083411313249,0.0016130163405747577,0.00027466868062009375,0.003241140881097726,-0.007950530039879888,-0.007757951899639348,-0.00422297297144647
2022-08-16 00:00:00+00:00,0.0021318009085733447,0.0005533013650314,-0.0013092432563100997,0.0017497147203600072,0.00781204453987705,0.004271110488674568,0.0025399876435507895,0.0030152918365675685,0.0022261798790788045,0.0019546520684687874,0.002120441048659716
2022-08-17 00:00:00+00:00,-0.008971513133934406,-0.007004608294337578,-0.005899318301971435,-0.006834750911227538,-0.012379244518631705,-0.005229031583670829,0.0002738975620288908,-0.007945028988464053,-0.007552199024522865,-0.008583690984698578,-0.0025391451544723997
2022-08-18 00:00:00+00:00,0.0026131591228719664,-0.0038982736232378024,0.0018462350004690986,0.003084059744064449,0.006970069700641401,0.0034342584806865695,0.006777108433892787,0.0028138528153820452,-0.0035810205879741597,-0.0015741833938649474,-0.005939753921418323
2022-08-19 00:00:00+00:00,-0.0142883738249453,-0.013417815876950123,-0.006318283533033098,-0.0137974844365637,-0.01570497906006607,-0.006775162394398793,-0.0009519276539364796,-0.013166414850378505,-0.013027852650485339,-0.014189988175669965,-0.01109688433787026
2022-08-22 00:00:00+00:00,-0.0213891118559848,-0.014355874575862959,-0.004503907802771878,-0.021075955889900633,-0.020978607729763787,-0.016385372714802116,-0.01007282379320562,-0.020559930008505645,-0.014565316343752244,-0.01599360255682747,-0.009063444108775576
2022-08-23 00:00:00+00:00,-0.0018816944901812738,0.002683020316077478,-0.00039920159736972494,-0.0023687950726969387,0.0007846924608776451,-0.001787373989985852,0.0018563080098639162,-0.002009825816185473,0.006466512700686211,0.003250711091722591,0.0052264808362452175
2022-08-24 00:00:00+00:00,0.004205539711229278,0.0019113149826575082,-0.0025292864740669163,0.0030339805824091126,0.004041013269098448,0.0029365420427542865,0.00459785890704878,0.0024614007621335254,0.0009178522263204592,0.0016200891064466205,0.0008665511280905314
2022-08-25 00:00:00+00:00,0.0144892654279285,0.013162914919034874,0.00547177365565088,0.014571661537773117,0.016579563885656956,0.012211668928157282,0.008743766650981755,0.0145089285699882,0.012379642365405896,0.010513546299042886,0.01861471861314712
2022-08-26 00:00:00+00:00,-0.03311981020189547,-0.022782903408122057,-0.0019909742513869455,-0.03427267777996068,-0.028009218223840726,-0.026880203189305063,-0.021534502607575612,-0.032783278327304766,-0.022192028985767998,-0.025610244095905288,-0.015299617509585861
2022-08-29 00:00:00+00:00,-0.007312165677077709,-0.0028901734094328724,-0.004521877908226113,-0.006603849560971042,-0.005593045169792421,-0.003480026100065259,-0.0022146861373331106,-0.007051865331207496,-0.0013895321890686763,-0.0012320328565003091,-0.004747518344258683
2022-08-30 00:00:00+00:00,-0.011123195570020394,-0.008888888889590829,0.0008016032060460532,-0.010863396838248218,-0.014611481323012487,-0.011058566751261267,-0.015675938128364653,-0.01145475372422744,-0.009740259738161061,-0.009457236843289474,-0.01084128360643899
2022-08-31 00:00:00+00:00,-0.007348897665563459,-0.003899395593806365,-0.004138299292338332,-0.007868207524136306,-0.007196922695278607,-0.008018833222794619,-0.00951307166489146,-0.007184241018772797,-0.0037470726016765044,-0.007887090078491754,0.0017536168331329094
2022-09-01 00:00:00+00:00,0.0006043513293425562,-0.010961049129768696,-0.005408981233050003,0.0030841250171946832,-0.007811523559736133,0.004523880154201798,0.003912919749249788,0.0007002801124245117,-0.00987306064667437,-0.012133891210162506,-0.006126914657673677
2022-09-02 00:00:00+00:00,-0.00991544191634941,-0.006134969324697481,0.002566180441852417,-0.010486726878319641,-0.004093972412722358,-0.008342561831199857,-0.005385869180436376,-0.00933053417327745,-0.0066476733181451975,-0.005506141469566739,-0.007485689125332429
2022-09-06 00:00:00+00:00,-0.004066900513673644,-0.0063719633600957115,-0.009026000268170353,-0.0033569149673635668,-0.008917278016620234,-0.00290351399666966,-0.0025293908083162675,-0.004944666823867849,-0.004780114720221107,-0.004258943779053448,-0.009316770186350465
2022-09-07 00:00:00+00:00,0.018477872492839165,0.008617234467212853,0.007205002719077758,0.017926734216585416,0.019143641120434873,0.015007839917074994,0.009536054858961585,0.018693800284234063,0.0076849183468392646,0.006843455942454613,0.008060904612641862
2022-09-08 00:00:00+00:00,0.00791860873003869,0.00039737731064648507,-0.003104332569726642,0.006535768978369383,0.008703274684987994,0.007356186552277544,0.006014292790370579,0.006504065039336204,0.0,0.0042480883619835375,-0.004442470011721933
2022-09-09 00:00:00+00:00,0.016607826562599293,0.02164846077373106,-0.0004061738423024597,0.015431847203100979,0.01793916821874464,0.011610924492783559,0.01301167534091019,0.017078236787107848,0.02287893231909499,0.024957698817484664,0.016064257028112428
2022-09-12 00:00:00+00:00,0.010760577158578144,0.013219284605141102,-0.0012190166595876795,0.010996655518356269,0.01067138240109089,0.008734570128801078,0.008262167604147441,0.010211027910966841,0.01164958061403154,0.013619479981845872,0.0127360562111285
2022-09-13 00:00:00+00:00,-0.04297120735580351,-0.03357636224096161,-0.005017629508833776,-0.043614036944987444,-0.03722698201974872,-0.03420638328289416,-0.031125189368096717,-0.04245283018832602,-0.03178258866920103,-0.03338762214841051,-0.03165654813382468
2022-09-14 00:00:00+00:00,0.0038934115390740764,0.004963271787820078,0.00122665939726474,0.0037356798937007163,-0.0008146894779316183,0.0014819205689344805,0.007818052594270597,0.003987802017078268,0.005708848713521508,0.004633529903711242,0.008060904612641862
2022-09-15 00:00:00+00:00,-0.010677949028236045,-0.009877518767600235,-0.002994827117059451,-0.011165329583868733,-0.005895634721700405,-0.005401006214569071,-0.008251057828251085,-0.011214953272247308,-0.008987701038005946,-0.010062893077676383,-0.010661928032003054
2022-09-16 00:00:00+00:00,-0.009113124936138806,-0.007581803670551612,-0.0010922992902400175,-0.007862161258029743,-0.012744479495057193,-0.006843710481366894,-0.0058309037900137195,-0.008979206049110955,-0.008114558474562106,-0.006353240155063,-0.008531656935968135
2022-09-19 00:00:00+00:00,0.007090376611756488,0.004833132287134667,-0.00068343356906575,0.007671556230085752,0.012525562372413201,0.0063665643025818675,0.003576282097177419,0.008106819267543752,0.0033686236758874166,0.0042625745968010165,0.0013586956521738358
2022-09-20 00:00:00+00:00,-0.011632059588648214,-0.014084507042035677,-0.004924086992490473,-0.011266348754952915,-0.01521080535252295,-0.012875855910197354,-0.006770721972488736,-0.010210028382584002,-0.01356484412510306,-0.0167093803047198,-0.005133514247809057
2022-09-21 00:00:00+00:00,-0.017085634645829684,-0.014285714285490192,0.0027491408932900363,-0.017599774361691578,-0.01429212330923224,-0.015607328658037711,-0.013777267508632285,-0.017270328617361108,-0.014749262533034324,-0.013466550828541313,-0.015193370167270626
2022-09-22 00:00:00+00:00,-0.011185799811223807,-0.003105590063199326,-0.010281014393896282,-0.008440756797362003,-0.01983094928476603,-0.004901960784403192,0.001964493596698702,-0.01025140346530995,-0.0009980039946632102,-0.0026420079251170403,-0.004207573632510453
2022-09-23 00:00:00+00:00,-0.01717828880975758,-0.030321910693924314,-0.002770083102312859,-0.016619856964909197,-0.02327429519087132,-0.01774938423701089,-0.02272892309933383,-0.01775585696558679,-0.03196803196549958,-0.033554083886408126,-0.02394366196830422
2022-09-26 00:00:00+00:00,-0.010962769998867805,-0.01542086099969675,-0.012777777778187005,-0.009687012337059153,-0.017614528572720056,-0.014122287968374558,-0.011907155594673924,-0.009540547327260174,-0.01909184726789237,-0.015989036090649944,-0.014430014433313376
2022-09-27 00:00:00+00:00,-0.0014815627742775783,-0.004785729823248208,-0.004361283061292576,-0.0028245228040902903,-0.0009034679268159485,-0.004481434058925315,-0.0007578628270528132,-0.0025348542465976065,-0.004208311414711785,-0.004642525530629049,-0.002440214735964452
2022-09-28 00:00:00+00:00,0.021047425399505437,0.019234972677775408,0.015543309313218012,0.019556933718861247,0.02594602114632316,0.020659163987662543,0.021539628365347285,0.02134688691363018,0.017960908612133064,0.023320895521074192,0.006360078275485348
2022-09-29 00:00:00+00:00,-0.020775026910810457,-0.015440703409107193,-0.005148184222804608,-0.020852913533854434,-0.02108617533417345,-0.015594234858530842,-0.014254955823942539,-0.020900721573781422,-0.017644006228707432,-0.012762078394527143,-0.02041808459079608
2022-09-30 00:00:00+00:00,-0.013575904143845796,-0.003049444566839199,-0.00237762237754624,-0.015237866698630143,-0.006787643717535374,-0.012080966477228783,-0.012013256006905393,-0.013468869121533,-0.0021130480716756717,-0.004155124652306941,-0.002977667490221103
2022-10-03 00:00:00+00:00,0.025408146208100613,0.021192921127775488,0.00835733912891512,0.026439232409452895,0.027824267782244894,0.026724975704396137,0.02755860491704376,0.025759917567502066,0.02329274748358756,0.02318034306774197,0.018914883025011875
2022-10-04 00:00:00+00:00,0.03211432918543178,0.035515618314467146,0.0025080117035793936,0.030357884740903396,0.0412511025174902,0.029105537150672323,0.0245567178573034,0.0321446509288803,0.03569580962381513,0.03851381966449674,0.029311187104589242
2022-10-05 00:00:00+00:00,-0.001895335369137774,-0.008884297519839324,-0.005281445448609312,-0.0017280608279078846,-0.005277904476660766,-0.0029125469456156017,0.0013034033307055548,-0.0034063260330065015,-0.009990009989218618,-0.01178010471270341,-0.001898433794938481
2022-10-06 00:00:00+00:00,-0.009547420613764568,-0.01375859912513866,-0.003772530389116624,-0.010530567496347398,-0.009301716231884138,-0.01245291721093622,-0.006653167485835221,-0.008056640624482858,-0.012108980826478044,-0.017660044151998733,-0.0042796005705842965
2022-10-07 00:00:00+00:00,-0.028598817702644608,-0.01733248784537944,-0.005189340813177901,-0.028079076277220394,-0.021422903993821185,-0.019537635245778118,-0.01616191030878733,-0.027319714497463954,-0.016853932587094,-0.015280898874419302,-0.018624641831971656
2022-10-10 00:00:00+00:00,-0.007949561403197913,-0.007743600775175108,-0.004511490202675716,-0.007470074700637652,-0.0015540540539840109,-0.005080978088432553,-0.0054018055352211825,-0.0073380566814437165,-0.006753246751298847,-0.005476951161967003,-0.013625304135552851
2022-10-11 00:00:00+00:00,-0.0064106106663697204,-0.013223498807268363,0.00028324599892126656,-0.00658928787351698,0.0013534546931059932,-0.0010373443980088437,0.0014879845254023305,-0.007392301808494595,-0.013075313805054112,-0.011014226710655661,-0.014306857423451835
2022-10-12 00:00:00+00:00,-0.002725401857780918,-0.0015377855894508352,0.0011326631749535299,-0.003103511227168121,-0.004865851186491188,-0.003993929228148452,-0.0029715474334359726,-0.002054442734054418,-0.003179650241109222,-0.003712296984152652,0.0005005004998972495
2022-10-13 00:00:00+00:00,0.024818739543005952,0.01606160615963903,-0.0035355678116980593,0.02618727872042559,0.02471986417676031,0.02887160157244173,0.02734520527553852,0.025476067937264313,0.01807549176116452,0.022356776895336772,0.003501750871218068
2022-10-14 00:00:00+00:00,-0.023564625850638565,-0.015807708963973433,-0.004825432870559698,-0.022515019927597857,-0.021074955265034445,-0.015433782835667542,-0.01972729910109461,-0.02308657465522923,-0.016187989556246007,-0.017767653757398638,-0.0139581256224518
2022-10-17 00:00:00+00:00,0.026697135213975765,0.025742574257746398,0.002139189960726595,0.025406967898974342,0.024101279534107567,0.017259124376322488,0.01390944066336064,0.025944002055110937,0.024416135882022072,0.025046382190687666,0.024772497475049615
2022-10-18 00:00:00+00:00,0.012214320611823926,0.005148005146980328,0.0022769318340987166,0.011780415430336921,0.01507238712196024,0.013464082807627342,0.010507880910465728,0.012518778168191691,0.00466321243343315,0.006787330314403928,-0.0004933399106046288
2022-10-19 00:00:00+00:00,-0.00852729807965058,-0.014297908662250558,-0.008235127076206439,-0.006921430037705623,-0.013676326929362714,-0.0076025188138578725,0.00108318890771808,-0.008407517309910517,-0.012377514181573401,-0.010786516850242012,-0.015794669301312014
2022-10-20 00:00:00+00:00,-0.008654730351204565,0.0010824853852400285,-0.006728704366646632,-0.008210035143758398,-0.015450643776286799,-0.008357192602739816,-0.00432806751764192,-0.008229426433389864,0.0020887728457830157,-0.0031803725601066146,0.007021063191910759
2022-10-21 00:00:00+00:00,0.023026136301862232,0.017301038062012664,0.001729605073717444,0.024030015186414344,0.020186439540801127,0.024658603199641416,0.025284358473232738,0.023887352275786755,0.018759770712389656,0.018231540567134052,0.014442231074361045
2022-10-24 00:00:00+00:00,0.010773907941709293,-0.011054421768070144,-0.0014388489213048583,0.01218377435292406,0.007625558769264851,0.013251085218553449,0.013001695873268826,0.01105108054938464,-0.009207161127382957,0.00044762757208882675,-0.03436426116925584
2022-10-25 00:00:00+00:00,0.01809930874343002,0.01719690455690359,0.009510086455679634,0.016260162601664963,0.022703549060862915,0.01029688087135816,0.00634765625,0.017245567161133124,0.016520392363682745,0.020581655481978878,0.008134214541059226
2022-10-26 00:00:00+00:00,-0.0061677205346248876,0.011622992393200082,0.003996574364781846,-0.00746289752651319,0.002041337075515015,0.006249070078893304,0.006376932140713887,-0.0076408787022101965,0.00914169628900785,0.010521701009446938,0.01361573373663938
2022-10-27 00:00:00+00:00,-0.004693611473726045,-0.00772926676471164,0.005260164912988419,-0.005354447324181555,0.004392666157856162,0.003844447730660283,0.0003443763345605255,-0.003609239653284746,-0.005032712628961655,-0.0069414316710113555,-0.00895522388051706
2022-10-28 00:00:00+00:00,0.023264343725800662,0.00484210526238571,-0.001979917974803569,0.023337055808426488,0.01736705330492505,0.020400648106804198,0.019760396584968642,0.022216855832184912,0.0015174506841122426,0.006553079945313289,-0.003012048194543482
2022-10-31 00:00:00+00:00,-0.00645194326384646,-0.008380473496623297,-0.0031174720142448376,-0.006799485141776973,0.0006230141424221625,-0.004186214362903784,-0.0031733171292614992,-0.005433498701973294,-0.007070707072883264,-0.008246527778081658,-0.005035246726451614
2022-11-01 00:00:00+00:00,-0.0030923053137309475,0.01098668920283008,0.0010356929649248947,-0.004028736441978986,0.0037357574248244596,0.0020294266869724797,-0.0016933080463999994,-0.0038004750575015844,0.010681586976384327,0.008315098468580251,0.017712550607752897
2022-11-02 00:00:00+00:00,-0.026314428992657124,-0.012539184952790938,-0.0015656134359154361,-0.025514822357895817,-0.027665777557140392,-0.015334538879151594,-0.016961802021950745,-0.026704816405968446,-0.013588324107003835,-0.015190972223276367,-0.009448035802410382
2022-11-03 00:00:00+00:00,-0.009557183816321202,-0.003597883596202167,-0.0038488952246344965,-0.01065312046457545,-0.0037639553427044614,-0.0020568574157178166,0.0006901787565025685,-0.009064184223698923,-0.00255102040656896,-0.007492287350284621,0.0010040160630484518
2022-11-04 00:00:00+00:00,0.012865873271089123,0.03823279524149892,0.00028620492172959366,0.014640729982833278,0.017866290983427957,0.013249907987395115,0.005517621905163805,0.012113720642867865,0.04040920715930252,0.038188277089961975,0.04363089267949172
2022-11-07 00:00:00+00:00,0.009103419075009,0.002864157118531052,-0.0038626609427329095,0.00960037013471271,0.01000314564309912,0.00864511442009186,0.01049454695078822,0.010258915487970643,0.002949852509833484,0.004277159962760901,0.0004805382022083915
2022-11-08 00:00:00+00:00,0.005244938634239027,0.01081191350609556,0.004452103977887756,0.00544194306016732,0.0004983181764226519,0.0059060789399876246,0.006448547379653835,0.005560928432074341,0.00931372549078735,0.011073253835401475,0.009125840537291818
2022-11-09 00:00:00+00:00,-0.02154857560269341,-0.016145307769660944,0.0014297969686372092,-0.020425022789477887,-0.02104345660595275,-0.01668337390818464,-0.02279625008421493,-0.020918490020317315,-0.015055852355620791,-0.015585509690511867,-0.015706806284303543
2022-11-10 00:00:00+00:00,0.05657761424812491,0.04923076922993741,0.020702455739966208,0.05472998516872307,0.053866700585263105,0.03509793927085392,0.026433846366318958,0.05500982318085845,0.04635108481157002,0.05305947796662913,0.035783365574416415
2022-11-11 00:00:00+00:00,0.010194811749754562,0.019941348972856376,0.0,0.009567399156379608,0.006396717156360587,0.0005627857890126986,-0.0042361484669184435,0.009776536314650919,0.021206409050239516,0.01869158878151178,0.022408963583535835
2022-11-14 00:00:00+00:00,-0.009042765787675822,-0.009584052137096344,-0.003217233179965473,-0.00802927681882537,-0.011033159440654305,-0.005695001054150328,-0.000405159024617463,-0.008298755188578366,-0.008306414399627315,-0.010769844431891551,-0.003652968037045512
2022-11-15 00:00:00+00:00,0.010133602218300508,0.010063866846718783,0.0070165590784820875,0.008259457078289456,0.012065724852789783,0.0038184132373499935,0.0037830169560220117,0.008833100884364287,0.009306654257048352,0.005645161289822731,0.020623281393059134
2022-11-16 00:00:00+00:00,-0.010181672988495705,-0.007281088329305518,0.005713489410239747,-0.007591065479843562,-0.014438054157894453,-0.005776275007237319,-0.004710949592838909,-0.008755760369699384,-0.008759797142104842,-0.00240577386076557,-0.01706331387396709
2022-11-17 00:00:00+00:00,-0.004185155304764376,0.0007720517266049942,-0.004156851878494017,-0.0028890600923699994,-0.004133487325615914,7.085163659148463e-05,0.003989451618946038,-0.0034867503484562468,-0.0009302325555226032,-0.0012057877809378281,0.0018273184080337401
2022-11-18 00:00:00+00:00,0.0047090991952116745,-0.0011571841859784326,-0.0016696813679852873,0.004415132868042848,0.007751937984571855,0.008714133900018739,0.0065328663797117326,0.005365057150797936,-0.00046554935201192915,0.002012072435370049,-0.007751937984990298
2022-11-21 00:00:00+00:00,-0.004233444209416848,-0.008302761150040139,0.0,-0.003516580125937141,-0.0009085402789437147,0.0010535187529370216,6.691201030961658e-05,-0.004408352668732962,-0.006986492776260511,-0.006827309236052126,-0.010110294115389662
2022-11-22 00:00:00+00:00,0.01310861423241061,0.011876947040096786,0.005156794425011713,0.013316423589068815,0.01612609881771987,0.012278116887172175,0.014452027298675452,0.013749708693349127,0.01266416510343249,0.01536595228521942,0.003249767874805576
2022-11-23 00:00:00+00:00,0.006094819403134055,0.010198191265512913,0.006100942871856807,0.006257822277741409,0.0003579738677808031,0.002841696701329166,-0.0005276348769581718,0.005057471262451596,0.009263547938098027,0.010354440459833691,0.008792225820743571
2022-11-25 00:00:00+00:00,0.0007448234772537976,0.0022857142852577006,0.0,-0.00010815487768245369,0.005367686527116833,0.0027645310662203215,0.001319783555888021,0.0009149130839911646,0.0036714089028671015,0.0051241623976192585,-0.0027522935796018277
2022-11-28 00:00:00+00:00,-0.01622506698471826,-0.011212466742709593,-0.0012403528109931061,-0.01581936181724375,-0.019813727234505807,-0.013646702046922643,-0.011796494003386448,-0.015539305302243789,-0.011431184273512307,-0.013725490197018964,-0.00459981600677728
2022-11-29 00:00:00+00:00,-0.0015635244865648268,0.007880069190512096,-0.003725679591669584,-0.0017584833082019413,0.00605216970284661,0.003144434351350034,0.0010003334447781231,-0.0027855153201596927,0.008325624423708211,0.0023856858838740003,0.020794824399099854
2022-11-30 00:00:00+00:00,0.030814305920618068,0.02021357742233132,0.007756232687790909,0.030772618425050968,0.019912169884675812,0.01866815268833566,0.01772151898734342,0.030493482308819875,0.01880733945179447,0.01705672352373333,0.028972385694124192
2022-12-01 00:00:00+00:00,0.0005880623346301572,0.005233644860137776,0.008309593182021402,0.000133514913837951,-0.00271322401780949,-0.0013676148795525034,-0.004909662215336952,0.0011294330261137908,0.004502476359165453,0.008190327614513881,-0.003079630440645964
2022-12-02 00:00:00+00:00,-0.0009305514744384347,0.0009297136471597689,0.00409836065696334,-0.0014417685696122007,0.0017151644190229742,-0.00027389756199758253,0.004276034471319967,-0.001128158846254168,0.002241147466099047,0.0,0.0026478375961023204
2022-12-05 00:00:00+00:00,-0.019657826364076203,-0.01374698123619622,-0.007891156462617177,-0.017807486631033043,-0.02668713467535877,-0.01671232876710771,-0.015262675225899969,-0.019426248021496284,-0.014758497314258823,-0.015087040617941527,-0.010563380283190038
2022-12-06 00:00:00+00:00,-0.015001500150076397,-0.0045206253543393915,0.003291278113066509,-0.014455273043922356,-0.0084319077947842,-0.008776818055590496,-0.011707576664968689,-0.014052061736816945,-0.005901044029149594,-0.006284367636167909,-0.0031138789998200744
2022-12-07 00:00:00+00:00,-0.001624530408888547,-0.0022705771045630208,0.008747949698957758,-0.0019335414192617195,-0.003976508014525759,7.02740687879011e-05,0.0030288752778475647,-0.003271028038788093,-0.0009132420115544049,0.0003952569154337393,-0.005354752345851699
2022-12-08 00:00:00+00:00,0.00864436082550557,0.007206523800793896,-0.002845528456283386,0.007887526637810893,0.0038081198947561568,0.004989108285057053,0.001342101731708789,0.008907641820092627,0.005941499084198165,0.00474120901094488,0.008524001793935865
2022-12-09 00:00:00+00:00,-0.008368622706077966,-0.0015063076637291672,-0.0058431852140600204,-0.007304080399904489,-0.008811111791123816,-0.008110753741210619,-0.017155877228747896,-0.008131970261307742,-0.00045433893556900973,0.00039323633348242737,-0.0026690391427030002
2022-12-12 00:00:00+00:00,0.014387391967712215,0.000754290023673887,0.0,0.014273069263160298,0.01185258349256224,0.014098406880540981,0.013841538251744279,0.014523307566877586,0.0009090909115043733,0.002751572324677598,-0.001784121322898069
2022-12-13 00:00:00+00:00,0.007467548739084728,0.011871113624785323,0.006834335702073702,0.00739064034039516,0.0039045817828229357,0.0029195050740198347,-0.0024083933012922776,0.006695913182795499,0.011353315165856692,0.013328106627362724,0.005361930298074968
2022-12-14 00:00:00+00:00,-0.005571584916968075,-0.0013035381756387743,0.002443660060161168,-0.006036979885901683,-0.005104831358388018,-0.0036734128079433104,-0.001627228964935723,-0.005045871557729842,-0.0008980691487971981,-0.0015473887836892075,0.00044444444390911997
2022-12-15 00:00:00+00:00,-0.02491245622778193,-0.023867238485955178,0.0005417118080739414,-0.02459418237275135,-0.02107385010049878,-0.018434782609249467,-0.01331069609499147,-0.02489626556095026,-0.02202247191198592,-0.023634250289480296,-0.02087960906138875
2022-12-16 00:00:00+00:00,-0.011440591011827927,-0.00553963705838445,-0.002571737952051234,-0.01192304470443617,-0.010358167976919241,-0.010205527994063823,-0.006951614013430585,-0.011111111112037886,-0.0059742647041451935,-0.008333333334765047,0.0004537205076200479
2022-12-19 00:00:00+00:00,-0.010067984845885225,-0.0011736457940756395,-0.00597095942599235,-0.008619227943127306,-0.007503152585601636,-0.003293713303811341,-0.0017327418908370529,-0.008845326321093472,-0.0013869625531613972,-0.002801120445776961,0.0004535147386828253
2022-12-20 00:00:00+00:00,0.002096985583122768,0.0031146583614292123,-0.006552901022513269,0.0015156352440084397,0.0030493615402047425,0.0022988505751675437,0.0038880788728412607,0.0014910516165780319,0.003087268518695563,0.005345104335327422,1.4823209760761458e-05
2022-12-21 00:00:00+00:00,0.015119016479198777,0.009509023869588074,0.002336127524298348,0.014956959418761073,0.017923871049425166,0.013474770642162959,0.014316342762175749,0.01475925477784057,0.010242085659980305,0.010433386834961755,0.008675799083029956
2022-12-22 00:00:00+00:00,-0.014118223046841627,-0.007689350249093119,-0.00013709898515290586,-0.01406029867560965,-0.011205823793235647,-0.007562942008970008,-0.010977771716573104,-0.014067715783528278,-0.008294930877874251,-0.00794281175381939,-0.009506564053355704
2022-12-23 00:00:00+00:00,0.005515574933127487,0.002324680356834641,-0.003122021117025753,0.005601440370327282,0.00950570342253898,0.006820302965248715,0.010892795587276183,0.005562273277718965,0.0032527881044381868,0.004803843071795599,-0.00045703838923127904
2022-12-27 00:00:00+00:00,-0.004179291610252545,0.005411673752176105,-0.007720943056971574,-0.003978742149135739,0.001129943502615527,0.0023531089557953244,0.001773170565242399,-0.00336700336824991,0.005558128763192949,0.0023904382499819743,0.01554641060375328
2022-12-28 00:00:00+00:00,-0.012590494176896838,-0.011918492886198617,-0.0013894678343402411,-0.012269238451197206,-0.018748432405139237,-0.010315145479162013,-0.011777520593101776,-0.012548262547937616,-0.01151543067477212,-0.011128775834188698,-0.015758667265588056
2022-12-29 00:00:00+00:00,0.01838274359788583,0.016342412449830812,0.003756783080120396,0.017736950053684142,0.019553965109361693,0.011213341000779087,0.005442270597380228,0.01857282502375668,0.014911463185276919,0.015675241155342023,0.01601097895554493
2022-12-30 00:00:00+00:00,-0.0025563439064861804,-0.009954058192532589,-0.004158580537868106,-0.002753257074931348,-0.004700720777092493,-0.002203582599049847,-0.0001370332301685595,-0.0016794625713619782,-0.008264462807242912,-0.009101701622413083,-0.011706438538228503
2023-01-03 00:00:00+00:00,-0.004079711281875786,0.00676720804390718,0.005289532294739052,-0.0038424318323945217,-0.0029596977330809127,-0.001709767044037247,-0.01596655930901414,-0.004566210046115571,0.006481481482155438,0.006789137381452148,0.0063781321149436465
2023-01-04 00:00:00+00:00,0.008875584265233938,0.017092375647342006,0.005677097756525917,0.007200205720306885,0.014779258510652982,0.008706201384409917,-0.0009052924794025197,0.0072428778369912905,0.015179392825142912,0.012693375644665217,0.02716161159137176
2023-01-05 00:00:00+00:00,-0.011712649661468455,-0.008685800602597937,-0.0011014732196242827,-0.010921675980801626,-0.009460384639408348,-0.006579412805067242,-0.000697009828009687,-0.011505273249560632,-0.008155867695941343,-0.009792401099049997,-0.005288673424874268
2023-01-06 00:00:00+00:00,0.022070055306820713,0.02342857142777066,0.01102687801470581,0.022744220730637643,0.024568017593851854,0.021222048141555927,0.01673990374607559,0.023278370515179114,0.02421196893458455,0.025712025320002052,0.02038103677546621
2023-01-09 00:00:00+00:00,0.00041228612658983366,0.005397357155527693,0.0027266530329121963,-0.0007291286910227068,-0.0009812339018112626,-0.007461645746268397,-0.013377238114939627,0.0,0.004014272971677224,0.004627844193340502,0.006513243594712836
2023-01-10 00:00:00+00:00,0.00788172264599396,0.004072565716072063,-0.003942895988492623,0.007128223837443937,0.009023941067882069,0.0050586664794567415,0.005145320539250209,0.007582938386532456,0.003998223013101265,0.001919385796172346,0.006902502159165547
2023-01-11 00:00:00+00:00,0.013186813186585544,0.0060840707979703534,0.005323505323381328,0.012762281606075732,0.012532700614590775,0.006291506466267194,0.004565578306424456,0.011994355598180295,0.005752212387234001,0.0061302682013451015,0.00428449014527299
2023-01-12 00:00:00+00:00,0.0048428593050577895,0.012094557448155463,0.007739307535230777,0.003741917732889455,0.0114762963411974,0.0021535255291935673,0.0027544415369464836,0.0032535440402492455,0.011878574569580191,0.014851485146424315,0.00511945392535007
2023-01-13 00:00:00+00:00,0.004267282494154978,0.00561289154488831,-0.0033683643220552284,0.0038924371589672546,0.0026137578709815035,0.0018716206853928163,0.0024035160007866985,0.004632846883730224,0.003913043479353284,0.00525328330185304,0.004668930388244119
2023-01-17 00:00:00+00:00,-0.0013497300541772672,0.0007202016565825975,-0.0013518994191902278,-0.0015290937388116044,-0.002606943950711149,-0.005673562582718117,-0.0032198396931023554,-0.0016140189064853816,0.0021654395837944485,0.0033594624861552624,-0.003379805659964541
2023-01-18 00:00:00+00:00,-0.015768133353128877,-0.005397625044894605,0.009205360769673598,-0.016244154565567492,-0.015029107758301019,-0.018787836615406284,-0.016907216494892685,-0.015935334872907547,-0.004753673290157967,-0.004092261903167471,-0.006358626536081102
2023-01-19 00:00:00+00:00,-0.008137524158625342,0.0019898697538172083,-0.0020120724353617225,-0.007199844327743898,-0.009468668958222848,-0.006808027799396377,-0.0011185682323607837,-0.007744660879379528,0.0021710811979891442,-0.0011206574537616643,0.00938566552904918
2023-01-20 00:00:00+00:00,0.019177520254366476,0.00992959017792261,-0.0044354838699510735,0.018396147168969312,0.016439357038018576,0.011210282042067865,0.005809070548767892,0.01915799432456411,0.011698440206504568,0.009723261033495634,0.013524936601504889
2023-01-23 00:00:00+00:00,0.012678607365694594,0.0048265999288104044,-0.002430133658560707,0.01218003354323205,0.010063495867037142,0.006990538060275275,0.0020875374015072445,0.012996054769106813,0.004710920772701632,0.003703703702980121,0.006672226853314589
2023-01-24 00:00:00+00:00,-0.0016395071541551731,0.00017790428800545932,0.0044660982546391725,-0.0010593795837172681,-0.002668722571283033,0.00028048523918111634,0.003124783000874709,-0.0013745704472444276,-0.00042625746219104865,-0.0003690036891704773,-0.0004142502053188224
2023-01-25 00:00:00+00:00,0.0004976362276805091,0.004091070793504459,0.0012126111558801167,0.00035350101976305837,0.003329963726844243,0.0031545741321163945,0.003045825834747218,-0.0006882312447687999,0.002558635396710196,0.005167958656115079,0.0016576875230942534
2023-01-26 00:00:00+00:00,0.010295946282080193,0.0035429583689010613,-0.0018839994618248257,0.010682831358017175,0.009186273928914801,0.006079664570255439,0.009454796410722333,0.011478420568833192,0.005529561886498113,0.001836210062072574,0.007860984692831918
2023-01-27 00:00:00+00:00,0.004037022449703054,-0.0022947925849995388,-0.0010786032080537522,0.002850918479829767,0.0035823349776786806,-0.0029172744318270993,-0.011759075681609499,0.0022696323180602107,-0.002961082910635904,-0.0014662756603274207,-0.004515599341024967
2023-01-30 00:00:00+00:00,-0.013386290085265484,-0.010438782731100105,-0.0028343906061838453,-0.012497653337538162,-0.010123471238763337,-0.007384186694892492,-0.0081632653064162,-0.013134057968881674,-0.010606703434415055,-0.006607929515714539,-0.01731958762814545
2023-01-31 00:00:00+00:00,0.01600318075686169,0.005006257821160931,0.00460205738998698,0.01420385106313704,0.023941830219555538,0.012562285072894808,0.012275929413692932,0.015374024781769302,0.0068610634662169545,0.007021433850134651,0.00041963910853426434
2023-02-01 00:00:00+00:00,0.012180208384177327,0.00942892723725941,0.006412853678904762,0.010952227934816205,0.012701345187957624,0.0026337676739007776,-0.007717219045043189,0.01175141242905764,0.010221465076393432,0.00733944954381438,0.012583892616300218
2023-02-02 00:00:00+00:00,0.014933307558493869,-0.002467395135158812,0.0006709608156834079,0.014329987020897272,0.01299811869376799,0.00013825521936428053,-0.01909589611836504,0.014742014740552145,-0.004637436764010627,-0.001457194900316372,-0.005799502896575048
2023-02-03 00:00:00+00:00,-0.01033284129359413,-0.011837455829944,-0.008850744267989485,-0.01068052436407263,-0.006078001013068879,-0.005529444291174634,-0.0009202888294084222,-0.009685230023266045,-0.013553578990094906,-0.009850419555336831,-0.018750000002696554
2023-02-06 00:00:00+00:00,-0.007505773671881766,-0.010370105489739045,-0.0062237856854936435,-0.005780651972920325,-0.01166411867968653,-0.002710592159811509,0.0014879897967883249,-0.008001778173598484,-0.009016745385214464,-0.010316875460147923,-0.010615711251691584
2023-02-07 00:00:00+00:00,0.01260422726395527,0.006865401987506958,-0.001361470387605035,0.012902883236751483,0.0060727585217352775,0.007108509303682009,0.011673977642882027,0.012995742774117636,0.007365684574813791,0.009679821296920021,0.003433476393618795
2023-02-08 00:00:00+00:00,-0.010675986212268174,-0.004485914230546784,0.001772324471472686,-0.010956175298799442,-0.012243038551052576,-0.006643138883070998,-0.0051751870764250585,-0.011501880114719643,-0.003870967743006659,-0.005530973454208166,-0.0012831479887055464
2023-02-09 00:00:00+00:00,-0.009726590853894379,0.0018024513350913818,-0.004082743602459082,-0.008559919435997876,-0.013144240747567482,-0.008359456635067541,-0.002038664323368744,-0.008279257104101934,0.0012953367863639542,0.0007415647037714024,0.004282655245861022
2023-02-10 00:00:00+00:00,0.0018080531664874666,-0.00467794170544511,-0.004236130091009982,0.0024324396568411455,0.004381352962328444,0.009834913944330115,0.019442096365744455,0.002256317690366938,-0.004312203535131842,-0.0025935531697243164,-0.0081023454168615
2023-02-13 00:00:00+00:00,0.011901858445936941,0.008496023137053665,0.0027446136963036327,0.01154605087718541,0.011399988366824099,0.008417391304583521,0.005044223327690389,0.0112561909045088,0.008661758339873149,0.00891530460530765,0.008168529665761426
2023-02-14 00:00:00+00:00,0.0003856350928099772,0.00017924359255738764,-0.003421376762477557,-0.00036905232646156083,-0.0014376904937587476,-0.00413907284792514,-0.0033001031287492877,0.000222617986465945,0.0004293688258720785,0.002209131077854476,-0.0034115138580540494
2023-02-15 00:00:00+00:00,0.004481279815034878,-0.005017921147782656,-0.002197198571758263,0.00334906779884081,0.005874222529303141,-0.00034635633159907364,-0.006208181002361202,0.00422880035653006,-0.005150214592150926,-0.004775900074120543,-0.0072742832693909465
2023-02-16 00:00:00+00:00,-0.013335891778124997,-0.003962536022735885,-0.0038535645478573466,-0.013903490328024626,-0.006641474865304975,-0.008246136788863656,-0.00943985562605143,-0.012632978722366128,-0.0021570319236304814,-0.0044296788498019435,0.000431034480878445
2023-02-17 00:00:00+00:00,-0.0029171528584313045,-0.0009041591306856445,0.0022105554019833384,-0.0025853567524863896,0.0009221902018983208,0.0019564002238534606,-0.0022423095789838587,-0.003367003367089283,-0.0004323389564637736,0.0011123470536611446,-0.007755277895838963
2023-02-21 00:00:00+00:00,-0.020723620050970948,-0.011764705882815085,-0.008684863522759767,-0.019854630965817743,-0.025739951629640268,-0.016039051603731647,-0.007795491255936704,-0.020270270270789092,-0.00951557093326616,-0.011111111112927619,-0.008684324792950227
2023-02-22 00:00:00+00:00,-0.0008464870785310774,-0.005677655678095306,0.002225003476504117,-0.0012541236127465716,0.00171404929334118,-0.0025513819990352626,-0.0033267270668316806,-0.001379310345338558,-0.006113537118553114,-0.005992509361329557,-0.00525624178757067
2023-02-23 00:00:00+00:00,0.0053324030697115,0.0051574875676239085,0.003607603718120078,0.005022793655961699,0.0041892848713971365,0.001918431149409594,0.004190043320570824,0.0050644567214159775,0.005711775046588707,0.0060286360191101895,0.005284015852500712
2023-02-24 00:00:00+00:00,-0.01115352203424258,-0.016492578341466557,-0.005530208765225475,-0.01070157807537997,-0.004876902285367968,-0.004964186937012505,-0.005516265912639873,-0.009390746678821449,-0.015072083882009202,-0.014606741571013049,-0.020586946998591205
2023-02-27 00:00:00+00:00,0.003559254060320649,0.009688839204145205,0.0016682886146519582,0.0034593526067951963,0.001417099669289712,-7.127075734592037e-05,0.0007822500355294526,0.003236994220855438,0.00820581060224046,0.01140250854965097,0.004472271913713799
2023-02-28 00:00:00+00:00,-0.003346820520261695,-0.007012363904933316,0.0002775850100176225,-0.003775753098485879,-0.001768867924617945,-0.004918032787061266,-0.01037447594661789,-0.00276561419784338,-0.005719313680236149,-0.0067643742956877695,-0.00712377560325661
2023-03-01 00:00:00+00:00,0.002405773857361293,0.010221148484576004,-0.005907922852567138,-0.003652742303277723,0.0021854695806744484,-0.001146049709514818,0.00531341997526491,-0.003928819043481968,0.011946902653362068,0.00681044267908848,0.020179372195473944
2023-03-02 00:00:00+00:00,0.0015499999996770875,0.0022075055191292936,-0.00209848908793997,0.0074700920668511195,0.0033005245473183287,0.0050914306199421056,0.0043568316549968955,0.0074245939678787565,0.0017490161799378345,0.0011273957172968085,0.00351648351992373
2023-03-03 00:00:00+00:00,0.01627477410007372,0.012665198238485331,0.0077106406839344555,0.015841746696290127,0.011631322328958804,0.012057648401663235,0.009884795904306687,0.01635191156161353,0.013531209079052253,0.013888888888608175,0.010074463423449753
2023-03-06 00:00:00+00:00,-0.0013263250966931706,-0.002175095160771523,-0.0023650528664937998,0.0012120232708408007,-0.013007374716835551,7.049700437100626e-05,0.0012675163721076466,-0.000226603216679222,-0.0034453057739118886,-0.0025916327265204098,-0.0026019080638272074
2023-03-07 00:00:00+00:00,-0.014904082636758131,-0.017075386012577853,-0.0011156045172174833,-0.015468216178487704,-0.013002294522409641,-0.01656562808405926,-0.01357338772116079,-0.014505893019722493,-0.016421780467133384,-0.017446176691902293,-0.016521739132614233
2023-03-08 00:00:00+00:00,0.0012982473663716299,0.0046202180735512854,-0.0008376378612645619,0.001557462156375422,0.0004172627562764042,-0.0016486273386008277,-0.005917581634167668,0.0011499540010782017,0.004833040423670276,0.004911220250015003,0.0057471264353170515
2023-03-09 00:00:00+00:00,-0.019747668678337105,-0.011589403972935064,0.0033533603466466833,-0.0183058245804657,-0.02794494428920058,-0.019098219414411033,-0.014272394750091677,-0.0195267631507956,-0.011368605160114065,-0.008270676692550993,-0.02065934065843722
2023-03-10 00:00:00+00:00,-0.01683878516539683,-0.008561325144643361,0.011976047903639486,-0.014339706536206087,-0.028074046830809607,-0.012662860488484973,-0.009822467985823313,-0.016635426429350342,-0.008845643518758939,-0.010235026531641545,-0.004937163372863207
2023-03-13 00:00:00+00:00,-0.0041395011902857215,-0.004693073023465333,0.007981285261956739,-0.001691665727039271,-0.027308274470345784,-0.008377196234024775,-0.006466309059953268,-0.0028591851332964158,-0.0066934404318390595,-0.008425890464237251,-0.001804239965674359
2023-03-14 00:00:00+00:00,0.01782188506739657,0.008864579402900752,-0.0062798634809786424,0.016606416629146192,0.016728262983742637,0.011886961721868872,0.009096960284027178,0.016009557944818287,0.007187780774152497,0.01197373502964938,0.001355625846178432
2023-03-15 00:00:00+00:00,-0.00770840778034132,-0.025986165638182235,0.010303613134083456,-0.0061673519280385225,-0.022383776544447342,-0.013003324713214637,-0.017077103488451373,-0.00634995296202745,-0.026315789475084284,-0.030152671754832827,-0.017148014437933234
2023-03-16 00:00:00+00:00,0.017285728984681947,0.014395393473868312,-0.0047593146593774005,0.01710739643325465,0.012981082843575686,0.010704394041261,0.009469838192469826,0.016804733727922905,0.011910215300612315,0.01338055883759215,0.015151515149138817
2023-03-17 00:00:00+00:00,-0.01289572165486308,-0.009839167454639641,0.007241426425168562,-0.010938272962156659,-0.02575825874165738,-0.016812324099979792,-0.016324420150658825,-0.01187150838067752,-0.008827523765597811,-0.010873786407302521,-0.004975124375731332
2023-03-20 00:00:00+00:00,0.008709462575039684,0.012239633098455327,-0.00434074877983448,0.009030788040541804,0.016260162601894113,0.013935969868391185,0.017496433130312905,0.008716136630915416,0.01164649463506362,0.014919513151480546,0.004090909087620442
2023-03-21 00:00:00+00:00,0.014271928487948227,0.011920529800855117,-0.0027247956409373053,0.013080714895458145,0.01879674796725994,0.01106983655248639,0.012988929889599543,0.015032695003348584,0.012725643338148629,0.014321586072071568,0.00863078316323973
2023-03-22 00:00:00+00:00,-0.017876815222440223,-0.0026178010481431313,0.00887978142162904,-0.01658149396537234,-0.027387640449004214,-0.018590638547899663,-0.016319393851185526,-0.018001384722958758,-0.003126395711549046,-0.005357826251975117,0.003595505616780237
2023-03-23 00:00:00+00:00,0.001816142354159389,0.003937007874543097,0.0023019634384997545,0.0023771352755763697,-0.008128651132398801,-0.004553758610144953,-0.0065648052144465785,0.003055229141964988,0.0022401433727408104,0.0007695267384968396,0.012539184953591631
2023-03-24 00:00:00+00:00,0.0062851303015407645,-0.0026143790839683323,0.002026479329993336,0.0066385395984571716,0.01105045932608939,0.008627866494991254,0.010650266257026475,0.005623242736425338,-0.001788109075557598,-0.0034602076092165035,-0.002211410881763909
2023-03-27 00:00:00+00:00,0.0025389732393825692,0.0052424639580788135,-0.010381555884559135,0.0016503465725781208,0.011456412958029905,0.008704134463547453,0.009647495361823744,0.0030288909621074556,0.005373936406294133,0.009259259257457852,-0.004432624112008954
2023-03-28 00:00:00+00:00,-0.0014182241807907392,0.0040975973166546,-0.0017711171657821545,-0.0017574692442436923,0.0039057414393044443,0.0006694934165554223,0.00360161705252926,-0.0023228803729612446,0.0035634743893402376,0.002293577982234618,0.012466607302474397
2023-03-29 00:00:00+00:00,0.014405275170985554,0.009460211464528134,0.0010918520530858178,0.014222051056391294,0.011088056024388004,0.011894142135106422,0.008275963087147398,0.014435389988785019,0.007989347535863,0.011060259344090273,0.0030782761666670044
2023-03-30 00:00:00+00:00,0.005400270013614872,0.011025358323051071,0.001363326517759278,0.005967072608536128,0.0015391521835663724,0.0037466940931880632,0.001961211593458634,0.005049345880187239,0.011889035665992642,0.012070916635595452,0.009644892587745701
2023-03-31 00:00:00+00:00,0.015069378823197477,0.0034532897129189166,0.005173587473675356,0.013966405133616355,0.01658449125965311,0.01083217448632623,0.007974481658213906,0.014615208952013736,0.0034812880783590128,0.004472605293715848,-0.000434216237229057
2023-04-03 00:00:00+00:00,0.0026457618817399275,0.00724506430054106,0.0042368007582263,0.003962028345603663,0.000629881581720726,0.00810947795242778,0.02006616800960548,0.0038262435285099095,0.0078057241970084235,0.009276437844897067,0.0021720243236327264
2023-04-04 00:00:00+00:00,-0.006694683346704977,-0.0005394713187362177,0.004056246620427695,-0.005641487445753657,-0.019262243484345132,-0.008547008547177937,-0.008742861172076233,-0.007399103139008711,-0.0008605851983715107,-0.0011029411767519148,0.0008669267444036954
2023-04-05 00:00:00+00:00,-0.00364047818128721,-0.007016912558856281,0.0026932399676056207,-0.0024238872758753915,-0.005391527599454493,0.005722978846857796,0.011949640799410632,-0.003388299073439849,-0.009905254089341398,-0.007361059991886187,-0.009094846253095645
2023-04-06 00:00:00+00:00,0.0033081518786557407,0.0034426526545545677,-0.0002686005913573597,0.0038182206557753062,-0.00025813113093697826,0.0008643664910175097,-0.0014057777463234444,0.0029465095192768853,0.003914745541167219,0.0029662588081622587,0.004370629373842805
2023-04-10 00:00:00+00:00,0.0022637795275590733,0.0007222824132646632,-0.006716818913637734,0.0010905705547092914,0.010908856184196791,0.00316660669346569,0.004293658056168548,0.002033898305294768,0.001299826688088368,-0.0003696857698357592,0.002610966056569186
2023-04-11 00:00:00+00:00,0.0010311303151537832,0.004511006856122046,0.0004057343791403767,0.0001328515249818807,0.009067109379869986,0.004447951789409377,0.0035043453877445785,0.0013531799723014437,0.005625270446211417,0.005547337279522502,0.008246527777344026
2023-04-12 00:00:00+00:00,-0.004218374454331153,0.0026944494353595694,0.0010815195352138485,-0.0039850163383544634,-0.007277099285030397,-0.0016427398036512608,0.0016762117620219286,-0.003828828828194797,0.003872633390342939,0.005884516366489567,-0.005165733967571362
2023-04-13 00:00:00+00:00,0.01300428550322219,0.013077749910128889,-0.0005401755579327316,0.012963111146577333,0.007075471697880031,0.00608098440364091,0.00732115465062555,0.012932398825245217,0.012858979856158026,0.012797074954927323,0.013414106449920471
2023-04-14 00:00:00+00:00,-0.002771699489719115,-0.004067197171550574,-0.004458856910286357,-0.0020538747137179847,-0.006392809671144639,-0.0014932802392213507,-0.005537481830707236,-0.0016070711144400285,-0.00465509944991771,-0.003249097473746465,-0.005550811272848177
2023-04-17 00:00:00+00:00,0.003998439633688067,0.0,-0.005428881651718398,0.0034037837411526883,0.009746464517523146,0.005127474718748637,-0.0012528711624630873,0.0033534540572595084,0.0008503401364847729,-0.0021731256796534426,0.003005581796052814
2023-04-18 00:00:00+00:00,0.0004856726562578739,0.0031960227271512487,0.0015010917032411975,0.0006837067424254606,-0.0021449750804561907,0.0005668130933875748,0.0011847515505203354,0.0004456328006601229,0.0033984706853114055,0.005807622504716781,-0.0017123287665528064
2023-04-19 00:00:00+00:00,0.00048543689333513385,-0.006017699114390318,-0.00136258345744944,-5.255689304761724e-05,0.0034772712903961,-0.0011329839966114363,-0.005081442294169403,0.0,-0.006350550381971964,-0.0039696860323509275,-0.009433962265574025
2023-04-20 00:00:00+00:00,-0.0062105773894867156,-0.00017806267827003008,0.004366216400176315,-0.005650162934919933,-0.005229334677642972,-0.0057422373457692855,-0.002868537046598285,-0.005790645881597278,-0.0012782275228451212,-0.0007246376826383072,-0.0012987013005772985
2023-04-21 00:00:00+00:00,0.0008788204276268807,0.0001780943902340848,-0.0017660643940485832,0.0005814414463511941,-0.001900057001413269,0.00035650623914640356,-0.0007718214988347016,0.0011200716852166615,-0.0008532423212523899,0.003625815808181665,-0.009536194188439984
2023-04-24 00:00:00+00:00,0.0003902439022416271,0.0014245014242322274,0.003946652151410879,0.0013206899282567353,-0.0008883812422364468,0.0029935851744631314,0.006530440278439853,0.0006712911174182601,0.0017079419308425603,0.0025289017334557684,-0.0008752735226840169
2023-04-25 00:00:00+00:00,-0.01667641895821903,-0.015825035561058076,0.006506710044847042,-0.015800997124698735,-0.02153064464954091,-0.011014781125456397,-0.008022882656464558,-0.016771019678177623,-0.017476555841676067,-0.014774774772101096,-0.019710906702131825
2023-04-26 00:00:00+00:00,-0.004512545869117757,0.0012646793129758027,-0.0035016835029180182,-0.004449209327102244,-0.009022458782275367,-0.012861967377854833,-0.015401926999391247,-0.004093700250590415,0.0017353579184546941,-0.0007315288968841038,0.005808757819926402
2023-04-27 00:00:00+00:00,0.018779576587760305,0.012811259472402359,-0.00432490877103997,0.01984169717843076,0.018602213925916544,0.01419420585221376,0.009928571428297062,0.0182690111906052,0.012559549587922936,0.011713030747062314,0.013771657039084895
2023-04-28 00:00:00+00:00,0.008703305300236552,0.002137894174800259,0.005565359034344963,0.008553100499141042,0.011124686515334714,0.008827962391237287,0.006931183251954298,0.008297824623919592,0.0034217279743684603,0.0014471780019673641,0.00482033304192897
2023-05-01 00:00:00+00:00,-0.00048473097444012847,-0.001955555555907984,-0.010262621491482937,-0.0006805391964651575,-0.0015899262277330184,0.000782583950393656,0.002036945986004346,0.00022241992757576767,-0.002131287296302631,-0.0010838150291775372,-0.0039249890982723246
2023-05-02 00:00:00+00:00,-0.01222114451997136,-0.010509440682746396,0.009844134537427829,-0.011210351240246275,-0.018727307471707255,-0.014644202744325208,-0.016963409505109994,-0.012452746274042803,-0.010252029047982503,-0.011573236890054628,-0.007880910680400643
2023-05-03 00:00:00+00:00,-0.005842498036036536,0.0012601260121185565,0.004197129704142322,-0.006966702868959063,-0.003635183381769602,-0.008224514825651785,-0.006916714203967889,-0.0058545372659511985,0.0,0.0025612879652172627,-0.002647837603113934
2023-05-04 00:00:00+00:00,-0.007457158378313955,0.0017979144194200103,-0.001348254010400507,-0.007309005548265746,-0.01791647664348528,-0.008801920418981313,-0.008185538881674836,-0.008607021518173497,0.0012947777281437922,-0.0025547445288015558,0.010176991154157822
2023-05-05 00:00:00+00:00,0.018459548213744403,0.01435750179391082,-0.0036452004861798892,0.018353307894770854,0.024081199415869614,0.01570526933758365,0.017374936654189987,0.019648160840947115,0.015086206897225285,0.015733626054663663,0.011388523868295808
2023-05-08 00:00:00+00:00,0.0010747960331136674,0.0007077140843343432,-0.004742547425398591,0.0005541335724830176,-0.002332059338136405,-0.0009393063579108407,-0.00028463673247247634,0.00022406452932588472,0.0008492569006435247,0.0007204610927060706,0.0008661758334083114
2023-05-09 00:00:00+00:00,-0.004099360695137166,-0.004596888259862042,-0.0010891763101843477,-0.004325122632957923,-0.003830920069778254,-0.003833080205716599,-0.0007117944336587634,-0.0044802867385600464,-0.0038184132368073165,-0.0025197984154815556,-0.006490696668274731
2023-05-10 00:00:00+00:00,0.004410251384506569,-0.000710479574538736,0.006133296987128611,0.004370397838789897,-0.000521444400954918,-0.0017424132423563554,-0.0006410713010578384,0.0051755175528085395,-0.0012776831375352904,-0.0018044027405696994,0.0004355400718643043
2023-05-11 00:00:00+00:00,-0.001317265941258694,-0.004265908282165554,0.003251151450271328,-0.0013977161845183383,-0.005738880918515155,-0.0042181818180270225,-0.004133998574871511,-0.0017909111251950272,-0.006396588482479926,-0.004699927693312067,-0.005224205483682076
2023-05-12 00:00:00+00:00,-0.002344894968575928,-0.004462691897078153,-0.005266000540652294,-0.0013468546982269292,0.00026236389905576196,-0.00021910604703800907,0.0020040080160188545,-0.0015698587131328656,-0.0038626609438390247,-0.0018162005102929646,-0.009628008754189121
2023-05-15 00:00:00+00:00,0.0042601116444938025,0.010579164425992937,-0.002579068820800612,0.0034642337697639025,0.009311475409715664,0.003287310979162239,0.001857142857444094,0.004941599281214515,0.009909521755881778,0.008369723434746845,0.01590808661012133
2023-05-16 00:00:00+00:00,-0.007752693939170552,-0.009403832504744303,-0.0024496461613293663,-0.006614662942328597,-0.014877858627610041,-0.012450851900216442,-0.014687009839395304,-0.00782297720138847,-0.009812286687477356,-0.010826416455033794,-0.008264462809495776
2023-05-17 00:00:00+00:00,0.012972972973017916,0.005194339958881855,-0.0017735334244688428,0.011937922801619871,0.02189540328384787,0.011575610116152824,0.009117221418176502,0.013291281819785672,0.004308487718326592,0.004742794600406608,0.004824561404245031
2023-05-18 00:00:00+00:00,0.009944697778133005,-0.003207412686978217,-0.004100040999915344,0.009778476864672925,0.00890609874177195,0.0032069970841885898,-0.0007170514841872144,0.010226767451980034,-0.0017160017168741382,-0.002178649238024466,-0.0030554343094724157
2023-05-19 00:00:00+00:00,-0.0024016523369593257,0.0033964962460644177,-0.002744613695792264,-0.0015836751649056513,-0.009083349325028744,0.0,0.004090126291802498,-0.0028609154927488056,0.0025784271607458553,0.005094614263609909,0.0013134851157339256
2023-05-22 00:00:00+00:00,0.001733352593175308,0.003028683415103872,-0.0002752167342521261,0.0005460644355095301,0.0063908075651590845,-0.0016710258646855936,-0.004144929607319936,0.001544912823187694,0.0021431633078132784,0.0003620564834931894,0.0061215566223584705
2023-05-23 00:00:00+00:00,-0.010574381158741764,-0.014564831262662059,0.0006882312461198303,-0.01117521700709756,-0.00545221295673648,-0.005603667854890748,-0.004879799067378454,-0.010577346848401947,-0.013259195893734366,-0.013391241406356391,-0.01347240330076549
2023-05-24 00:00:00+00:00,-0.007724070925356541,-0.011896178803371349,-0.002751031637036161,-0.0074905382674864684,-0.012576588197089955,-0.009587236534525534,-0.0029566596954496704,-0.0071269487762918304,-0.011703511052236215,-0.015040352165547444,-0.0048458149787059535
2023-05-25 00:00:00+00:00,0.0068050523843825594,-0.0025538124762239933,-0.0037241379311928613,0.008712231549457439,-0.002024820378956571,-0.004359713293176415,-0.009981194850530839,0.0074024226110300795,-0.0026315789487051378,-0.0022346368680837836,-0.0017706949971975083
2023-05-26 00:00:00+00:00,0.013177729151153672,0.011704462326028509,0.0012460196604879847,0.012994854562540459,0.009882845735558199,0.007570135075223305,-0.0013150204559719825,0.013360053440828024,0.010114335974626965,0.0074654721903297805,0.014634146338949883
2023-05-30 00:00:00+00:00,0.00033595699764488174,-0.009399855386043487,0.006637168141700567,0.00031098556526321097,-0.0016850291633385694,-0.0030200353564397986,-0.0026335040236058482,0.0,-0.008271658687075578,-0.008892182291987405,-0.007867132864530335
2023-05-31 00:00:00+00:00,-0.005997217291059176,-0.009489051096054246,0.003296703296001846,-0.005440555454942153,-0.014152168268549148,-0.004285186554005005,-0.006161067918400098,-0.007031421666792159,-0.009657594381194401,-0.010841121495421602,-0.007048458152125736
2023-06-01 00:00:00+00:00,0.009991311902444178,0.015659543110090546,0.002696659364432419,0.009586079345604626,0.007770314763588804,0.006603843585329727,0.009963099631364658,0.010621818988363785,0.015070921988682207,0.015495086924913304,0.016858917479183555
2023-06-02 00:00:00+00:00,0.0165352449227556,0.014692544893323056,-0.005612594113075686,0.014681218876689162,0.03770256142246575,0.019681556833929692,0.01125319693087068,0.016422158964415123,0.01615720523652997,0.014886490508322803,0.01570680628218679
2023-06-05 00:00:00+00:00,-0.0026326923982273875,-0.0044690740072663715,0.00013766519774649488,-0.0019325636984482975,-0.01221585542471093,-0.002819345044579036,-0.0019510080205864533,-0.003015941403155087,-0.004297378596592183,-0.006233956727977552,-0.00042955326217342105
2023-06-06 00:00:00+00:00,0.004572236624849291,0.008439576225641732,0.0013764624910059808,0.0020636942675007486,0.022885191559239404,0.0032622879508303892,-0.00217202432708119,0.004537597233208457,0.007337073799042582,0.008118081181559766,0.007305543618256971
2023-06-07 00:00:00+00:00,-0.001970720720573249,-0.007478632477701641,-0.005635738831069603,-0.00327985558454158,0.02112676056382945,0.008598887203006722,-0.006381787838789288,-0.003011400299729017,-0.005355612681344879,-0.00805270863909624,-0.0029863481241493295
2023-06-08 00:00:00+00:00,0.004701457451619762,0.008790814494447519,0.004976499862165751,0.005994592112573471,-0.004882514495273549,0.0018627310501202476,0.009164222873442762,0.005177993527296643,0.008399741549526718,0.009963099633534034,0.007274283269023574
2023-06-09 00:00:00+00:00,0.0010762751523247793,0.0007113640413762834,-0.0020632737278135638,0.0016735552908793139,-0.00637841152976959,-0.00014302059477722118,0.002397384671498859,0.0017171066744454677,0.001281503629263936,-0.0010960906104335866,0.004672897196981163
2023-06-12 00:00:00+00:00,0.008974898331040704,0.003554291807646548,0.0020675396280092073,0.009189175505501135,0.003456576754283569,0.0028608210556686497,0.012393100449658911,0.00921362759922495,0.0029863481220751,0.0032918800261678705,0.0021141649064158052
2023-06-13 00:00:00+00:00,0.0073662265461409415,0.009385514431861086,-0.0044016506198379934,0.006597100286111157,0.01168727317431828,0.007131650263555889,0.006729186054131198,0.006794055200691096,0.009357720119254953,0.009478672985596681,0.009704641349229659
2023-06-14 00:00:00+00:00,0.0,0.004035087720197561,0.0008289582758340686,0.0007725086594525532,-0.007600170243375115,-0.0036113864889172342,0.00817748702312171,0.0006326444546058685,0.004214075012678231,0.0036114120656229876,0.00668616799220656
2023-06-15 00:00:00+00:00,0.012187270051708499,0.00926087716175128,0.0062120375488197155,0.012823705179388023,0.009373851243480447,0.012152654395391371,0.010720835096504011,0.01264488935561725,0.00839278220701023,0.009355883411084953,0.008717310086473251
2023-06-16 00:00:00+00:00,-0.0037711845154564383,-0.0024238227156282433,-0.0021950884891807076,-0.0036877688998726565,-0.003399089529357524,-0.00028085942948530285,-0.005303558967496569,-0.004162330905500999,-0.0024968789026384997,-0.0017825311960208978,-0.003703703704662331
2023-06-20 00:00:00+00:00,-0.004925659035038832,-0.014439430751994164,0.0013749484390419564,-0.004614435533643602,-0.007734941226980041,-0.008428150021144165,-0.004349656236636967,-0.005433646812565751,-0.01460158531562128,-0.014285714284236306,-0.016522098305395416
2023-06-21 00:00:00+00:00,-0.005500045833778278,0.0008901548855300145,0.0016476726624972127,-0.005478704943302937,-0.0008593174561998262,-7.083156245069056e-05,-0.0026071025931743153,-0.00464383273741753,0.0017743861119396964,0.0027098550697981505,-0.0022504829937409765
2023-06-22 00:00:00+00:00,0.002673057424606551,-0.005336179294736065,-0.004797806716315023,0.003639354887129631,-0.009460621698159088,-0.0035418290003390585,0.0028258565878980235,0.0036009320051435534,-0.006849315064764938,-0.006588579793432525,-0.0029686174719184555
2023-06-23 00:00:00+00:00,-0.00824370288626941,-0.015557939914240149,0.0028925619821937865,-0.007500683009272091,-0.01241999503808866,-0.0071742375777513745,-0.007678760126608952,-0.008231321231685906,-0.015086206896919085,-0.01436993367699202,-0.014887282005062397
2023-06-26 00:00:00+00:00,-0.003489345864051807,0.0025431425974724586,0.0012360939432400908,-0.004129025800296948,0.010546258288268051,0.003892172409202921,-0.005963367883183079,-0.004469035965277479,0.004376367613651677,0.0022429906523406817,0.005181347146731907
2023-06-27 00:00:00+00:00,0.012185442830964677,0.008516035513679743,-0.0019204389566301883,0.011081515730402947,0.015685539307798813,0.00631820792622495,0.014997857449387864,0.012184694313984723,0.0074074074062693285,0.007459903022972947,0.009020618559682392
2023-06-28 00:00:00+00:00,0.0008302583026045252,-0.0010779734101937777,0.003161077514368449,0.0004473494544787737,0.00036916261603203715,-0.0022831050230818217,-0.001547987616486668,0.0008447729682277139,0.0,0.0011106997399135121,-0.006385696041029565
2023-06-29 00:00:00+00:00,0.004793068485857699,-0.0017985611501371013,-0.007535278805426149,0.0038161719039622177,0.013223445476516105,0.007580091533308186,0.0038759689921421536,0.004642329605273554,-0.0021626297571837316,-0.0014792899396001147,-0.003856041133016852
2023-06-30 00:00:00+00:00,0.010366021465556319,0.01045045044921089,0.0034511319710626154,0.011850637251289431,0.004006312977571813,0.008516678495387842,0.01263601263618952,0.011552194915638081,0.010403120935232879,0.011851851849840944,0.009032258067493304
2023-07-03 00:00:00+00:00,0.0029961866715870755,0.004101283881269735,-0.0028288347771650013,0.001915144372484301,0.005864570738019603,0.003870513722669111,-0.0034662045060352975,0.0006229235892829532,0.006006006006171294,0.0014641288460004453,0.011082693947113365
2023-07-05 00:00:00+00:00,-0.003032497510559673,-0.009589770910941042,-0.004149377593937964,-0.0022300642063587395,-0.010398509346853158,-0.00427620049028099,-0.0026434782610162966,-0.0026976551155791784,-0.009808102341778313,-0.010964912283189077,-0.005480607084846101
2023-07-06 00:00:00+00:00,-0.008898170427277474,-0.017930787161747452,-0.00638888888765643,-0.008154242907921216,-0.01147959183647862,-0.00978597578140572,-0.010183441445179797,-0.00790678318708038,-0.015503875971988657,-0.017368810049066652,-0.017380245867056332
2023-07-07 00:00:00+00:00,-0.001236773395662194,0.009676830381798451,-0.0005591277613814505,-0.002327712156193984,0.010568356374937915,-0.0015641663705475706,-0.003875695863469808,-0.0016778523509041188,0.01093613298500462,0.009778112072033718,0.010353753237651198
2023-07-10 00:00:00+00:00,0.0043569987161027335,0.001627486436952763,0.003496503496225767,0.0026806324307362406,0.010822642426580487,0.005910418001537465,0.010964912280532424,0.003991596639435047,0.002163565555429958,0.0026070763479231207,-0.0008539709674180163
2023-07-11 00:00:00+00:00,0.007854239919676376,0.009749052175399786,0.0020905923355474254,0.006411367180864325,0.011969924812036181,0.009627636981951682,0.002659016164167527,0.007114459092453007,0.00993091537224422,0.009286775631660138,0.011538461539678968
2023-07-12 00:00:00+00:00,0.007657106610525322,0.018594671912295357,0.00792767732874533,0.00787091696183384,0.007073228721342195,0.002524190155657413,0.011305743596630613,0.007895283606296655,0.017528858484357146,0.018402649981910324,0.019433882553449244
2023-07-13 00:00:00+00:00,0.00845323740997972,0.01421800947853935,0.006071477852845009,0.008151112846511488,0.005666056778306006,0.002168135403490812,0.004899592851101087,0.008658008658356753,0.012184873952473474,0.014817491867624932,0.010774968918328076
2023-07-14 00:00:00+00:00,-0.0014713750669185233,-0.005538248529332046,-0.004663283499955706,-0.000798838053698625,-0.0100358002230585,-0.003210272873315878,-0.000892734514299609,-0.0016349887592178591,-0.006226650064951045,-0.006410256408708848,-0.00451004510027142
2023-07-17 00:00:00+00:00,0.0037954900646910428,0.0005221023312242945,0.0011023839050467998,0.0034886256268407134,0.006343372065486186,0.00035006651269875455,0.006048525671279448,0.004298874104571526,0.001670843777426878,-0.0007168458775401731,0.0028830313009711173
2023-07-18 00:00:00+00:00,0.007962633451857215,0.00295703600713515,0.0012388162422793947,0.007580695782144264,0.01266568483079289,0.007138857782383878,0.007036961126508645,0.008560945781014517,0.0029190992494487755,0.007532281202697222,-0.00616016427119892
2023-07-19 00:00:00+00:00,0.002603821881149493,-0.0005202913641904061,0.002337091008947745,0.0021564634002271266,0.006515415939353675,0.005628908964376178,-0.0029172320217798475,0.002021018592561097,0.0,-0.0010679957271312324,-0.001652892562315822
2023-07-20 00:00:00+00:00,-0.007218945330031423,-0.005726184277324853,-0.004663283499955706,-0.006527196652807654,-0.0024852618194741716,0.00877617303639755,-0.008845342587119887,-0.007260992335613281,-0.004573804575190077,-0.004632929436848232,-0.006622516557625691
2023-07-21 00:00:00+00:00,-8.867606602736e-05,0.0015706806276343244,0.0006889899400897015,0.00012033115136733663,-0.00538849296024857,0.003082614056538091,-0.0021280977554474223,-0.0002031694430258968,0.0,0.0014321518069022598,-0.0008333333312978697
2023-07-24 00:00:00+00:00,0.00354735721865862,0.0020909566130462576,-0.001652437344111024,0.00423514690668747,0.005417686123787346,0.0051219012499230665,-0.0007567418820625393,0.0036577931304304645,0.0037593984969790384,-0.0010725777609982279,0.012927439530023843
2023-07-25 00:00:00+00:00,0.0025185577943389603,0.003825421665278883,-0.0011034482757136255,0.002947307885760475,-0.0005214670602180504,-0.001358880282885333,0.007435456109977201,0.0028345818992852045,0.0037453183527926814,0.002147458842380212,0.006998764926351431
2023-07-26 00:00:00+00:00,0.0007492617569693216,0.0032911830940267617,0.0033140016565547104,0.0002389143731660326,0.0068985507244812005,0.0011566199483517003,-0.005808788354549788,-0.0004037956788105479,0.0024875621865863007,0.002142857141073762,0.0036794766941430357
2023-07-27 00:00:00+00:00,-0.007707213952306224,-0.006388121547861836,-0.008532892925939284,-0.006783547508792842,-0.010823881628462262,-0.0062521236835539895,-0.002474566950957491,-0.005857402544878432,-0.005789909015876282,-0.003563791875369704,-0.01140529531369483
2023-07-28 00:00:00+00:00,0.010430074120217458,0.012337098176294248,0.0034702942806787984,0.009739791255757302,0.009545428089217767,0.0032825001709637647,0.009371554575636543,0.010564811051945844,0.012063227956288003,0.006437768242578912,0.023073753605566738
2023-07-31 00:00:00+00:00,0.0030308354560071304,0.0,0.0017983123537264056,0.0019291685522053736,0.005419429230464123,0.002044850385472863,0.0018432550514915214,0.002613590671892041,0.0008220304157733338,0.0010660980801366904,0.0
2023-08-01 00:00:00+00:00,-0.0027151302822306933,-0.011843460349639678,-0.006177022923022135,-0.0030902348578679684,-0.001720282126402073,-0.0023127678390412187,0.000136286200993041,-0.002606777622215062,-0.012320328543022563,-0.012069577566035883,-0.012082158679319388
2023-08-02 00:00:00+00:00,-0.014183462872764285,-0.019454577037223864,-0.0032042351619301357,-0.013853784157521698,-0.009190648514844857,-0.005999863639941094,-0.016556516999340687,-0.014274225975352106,-0.018711018710224292,-0.01760689902663337,-0.022829188748761386
2023-08-03 00:00:00+00:00,-0.0028953229396351254,-0.0012400354295023508,-0.0061495457723160785,-0.002829025316116951,-0.003884283147108869,-0.0028122642149904786,-0.00027712345844177477,-0.0028553946564490174,-0.0008474576277863743,-0.003657644477784383,0.002503128909437269
2023-08-04 00:00:00+00:00,-0.004243913335084781,0.002660517913708027,0.008297004639723049,-0.004898157129134217,0.0004074030962544217,-0.00447104140878074,-0.000762300762138679,-0.0049089793406790205,0.0042408821022899,0.004772393538830633,0.0012484394498399887
2023-08-07 00:00:00+00:00,0.007671601615272694,0.005483813904846535,-0.001534170152310832,0.009016033919933886,0.008610157658863082,0.010156843777519908,0.013454469796760682,0.008633093525525881,0.004645270271682378,0.008037997808870712,-0.00041562759445912256
2023-08-08 00:00:00+00:00,-0.004630247985668912,-0.008268824771280991,0.003631792149056512,-0.004322836166927302,-0.006806252523267053,-0.0045143638847292555,-0.0019845343190328935,-0.005298553088234237,-0.008406893654930525,-0.006524102938089249,-0.010810810810786942
2023-08-09 00:00:00+00:00,-0.007156595249842135,0.0008869966279976271,0.00027835769039530334,-0.006645807562635553,-0.006039839711723394,-0.0030919334888936945,-0.008982446516219378,-0.007375537799630072,0.0012717253106033777,0.00036483035358236826,0.0016813787308973538
2023-08-10 00:00:00+00:00,0.0001802045324583723,0.002658631692344926,-0.005565604563911752,0.0005860090343443591,-0.003155127081873821,-0.0015852229654798045,0.0005535183005807021,0.00020639834851898797,0.0008467400469471809,0.0029175784113595338,0.00041963910711917407
2023-08-11 00:00:00+00:00,-0.0009459033377118287,-0.007777974192106352,-0.0032181334830287955,-0.0009273042289931199,0.0009378113828404366,0.00421096230873963,-0.004218242169103492,-0.0008254230281258268,-0.00592216582080729,-0.004727272727191534,-0.012164429529356147
2023-08-14 00:00:00+00:00,0.004959422903334287,-0.004453946196857461,-0.0012633352045856583,0.005642265699381088,-0.003103589623751457,-0.0009623977451185262,0.012152777778028812,0.005369681948306448,-0.0055319148911733285,-0.004018998904435356,-0.005520169849132506
2023-08-15 00:00:00+00:00,-0.011350381337062121,-0.012347888331616264,-0.0022487702038422874,-0.011464101816768157,-0.014567669172873221,-0.012867267597816201,-0.005831903945270667,-0.01047658175824917,-0.011553273429724897,-0.013939838591408238,-0.00982066609819765
2023-08-16 00:00:00+00:00,-0.008258837409713893,-0.007791266533007657,-0.0028172982110751255,-0.0073955773955867166,-0.008464473056738142,-0.005576467308203381,-0.009868875086280093,-0.007888727423116304,-0.006493506491704437,-0.00669642856980146,-0.007330746013832656
2023-08-17 00:00:00+00:00,-0.008190345458603199,-0.004382761140346303,-0.000988840232076904,-0.008094259759020228,-0.009137910303812724,-0.004205804009532743,-0.013103784763423443,-0.008160703075058007,-0.002178649236864061,-0.0059925093662376305,0.0026064291948384444
2023-08-18 00:00:00+00:00,0.0011533493263153893,-0.0016507703588325429,0.0021210407244127705,0.00092333799170774,0.003033612425698662,0.0023933549205796822,0.002683805353635327,0.00021097046383400375,-0.0026200873383107615,-0.0007535795020119362,-0.005199306760147682
2023-08-21 00:00:00+00:00,0.005760103221357671,0.0029395553914914885,-0.004797516580522965,0.006606995936153659,-0.0030244374546555264,-0.0016151685397574056,0.010917799534946537,0.006749630878591262,0.0030647985990333027,0.0033936651595458667,0.0030487804872709745
2023-08-22 00:00:00+00:00,-0.0026573811054870777,-0.0018318373318851888,0.00127605274470044,-0.0027988309308843995,-0.006795291833997963,-0.005978757824707359,-0.0042502787066079906,-0.0033521893982225714,-0.0013094718450584741,-0.002254791433897174,-0.002605297436356513
2023-08-23 00:00:00+00:00,0.010933480338237933,0.011928794272830334,0.009062588502029456,0.010779662700878934,0.00934636530272459,0.006227002547159799,0.012595339724478016,0.011561908766800633,0.010926573428192032,0.010546139362915596,0.016107966913156746
2023-08-24 00:00:00+00:00,-0.013405434881118783,-0.011062749365091995,-0.0023856300882012516,-0.013294016463828329,-0.00611269140000148,-0.007172995780219793,-0.016377582751748276,-0.01350789692427734,-0.010376134893306577,-0.013045098771010455,-0.003856041133016852
2023-08-25 00:00:00+00:00,0.006816820966347059,0.005318173483825239,0.0,0.006624495691571308,0.0021921812203564706,0.005383198753113438,0.005760854292746087,0.006951759004416136,0.004368719968506962,0.006042296071480324,0.00043010752810701547
2023-08-28 00:00:00+00:00,0.006404684569134567,0.00930317402290548,0.001828667886968116,0.006580900544269186,0.009417912261394212,0.005213470480360138,0.008591785414515218,0.006485355650025282,0.00913440626381723,0.010135135134665019,0.00902837489093522
2023-08-29 00:00:00+00:00,0.014546115732595899,0.012832098320000984,0.006178039875036845,0.0142063609103662,0.012159152471226786,0.008620689655357339,0.016552392825000206,0.014965703595900104,0.013793103445321808,0.013377926422102338,0.011930123564427797
2023-08-30 00:00:00+00:00,0.0044356826019193996,-0.0003568879385291712,-0.0004186435936218702,0.004168282279851665,0.0026761819799578923,0.0013897574868295681,0.003133941953973318,0.004300634853687368,-0.0008503401367265795,0.00036670333669541755,-0.002947368420533003
2023-08-31 00:00:00+00:00,-0.0010705682929036398,-0.005712245625101531,0.0016752757224978154,-0.0012790809922399449,-0.0008896797147494029,-0.004163486225801094,-0.00027166530828248714,-0.001019575854990462,-0.0038297872302521796,-0.003665689150397,-0.010135135137173013
2023-09-01 00:00:00+00:00,0.0033044565506394896,0.004129263913002612,-0.004798146341753129,0.002126477055685916,0.011279311368191491,0.003553759320092942,0.00040760869556555335,0.0024494794842095935,0.0046988466435853304,0.0014716703485178062,0.010238907851909174
2023-09-05 00:00:00+00:00,-0.0059640377424153845,-0.008582156266476959,-0.005476758881722832,-0.004364495671742685,-0.023304960375612027,-0.009720872100610123,-0.005025125627764693,-0.0052942374249097535,-0.007227891155361599,-0.00844966936151037,-0.005067567568586617
2023-09-06 00:00:00+00:00,-0.006268469598237458,-0.003426510370030167,-0.001129624400067697,-0.006902397674966476,-0.004868373602846754,-0.0027345393354805125,-0.002798252798352885,-0.006550665303104775,-0.002997858672455278,-0.003334568359801504,-0.005517826827365346
2023-09-07 00:00:00+00:00,-0.0034243489230665336,-0.00560984437086387,0.0033927056817890655,-0.002975246921113728,-0.009240804493270582,0.0006327778947734508,-0.0030114297447697558,-0.0041211621660864894,-0.007302405497161768,-0.0033457249082209373,-0.009389671361162977
2023-09-08 00:00:00+00:00,0.00108508906775584,-0.0005459508654995782,0.0002817695137322662,0.0013697624930575358,0.0017069007558745408,0.002178189994317181,0.0014416146080544756,0.0024829298558117774,0.0,-0.0022379709045216023,0.002154243861984151
2023-09-11 00:00:00+00:00,0.006277662361131142,0.01128914785096291,-0.0015492957758522774,0.0065707516060062865,-0.00024342745897654172,0.0023136787490265487,0.0057581573898097815,0.006604747163198477,0.01038511466791392,0.011214953269621963,0.01117798796215519
2023-09-12 00:00:00+00:00,-0.00484717921111244,-0.004141159523848081,0.0007053180991509755,-0.005363036303512758,0.002069637204635155,0.000979294908281636,-0.009337513631505923,-0.006356366620276055,-0.0038543897223818346,-0.002587800367537585,-0.005102040817359432
2023-09-13 00:00:00+00:00,0.0001352996888142055,-0.0021695895863809156,0.0015506061457133402,0.0011711030324939031,-0.007228769286682479,-0.0011180992317977312,0.0006879944965993978,0.0008254230302440213,-0.00214961306904915,-0.0025945144569183842,0.0
2023-09-14 00:00:00+00:00,0.008567821067889225,0.011052726943121316,-0.001688951442152864,0.008651151456107842,0.01480756287099072,0.01112354834214746,0.00818150567171072,0.00828865979468918,0.011632916848466124,0.013377926422102338,0.006410256410430248
2023-09-15 00:00:00+00:00,-0.011758919788963484,-0.0023297491040653595,-0.0019737769639026626,-0.012466779415263418,-0.008079589990865776,-0.006918978758491567,-0.01807146753987965,-0.011901353729767639,-0.0029812606474312053,-0.0025669233607530373,-0.004246284499678343
2023-09-18 00:00:00+00:00,9.048545462109203e-05,-0.0034991916648219323,0.001059471677057111,0.001100944365715062,-0.002492249711116612,0.00034835922809706155,0.0020834780195724267,0.000827814570480756,-0.0017086715092479166,-0.0036764705851859425,0.0
2023-09-19 00:00:00+00:00,-0.0025333634926433257,-0.0007249003268101628,-0.002187257461817693,-0.0020039590412262998,-0.0016453382082810553,-0.002576960579772969,-0.0012474876981195537,-0.0026801902390312105,-0.0006742404792183798,0.0007537269346205022,-0.005288187635356212
2023-09-20 00:00:00+00:00,-0.008843938500374904,-0.0030830612986740835,-0.001272804412401518,-0.009354262066056607,-0.004822071659720928,-0.002513790936386928,-0.010131149816077656,-0.008529228209239292,-0.00432152117399065,-0.002965159376604354,-0.0030381944447022136
2023-09-21 00:00:00+00:00,-0.016709069277932254,-0.016554484262960467,-0.006230529593711731,-0.01638857990374465,-0.015916339548584735,-0.012480924046443298,-0.017805818437229393,-0.016365925303921225,-0.014322916666391405,-0.015613382897825434,-0.0165433173666919
2023-09-22 00:00:00+00:00,-0.0021019197533449496,0.003884572695811661,0.004132231404651465,-0.002412545235122243,-0.004449457918586419,-0.003424413212145039,0.0021411747915081047,-0.0017064846416605661,0.0030823425793120585,0.00037764350344526854,0.010624169986922505
2023-09-25 00:00:00+00:00,0.004025463396160722,-0.0035010134507531543,-0.007379026536525557,0.00415659008468805,0.005539468714603535,0.0030782446847668066,0.0033473399330672393,0.0034188034188482597,-0.0017559262505016937,-0.0030200075492891054,-0.003504161193006894
2023-09-26 00:00:00+00:00,-0.014405594405647482,-0.014053254437788265,-0.0010007147966378804,-0.0146759990969485,-0.015087016401143738,-0.012346560091382242,-0.010868739352688506,-0.014267461670509296,-0.013632365875132613,-0.012873911400062332,-0.014065934067753583
2023-09-27 00:00:00+00:00,0.0010406319477316295,-0.0003750937727577952,-0.0035775615328849097,0.00022914757095238159,0.006483188202562884,-0.00108389334491521,0.0019432848709406425,0.0017282350399898672,-0.0008916629511013241,-0.002685078630771498,0.002674988857767513
2023-09-28 00:00:00+00:00,0.006615319189002156,0.006191369604674701,0.0025850926309483047,0.005810105638247132,0.01079886327797075,0.0042679398145411,0.008117232957729037,0.006254043561908951,0.007139669787843639,0.008076923073945919,0.0026678523777232677
2023-09-29 00:00:00+00:00,-0.002910388208106518,-0.0020510908056223798,-0.0004297378593909329,-0.0023879687023798946,-0.0035611645636433042,-0.0064827486855660865,-0.0045603534272069535,-0.0023574796386131025,-0.0022153300834343304,-0.0038153376544560746,0.0008869179581751929
2023-10-02 00:00:00+00:00,-0.0013182053576303865,-0.012892376681916673,-0.006842949269297627,-7.639419401384018e-05,-0.015988463226101035,-0.009642572318768416,0.0004294917679432686,-0.0008592910859652747,-0.013765541740716647,-0.016085790886860685,-0.004430660168075917
2023-10-03 00:00:00+00:00,-0.014519398482318868,-0.012303615369733567,-0.008103024163365724,-0.013446405378441217,-0.01580221740843757,-0.00856515373414879,-0.015812821980685454,-0.013975489140399144,-0.012606933814097498,-0.01245620864259478,-0.012906097016004647
2023-10-04 00:00:00+00:00,0.007223152355914975,-0.0005749329254818303,0.006564551421748721,0.00735692712770919,0.0038845008421726224,0.0011814221372812295,0.008142493638904513,0.006977758392974431,-0.0036479708150006784,-0.0003941663370617965,-0.003606853022379619
2023-10-05 00:00:00+00:00,-0.0005224164130521736,0.006903163949779412,0.0007246376810967625,-0.0008456334562940704,-0.00025796465905636445,-0.0031713253190877033,-0.001586500324516238,-0.0015158077087107369,0.007780320363493853,0.00946372239935056,0.002714932125571279
2023-10-06 00:00:00+00:00,0.011926823473349168,0.012378594553107858,-0.003910209993363001,0.011925829037400026,0.006773319571918401,0.006658774785566202,0.014879017696030283,0.013012361744957124,0.011353315169015943,0.010937499997343947,0.012184115523144357
2023-10-09 00:00:00+00:00,0.00629226145766526,-0.0020692249794114215,0.010177377145221822,0.0066656528790181024,0.008201448067641559,0.008746141408008112,0.00590705287832205,0.006208520658649741,-0.0013471037265322394,0.0,-0.004458314756733195
2023-10-10 00:00:00+00:00,0.006206252916309163,0.01357210179003232,-0.0010074841689544645,0.005161257836342914,0.008261836670088618,0.006047358834155858,0.006226121409388385,0.005744680851961448,0.013039568345676766,0.012751159196281003,0.013882669055583996
2023-10-11 00:00:00+00:00,0.003941937578256338,0.004091500837340556,0.004610286702746436,0.00423304278139347,0.00466435549946187,-0.0006517960604192075,0.003375052735600237,0.003384810662198534,0.0026631158446381864,0.0038153376584764143,0.0039752650160223
2023-10-12 00:00:00+00:00,-0.008037694013443453,-0.009631413224812535,-0.008604617810818005,-0.006011024368318907,-0.018131626827308733,-0.007391839988244109,-0.00665732305534783,-0.007168458781995901,-0.00885347499063227,-0.008741923222000958,-0.009238891329230836
2023-10-13 00:00:00+00:00,-0.005634721057902414,-0.0071067888545108815,0.004628959929536602,-0.005269497139584578,-0.007220447284352449,0.002482295393097411,-0.006631393298666244,-0.005521342111471039,-0.006699419381404281,-0.008435582822061027,-0.00399644760510931
2023-10-16 00:00:00+00:00,0.01161429307354811,0.007534375588896358,-0.0051835853124180264,0.010468694818840163,0.016412434833204204,0.009977423348768166,0.011788935445426807,0.01110399316802635,0.007643884894263042,0.006960556844897159,0.006687472137429262
2023-10-17 00:00:00+00:00,0.0012962362854234133,-0.000747803328349117,-0.006585612969433052,2.4964425513473998e-05,0.01215805471144904,0.0024516873377020687,-0.0010528532322950923,0.0012671594503741446,-0.00044622936174021355,0.0007680491529362676,-0.0022143489835662056
2023-10-18 00:00:00+00:00,-0.014794951222633412,-0.01702525724854631,-0.004298098637510739,-0.013380598132688326,-0.020708208208457868,-0.010286289742478916,-0.01264755480649915,-0.014132039655084916,-0.01562500000413547,-0.01650038373093865,-0.015534842428991169
2023-10-19 00:00:00+00:00,-0.009432634098678894,-0.006851922344514261,-0.004389815627366289,-0.008476291685631132,-0.014374241359443207,-0.009157642270536837,-0.0066182749784435835,-0.009199828839161595,-0.006802721086148988,-0.007803355440971771,-0.004959422904593946
2023-10-20 00:00:00+00:00,-0.012364980102060663,-0.01054043695015705,0.0036008230451158862,-0.012453109449457989,-0.01192636764302235,-0.009975794028974971,-0.010817393795854557,-0.012524292810050186,-0.009589041097479933,-0.009437672042762357,-0.012233801540209366
2023-10-23 00:00:00+00:00,-0.0027342063605555467,-0.0003873716824219775,0.003880793732928378,-0.001757151347656416,-0.009118341642667449,-0.007705416018158218,0.0030417149476644756,-0.0021867483058605197,-0.003227293682638077,0.0,-0.0013761467884191303
2023-10-24 00:00:00+00:00,0.007551707551456399,0.007169153264144912,0.003355215170167458,0.007481038544234542,0.005362462760299724,0.006719928320108037,0.009819494584535127,0.006574621961016547,0.007400555044024371,0.003969829298481109,0.012861736330654017
2023-10-25 00:00:00+00:00,-0.01484699479651963,-0.009426702577077228,-0.007560337306078635,-0.014105858170552765,-0.011787172395815948,-0.005191722910173113,-0.01515801515800197,-0.015022860876833688,-0.009641873279817026,-0.007117437722790609,-0.012244897958874179
2023-10-26 00:00:00+00:00,-0.010370226787815517,-0.005632161584817608,0.0067389393486421145,-0.012274895103212669,0.007529819417614325,-0.0034295086852527135,-0.016262523594900435,-0.01083112289826893,-0.005563282339602793,-0.00597371565074889,-0.005509641871004445
2023-10-27 00:00:00+00:00,-0.0053863480562205135,-0.002734375001240852,-7.275902195480466e-05,-0.004432717678134135,-0.013359788359175506,-0.013840053864515922,-0.0008856088558183428,-0.005363128491689073,-0.0004662004660439534,-0.003205128204356922,-0.0013850415506718727
2023-10-30 00:00:00+00:00,0.011520283576150092,0.012338425382303342,-0.0024012224398348714,0.012032227287308128,0.008580238637328819,0.010241238052087764,0.010858324715681267,0.012132105144493588,0.011194029851925524,0.012861736335535445,0.011558021263566864
2023-10-31 00:00:00+00:00,0.006473279470788018,0.0005803830538146926,-0.0002917578419150413,0.006049337453495562,0.0087066329924681,0.008410302621081556,0.004238217025885449,0.006437291897125608,0.0009225092247813205,0.0031746031738333347,-0.006398537472917298
2023-11-01 00:00:00+00:00,0.010010155229601247,0.009860788861551395,0.009671326426065052,0.011010750449074846,0.006588917440845554,0.004244545386617116,0.015498799388858675,0.009483899427534803,0.008755760370595,0.008306962026434217,0.008279668809797913
2023-11-02 00:00:00+00:00,0.019869769223507472,0.020294849704899365,0.005725467459679168,0.01900102986616603,0.02402304117318277,0.018834346729938556,0.018415018629336588,0.019445051341974384,0.018730013703383452,0.021969399763412056,0.017335766424140697
2023-11-03 00:00:00+00:00,0.011267076663230124,0.01351097766863174,0.005981119838760263,0.00924756177653574,0.021797494246449833,0.008660844250172994,0.011398015901040504,0.010287183883564088,0.01434977578466401,0.010748560462099599,0.01748878923980146
2023-11-06 00:00:00+00:00,0.0004178079013010816,-0.0011109053878322062,-0.00429799426894617,0.0019276987782832489,-0.010697528933139577,-0.0031026769609298066,0.005217391304526142,0.0016970725498763883,-0.0022104332441711394,-0.0053171287511830645,0.008373732920043064
2023-11-07 00:00:00+00:00,0.002969837586953572,-0.006116774792136792,0.005035971223075197,0.002823517653415486,-0.005564689515630272,-0.0035466126230133677,0.0014532871971404404,0.003600169420060917,-0.006202924233616236,-0.007636502484035357,-0.0026223776212914718
2023-11-08 00:00:00+00:00,-0.00013879892696810892,-0.002983961207023933,0.003149606299025054,0.0008222454776103394,-0.0053414727201355205,-0.002614948790484406,0.004215327206374075,-0.00021101498233666582,-0.004904146235777396,-0.0023085802205811135,-0.006134969325659156
2023-11-09 00:00:00+00:00,-0.008514182591752073,-0.0020576131689455934,-0.007421150279254385,-0.007543505863124578,-0.011251758087221786,-0.00815672565686898,-0.005780346821145033,-0.008864499787450186,-0.0022401433684211547,0.0015426147315962258,-0.009259259260027353
2023-11-10 00:00:00+00:00,0.014887758435553122,0.005248359885922982,0.0018691588787485003,0.015603050371412408,0.01053924738134926,0.010573463543162243,0.01751107419753195,0.015971039181129854,0.006735518637415394,0.0046207162098925725,0.008900756563724244
2023-11-13 00:00:00+00:00,-0.0005978110919279134,0.0020510908076083467,-0.00028702640598965434,-0.0010126957467367914,-0.0021754430863767382,-0.0005812686185685534,0.002992993673908595,-0.000419199329823039,0.0017841213196432282,0.003066308929884798,-0.0013233348031581604
2023-11-14 00:00:00+00:00,0.022178254267621655,0.025307033868087636,0.01220212460513892,0.019211274570358983,0.04405258095527209,0.017957106506508058,0.016412343167224064,0.021178444119916984,0.026268922529452565,0.02521971723344585,0.024734982334227107
2023-11-15 00:00:00+00:00,0.0024758046368318354,0.0016333938283472627,-0.005531130336840939,0.0021833001794790974,0.005159071366959367,0.004642193972628661,-0.005538133048874183,0.002053388088800512,0.000433839479245135,-0.00149086843050239,0.0060344827591138905
2023-11-16 00:00:00+00:00,-0.0006735518637912552,-0.004348613879098018,0.005989731888262906,0.0014039504261020852,-0.012037150189231238,-0.0024170043363366256,0.00402576489546691,-0.00020491803095568084,-0.005637467478825098,-0.0022396416548287057,-0.007283633247595511
2023-11-17 00:00:00+00:00,0.002516288474628814,0.010373066424444799,0.0014176353850712253,0.001474498428862825,0.010637639928072096,0.004631939000516061,0.0022721197538360105,0.0022545603594481545,0.011774967292406124,0.013093901980589129,0.0021579628806360773
2023-11-20 00:00:00+00:00,0.00752991797760294,0.005763688759861552,0.0014156285384312461,0.007530593034222655,0.0011627195401366919,0.002979145978656339,0.010068009068309403,0.00777096114478093,0.004310344826130574,0.003323485969620066,0.011627906976430014
2023-11-21 00:00:00+00:00,-0.00271364384544015,-0.004477077363345572,0.0014136273687148648,-0.0026112162519545956,-0.008251833741316328,-0.00056577086335452,-0.003300547891508465,-0.00324675324680046,-0.004721030041331065,-0.0033124769987898928,-0.006385696038226141
2023-11-22 00:00:00+00:00,0.004282273173496609,0.000899442346017576,0.0008469791065504051,0.0043233895373246956,0.00616332819721066,0.003255024059282352,0.0015895092392115284,0.004885993485413298,0.00043122035345510845,0.0018463810916393708,-0.0017137960590479784
2023-11-24 00:00:00+00:00,0.0010660033756013654,0.005391804456939431,-0.004795486599597387,0.0005500550057122577,0.004839203675536696,0.003808717731916822,0.0005289955697247439,0.0004051863862615246,0.006465517243759322,0.007003317364030259,-0.0004291845506730896
2023-11-27 00:00:00+00:00,-0.0012867157687940223,-0.0030389703255058187,0.0060941043082365365,-0.0017448669839615905,-0.0015849792733945156,-0.0035834738623762297,-0.0028418478619223198,-0.0010125556898004096,-0.0025695931514118087,-0.002562225476183566,-0.002576212965871072
2023-11-28 00:00:00+00:00,0.0006219734328807291,0.0034068495601984328,0.004225947316134793,0.0009817067331288065,-0.004274026132350506,-0.00042310133262957184,-0.003380169671241773,0.00020271640001867652,0.004723057109011108,0.00146788990790081,0.007318123116618835
2023-11-29 00:00:00+00:00,0.0004439905872919425,-0.00035739814087665245,0.005190068732968012,-0.0006458557588941982,0.0047829286234877255,0.0011287477957810932,-0.0008645341489477154,0.00020267531233519875,0.0004273504272054307,0.0021986075460893595,-0.005555555554736857
2023-11-30 00:00:00+00:00,0.004127279989168953,0.0007150518418554963,-0.0032096008927128272,0.003877638948811324,0.00640790919101164,0.009513071664580597,-0.0008652822156480777,0.004052684904845005,-0.0004271678768307252,0.00036563071578177286,0.0017189514359121638
2023-12-01 00:00:00+00:00,0.008441615840227179,0.009110396570669588,0.008133235335966438,0.005865522174387072,0.026559941786382213,0.008865000698398795,0.002664712544451442,0.007467204842920294,0.010256410252929893,0.010233918126171915,0.0060060060065176835
2023-12-04 00:00:00+00:00,-0.003593811631347532,-0.008851124093541163,-0.0040384347594347725,-0.005025363864607835,0.008742394707185186,0.00013837957512907728,-0.011095608265112245,-0.004006410255443127,-0.010575296104738952,-0.00795947901591354,-0.011087420041036022
2023-12-05 00:00:00+00:00,-0.001935341983888561,-0.003214859796221936,0.006431767338854533,-0.00030971553816050434,-0.013878315863382285,-0.006848841231683389,-0.0001343724807028046,-0.0018101367661704781,-0.004275331341253574,-0.004376367613828536,-0.0060370849509111535
2023-12-06 00:00:00+00:00,-0.004230752280791061,0.0010750761511701956,0.0029174770758106927,-0.004170539310363597,-0.001722090260856901,-0.002089718584604605,-0.009474532993062557,-0.003828329640156336,0.0012881064830359001,0.00293040292969593,-0.0008676789569145305
2023-12-07 00:00:00+00:00,0.008010621819136476,0.005011634151076416,-0.0002770466825410267,0.007825587517242605,0.008030456248736106,0.0023035041187235983,0.014449494606958657,0.008090614886848702,0.005145797601438851,0.004017531044553824,0.004342162396580029
2023-12-08 00:00:00+00:00,0.004785739374702613,-0.0001780943897009557,-0.004849660522347143,0.004250468976424893,0.004661867107465634,0.003969635768291235,0.00842583924048812,0.004213483147410768,-0.0012798634807951181,0.0029101491444436522,-0.0034587116314924726
2023-12-11 00:00:00+00:00,0.004107493991779343,0.0021375133593435347,0.00020885547064497523,0.0038778019483420856,0.004875183553362028,0.009433962264672191,0.010510610079347948,0.004595404595208796,0.0034173430146460237,0.0014508523792446937,0.005206073755089857
2023-12-12 00:00:00+00:00,0.0037860655381656283,0.0010664770706858562,0.0028537620939890207,0.004969851139992487,-0.002571896189227152,0.0007559098399618769,0.008957574564865345,0.0037788385031538585,-0.001277139207741973,0.0007243752242829249,0.00043159257342062496
2023-12-13 00:00:00+00:00,0.015520679788142422,0.014559659090759292,0.012770682954496682,0.013617081116636953,0.028949835912106092,0.015862116322349795,0.0064390243899317134,0.01426590053517729,0.016197783460240922,0.01592471950775387,0.00992234684963833
2023-12-14 00:00:00+00:00,0.0059340846995070695,0.0101505075254551,0.007538377193305523,0.002936551979256352,0.02693928693456127,0.009936460727229424,-0.006010081426719771,0.005274467670291161,0.011325503356323097,0.008193801210219842,0.013242204186739048
2023-12-15 00:00:00+00:00,-0.0013580613671561048,-0.009009009009141922,-0.0014963950492358213,-0.0015216138330166329,-0.009871887305309857,-0.005622113646558957,0.004551069501046001,-0.0009716284505365547,-0.009539610121447661,-0.009187279151598782,-0.008010118042007686
2023-12-18 00:00:00+00:00,0.004334707407158911,0.0018723776212814514,-0.0020435967300673763,0.005657022789744115,-0.0003360779697844096,0.00249040856115057,0.011067244838767865,0.0044738377745687785,0.002512562813223873,0.0024964336665302955,0.0025499362505365664
2023-12-19 00:00:00+00:00,0.00732027250019418,0.009032943677901306,0.0019112627983701724,0.006084400973519921,0.014288115649883304,0.006781254196545294,0.005825118422370323,0.006850852054180345,0.009471010862183604,0.009669192459816012,0.007341670200246009
2023-12-20 00:00:00+00:00,-0.014912207006475331,-0.012638230647959547,0.003270200300364623,-0.014374814578018924,-0.01668323942110117,-0.015938646215383434,-0.01648771081224054,-0.014876352396849701,-0.012505210502959718,-0.01063452676494625,-0.01774397972185715
2023-12-21 00:00:00+00:00,0.011008912200062726,0.017599999999886595,-0.00013581420625152774,0.009742146992488987,0.013335955056053006,0.009560856600430823,0.013296147359905364,0.010982545598602789,0.017728999578508375,0.01576495879495665,0.019354838712363875
2023-12-22 00:00:00+00:00,0.00228726333156426,0.00034940600928101695,-0.0006718147250359685,0.0023256884957432167,0.0061935051891695014,0.00385291334358584,0.0008961147029076244,0.0021338506303421045,0.002488593943262396,0.0028218694886652518,-0.002953586499463756
2023-12-26 00:00:00+00:00,0.004944428009939328,0.004889975550427028,0.0009541984747105658,0.00415814744200671,0.007652636832245374,0.005319507103675791,0.005563727057814383,0.00522648083595878,0.0057923045084813385,0.004572634542567622,0.007617435461799715
2023-12-27 00:00:00+00:00,0.00189234650992387,0.006082725060292615,0.006400653682482549,0.001830244795235192,0.0004952947004561725,0.0019423978565658029,0.002480284914665898,0.0005777007509804033,0.004524886879334389,0.004551820729866707,0.005459890803236167
2023-12-28 00:00:00+00:00,-0.0005036726130402958,0.0005182242185068908,-0.0023680649518212915,0.0001598538478604361,0.0007700770077438968,0.0015375359318521298,-0.000570957305501052,0.0007698229406829515,0.0,-0.0020913210187776254,0.006683375103032629
2023-12-29 00:00:00+00:00,-0.0038214420693362117,0.0006906077356261253,-0.002373685995888608,-0.002671415850429848,-0.010827745410368239,-0.002135896408723581,-0.004125936270180874,-0.0032692307690578293,0.0,0.0003492839674239523,0.0004149377614099947
2024-01-02 00:00:00+00:00,-0.006702638900541014,-0.011387163561001667,-0.0042148198496538836,-0.006387362637198302,-0.0015558148581188425,0.006153846153674758,-0.01829307157824811,-0.007524599652311559,-0.009828009827745454,-0.010474860336569414,-0.012028204064343462
2024-01-03 00:00:00+00:00,-0.009591308407452148,-0.006282722513213601,0.0008192244676814564,-0.007419183889799452,-0.022872725249083792,-0.006249168993642917,-0.008505388911069334,-0.00933125972154314,-0.007030603805149527,-0.006704304868360156,-0.0033585222495052802
2024-01-04 00:00:00+00:00,-0.0025710245531883613,0.000526870390048062,-0.004570259208865446,-0.0031569906451542895,-0.00244902608485964,-0.001003478725935869,-0.0025538602578893954,-0.003335949764347812,0.0016659725092202926,0.0024866785085677634,-0.003369839936279151
2024-01-05 00:00:00+00:00,0.0015036301929476359,0.0007021239238633736,-0.002946618241402077,0.001280767529090454,0.0042249500426336795,0.001942007633999543,0.0021008403365683215,0.0019688915139748353,0.000831600832672752,0.0,0.0021132713458036356
2024-01-08 00:00:00+00:00,0.014284488675328388,0.00824416768999936,0.004398625428535974,0.014302990836779106,0.011598157939429754,0.006683598449159334,0.023650419287079005,0.01414816270513608,0.007062733693758982,0.0109851169392845,0.002530577814739976
2024-01-09 00:00:00+00:00,-0.001860858532475862,-0.009742519135872874,-0.00013685507026506283,-0.00243046797970492,-0.00741864778292034,-0.00557694861230873,0.003392000000110862,-0.0019376089904025173,-0.00948844884409561,-0.008412197687004519,-0.01346234749404418
2024-01-10 00:00:00+00:00,0.005169272488303234,0.004392129304423342,-0.0017793594307462524,0.00659663962125534,0.002095011607698538,0.00040058752866589664,0.009758897818001655,0.005435837701126989,0.0020824656376194906,0.004595263341821587,-0.0012793176991781063
2024-01-11 00:00:00+00:00,-0.0006744509546582345,0.0005247507417245334,0.005210475799352299,-0.00034251267312823686,-0.004407277658488806,-0.0032701548322278118,0.005748215526665046,-0.0005792624058390539,-0.00041562759820801265,-0.001055594650319458,0.0042698548240438505
2024-01-12 00:00:00+00:00,0.00016872653654598224,0.0034965034969844933,0.0019779020595640517,0.00045684003751778057,-0.003348467650417297,0.00020087043836469753,0.0020097977645150422,0.0005795981452549892,0.00374220374265799,0.004226840435114232,0.0038265306136620048
2024-01-16 00:00:00+00:00,-0.004639196997215711,-0.01811846689851393,-0.007011095229038089,-0.003401904152995905,-0.009395820283688905,-0.00642656312738854,0.0025072082233648096,-0.004634099246712875,-0.018227009110871495,-0.01718695194700748,-0.022024565861719303
2024-01-17 00:00:00+00:00,-0.006016694208123674,-0.01100070972415279,-0.0023306827522271423,-0.005567010309338372,-0.008680156357846247,-0.006468130979444209,-0.005689633612767975,-0.005431619788300757,-0.011814345993450881,-0.009992862239844968,-0.01515807708872563
2024-01-18 00:00:00+00:00,0.008823905537362231,0.007534983854078137,-0.0013741926626010814,0.008892574930380981,0.006668599594289226,0.0031873050319535245,0.013079293215584986,0.009752291790052992,0.00811272416885167,0.008651766402691052,0.00835532102075831
2024-01-19 00:00:00+00:00,0.012169356883443783,0.004985754986065016,0.0,0.01223939899073434,0.01008064516125895,0.008585141621058723,0.02153807957261855,0.012169209966516048,0.004235493431531179,0.001786990709130576,0.010466637590463623
2024-01-22 00:00:00+00:00,0.004341654838363018,-0.0005315379165371503,0.0016513003994234055,0.002278418191096865,0.012888508697109113,0.003150134048336417,0.0026734718681054037,0.0036259541982830434,0.00042176296975515726,0.003924366748676356,-0.0073370738030441585
2024-01-23 00:00:00+00:00,0.0018289134591571443,0.0007090941330873957,-0.0023354856429097515,0.002970965563763972,-0.00478576656721541,0.0036079374622564053,0.0008483820138998066,0.002091652405290745,-0.0008431703170610483,-0.0017768301365124195,0.0056521739141297545
2024-01-24 00:00:00+00:00,-0.0001659613310884822,0.007085916739584253,-0.0020655466825418856,0.000830303846361069,-0.004921928038125523,-0.003328673190743925,0.009869217728554425,0.0003795066413463388,0.008016877634137165,0.004983980065237148,0.00994379593618322
2024-01-25 00:00:00+00:00,0.005560627438051302,0.0026385224282636788,0.0046226024563302825,0.005627928877364852,0.009380863039504694,0.00875025048425293,0.006774986509687553,0.005121396054361016,0.0029300962739695624,0.004250797022774311,0.002140410956227523
2024-01-26 00:00:00+00:00,-0.00082535490257718,0.003157894735983602,-0.0014422086387234634,-0.0006020066889697029,0.0036048214486392727,0.0005297311613607913,-0.004585516912761767,-0.0001887148518490145,0.002504173625933692,0.0038800705492234577,0.0017086715119962737
2024-01-29 00:00:00+00:00,0.009086403436394885,0.004721930744653546,0.0039889958730856545,0.00727305178158133,0.008474576271245704,0.003441429516391592,0.01142686210001198,0.008493771235909442,0.003746877602442744,0.005270555165831858,0.0012793176947387686
2024-01-30 00:00:00+00:00,-0.0013916175509940398,-0.0031331592680814424,0.0017810658995796036,-0.000708764313850252,-0.001613890589191369,0.004023215934866542,-0.0021885721047859574,-0.0007486430843695047,-0.0020738282896846094,-0.0006990562768052211,-0.007240204430009833
2024-01-31 00:00:00+00:00,-0.016845643085311224,-0.005238344682879648,0.004239606127589779,-0.016290976793544742,-0.02185061315502468,-0.009393680614734223,-0.01802122236035586,-0.016857089343580767,-0.005403158767968486,-0.005596362364716834,-0.004719004715791453
2024-02-01 00:00:00+00:00,0.01346562721494049,0.009303142005003817,0.006017703934288576,0.01315848767506922,0.010428538864566628,0.010013262599267492,0.017084213703691065,0.012573823584786092,0.009611366484775452,0.009497010203227685,0.009051724133778194
2024-02-02 00:00:00+00:00,0.008556149732466434,-0.006956521740076216,-0.008960086885142937,0.010274429568967625,-0.002932716710842942,-0.0005909001379644785,0.026175213675173836,0.01034807149714756,-0.007450331126720999,-0.008362369338337672,-0.0034173430150985507
2024-02-05 00:00:00+00:00,-0.004731217880897032,-0.004378283712924591,-0.007945205478650408,-0.0036541340141791334,-0.012161321341717324,-0.0070949940871919415,0.0024871305453046944,-0.0048417132213444125,-0.0058381984975061085,-0.006676036545104402,0.0008572653234397709
2024-02-06 00:00:00+00:00,0.003401360544363241,0.010554089709363002,0.0046948356806817415,0.003115195970087914,0.00440907008728364,0.005425433372612032,-0.004384952688768595,0.0037425149698602223,0.011744966440438098,0.006720905556213852,0.0218415417580482
2024-02-07 00:00:00+00:00,0.007882376965256066,0.0001740644044927464,-0.0019241341396954992,0.008215316168499243,0.001368223020259851,0.0028954988157561257,0.01616828929080505,0.007270693511917781,0.0,-0.0007027406877962994,0.0008382229671337615
2024-02-08 00:00:00+00:00,0.002471837264095722,-0.0026105116610991574,-0.002685210686264483,0.0006772107655732551,0.00893822943327427,0.0002624671915640864,0.004334188765425573,0.0018508236164116454,-0.003731343279680166,-0.0017580872025805272,-0.005025125627089233
2024-02-09 00:00:00+00:00,0.006103722866934502,0.004187750830134229,-0.0007594062828071291,0.005675988386090847,0.006940525899983729,-0.0002623983206139213,0.013343932769110056,0.0072048771472281725,0.0029130253843077103,0.0031701303272577697,0.0046296296264651815
2024-02-12 00:00:00+00:00,0.0009642426677838323,0.002953953084586125,0.00027635760717470426,-0.0004558577724539381,0.013561221631056997,0.005708661417032079,-0.005883671410736202,0.0005502567864714702,0.004564315349847137,0.0021067415740461115,0.004608294932101575
2024-02-13 00:00:00+00:00,-0.01601509191618411,-0.01767151767155739,-0.008702859511250827,-0.01409460105107807,-0.029081660861626668,-0.012983623670691169,-0.01189335437683603,-0.015765352886435324,-0.01776125567632436,-0.016468114927587818,-0.018765638029953235
2024-02-14 00:00:00+00:00,0.011054456454836048,0.012345679011249056,0.003762541805923947,0.009516047315779375,0.014919423723101621,0.00581702802805828,0.020022818025902334,0.0111752654119599,0.01219512194922534,0.011756323477076114,0.015299617506346896
2024-02-15 00:00:00+00:00,0.0077059630437998905,0.009756097561582022,0.002776620852297018,0.006764275895348559,0.018515401447775304,0.012026813879628673,0.0019014596499813408,0.006999447411678794,0.008724553388462786,0.011267605634301514,0.004185851824336728
2024-02-16 00:00:00+00:00,-0.005244825239044348,0.0020703933753860593,-0.0031842724620060325,-0.005114978651570401,-0.006775739547153048,-0.0024027534253787675,-0.009879988836069442,-0.004938723248324783,0.0032948929158873597,0.0013927576584047419,0.0050020842006979205
2024-02-20 00:00:00+00:00,-0.0062786766482458845,0.0030991735528753672,0.0012499999989752375,-0.005489837265597708,-0.005879090404962595,-0.0001952870717989441,-0.012571879580456913,-0.007169117646683043,0.001642036122591728,0.0031293463140127376,0.0029033596033758435
2024-02-21 00:00:00+00:00,0.00020251113800151543,0.0010298661177257085,-0.0027743098902897056,0.0010076449585252334,0.0016737335412178034,0.004622696790012926,-0.009020839280486137,0.0007406035918884335,0.0024590163923021713,0.0006932409039677179,0.001240694786667218
2024-02-22 00:00:00+00:00,0.019761085240182386,0.010288065843225391,0.00041730421542429674,0.021007943628614356,0.006293862092120017,0.00803629293605801,0.039292504465083145,0.02053654023943463,0.009811937857484576,0.010391409765652115,0.009500206526397603
2024-02-23 00:00:00+00:00,0.000675058570968945,0.000509164969608733,0.003615127919596395,0.0004500932336763963,0.0037084186642348804,0.003150315031226869,-0.0018293696992044417,0.0009064539539387351,0.0008097166002341005,0.002056907782958639,-0.0008183306053939354
2024-02-26 00:00:00+00:00,-0.0030158730156791824,-0.002205258693308565,-0.0018010529230910732,-0.0036633960324319315,-0.0029226866662580564,-0.004037685060498064,0.0026657780736800696,-0.0032602789366457108,-0.0032362459546099176,-0.001368457062928874,-0.0040950040941486465
2024-02-27 00:00:00+00:00,0.002786180544598338,0.0018701122067195097,-0.001526717556661672,0.0018491839939496213,0.006470881035622655,0.001415701415837134,0.0006092832614004173,0.0029075049989741863,0.002029220777569396,0.0017129153798107755,0.0016447368417602526
2024-02-28 00:00:00+00:00,-0.0016670635865460026,-0.00729679280610529,0.002224075617574428,-0.0015452965037833222,-0.0022529948349673257,0.0001285181849706163,-0.0021035150844659345,-0.002717883676278565,-0.006480356419447886,-0.005129958961005654,-0.012315270937655165
2024-02-29 00:00:00+00:00,0.004214376590294,0.002222222223513537,0.0016643550620405456,0.0036972550029612528,0.005617668117459118,0.0012207658702863,0.010761635325009067,0.005450581396916787,0.003261312678274342,0.003093846682399315,0.0020781379900942643
2024-03-01 00:00:00+00:00,0.009185208646662835,0.01142759679222971,0.004186111880965404,0.009637418885162896,0.004710006024202462,0.006481422062426745,0.023434498655170666,0.007950849294841467,0.010971149940387281,0.009938313915440311,0.012857735378976942
2024-03-04 00:00:00+00:00,-0.0009807767750689145,-0.0030354131526345585,-0.0023506637174152134,-0.0011878751883180882,0.0010357045516260488,0.001976536598026213,0.006703131703343468,-0.0007171029042287724,-0.0016077170396477936,-0.0023752969126626944,-0.0012285012303761
2024-03-05 00:00:00+00:00,-0.0106027881407883,-0.003721244925549927,0.005405405405397357,-0.010023998131107437,0.0005445436722717467,-0.0038816417438379824,-0.01816438502105755,-0.010764262649265333,-0.004025764896277262,-0.0006802721079832708,-0.0073800737992102405
2024-03-06 00:00:00+00:00,0.005913871800124593,0.012903225805716012,0.001792114696319791,0.005298723586764087,0.003428758027840484,0.006324262169687733,0.009819878472099086,0.005440696410705881,0.012934518997231415,0.011572498297776068,0.013630731102157512
2024-03-07 00:00:00+00:00,0.009745896464622872,0.009554140126850852,0.0016513003993996467,0.009901412658455344,0.008190052611653176,0.005332317653689689,0.016493848385485732,0.011002886002299928,0.007980845971560457,0.011776581425846144,0.005297473513652395
2024-03-08 00:00:00+00:00,-0.005783283185437416,-0.0028225136960517982,0.0009616705592152552,-0.0060643198240243334,-0.0014525500325991425,-0.001326008713749216,-0.018710359407843713,-0.006958073148607524,-0.0023752969151678016,-0.0033255736607350483,-0.0016214025128352683
2024-03-11 00:00:00+00:00,-0.0016114451913722405,-0.0033300033304566323,-0.0004117485593300163,-0.0008290992581437839,-0.001562415817961793,0.003920080930480019,-0.013196165032898333,-0.0016169601148979806,-0.0039682539691972,-0.005672339005485916,0.0016240357284462714
2024-03-12 00:00:00+00:00,0.009881111723538671,0.008102238556818353,-0.0029520801865410284,0.01070212765966616,0.0013490179151933734,0.0026451694167590745,0.021014136783232606,0.010797192729316452,0.006772908366894148,0.007046979863884806,0.008512363194494776
2024-03-13 00:00:00+00:00,-0.0012474174562404627,-0.001408567405111194,-0.00172140742262894,-0.0015156937456745068,0.004257153634505961,0.0018216080401083357,-0.005506254677710709,-0.0010681858642842545,-0.0011871784698687105,0.0006664445211417291,-0.00643086816585714
2024-03-14 00:00:00+00:00,-0.0038640177979354373,-0.006306007301340122,-0.005931852670413629,-0.0021926588097825883,-0.012985619231369872,-0.006081886011623516,-0.005321722302946252,-0.003920869719986175,-0.004754358163601369,-0.00699300699461658,-0.0028317152118654265
2024-03-15 00:00:00+00:00,-0.0059164642267407475,-0.0011105544418047453,-0.0005550929776927394,-0.006888245610235155,0.0014135044036083233,-0.0005046681806003539,-0.013510592304240898,-0.005546609411050563,0.0007961783449750293,0.001006036219544093,-0.004868154157197213
2024-03-18 00:00:00+00:00,0.005084545346838887,0.0001678133917533131,-0.001249652874084961,0.00625518605986608,-0.0023344191101154488,0.0022090381218686783,0.007231291771420345,0.005577545879516421,0.0003977724746568878,0.0006700167495701237,0.0024459845082507314
2024-03-19 00:00:00+00:00,0.005764705882478793,0.0003355704702876494,0.002641456972469536,0.0056031292947917866,0.007563802579414691,0.005352981925879741,0.004296747525505351,0.005687636428005849,0.0011320874740721187,0.0012782055556082028,-0.0036503456701056924
2024-03-20 00:00:00+00:00,0.010137637930381693,0.010734652800934219,0.0018025513028847584,0.008725820016939556,0.01452797580480647,0.007767476822409636,0.011751963173230351,0.01016223925915316,0.010337972165935794,0.010716677830365118,0.00939926440436123
2024-03-21 00:00:00+00:00,0.004130157872570761,0.0001659475590778392,0.0008304498278979278,0.0033350703491288325,0.011565078520133998,0.00836897066141673,0.0103965903011225,0.003882809742191684,-0.0003935458470979425,-0.0009940357855499071,0.0020242914988533034
2024-03-22 00:00:00+00:00,-0.0028042592453774162,-0.003816160609214303,0.0033190430084604206,-0.0013027942247538782,-0.010524645652799536,-0.00477608237144167,-5.30222696002447e-05,-0.0022855133625229174,-0.004330708662880101,-0.0029850746276524065,-0.0060606060590274735
2024-03-25 00:00:00+00:00,-0.0022437137329672785,-0.0008327781491149766,-0.0019297036528004297,-0.0025877540798708853,0.0009621038007576743,-0.0017450919290692424,-0.0011665517790502289,-0.002995594713396166,0.0003954132099541763,-0.001996007981081127,0.001219512194802208
2024-03-26 00:00:00+00:00,-0.0017834987594234075,0.0,0.0008286148331120291,-0.002803699208923538,-0.0013349708978875885,-0.0005619029779629914,-0.0033975686146420214,-0.0010604453868644503,0.0,0.0019999999970374827,-0.0024360535925412874
2024-03-27 00:00:00+00:00,0.008816903596830405,0.005500916820522894,0.003449703325352882,0.008728493495580691,0.020746444230465677,0.014305347325862972,-5.326799151217365e-05,0.007784854918355899,0.005928853752406704,0.006986027945958595,0.0028490028468446393
2024-03-28 00:00:00+00:00,0.0006545258537462573,-0.00033156498722053396,-0.0012376237622597763,-0.00012480239619150346,0.0051335777894643275,0.0030177988545170287,-0.0019710206690827237,0.00035112359662936576,-0.00039292730745599247,-0.0016518004640893036,0.0032467532473150484
2024-04-01 00:00:00+00:00,-0.0007695267410711137,-0.0018242122711659148,-0.006797466612471381,-0.001310588724836581,-0.009016051698691241,-0.003929755617958164,0.00106752068331617,-0.0012285012297567066,-0.0007861635200271389,-0.004632693579327163,0.002022653722557388
2024-04-02 00:00:00+00:00,-0.00924143242183606,-0.004153513873578318,-0.0011123470527664159,-0.006540712812736049,-0.013410465422300177,-0.006411046727106795,-0.006558251132771198,-0.007907221928779573,-0.002753737216091179,-0.005651595743850102,0.004440855874278338
2024-04-03 00:00:00+00:00,0.001554605518883534,0.004337671003685761,0.0006959910925450341,0.0009015998154533467,0.004051172707756789,0.00018612731125400295,0.008533705452471008,0.0014169323424153557,0.00670611439804647,0.006352390505348193,0.0012057877810347506
2024-04-04 00:00:00+00:00,-0.01199068684515281,-0.006810631228751141,0.002086521073106029,-0.012317747611934382,-0.009237630069994118,-0.010235097078247435,-0.01910489063912002,-0.012203749558235333,-0.00666144200589891,-0.007308970100422529,-0.002810116421156472
2024-04-05 00:00:00+00:00,0.010093869054411675,0.0036795450745472635,-0.004997223764540815,0.010626113514957458,0.005412067302661638,0.006580596640404224,0.017686631944887843,0.011101163830821159,0.0039447731738597724,0.0036813922342422423,0.0020128824485381447
2024-04-08 00:00:00+00:00,0.0011664981725116874,0.00499916680585355,-0.000837053571422719,0.00039874918678672877,0.004690081543627933,0.00031131311923915383,-0.002612218786929299,0.0007083407123498198,0.005893909628339911,0.004668222743307471,0.006026516675970761
2024-04-09 00:00:00+00:00,0.0014370048159000337,0.0026529597085751533,0.003630270874527941,0.0012377276160100426,0.0022810460979509894,0.0008714054522462877,-0.006307124913263906,0.00035391965957143334,0.0019531249991671107,0.000995685363685439,0.0067891373797903665
2024-04-10 00:00:00+00:00,-0.011169284467800744,-0.014056556970138745,-0.011686143572534391,-0.009680055314549074,-0.023393669947730178,-0.012624378109195922,-0.003980420633642567,-0.009552450026549142,-0.013255360623050882,-0.012931034482668968,-0.013883379613118918
2024-04-11 00:00:00+00:00,0.006785111974147107,0.003522307950224235,0.0,0.007214640854710241,-0.0007045306741363389,-0.0011337154378288083,0.011178916671233496,0.007501339525330053,0.0035559067555361867,0.0020154517941251004,0.0068382944485252395
2024-04-12 00:00:00+00:00,-0.01441371250478718,-0.01738258398883441,0.0022522522517356425,-0.013632735369483062,-0.014209013504062451,-0.01456586165570517,-0.017838068788438077,-0.015600070908897146,-0.01653543307043981,-0.015420717397990336,-0.020775069913461786
2024-04-15 00:00:00+00:00,-0.012292490118723576,-0.004592617791725262,-0.0066011235952102565,-0.012692463317480973,-0.010617813720652514,-0.005438955720710625,-0.016965742251422333,-0.012605798667462476,-0.004803843074933978,-0.003064351379765462,-0.006119951043024319
2024-04-16 00:00:00+00:00,-0.0030013205809173993,-0.011278195489084486,-0.0025448890145439718,-0.0017902978798425284,-0.006616992882578665,-0.00392459628072328,0.004978426817325188,-0.002188582892166724,-0.011665325824719797,-0.010928961745570231,-0.01354679803029779
2024-04-17 00:00:00+00:00,-0.005860158946986327,0.000691323884441486,0.0048192771078954255,-0.006028782574837188,-0.005597537083590343,-0.0016147784523398157,-0.013540290620891016,-0.005117894351695296,0.00203500203413598,0.0010359115988700651,0.0016645859367012683
2024-04-18 00:00:00+00:00,-0.002059108527053488,0.00017271157192721986,-0.0026802087743893477,-0.002282658318616626,0.0008443568813203406,0.0015526945714756657,-0.006137707845414342,-0.0027558331806462055,0.0,-0.0020696791966646755,0.004570004154791585
2024-04-19 00:00:00+00:00,-0.007848848970433808,-0.0003453634937771177,0.0012729844420460434,-0.008367106811267955,0.00809898762625072,0.0074284606937651265,-0.02548843476286644,-0.008290346353498679,-0.0004061738413791982,0.0006913238830112967,-0.0041356492987216775
2024-04-22 00:00:00+00:00,0.00982750886931627,0.010364484365754434,0.0004237886699609561,0.008679411118475588,0.009317116715132912,0.007117209540901337,0.009966586011917578,0.010217350921116308,0.008533116619040326,0.010708117445488163,0.00830564783980714
2024-04-23 00:00:00+00:00,0.011912453561676806,0.009574286202434834,0.0018356396500551764,0.01261300511913932,0.01127632524470945,0.006748583434273758,0.021447721180077428,0.011769032731031137,0.007655116843075405,0.009227614489617064,0.007413509063312063
2024-04-24 00:00:00+00:00,0.00023943493364342316,-0.0013547840797226707,-0.00253699788581796,-0.0007314344720648069,0.00021863897268636912,0.0006956301779132978,-0.004579214832572287,0.0007270083610761979,-0.0007996801301256573,-0.0023704707071984243,0.0028618152063364377
2024-04-25 00:00:00+00:00,-0.004747656094380437,-0.0018653552663345785,-0.0028260562374966547,-0.004133476856795992,-0.00661238319078028,-0.001516683518809847,-0.004600280504727272,-0.003995641118647475,-0.0012004801890459493,-0.00407331975667069,0.0036689767621931324
2024-04-26 00:00:00+00:00,0.009300088190450806,0.008154943934219006,0.0022672523730091765,0.010009079510587826,0.0037407855653843747,-0.0005696202530399708,0.012681057318601141,0.009482129832935282,0.00761217948476145,0.007498295842643721,0.01015434606029908
2024-04-29 00:00:00+00:00,0.0039320041307981946,0.006235254466077089,0.002969037182881662,0.0034887951883459944,0.006357557820831694,0.003862959913976116,0.0003339269811630796,0.0036127167617152622,0.008349900596205773,0.004736129904164388,0.0092480900715326
2024-04-30 00:00:00+00:00,-0.01645764924638693,-0.013565566905490378,-0.0038060332667746444,-0.015804965446545416,-0.017754057292433623,-0.012805955084919884,-0.014632246578305086,-0.01601871850166514,-0.01537854889432233,-0.014141414141627395,-0.01155378486304981
2024-05-01 00:00:00+00:00,-0.0024938658945912184,-0.0008488964358720485,0.003591495684129198,-0.0032507639295890067,0.0007207806608542366,-0.0030033867975896023,-0.010276099599478061,-0.0034753978424926224,-0.00040048057568009554,-0.0020491803248392504,-0.00040306327943351317
2024-05-02 00:00:00+00:00,0.010363321101845013,0.017162276975521307,0.0039598359494597,0.009327506359692483,0.012687683527977223,0.005319830790792013,0.010953277426112074,0.009544787078533457,0.01642628204761376,0.013347022587177237,0.02379032258001801
2024-05-03 00:00:00+00:00,0.011853448275674028,0.008853992650202036,0.0050711367793669915,0.012407910042753434,0.007987744829991872,0.0058017213897672,0.016308334743973862,0.011999999999600774,0.007489160427485597,0.008105369806084228,0.005907837729850041
2024-05-06 00:00:00+00:00,0.010728513390915628,0.005464480873626387,0.0009810791881745828,0.010085535554620773,0.011995223621716677,0.0067190669372543255,0.020322043309376925,0.011139058570850402,0.005477308292695993,0.0077051926295048645,0.0015661707149157156
2024-05-07 00:00:00+00:00,0.0008975609756693981,-0.000658761527565721,0.001960235227387308,0.0014324233231994832,-0.0010190399571978759,0.0032111824704537106,-0.000598606878567276,0.0014214641071623735,-0.0011673151721506292,0.0016622340441490024,-0.005863956214260169
2024-05-08 00:00:00+00:00,-0.0007018091077791722,-0.0013183915624926934,-0.002375628842548605,4.206983606569459e-05,0.0009663910661468211,0.0015690704825919166,0.0014157364551845575,0.0,-0.001168679393422578,-0.0006637902436137377,0.00039323633357102317
2024-05-09 00:00:00+00:00,0.005891533359354106,0.006023102309522743,0.0026614371759978717,0.005742291026859414,0.011156404204944792,0.008585035719192335,0.0020662280465815197,0.005500354862078449,0.006630265210236352,0.007638658252764108,0.001572327042251409
2024-05-10 00:00:00+00:00,0.0009309181179351089,0.0013942425993880292,-0.002794076557773084,0.0012339224092849932,-0.0017504774026477765,0.0027958993476544514,0.0017906560313449837,0.00017646020789108263,0.0007748934501929927,0.0013183915614920494,0.0023547880684620104
2024-05-13 00:00:00+00:00,0.0005425305172743755,0.001638001636963926,0.0008405715881081299,6.266449429026544e-05,0.0015941335880393925,-0.0008674101614701835,-0.005091539378287324,0.0007057163025121493,0.0023228803739265835,-0.00032916392257342775,0.004698512140676403
2024-05-14 00:00:00+00:00,0.004880127038414006,0.006214227310407772,0.0029395296754819444,0.004741316289677444,0.008912939678812792,0.004154781099293237,0.006478658536408499,0.0049365303240720415,0.006566241791829741,0.0069147184739937195,0.005845674199559392
2024-05-15 00:00:00+00:00,0.01229523993061532,0.010076385502404417,0.006420097698204064,0.01218193913181187,0.004942945785116448,0.008830976347291797,0.023313679883188554,0.012105263158302959,0.008825786648079204,0.009483322429739038,0.010461061605332667
2024-05-16 00:00:00+00:00,-0.002703320133966125,-0.0033789219628742595,-0.0016641242549493285,-0.001910043129994432,-0.005965150960255627,-0.0009182174334768645,-0.008510413362924574,-0.003466805339404244,-0.003042982122774651,-0.005830903788240804,0.0019171779149373958
2024-05-17 00:00:00+00:00,0.001412591150299125,0.0043590571516880505,-0.0025003472702259666,0.0014815729366393082,0.0005790387956878806,0.002695913240161385,-0.0009063283039979497,0.002261262829368116,0.005723006483625781,0.004561746496155816,0.006505931878683979
2024-05-20 00:00:00+00:00,0.001029355699564194,0.0,-0.0009747945979138306,0.0009862540835940958,-0.0011574074070411777,-0.004277421325979969,0.008537886872739264,0.0015619576524166234,0.0,0.0006487187817101336,-0.002281368820694518
2024-05-21 00:00:00+00:00,0.0020565944319281826,-0.002893425493472601,0.0020908837476614206,0.002688999733190256,-0.0012114189406537967,0.0006750536976585231,0.0005291005294196793,0.0012129613597575695,-0.003034901366007703,-0.0016207455445044205,-0.005716463417093975
2024-05-22 00:00:00+00:00,-0.003382615636235764,-0.007576978882120278,-0.0012519126442035455,-0.002906976744127765,-0.00843748352029361,-0.003863608487463366,-0.0018508725542482063,-0.002596053998314085,-0.00837138508255253,-0.010064935063062275,-0.003066308931154893
2024-05-23 00:00:00+00:00,-0.008504309358391082,-0.006660168940397115,-0.002924791086576728,-0.007432349197340149,-0.014040312715999481,-0.012620821276927652,-0.0003178807945714013,-0.007634912371770164,-0.0061396776675283204,-0.005247622171434374,-0.006920415223115262
2024-05-24 00:00:00+00:00,0.007231047347975972,0.008013082583528508,0.0011174745073461168,0.006805394671506537,0.00879227574284891,0.002930539967294532,0.010069426042340401,0.006994229759724746,0.007335907337649106,0.008902077150220178,0.0034843205565797675
2024-05-28 00:00:00+00:00,0.0,-0.0003244646321322042,-0.0047439653961979245,0.0008012655888416376,-0.007165009089775243,-0.007087348460823484,0.00430242929885627,0.00017364125683605458,0.001916443080821617,0.00032679738456797836,-0.00038580246769814863
2024-05-29 00:00:00+00:00,-0.008210180623958396,-0.01671535215899833,-0.00364503014258466,-0.007041386106184433,-0.012225333907740055,-0.010456452320060095,-0.007261898542326284,-0.008333333333539139,-0.015684774292811565,-0.016987912446845832,-0.013508297956266735
2024-05-30 00:00:00+00:00,-0.004889881410817476,0.0062716619909444216,0.004361896721810865,-0.006719179639776973,0.010904530832379411,0.0043027081754412055,-0.01757709714791711,-0.005777310924180101,0.006607073454744539,0.010302426056730374,-0.002347417839764443
2024-05-31 00:00:00+00:00,0.0076997485005696475,0.004920452680244658,0.0036424768837848287,0.008700358005074182,0.01342969634875657,0.01549899193491533,-0.00042854081833709756,0.007571755590848328,0.004633204633664567,0.010197368422583564,-0.007450980392930795
2024-06-03 00:00:00+00:00,0.0003071724775876028,0.004243512323578891,0.005569039643153806,0.0010936403780417159,-0.00601383714783521,-0.0055838193324878604,-0.0017148981783028372,0.0005242922063124489,0.003843197538716314,0.0013025073258088327,0.011457921772547675
2024-06-04 00:00:00+00:00,-0.00011515430681274808,-0.006500893873889191,0.0037593984969941374,0.0012161187261665596,-0.013974407024556212,-0.0015597704017431546,-0.002684131415061186,-0.00017467248875435715,-0.008805513014715771,-0.0032520325200432465,-0.0160156250012089
2024-06-05 00:00:00+00:00,0.01224615148373509,0.008997219042540916,0.002774309889445936,0.011961131469525599,0.0083622936578438,0.0047491095422884655,0.022822693508907754,0.012403913347046602,0.0057937427594050295,0.0052202283852200715,0.015879317187961428
2024-06-06 00:00:00+00:00,-0.0008722694175333778,0.003242542152689598,0.00013833171970811797,-0.00022378191425753702,-0.0029617662896102015,-0.0009328938369062012,-0.004631091464287973,0.0,0.0038402457740853713,0.0032456994479479473,0.004298554122940779
2024-06-07 00:00:00+00:00,-0.0018978933384358188,-0.01131221719416875,-0.00802213001337837,-0.0013022952955840106,-0.00853362138794489,-0.0015562749003448229,0.0007930633392678743,-0.002243313202075048,-0.011476664115418034,-0.011970236171528259,-0.009338521398347566
2024-06-10 00:00:00+00:00,0.0033466438485585392,0.002615233736909639,-0.0015337423310484155,0.0032803585981737715,-0.0003813259250798895,0.0036161855476539717,0.01109408843599935,0.0034590107234584444,0.0034829721355469356,0.0009823182713786238,0.007462686563842302
2024-06-11 00:00:00+00:00,0.0017056437860019091,-0.008966416694973223,0.004049713726901549,0.002274527324803266,-0.005395095367545899,-0.006025967571209434,-0.0025717853598532514,0.0012064805234393017,-0.008870034710714458,-0.010794896957224354,-0.00389863547522018
2024-06-12 00:00:00+00:00,0.009421825336699108,0.010528047376088923,0.00458970792695923,0.008327761230389807,0.012656840720721929,0.0015624999999455103,0.011274252752921932,0.009812360131621789,0.009727626459096195,0.010582010582486312,0.009784735812284229
2024-06-13 00:00:00+00:00,0.00044982569232465686,-0.01041836236354432,0.004430292122896029,0.0018889156820736108,-0.007953684665954142,0.0023712948516338983,0.00907441016353383,0.0,-0.011560693640753406,-0.014397905760658136,-0.0019379844969596993
2024-06-14 00:00:00+00:00,-0.0007493724006309987,-0.005593025168171062,0.001516195726847691,0.0008022784708325847,-0.012217071175213867,-0.0027392143437106053,0.00041109969130626034,-0.0010228435047519024,-0.005068226120337527,-0.008964143425188364,0.0015533980565007877
2024-06-17 00:00:00+00:00,0.007611833964733972,0.0034739454093057898,-0.0037159372412365332,0.007936189827145945,0.008558334713510751,0.007803233660405029,0.01366344770941863,0.008873720135429641,0.0035266457673448492,0.002345058625914165,0.0058162078350163515
2024-06-18 00:00:00+00:00,0.002530515034140146,0.004615891856084131,0.0034535156777550924,0.002664333717769418,0.002025621373043407,0.0037165510402483726,0.0073983987023935605,0.0030669147498592064,0.006093635299745603,0.0040729278082880516,0.00882428681403069
2024-06-20 00:00:00+00:00,-0.0025241276910696886,-0.0006563833271051589,-0.001927312774368195,-0.0027762354247797827,-0.0013658963014121506,0.0017279684029825049,-0.00850100603629611,-0.0027054447071411802,-0.00039261876850316124,0.0006743088346239379,-0.0023085802231138652
2024-06-21 00:00:00+00:00,-0.001525751711738521,-0.005853858785099142,0.0002758620679930157,-0.0021874005725833756,0.0018054491741459344,-0.002341054706594514,-0.008573892749807355,-0.002543234995673882,-0.006284367636361532,-0.006738544475724861,-0.0030852294625483
2024-06-24 00:00:00+00:00,-0.001677164474155779,0.007326007326140083,0.0005515719811193254,-0.0026904220974282023,0.008191797280188595,0.0062368778556258775,-0.011769522055251835,-0.0020397756235699394,0.00671936759113434,0.00983717774730608,0.0
2024-06-25 00:00:00+00:00,0.0032852982900715144,0.0,0.0005512679157231304,0.004156425474086678,-0.010725312821583177,-0.007977907333136414,0.009217067108785226,0.003747232158033409,-0.000785237532932026,0.0013436345302879626,-0.0015473887827278654
2024-06-26 00:00:00+00:00,-3.7210686796296244e-05,-0.00595041322324763,-0.0046831955918208434,0.0011144056834753169,-0.002902042380801495,-0.0030931023815812253,-0.0028732683427591388,0.0005090785679442433,-0.006286836936004847,-0.0073800737997923305,-0.0019372336290008896
2024-06-27 00:00:00+00:00,0.002418784653984485,0.0018290655134032274,0.001799058954029098,0.0015504800525010243,0.0022872048328275163,-0.001210673285900854,0.00370484717485553,0.0018656716417750907,0.002372479240611902,0.002365664076347196,0.0011645962732653725
2024-06-28 00:00:00+00:00,-0.003408196599925528,0.0008298755191178397,-0.00469678132437934,-0.003843405775468045,0.0056198347106848345,0.0029386019759498616,-0.000974059263656013,-0.0037243947858153215,0.0027613412240181656,0.00033715441731207996,0.0031019775092580026
2024-07-01 00:00:00+00:00,0.002018616126769235,0.0011608623544832053,-0.005264371963482062,0.0022994021554567645,-0.010683760684145005,-0.004114456705135772,0.0016934366496588193,0.002039082411800619,0.0015735641198857397,0.0016852039091370674,0.0015461925022639544
2024-07-02 00:00:00+00:00,0.005782503264124772,0.003809839323808628,0.002939118264246421,0.006483402489560142,0.005316497757383187,0.0037558685450056473,0.006096311475583427,0.007291843311196589,0.002356637863126121,0.0026917900416063567,0.0030876109596205126
2024-07-03 00:00:00+00:00,0.004117210682643924,0.01188118811903549,0.005721462461933946,0.004519057340537813,0.00027543656667883276,0.0007483629554729809,0.008452568868091204,0.004208754208873566,0.010971786834333752,0.011409395972289404,0.013081954598969547
2024-07-05 00:00:00+00:00,0.005208525728728874,0.005055446835940058,0.004578881642629318,0.005978571851411374,-0.008756470976559405,-0.0008724372153461335,0.0027265841958927783,0.005196982396036942,0.005426356591392123,0.004976775048185722,0.004557538928877003
2024-07-08 00:00:00+00:00,0.0013596942523363964,-0.0029206555241205745,0.0,0.0009610858307436132,0.0043891327291254445,0.0014345412587015716,0.004683015257762602,0.000833889260883236,-0.003084040094933238,-0.003961703532629146,0.0
2024-07-09 00:00:00+00:00,-0.0002568901609686369,-0.0017900732298791189,-0.00041436464126187733,0.0010973291791234185,-0.003042371943546174,0.00012456402613603146,0.0022052927022835345,0.00016663889244150631,-0.0023201856146628508,-0.003646005965723176,0.0037807183377016607
2024-07-10 00:00:00+00:00,0.00969091843461034,0.011737854579541462,0.0008290728209858766,0.009630253087882457,0.011929201575597181,0.009403412629054753,0.008151630326031833,0.009830056648476138,0.00930232558064703,0.013639387890687305,0.0045197740111937446
2024-07-11 00:00:00+00:00,-0.004471751617953101,0.00467289719676911,0.00497031616749366,-0.008569046742158415,0.027524947911118147,0.00789684743023189,-0.014137606031732197,-0.006104603201500969,0.006144393242005997,0.004266491631795377,0.00599925009101776
2024-07-12 00:00:00+00:00,0.006609940474273657,0.008660785887120381,0.0026102486604930863,0.0061792369816329185,0.009711846318022577,0.005692599620791716,0.002968702827380154,0.005976095617637123,0.007251908397682749,0.009803921568892093,0.002609019755236197
2024-07-15 00:00:00+00:00,0.004280946161670851,-0.008268405151999003,-0.0031515483703608016,0.0030317753376192247,0.008402917239329621,0.003834449177805732,0.004966638238405485,0.004290429043631194,-0.006441834026206683,-0.006796116506706529,-0.008550185872140403
2024-07-16 00:00:00+00:00,0.008236399104025516,0.005611672278023505,0.0038487972519531954,0.005677084342553762,0.02835281169718451,0.014005941915328446,0.005291533546253779,0.0080512651984459,0.006102212048723077,0.005213424570654768,0.00599925009101776
2024-07-17 00:00:00+00:00,-0.014116804012730966,-0.007653061224628943,0.0009585102011973046,-0.013968094944566745,-0.005809805320407646,0.0023319779956378905,-0.03754096732571466,-0.015647921760114203,-0.006823351022956836,-0.00453808752149365,-0.014908684305737774
2024-07-18 00:00:00+00:00,-0.00872219799415297,-0.009640102827940145,-0.0025991792065293007,-0.007522616698139473,-0.011995078941880788,-0.008113106245952517,-0.007584356619206645,-0.008279516476473403,-0.00877862595217127,-0.00911755128535574,-0.009080590238152664
2024-07-19 00:00:00+00:00,-0.006232585422865533,-0.006651524984320423,-0.002605952544195378,-0.006674016616211476,-0.005966587111964183,-0.007217176881134213,-0.00597868468946583,-0.0058440474197613,-0.007316134001497776,-0.005586592178354111,-0.011072928601068455
2024-07-22 00:00:00+00:00,0.010440492879856045,0.009145843540922183,-0.00041254125450140844,0.010385492022593645,0.01200480192034803,0.004846428787893542,0.016631799162954986,0.011084984884015547,0.0073700543064016966,0.009253139457135351,0.0077220077245014895
2024-07-23 00:00:00+00:00,-0.0007302201614622916,-0.005988023950950105,0.00013757050404117344,-0.001667353223819612,0.005467017381255435,-0.0036775788266710796,0.0015948142813719812,-0.0009966777411613004,-0.006546014634391195,-0.004911591354041955,-0.00919540229863225
2024-07-24 00:00:00+00:00,-0.022507216193628055,-0.012536633019205157,-0.0028885832184397664,-0.022890714033094395,-0.018517568607462898,-0.006172092460406398,-0.03618573116218149,-0.023611572997218944,-0.011240310075274484,-0.011516946367059577,-0.010827532870367973
2024-07-25 00:00:00+00:00,-0.0038500355100783423,-0.004946413850904663,0.002207200994283509,-0.005047356673215098,0.01254311696468946,0.003531417437441009,-0.010844946574868675,-0.0027247956399929496,-0.0058800470398899796,-0.0056591211713602485,-0.004300234560841609
2024-07-26 00:00:00+00:00,0.011969981238253657,0.01259320629684657,0.003991741223847267,0.011217106592797288,0.016362134819650542,0.012680499939344614,0.013361349065261985,0.010928961749021582,0.012618296527554529,0.012052226314367642,0.010208087949099776
2024-07-29 00:00:00+00:00,7.415921996645203e-05,-0.004254622810556441,0.0012338908703335427,0.0007395119222781688,-0.002539231120841867,-0.0014978131923871763,-0.0037216226272229758,0.0005067567569083664,-0.004283489094879966,-0.003969566655750767,-0.003497862417332076
2024-07-30 00:00:00+00:00,-0.004152608357147591,0.0004930156117439743,0.001232370258475779,-0.005232674256141934,0.005295046077449905,0.002460098404097888,-0.012967607663077918,-0.005571500928537643,0.0011732499021324116,0.0029890401877827877,-0.0035101404055360996
2024-07-31 00:00:00+00:00,0.01481812427871021,0.01642575558506465,0.005470459518294835,0.015760520398332423,0.004456824512162116,0.005626384150140051,0.03249351211065443,0.01663837011808189,0.015625000000063505,0.014238410596969286,0.020743639919899914
2024-08-01 00:00:00+00:00,-0.015665700554119977,-0.022624434389557302,0.0037256392823521445,-0.01363825035074051,-0.021983562748862928,-0.010713647997072084,-0.02733413625176584,-0.01586506345936478,-0.02307692307901088,-0.025791707477544,-0.01610429447818751
2024-08-02 00:00:00+00:00,-0.020126723816656478,-0.017030423280315787,0.011417697430664342,-0.018275454381670775,-0.029953085528404477,-0.015281872330178414,-0.034185733512845706,-0.020702528424003996,-0.016141732280805732,-0.017091152813737076,-0.015588464537250046
2024-08-05 00:00:00+00:00,-0.02936477748174171,-0.02388561816610224,-0.0009407337718422282,-0.030025923128658705,-0.028645833333662774,-0.02266756277858195,-0.021962095875331933,-0.02893779240961758,-0.02801120448500316,-0.021820661441696698,-0.03167062549284361
2024-08-06 00:00:00+00:00,0.010149698251922024,0.0031018438730214815,-0.006187785849755878,0.009974747474757129,0.010012584122051749,0.008189547386333373,0.016698962726934496,0.007851534618061429,0.003293536437332323,0.0024398745214073703,0.0032706459510947195
2024-08-07 00:00:00+00:00,-0.007642471970850773,0.005669129016186991,-0.0024363833244396282,-0.0069383672960191545,-0.008017334777533747,-0.005766726607218331,-0.013285498066388457,-0.006019830028929141,0.006565449323816974,0.0038247566059048665,0.009779951100038708
2024-08-08 00:00:00+00:00,0.023416731821773062,0.018619747182203827,-0.0014925373126402075,0.023331444997097606,0.01998689383996144,0.01715105401004169,0.03846153846191469,0.022622016387748856,0.016714227473758614,0.017319016281552413,0.02219531880641501
2024-08-09 00:00:00+00:00,0.00431643683857974,0.0033540164347403145,0.003533088734433143,0.004285157771740877,0.0014455509156945379,0.0017168434606407157,0.010175611357166048,0.005399756140482603,0.003608660785595852,0.0034048348644271087,0.005132254245226786
2024-08-12 00:00:00+00:00,-0.000646584512492665,0.0008357011519823931,0.0017603249835631551,0.0005103915724091745,-0.008714247527866648,-0.00403990940789789,0.0028161386406124755,-0.0012127512136985708,0.0023971234516657614,0.0,0.00392772976939737
2024-08-13 00:00:00+00:00,0.016631779257840984,0.014696058784515076,0.003784806703923671,0.016609872059072828,0.0133211088342986,0.009649068895460022,0.02154776691662641,0.016825672159934024,0.013152650461434323,0.016287750254943,0.010172143977448922
2024-08-14 00:00:00+00:00,0.002845163222619629,0.00032916392449355847,0.0018852679777920933,0.003191425302615958,-0.00021289052083328652,0.0059654248845686375,0.007982660182124457,0.003923575572074567,0.0023603461839110107,0.003672787979491332,-0.005034856701451429
2024-08-15 00:00:00+00:00,0.017321188591841397,0.01233958538972546,-0.004166666667279384,0.017166866746693543,0.019430396592938992,0.011678567105869897,0.022919179734570028,0.016992353439709396,0.01177394034439394,0.01197604790452056,0.010120669523677295
2024-08-16 00:00:00+00:00,0.0023851460443204964,0.006500893873025326,0.0021595357000976367,0.0021047248119989703,0.0024020887725477724,0.0029906094867409028,-0.0008716160785551264,0.003007518797893738,0.0073700543064016966,0.0059171597634744,0.010789980729266624
2024-08-19 00:00:00+00:00,0.00944466815558731,0.011303084126606633,0.0012121212128941572,0.009618215722980716,0.007918316315870921,0.006559723298627196,0.0111869451428801,0.008995502248187126,0.011166730841026595,0.010784313724094385,0.009531071293525262
2024-08-20 00:00:00+00:00,-0.0024297370808009644,-0.004790036722876256,0.0029593758405721537,-0.001652571206518072,-0.008941492660670236,-0.0029030155812970193,-0.0018269474754193382,-0.002641571734858128,-0.0041888804248503275,-0.0022631749083724673,-0.006797583081420644
2024-08-21 00:00:00+00:00,0.005016722408120566,0.008182255735331267,0.002145922745639517,0.0035053554041333257,0.010743155150255035,0.003802733214092413,0.004880776856722724,0.005297136236748212,0.0065009560210886885,0.008749189888376918,0.00456273764248416
2024-08-22 00:00:00+00:00,-0.008464153946590725,-0.007956715468824482,-0.004014989292638771,-0.008092373374682715,-0.0047469170842106,-0.001834970995310603,-0.008398684542896495,-0.008068499918961636,-0.008358662614625922,-0.0067459042709305805,-0.012490537471335883
2024-08-23 00:00:00+00:00,0.012658689625153707,0.017645171640566337,0.004434291857497996,0.010819165378648021,0.025454922494888788,0.011089367253826365,0.009592326139005625,0.011122177955374069,0.019157088123732624,0.018758085380997214,0.015714833267780115
2024-08-26 00:00:00+00:00,-0.0025217046724640424,-0.004728877680599819,-0.001070234114550539,-0.002458096233466933,-0.0007583417591010555,0.0012316715540832135,-0.00909688179135626,-0.002791003119636204,-0.004887218046018993,-0.0025396825408415813,-0.007547169809864918
2024-08-27 00:00:00+00:00,0.0009028856226445114,0.0034843205583783288,0.0,0.0013387919827803074,-0.004148747786946294,0.0004686310119081938,0.00331514255131915,0.0018109976950795303,0.0034000755569636443,0.003819223424675,0.0026615969594245836
2024-08-28 00:00:00+00:00,-0.006098001010595211,-0.005208333333836301,-0.0006696129633512182,-0.00571616803602315,-0.0026926789614112323,-0.0009953744364489259,-0.009251728344662147,-0.005916187346037494,-0.005647590360997157,-0.004755865566026474,-0.00720515737694194
2024-08-29 00:00:00+00:00,0.000980214195268836,0.002538473742709213,-0.001474135621103545,0.0001559059107496541,0.0038716250639254657,0.003164927909713011,-0.0018984094409186802,-0.00016531658018570372,0.00265051117110926,0.0028671551433800957,0.0003819709715124908
2024-08-30 00:00:00+00:00,0.009647468446210228,0.0028485519853056473,-0.00201315259589796,0.00941135207816779,0.007053689231305782,0.00987380229021717,0.014599290598026338,0.01025132275047036,0.0018882175211993868,0.003494282083411848,0.0034364261167572074
2024-09-03 00:00:00+00:00,-0.021517350384400058,-0.016884961338088145,0.004243114577137996,-0.020230098061923774,-0.02222222222187764,-0.010934336129283517,-0.029437097836620407,-0.02291325695547619,-0.016584998112718186,-0.017094017094491987,-0.018645357687323783
2024-09-04 00:00:00+00:00,-0.0022394361027724408,-0.002086677366367695,0.004432505037569978,-0.0024824651273464005,-0.0025252525253299796,-0.0005849321483343273,-0.0013050741281627198,-0.0016750418754155616,-0.0026830203154019072,-0.003220611915246807,0.00038774719015877146
2024-09-05 00:00:00+00:00,-0.003090735153263524,0.001608492841401521,0.0024070607106143616,-0.0024688919612627647,-0.005838284680859118,-0.007432986070166181,-0.005906643667404898,-0.0021812080549085122,0.0023059185240250635,0.0012924071071624965,0.0015503875941935696
2024-09-06 00:00:00+00:00,-0.01660884328654788,-0.018467962100459534,0.0012006403418141076,-0.016651816651784612,-0.013875896476752358,-0.012795565776549278,-0.021821432327322476,-0.018496721035673125,-0.01917177914220569,-0.01839303000853576,-0.019349845199493898
2024-09-09 00:00:00+00:00,0.01069659210346452,0.010307591622804813,0.0013324450366627438,0.01125563788654893,0.002635046113333317,0.010572213594771895,0.0170402623230288,0.011821140997152257,0.009382329948577794,0.009861932939123852,0.009471191791414979
2024-09-10 00:00:00+00:00,0.003899142188504179,-0.0040485829947682905,0.0033266799734377184,0.004121617585599369,-0.003363994743576071,0.0011229978133315832,0.0020084566598248532,0.002539790044782775,-0.004647560034616749,-0.004557291667909302,-0.003127443317709644
2024-09-11 00:00:00+00:00,0.009950432788296881,0.005691056910248182,-0.000530503979066288,0.010232004759105129,0.0,-0.0011217381038938212,0.01598269859691337,0.010302313798566276,0.0050583657596992015,0.005232177896446144,0.00549019608101986
2024-09-12 00:00:00+00:00,0.008314104677183076,0.009054163298465534,-0.001061571124446714,0.008597338358222073,0.010811666051204094,0.006028725101997701,0.013239187996617163,0.008859913071239678,0.008130081300159686,0.0097592713079937,0.008190327612917603
2024-09-13 00:00:00+00:00,0.006974209952766097,0.0027239224471280465,0.0021253985119737973,0.005312937879449642,0.020139830950521187,0.007167616473532368,0.008198401311651171,0.006959403480106596,0.005376344088249718,0.0022551546364613095,0.005415860733555489
2024-09-16 00:00:00+00:00,0.0019839838396853438,0.006551613934703493,0.002651113467696309,0.0015099599280579135,0.008541325695824442,0.007933267222829166,0.002744460256131731,0.0023037683068634074,0.006111535524120804,0.008036001286539918,0.0026933435949572093
2024-09-17 00:00:00+00:00,0.001008028224613211,-0.0031751071599254166,-0.0013220518244513313,0.0004639025805555086,0.004411988437746928,-0.0004051160369504814,-0.0006082108466509695,0.0010628304056417015,-0.001460022778704162,-0.004900350764169059,0.0007151957013413757
2024-09-18 00:00:00+00:00,-0.00251753281757916,-0.0033444816058262328,-0.003044744506823016,-0.003245812322586916,0.000959305261093002,-0.002200092635320061,-0.0031443351253985785,-0.00263071358181588,-0.0038284839227391565,-0.002574831028355651,-0.0034829721367011235
2024-09-19 00:00:00+00:00,0.016946096989287174,0.019495046341884148,0.0,0.017444903180806826,0.01689785624202167,0.008761750028863258,0.019434269434740914,0.017969007583748198,0.01921598770183497,0.018715714747048695,0.020194174757414363
2024-09-20 00:00:00+00:00,-0.002091827690131054,-0.007017241380268824,-0.00013278449049491936,-0.001962241146166388,-0.00858134920627962,-0.0009203336208397639,0.0059387164384272495,-0.0034008097170671325,-0.0067873303170762345,-0.009185936013748064,-0.0030452988190674546
2024-09-23 00:00:00+00:00,0.0024870319051706336,0.005231452124698777,-0.0006640106241802002,0.0024623959685019514,0.0030519837894411594,0.003512004145201919,0.005605992955358685,0.0025999350023750978,0.005694760819675793,0.004475703322732505,0.0072546773561574796
2024-09-24 00:00:00+00:00,0.0025163028068997395,0.013877937234419546,0.0011960132893336084,0.0028752594398644415,0.0011472466079978094,0.0004589787724778027,0.0014800197336424237,0.0034035656406619097,0.01396753491975078,0.005728835138883559,0.03222137983507878
2024-09-25 00:00:00+00:00,-0.0032877293458141166,-0.007621714108882238,-0.0037164852674032023,-0.002031594136906234,-0.009466394300326475,-0.005963986695971091,0.0019214532018052566,-0.0027459214996369274,-0.008190618020613716,-0.005696202533650663,-0.012853470437520276
2024-09-26 00:00:00+00:00,0.0044690359652144185,0.024608150471176815,0.0,0.003976332261584448,0.008802374125878698,0.005563055267166828,0.001724562700370802,0.003887269193692422,0.022522522524944577,0.02036919159765027,0.03422619047580522
2024-09-27 00:00:00+00:00,-0.0009862288136989195,-0.004436285757859593,0.0029309885433836946,-0.0012912639757436395,0.0039060543842666107,0.0032297133630687647,-0.0067142154449317815,-0.0014520813160540103,-0.003671071955288041,-0.0059263880206379405,-0.002517985609403084
2024-09-30 00:00:00+00:00,0.003935472434026588,-0.005224339276058254,-0.0022582359201042124,0.004358749857261701,0.0015463660402523782,0.0035642425986115445,0.004085473048225818,0.005008886734436002,-0.004789977891595298,-0.0028239723888202617,-0.011539848539819153
2024-10-01 00:00:00+00:00,-0.009111456420394015,-0.0026258881679259716,0.0029384236449443435,-0.00934296056251005,-0.008965036358289269,-0.002405911668913907,-0.005573091339655112,-0.010289389068854682,-0.0011106997415275544,-0.005663939583411048,0.0062021160156493504
2024-10-02 00:00:00+00:00,0.0002138427544540189,0.0035620257092021657,-0.0018639328973657499,0.0001721697211143347,-0.003065634737280609,-0.0006890611542471614,0.002926151862156612,0.00048732943617268987,0.002223869534372147,-0.003164556962416465,0.015591007976442306
2024-10-03 00:00:00+00:00,-0.002137970353627394,-0.01049382715996261,-0.004401760704886848,-0.0018935409214588805,-0.005091495689727998,-0.004367063149493644,-0.002076945900243321,-0.0011365481421815593,-0.009615384613735567,-0.007936507937491899,-0.013566583363717188
2024-10-04 00:00:00+00:00,0.009677188972983863,0.007641921396704721,-0.0065648445871552275,0.009217384639032433,0.011045804620805288,0.007791308362273819,0.009712586719135663,0.01007802340684738,0.008961911872389372,0.006720000000181914,0.010133912412962465
2024-10-07 00:00:00+00:00,-0.009124668435009142,-0.0020120724339420804,-0.002966958867099967,-0.00900028481920001,-0.007316828705902667,-0.007502004352284208,-0.007165292500813991,-0.009011908592031936,-0.0029607697981746117,-0.0054036872212366305,0.008599068435440449
2024-10-08 00:00:00+00:00,0.008423457186841565,-0.009460297767678427,0.001487893953001862,0.009465233469326373,-0.0009087237480926991,0.0010963014254992132,0.009935739001625477,0.008606690482597878,-0.011135857464100174,-0.0025567273905735544,-0.024511545292793868
2024-10-09 00:00:00+00:00,0.006972710862382714,-0.0010959762017948016,-0.0027012425712722443,0.006833064439606185,0.004295098534885078,0.008760806915932617,0.008027017767050504,0.0069232007736999,-0.002252252249786535,-0.0003204101243415858,-0.006554989075913786
2024-10-10 00:00:00+00:00,-0.002073813708025951,-0.0009404388706646394,-0.0004062838566580851,-0.0016778207182472915,-0.004930817610155791,-0.0030853616726792543,-0.004612770089866602,-0.002078669652323839,-0.000376222724085884,-0.0009615384596821652,0.002932551318801213
2024-10-11 00:00:00+00:00,0.007748934521213391,0.00580483212985361,0.00013548299630139482,0.005948334466407967,0.015523082368512187,0.010488308115428557,0.011512195121794688,0.007050152220014372,0.006021829130456791,0.004491498233398783,0.006213450295750711
2024-10-14 00:00:00+00:00,0.007794205026185885,0.0005459366722189163,-0.0006773232185620648,0.00818456571109194,0.00647281418022172,0.006239010833047898,0.007716049383116097,0.008750994431390158,0.0,0.0025550942207328564,-0.0036324010188016898
2024-10-15 00:00:00+00:00,-0.006866893250872752,-0.015823524827697777,0.003931137318808009,-0.007615394641315776,0.0010883546058531035,-0.005354827799784023,-0.0101933384381796,-0.00820189274484362,-0.014964459410481745,-0.013698630136717127,-0.01968647466174034
2024-10-16 00:00:00+00:00,0.005098477440892424,0.00506890543432692,0.0013502565485885576,0.004202784344669919,0.012601304605438512,0.007310438626475291,0.008799497171623205,0.00556615776050684,0.00569692366085417,0.0025839793264925692,0.009669021941285827
2024-10-17 00:00:00+00:00,-0.00020846362325310785,-0.0015760441305913142,-0.004854368930915953,0.00014947124538955414,0.00019520765216407554,-0.0010126582279499363,0.0,-0.0004744583265805513,-0.0033987915390101264,-0.0006443298956633203,-0.005524861879202647
2024-10-18 00:00:00+00:00,0.003926883514151047,0.008050513024118855,0.0005420054191407342,0.0038483093594110507,0.00048792388393437136,0.001407895477597787,0.0032590462495902806,0.004113924050817674,0.007199696855434645,0.006125080591274035,0.00962962962968028
2024-10-21 00:00:00+00:00,-0.0031499878845557827,-0.00986533041148252,-0.006771397615687236,-0.0015445883579935371,-0.015362106803369135,-0.009560229445130797,-0.002961830602255744,-0.002836432398978239,-0.008653122650098877,-0.011534764496057281,-0.0066030814389048675
2024-10-22 00:00:00+00:00,-0.0011459129107692645,-0.003953819388853641,0.00040905372205601864,-0.0006896166104748414,-0.005448241703474577,-0.0014762661821036138,-0.0031143692203225992,-0.0007901390642039985,-0.004174573053713271,-0.0042139384135214675,-0.0022156573119732625
2024-10-23 00:00:00+00:00,-0.009038762384890209,-0.008891711653949308,-0.002453318794578885,-0.009120411817350127,-0.004531872510263657,-0.0022745365635977732,-0.0023070268194512744,-0.00996362486138902,-0.008765243903950837,-0.010091145833926896,-0.005921539598586323
2024-10-24 00:00:00+00:00,0.0026661989126823826,0.002082665811549811,0.0016395682456942229,0.002258738494491208,0.002201210666137765,-0.0034195828106597936,-0.00293862607172668,0.002396166133361133,0.0030757401018748354,0.004274909571110097,-0.0026061057350564854
2024-10-25 00:00:00+00:00,-0.0009446835310124024,-0.0027178257392720395,-0.0020461055788124627,-0.00039438841625261123,-0.007537563021178584,-0.0070341987877254875,-0.005942890274146406,-0.00015936254974624475,-0.004216174782223803,-0.004256712510059435,-0.0007465472179412069
2024-10-28 00:00:00+00:00,0.004062478111483303,0.006732927221092533,-0.0012301804254629678,0.0031187765377860277,0.0123227039530458,0.005471404711522965,0.0037911927675153834,0.00366592285658518,0.006928406466860881,0.0078921407448449,0.004109077324650379
2024-10-29 00:00:00+00:00,0.0013254272758262964,-0.0035031847147440898,0.0008211304222143223,0.0015919988014427844,-0.0018880111290546786,-0.006644518272898026,-0.0010168506678438494,0.0015880578063638406,-0.004969418959398397,-0.003915171287888319,-0.004092261904053873
2024-10-30 00:00:00+00:00,-0.002473178208244553,-0.005912432086246033,-0.0009571995079015183,-0.0030106400882916606,0.0026382597442096145,-0.0006919617115217491,-0.005864960496522853,-0.0026954177904313648,-0.0030733768707902342,-0.004913200131623996,-0.008218154649300535
2024-10-31 00:00:00+00:00,-0.018647204665048656,-0.005786850988587888,-0.00013687380176585773,-0.019675144422021895,-0.013007645715502059,-0.006578188112583705,-0.013115553388618473,-0.019077901430709643,-0.006936416185296945,-0.006912442396492691,-0.0041431261801526675
2024-11-01 00:00:00+00:00,0.0042700067607828185,0.00113177041242718,-0.0038654209450642574,0.0043430845466423396,0.00015090543235718457,0.00023234200706223618,-0.0035077318313346817,0.005348460291532353,0.0031043849416583225,0.0029830957915717438,0.0026475037838038507
2024-11-04 00:00:00+00:00,-0.00180703681385741,0.003068475452335351,0.003997794320297121,-0.0021716767629147427,0.0030176532720118665,-0.0026132404177885427,-0.0018839861182132767,-0.0020957601153521743,0.0027079303691888157,0.0013218770628782295,0.003394945304121988
2024-11-05 00:00:00+00:00,0.012707652988547036,0.010948317500651727,0.002471508993252103,0.012027491408858948,0.015042872185533573,0.010596797670710423,0.016987879991997357,0.012277867527306752,0.011188271603925992,0.009900990100252693,0.013909774435416411
2024-11-06 00:00:00+00:00,0.027970557308358623,-0.01210383819134786,-0.008218052321098512,0.024900962082543776,0.044805611816659985,0.02690557123943238,0.02310247142736488,0.029364826044913084,-0.011064479205419753,-0.01209150326813302,-0.011865035224679299
2024-11-07 00:00:00+00:00,0.006989907255893879,0.01724971787915619,0.007457533490398793,0.007785753727246547,-0.0027423167852076435,-0.0029735188510958688,0.0047262137776895585,0.00697674418678651,0.018518518518076732,0.014885874957102807,0.022889305816709893
2024-11-08 00:00:00+00:00,0.004672738969675905,-0.01664025356618226,0.0019191226857473431,0.004419849140782972,0.0035084392186099933,0.005739688256151343,0.016060058918481612,0.00461893764430954,-0.017803030302369405,-0.012711864405700712,-0.02421129860556459
2024-11-11 00:00:00+00:00,0.0027973442081865585,-0.0012892828358683772,-0.0019154467085158444,0.0008182562050649267,0.010488519323773815,0.002461813909306221,-0.0011223344557965698,0.0027586206902554533,-0.0019282684161587849,0.0006602839242049185,-0.0075187969922208
2024-11-12 00:00:00+00:00,-0.003932244403981433,-0.01645957721561686,-0.006031528445004319,-0.0029978197673400375,-0.01234337011417086,-0.007813808115224696,-0.005102996254795156,-0.003973712364534587,-0.0177743431211973,-0.016496205874674374,-0.01780303030415331
2024-11-13 00:00:00+00:00,-0.0004723824948648092,-0.00508613617564635,-0.0004137360365991105,0.0005102505694811743,-0.004071198636640294,0.0012938066039775986,-0.002541056891257165,-0.00015344483652834917,-0.005507474428945058,-0.0053673264005170696,-0.006941766294817797
2024-11-14 00:00:00+00:00,-0.00739290416234617,-0.0011543535621465484,-0.00027593818949300797,-0.006356665391831773,-0.008936210666544042,-0.007078651685533011,-0.010331650705045381,-0.006752608963331075,-0.001977848102491464,0.0020236087685305826,-0.005436893203307869
2024-11-15 00:00:00+00:00,-0.012685348932273355,-0.002641571735749526,0.0002760143523936609,-0.012904644938954601,-0.007050359711875953,-0.0033948172454362213,-0.00653065115862328,-0.013288009888871244,-0.0003963535476103619,-0.0030292830672853377,-0.0007809449421568582
2024-11-18 00:00:00+00:00,0.004064620578242195,0.006455884786860322,0.0009657836653833574,0.0041411327763518635,0.0022702023856671083,0.004598614738159368,0.004798234249862476,0.004071406201249239,0.007930214116620427,0.0064145847380525645,0.010941774129341608
2024-11-19 00:00:00+00:00,0.004597070225345279,0.0003289473687044797,0.0017918676773289732,0.00364322305027609,-0.0020240963853001004,-0.0038994066118529513,0.007545007401649206,0.003742981909210963,0.0003933910309286137,-0.0013418316009913278,0.0015461925024966572
2024-11-20 00:00:00+00:00,0.0005805416112605322,-0.0024662939818189678,-0.00110071546508006,0.000368527731609003,0.003187174038918439,0.0020424373087271075,0.0029148300870691646,0.0009322560593436613,-0.0019661816764059425,-0.0026872690610810768,-0.001157854110539036
2024-11-21 00:00:00+00:00,0.006996587030746015,0.0004944783249412055,-0.0005509641880596661,0.005046969976211235,0.01665543467805164,0.012173026837150713,0.010420358686938247,0.006519714375315955,0.0007880220651073078,0.0016840687102122054,-0.0019319938205177856
2024-11-22 00:00:00+00:00,0.0049483138450228115,0.0034596375622053532,0.00041345093734568295,0.003353859687659444,0.01335227272746864,0.007327851429185683,0.005144754688860553,0.005089450956005326,0.003543307084756364,0.004371217214337975,0.0015485869159757026
2024-11-25 00:00:00+00:00,0.004890222926601684,0.003283533081030132,0.009229921477204028,0.0032147880248667438,0.015325670498062438,0.006274988893699929,-0.0020938997722378394,0.0041430105878179635,0.0007846214206532753,0.003013056579572515,0.0015461925024966572
2024-11-26 00:00:00+00:00,0.0036582091555990015,-0.005072819505952175,-0.0017745017743687752,0.005607850991443231,-0.005154164749359369,0.0007173997022635881,0.008393173552200262,0.0036674816613282424,-0.004312034494918793,-0.005674232309078708,-0.005403319181199295
2024-11-27 00:00:00+00:00,-0.0028423340579365464,0.004440789473262097,0.0027348557357158576,-0.0031866162118624475,-0.001665278934426806,-0.00044116025188156716,-0.004670304263456271,-0.003045066990428502,0.0047244094476943665,0.0050352467277117174,0.001552192469429059
2024-11-29 00:00:00+00:00,0.005566733735822282,0.010479777305306248,0.0036819855450700434,0.005267459812912989,0.0017607265315862097,0.0033653315678772167,0.005900116144227807,0.0056505803294701895,0.010188087776592303,0.013026052103062957,0.004261913986091104
2024-12-02 00:00:00+00:00,0.0019008870807035727,0.0019445794846872921,0.0005832608700089281,0.0028186828077123582,-0.0034227567067026676,-0.006653103865133292,-0.00799002401624116,0.0024297646172524168,0.00038789759527535494,0.0026376524875784124,0.0027006172856396393
2024-12-03 00:00:00+00:00,0.0,0.0042050784411664655,-0.0023154453828936328,0.00023423001395395104,-0.005012531328464576,-0.005203144027601803,0.002234740909511812,0.0003029843961992462,0.004265219075807458,0.00493258796510565,0.0015390534836308145
2024-12-04 00:00:00+00:00,0.006723696035636939,0.00016105653014952814,0.003412969283852929,0.006304715927393234,0.000279876854218708,-0.0033941687068405058,0.00645700747925293,0.007117976676346949,0.0011583011590201586,-0.0003272251302584017,0.0019208605444731575
2024-12-05 00:00:00+00:00,-0.002777318565112985,0.00611916264118384,0.00013605442111264132,-0.001664757267511141,-0.007554560716263592,-0.0018982748030045293,-0.000323086864248201,-0.0028571428561613432,0.0053991515612705765,0.005891980358780247,0.006901840491736255
2024-12-06 00:00:00+00:00,0.002785053546031202,-0.0017605633793185138,0.002720718269234368,0.001990281687531237,-0.0004228925850955356,-0.0026290764670428013,0.004432337596422364,0.002262102246242348,-0.0023014959738104634,-0.0016270745202175974,-0.0022848438693109374
2024-12-09 00:00:00+00:00,-0.006381220036438151,0.0054513387843939665,-0.002984669651051819,-0.005207401309824999,-0.0029615004937081357,-0.005945036455628605,-0.020960698690038693,-0.006169124284684857,0.006535947712521972,-0.0006518904811411153,0.01946564885369173
2024-12-10 00:00:00+00:00,-0.0037601490747066757,-0.010843565620614726,-0.0010885834811562578,-0.0028421866849749344,-0.006176331918945177,-0.006770480704236692,-0.009437062773034799,-0.003482210446962508,-0.010695187164554532,-0.007827788648000822,-0.016098839385643493
2024-12-11 00:00:00+00:00,0.008049701058729264,0.006126068031881093,-0.002179539571671718,0.007576714231669612,0.0030836377438641094,-0.0029538741194296003,0.011233292255523386,0.008356122759236584,0.006949806950141912,0.005917159762014013,0.005707762557855434
2024-12-12 00:00:00+00:00,-0.005699138502204604,-0.008972921005703793,-0.003959044369382769,-0.005156392673598131,-0.006195611048090077,-0.004671832269910192,-0.0073119287559305635,-0.00557480789473741,-0.009585889572547579,-0.009477124181497154,-0.005675368899747513
2024-12-13 00:00:00+00:00,-0.0004998667022475534,-0.002425222311628117,-0.003974780701118119,-7.198776213324098e-05,-0.006043877599596792,0.0020606754438257102,0.01180414561586618,-0.0010606060617722735,-0.0011614401865532864,-0.0026393929413043304,0.000380517505154776
2024-12-16 00:00:00+00:00,0.004067615777006761,-0.0034035656406119497,0.0011008669331245002,0.003923615485642795,-0.0010533371637800881,-0.003598766137103304,0.00821316906995384,0.004398604580638343,-0.004651162789601537,-0.004300363875438529,-0.0030429821254852607
2024-12-17 00:00:00+00:00,-0.004947700481475414,-0.0035778175310264837,0.00013745704401091352,-0.00419512719839743,-0.011790644171765008,-0.006535573009301521,-0.011997042351102771,-0.005150090606696023,-0.004513979750279895,-0.002730797343350244,-0.004648874473077713
2024-12-18 00:00:00+00:00,-0.03093505973443722,-0.023828953811278142,-0.00783397471076297,-0.029363579079949798,-0.03787952274708051,-0.0252755496568301,-0.03460110008942974,-0.03137852246830064,-0.0225029609157954,-0.025176233634537692,-0.02158828064758478
2024-12-19 00:00:00+00:00,-0.0014118943489850322,0.0,-0.002770466823263096,-0.0003709611604504337,-0.004436154660515057,-0.003492984429728452,-0.0007791575355863278,0.0001572574307631136,0.0012116316624484202,-0.001033057850920449,0.005516154449301647
2024-12-20 00:00:00+00:00,0.011380095179077454,0.0012522989469394563,0.003055979996927416,0.011318514120341128,0.010937262646007584,0.011703897338775748,0.019104244845798313,0.011635220126299695,0.0016135538558226248,-0.00034470872219594106,0.003918495300795577
2024-12-23 00:00:00+00:00,0.005664211674692332,0.0057744565211581556,-0.003185154411225688,0.007134338764095194,0.0009070874031975595,0.0033484056605037615,0.0039213810916278735,0.005439850792224199,0.004430124846127592,0.005517241378781623,0.0046838407474150134
2024-12-24 00:00:00+00:00,0.010612244897878487,0.0032083755495389,0.001436204501962246,0.010288930718732159,0.007446915568145807,0.008358841535444306,0.012861430000275842,0.01066625444461633,0.0036086607854395325,0.003429355281317381,0.003885003884011917
2024-12-26 00:00:00+00:00,0.0005721593971490524,0.0020198619753921676,0.0006958942236503507,-1.808907060940612e-05,0.00384576965321326,0.002218330414449632,0.0014109015663947844,0.000917711838980928,0.0007990411523339791,0.004442925495350858,-0.003869969039263399
2024-12-27 00:00:00+00:00,-0.010831174947019795,-0.002183772887852653,-0.0020862308763772708,-0.010365224941525253,-0.009851236379851858,-0.005883038210581559,-0.012116658056795071,-0.010849633252843494,-0.0011976047889106223,-0.001701258929929006,-0.004662004660023755
2024-12-30 00:00:00+00:00,-0.011051790390271488,-0.0067340067339377585,0.0039024390237278883,-0.011131827155142493,-0.006934324908186129,-0.010136520770762547,-0.011694794390343488,-0.011432102578897041,-0.006794564350835808,-0.005453306069751029,-0.007806401250986528
2024-12-31 00:00:00+00:00,-0.0034729385872983576,-0.0011864406776956882,-0.0016659725101444423,-0.004029649346551811,0.0027829782927211166,0.0021309340589901193,-0.004665929097121824,-0.0037505860295269366,0.0004024144877847746,0.0006854009616816814,-0.0019669551529202245
